id,order_id,sku
fea8161a-8475-4e20-affa-c67f6d97d399,2ff6a749-b0b6-428e-bbd1-091773ad9997,BEV-003
6b26ffda-0db1-46de-af8e-dfebf02f26d6,d63a7abb-6eca-4b5f-9701-111be3f13dad,BEV-002
cd3561a7-028c-4eb7-b0c9-026d8e4aee63,47796f3a-caf4-48e5-baa0-4e0dee19e585,BEV-002
6dfaac40-b4f5-4bea-ab68-12297e3032f7,47796f3a-caf4-48e5-baa0-4e0dee19e585,BEV-004
5729767a-c37d-46a0-84ff-62f90b839d74,fa7729db-40b3-4c98-902d-5b847c2d26b6,BEV-003
df40e08a-d7c6-4a29-b424-f8949fcdd478,7f570248-d167-4349-80f9-906b7c9db542,BEV-005
17cd98d9-e7da-4fb4-a953-7b7377e5ad26,7f570248-d167-4349-80f9-906b7c9db542,JAF-001
9f3b275d-5772-4681-9947-f3dd8d50ebd8,4bd89299-2774-4ac8-8c41-1dc187f570a0,BEV-002
1f7d57c5-36d8-4502-82b1-ffd1c7858be8,4bd89299-2774-4ac8-8c41-1dc187f570a0,BEV-004
1e42451c-c3c9-4111-83b5-9153cf2bf748,4bd89299-2774-4ac8-8c41-1dc187f570a0,JAF-004
8cf6af0d-68b3-4b0a-bc00-3991fcebe7b8,247389a2-b4d4-4c07-94bb-f2a5c742271a,BEV-003
14a80e71-a21d-4f28-8f5b-76d646ba627a,81686bb9-b708-4b3a-979a-87869abc6c7d,BEV-004
30adeb5a-9b99-4d4d-bd1e-b39b493324a6,01ca1068-4ee4-49c4-94dc-5dc7633db85d,BEV-004
798f24dc-4c94-4f70-a39c-b39ed60cf590,01ca1068-4ee4-49c4-94dc-5dc7633db85d,BEV-001
0262ba63-54c7-4e04-985a-238f4dc87319,ba9b1866-2707-49d3-bfe9-7dcedbef8e6b,BEV-004
72195d53-8205-4fcc-a168-d48aca4e2b68,99f4fa46-b7f2-4d64-b3d2-647e90cc88d6,BEV-003
2927ff99-7306-4352-89e3-a3c1472b00f7,99f4fa46-b7f2-4d64-b3d2-647e90cc88d6,JAF-001
34d5ce55-1310-4169-a01d-27f88826ea6c,dd0ad75b-36be-4a58-8e12-7ff3a42638dc,BEV-004
d2cb5e3f-64f1-450a-9c75-feace778b761,dd0ad75b-36be-4a58-8e12-7ff3a42638dc,JAF-001
4de31123-7f1a-4722-9a48-a5fe99940c99,e8142fd9-4c43-45a7-a943-ead564c2974e,BEV-004
9f6ee259-c58e-4639-b5c5-7e49cae86e82,8ed4095f-3aaa-46b1-a4c6-1eafd507b962,BEV-001
238697a3-3914-41a8-a6f0-bdd759ee00f8,962c2b1a-e41c-4e70-8ffb-be55da866f78,BEV-001
230637d8-6ac7-485b-a2ff-af741643c3bd,8b638643-1bb8-4dba-b898-4a4f6514eaed,BEV-003
f995e9c1-027d-4764-90ff-f783b8e72b18,ee6e7472-a635-4640-a805-2c67eb5bd2fb,BEV-001
76dd3132-8e9a-4a2b-9fdf-e6caa4eb1a6c,85995393-3dda-4a32-90bb-ead68ffce59f,BEV-002
be138aaf-aff8-48c2-b514-3364876a2dcc,db7f2ba9-cdb4-4f1a-9ae2-a0a107ee3621,BEV-001
d891fa85-3f3f-4557-af44-0d5bf025812a,46f5d794-5d89-4114-bfc7-575c2128be68,BEV-003
06b03d88-35be-4e3b-a55e-6ec23ecad824,46f5d794-5d89-4114-bfc7-575c2128be68,BEV-001
47698a64-e653-4a8c-a8d3-8de6388a5a06,31d0ba0f-bd2c-43c2-a169-3afbd7f6d2c1,BEV-005
e71207e0-3833-48e4-9404-c96754df9861,b96d809f-39ee-460c-a7c9-8ba10a31546d,BEV-002
1684f57b-7df7-468f-b385-5be2c0aee221,b96d809f-39ee-460c-a7c9-8ba10a31546d,JAF-002
20c4990b-37e8-48b5-933b-66f333c1ee32,9d8d744d-10cd-42c5-8385-4b2a089fd898,BEV-001
fe075fda-3b71-4d43-a59f-b5babfbcbf2f,b3d07fdd-a12d-4b0d-ada1-f666f980d22d,BEV-004
83549816-35fa-4641-9c2e-12b479c420f4,fbeb2da3-6bec-4ea3-b69e-526cf10813f7,BEV-004
111208e5-d481-4d24-b095-04a22eb41662,f40dfbf6-3355-488e-948b-0646874e57b8,BEV-001
2890353d-80ac-41a0-b738-374b2d2dcc77,2fb7ee12-18cc-4230-9ca2-735644935e1d,BEV-005
2e1033c1-cc1f-49c2-9f02-79f27fe308cc,f95f7db0-4e51-4c08-bb58-e7324820a25e,BEV-002
94c9d54a-1958-49d0-97a8-dd5e985559d4,f95f7db0-4e51-4c08-bb58-e7324820a25e,JAF-005
4d7a1a6a-d0af-49bc-ab08-fbac2adef394,75d6f110-9d71-4f1b-aba6-9dc715547479,BEV-003
ee402132-4d2a-4e9e-8ca0-4897ba6875e2,160edad0-f402-4992-88d9-dfff80cf4d15,BEV-004
0ba38291-e04a-4378-b3b4-f56e16698b01,160edad0-f402-4992-88d9-dfff80cf4d15,BEV-002
623230f1-cd46-4b31-9589-158d31e29afc,160edad0-f402-4992-88d9-dfff80cf4d15,JAF-003
032972f2-d8ba-489f-8178-d0d32e5bfb61,b26731a4-e3e5-4679-85e9-75a346784886,BEV-003
4e7392f8-fceb-49bf-a05c-40d49dbcb5e4,94478f8f-23bd-4068-9d92-211e0cd4a631,BEV-003
d53c2df2-98a4-482f-b731-efdf7a384864,94478f8f-23bd-4068-9d92-211e0cd4a631,JAF-004
dd1d805a-c83f-4949-963d-a553b1dbd116,ac2b036a-93a7-423d-8b68-deba67627646,BEV-001
a4e12177-9c4d-44ae-b899-60b372d46d2b,acc213f0-6c0c-4877-9600-038a445d5ca7,BEV-003
8f72a674-4ee0-4600-ab71-7ec333bf0cd8,8a4872cb-3842-47cc-9c47-dbc88aed3546,BEV-005
16e23f24-940b-4330-940c-f3a23deb966a,8a4872cb-3842-47cc-9c47-dbc88aed3546,JAF-003
45962bf2-89f5-4757-b389-0041d190a267,71ece131-41fc-4854-adee-514e07771e29,BEV-004
8ce4ffa2-7bb4-48ff-84f5-612e23c02468,71ece131-41fc-4854-adee-514e07771e29,JAF-004
4fde0b35-2924-4b12-8c62-055aa57d97ce,6ed6e1d1-6380-48e5-b900-bc86f37025ce,BEV-005
dc8d69a5-e1a2-44b5-99ec-c06306733963,6ed6e1d1-6380-48e5-b900-bc86f37025ce,BEV-003
5bd918f8-167c-4116-9906-463900b76671,6ed6e1d1-6380-48e5-b900-bc86f37025ce,JAF-003
da5c7c11-461a-434f-a6a1-5ec4a35c30ff,01e5acb6-1fa5-44ac-9dc7-d9c919355770,BEV-005
a2174dda-5c2b-4ed6-ad4b-7fc9ea0cc42f,bd12dac1-73fa-4802-b1e4-e7d9d0e2fa28,BEV-004
542ae15b-6edc-42d6-9c28-138a8e40ec43,bd12dac1-73fa-4802-b1e4-e7d9d0e2fa28,BEV-004
6143f765-876e-4c7c-bd34-aadcd5700c3a,b5080ab6-0ea3-4dfd-af87-a17dd518c1c8,BEV-002
76f81b59-247a-45a4-80ad-6678fce38960,b5080ab6-0ea3-4dfd-af87-a17dd518c1c8,JAF-003
07486ece-5a65-4963-8759-1130b40bd7af,b5080ab6-0ea3-4dfd-af87-a17dd518c1c8,JAF-005
db026b23-981e-4a1e-9284-91b364f1051a,c93bfe2b-cd40-43b9-b86e-2234b9d8cb7d,BEV-003
e3932bcd-0b45-44c3-be6a-ac92af95357d,0522d282-62c2-411c-aab8-b6833ecc9d74,BEV-005
639a7df8-d643-4ea4-8180-feb46b34a337,7af2b386-f72a-44ab-96e8-f9ec8dd78062,BEV-002
2a3880a4-3f86-4504-955e-a67488024095,7af2b386-f72a-44ab-96e8-f9ec8dd78062,JAF-004
95335a70-8751-4b96-b102-f9be55c6c311,d4143ca6-9b66-40d3-b33f-acb4214a7b43,BEV-002
e0687cd1-e65b-4e50-96c0-778807b6a661,d4143ca6-9b66-40d3-b33f-acb4214a7b43,JAF-005
cfc467ec-a316-465d-bed2-075805983e2a,6c7c920a-eb6a-4df1-a752-ed1d93617e31,BEV-002
efd3c32e-1844-4f6d-a01a-d316e5fca7a8,34abbb51-44d0-48cc-964e-6dee9e8c7898,BEV-004
c69dbd96-d2c2-4a48-8f9d-18419622e547,34abbb51-44d0-48cc-964e-6dee9e8c7898,BEV-004
8d947696-af96-47a5-aada-0da96e8dd55d,34abbb51-44d0-48cc-964e-6dee9e8c7898,JAF-004
b04bb86e-6410-4141-a836-282aba3d9de3,5dac0070-e9ff-47b8-890f-32c1a1bdee62,BEV-002
ef7490c9-992f-48ee-804f-4f1d8979f98f,4ddb5b85-5087-46e7-ab75-d709c0684fa9,BEV-005
5585ef5b-acee-407c-8629-34718db3b74e,4ddb5b85-5087-46e7-ab75-d709c0684fa9,BEV-004
33079fe7-49fd-41c7-a98e-cd18151c6487,62e7096a-bac8-4b9d-a812-dcb2985a015e,BEV-002
2e082129-e057-43b0-ae85-83556d97f20a,c0fcc49f-0f28-46fa-adcd-d672c5d9e426,BEV-005
25bb2773-ec09-4025-8147-9715cf8939e8,975cde8f-7a83-4273-b02e-44b5bc125b75,BEV-003
14803b79-b88f-4313-aafe-ba204ec26a0c,abb74e41-0fd6-453c-ba0f-c5134aa6f50e,BEV-001
ec3512df-07ac-4ac9-962c-6d9a4c277581,abb74e41-0fd6-453c-ba0f-c5134aa6f50e,JAF-002
b26fd44a-421e-49ba-8729-fae0c89e006e,f105a9cc-6e30-4abd-a3f2-86cbcd7e1ce8,JAF-001
38cdff52-fa85-4c73-9b42-d895dde78d66,f105a9cc-6e30-4abd-a3f2-86cbcd7e1ce8,JAF-005
29b902bb-ec79-4d86-9bbf-49be49c9bfe8,381f2492-9df3-4af4-9127-ea556d7534cb,BEV-002
89da01e1-8930-4900-acff-497bf5f3cc53,0598a438-2b26-48ce-a730-a0c7dcdd6725,BEV-004
8ff1a48d-5382-44f0-bbcf-abf6e63ece2f,0598a438-2b26-48ce-a730-a0c7dcdd6725,BEV-002
959e91b1-76d1-4424-a0d7-333e395dd384,0598a438-2b26-48ce-a730-a0c7dcdd6725,JAF-004
481f63d3-e8df-476e-bbf4-48bedfe828f2,1b691139-77e3-4045-b9dd-e3c1b6800a55,BEV-001
3e9d67e9-dddf-4720-9679-9af504bd8ba5,1031730c-9f9b-4471-8e0d-b5697b1b1606,BEV-005
a23a351e-6285-464c-9adb-84cc9f7567b6,1031730c-9f9b-4471-8e0d-b5697b1b1606,BEV-003
60543f22-b36d-4706-b156-87a10b46f784,a0f8afa5-4e0d-494e-9244-0e7c67071ec6,BEV-003
f8b62e61-f25f-4bfc-b1f6-173ca99c5706,7c31497c-accb-4730-bc00-3817ac640d76,BEV-004
5e699e55-f55e-407f-a1da-125c6431bfd4,86fdbbcd-2a33-413b-8b11-fac0a0ee9dc7,BEV-004
e3920214-552a-4f9f-a7d4-3aa2738ec469,86fdbbcd-2a33-413b-8b11-fac0a0ee9dc7,BEV-005
91437007-364b-479d-b39f-649180201acf,e6bf4cbd-de15-4b03-a7cb-0b3a5f3c65df,BEV-003
2ff3b7da-bf62-435c-8f2a-06b0576884a2,3e8cce23-8ce6-4e9d-95ee-1931ddc96216,BEV-001
a7e3878c-5683-4804-82b4-fffb167b8d99,3a8a1f88-63cb-4a0c-bf6f-e0a50974db46,BEV-005
1c23fdbc-be57-47f5-b0c8-10912adc601a,3a8a1f88-63cb-4a0c-bf6f-e0a50974db46,BEV-005
a0f34bd4-f0f8-472d-9724-edde5c7dde53,3a8a1f88-63cb-4a0c-bf6f-e0a50974db46,JAF-001
d52cf33c-6226-4adf-bf41-a6829f263cbb,3a8a1f88-63cb-4a0c-bf6f-e0a50974db46,JAF-003
82932d2b-416b-4c50-8157-c1f7e5a58ae5,50919a3c-7799-4bc7-8d2f-18eacb68ecd9,BEV-002
3f7d81c4-d5c7-4135-a6d3-9a744b4ba0ee,07616c01-140e-4dbe-94d1-8c76eade3554,BEV-004
31a08f32-b5de-40b6-8334-4ed5f52a5665,07616c01-140e-4dbe-94d1-8c76eade3554,BEV-005
7929034e-16af-49a4-a687-3399bff7cc5d,08d8a269-b914-4fe8-996f-d3790bb73014,BEV-004
4c6cfd8e-fde9-4a46-bba9-ba97398ccd70,db6e8a45-1173-4db1-bab9-d31151996dcb,BEV-002
bdaa6586-0a76-4d25-b227-d16cf0c8304b,84b9db1c-cf3d-474d-8922-556a989e574c,BEV-001
b55c82d1-9a0d-4591-a172-74f988f200b4,55d1b9b8-eb9d-4684-8dcd-82f7cabdf234,BEV-002
5646714c-a173-47af-bdee-448f72623697,5b362096-206b-4c09-8892-e717a70979bf,BEV-004
edd46725-eab2-45b3-bda6-bc3dd6084f0d,bb50c2f4-9949-4076-a3f4-4f72371bafb8,BEV-003
f0cf53fe-2123-48c5-94d0-c83ccac730e6,bb50c2f4-9949-4076-a3f4-4f72371bafb8,JAF-003
894cd3d6-c06a-4af5-8498-39fec06f7e62,109a1b5a-7226-43b3-a769-391c118e2a9c,BEV-001
3196437a-1191-48b9-8047-446d464efba7,1d95fc36-826b-4963-a618-116047813c46,BEV-001
649b8b40-a558-4899-b258-a7f961bec7de,1d95fc36-826b-4963-a618-116047813c46,JAF-002
8a7c34fa-4291-4a7e-97ee-2e1abbd067b4,c686aafe-f9af-450b-ab27-2e2b0d74e664,BEV-003
b291bdfc-8e95-44a6-920a-60238fb8f77b,c686aafe-f9af-450b-ab27-2e2b0d74e664,JAF-003
d9652887-83b2-427a-b0d3-b9f7c5ed0c86,0108ea71-f73c-44c9-9623-9554d9d788e2,BEV-003
744c0563-21e5-417e-bce8-b85fd93dd7ba,b7970f2e-8054-4a75-bf53-3558e7b99045,BEV-001
94bb4c54-fc42-4b7f-addf-2106680461db,c2e1fcb7-8514-453c-ab95-66ae3458095d,BEV-002
0fc32684-2443-408a-9fe2-0a0357510d7d,aa18dc79-1efc-44ff-a4f1-239e3f7d6b25,BEV-003
97d2ea6d-05b1-45ec-80b2-06a213c192ec,aa18dc79-1efc-44ff-a4f1-239e3f7d6b25,JAF-005
53e8972e-b8bc-4dbb-8f4a-4d4fe698f047,b29649cd-ade3-4ab4-8de4-68f07e8d9cc7,BEV-001
75434ec9-26f0-4792-9f45-34dbb3418484,9a90d674-2d9e-4bc4-b984-fd2b17363b0b,BEV-005
91bc019c-c6a0-4d45-8595-c5a82c8c7b8f,709fb803-861d-48e4-ab8d-f4cd9d45452c,BEV-003
433e65d6-5052-4bdd-b1a8-fe3eb7c2c61f,709fb803-861d-48e4-ab8d-f4cd9d45452c,BEV-003
dff3cb1a-d7cd-4fc8-9e51-7934e2702eb1,709fb803-861d-48e4-ab8d-f4cd9d45452c,JAF-002
423ee04e-3d84-4468-ba1e-6ba8b5f7d004,04d60d0a-7d40-4050-b423-4541f1c39c5b,BEV-004
590eea6f-b69a-462c-9c81-32eeb209e5bd,4c6e2fdd-440a-4a69-a049-53f4aac02ed5,BEV-003
cb6169c9-811a-406a-bfab-16d461f4bae1,2f34b34f-4e48-4419-ac91-1813c36a9638,BEV-001
1713bc0d-fcb2-416d-b270-80fd9d4a593e,8c57b29d-e979-4d04-8e8e-f699c6500b9e,BEV-003
c466e047-9a6b-4c10-bcec-54492b339e74,4da96ffd-1055-4ed5-a2b2-d678b519758e,JAF-003
c78c165b-b4b7-4bdb-bee3-b05086456d2b,4da96ffd-1055-4ed5-a2b2-d678b519758e,JAF-001
e101f4d2-b009-4ce9-b9b6-6bea25cdf5ad,f4054072-d4a6-4a77-a647-0548931453b9,BEV-004
0fb4edd0-ab75-45d1-9587-7653f5b5d4b7,f4054072-d4a6-4a77-a647-0548931453b9,BEV-005
fb1680cf-77f4-4c39-8e16-55de4a4cc46d,cb9b1fc7-40a1-4073-9095-ca8ff51b2b8a,BEV-002
f97be6d0-d350-4b5d-b0d9-01746a2f9447,3cf90dce-d620-452d-9f9e-1e5fa7b5c772,BEV-004
b15cf8c3-a906-41db-8571-d6ec201d1677,5d658a20-af49-4eb6-b37c-56f3251c6410,BEV-004
ebe2f082-78d0-4c17-a63d-ae887b045b77,fd5f15d1-f731-4612-a712-973ffbc251c3,BEV-005
6902674d-6b7d-4484-8626-08a47f0a106b,ee9f7c8e-6420-46eb-833a-ec6aacb2fc9b,BEV-004
d15d0f18-1570-45e5-8deb-87244943c13a,ee9f7c8e-6420-46eb-833a-ec6aacb2fc9b,BEV-001
f5522a9c-abfe-4366-b7c9-66e9bf2bfeba,ee9f7c8e-6420-46eb-833a-ec6aacb2fc9b,BEV-002
fe38c446-9208-4b3b-b491-0cd22dff876f,ee9f7c8e-6420-46eb-833a-ec6aacb2fc9b,JAF-002
ba40ad59-1983-44df-86c6-78a647c7bf81,ee9f7c8e-6420-46eb-833a-ec6aacb2fc9b,JAF-004
560fc957-88d6-4b82-8126-2c8942179bb1,ee9f7c8e-6420-46eb-833a-ec6aacb2fc9b,JAF-004
eb813663-4aa8-4288-94fe-e0ce111c752a,69424145-07e6-4193-8522-2f70b0274b11,BEV-005
cbc0bc90-669a-4063-bf14-46be330106b2,69424145-07e6-4193-8522-2f70b0274b11,JAF-004
f79096d6-ca53-4c45-a16e-49a3e5a99769,69424145-07e6-4193-8522-2f70b0274b11,JAF-003
5fb50b05-cd06-476e-9c3d-42a82cab32ef,3881c0fe-c222-4174-a083-37bc9847fc00,BEV-002
dba6e495-8591-44be-9446-fc8623c5a6e4,3881c0fe-c222-4174-a083-37bc9847fc00,BEV-003
93284510-a4d6-4af6-9523-847391ee37ee,3881c0fe-c222-4174-a083-37bc9847fc00,JAF-005
c5df8e6f-e9d8-4bea-b7a9-e81848e75e69,3881c0fe-c222-4174-a083-37bc9847fc00,JAF-004
ecc36a51-6932-4fa7-adc7-46c7e29ccd84,1dd3daba-abb4-4bc9-9afa-b4239070b3c3,BEV-001
9c7df6ad-d4dd-4ba4-b327-946b2275141e,1dd3daba-abb4-4bc9-9afa-b4239070b3c3,BEV-002
2b167e90-681f-4565-8daa-25ef51b208c3,1dd3daba-abb4-4bc9-9afa-b4239070b3c3,BEV-003
57d639cc-51ca-4a10-9de4-7c4ba8f03876,1dd3daba-abb4-4bc9-9afa-b4239070b3c3,JAF-001
e0e7b182-ce1c-4012-aad3-d774099f0621,1dd3daba-abb4-4bc9-9afa-b4239070b3c3,JAF-003
f7de3826-ec3d-4812-9375-b33a39ac4db6,1dd3daba-abb4-4bc9-9afa-b4239070b3c3,JAF-005
55d96775-37c1-450c-b5e9-c7a30625fe3e,dc933a1a-a07c-42f0-a16a-81b64ca88019,JAF-002
8d0be1ac-56ee-476c-9bda-3cfd33d5f458,dc933a1a-a07c-42f0-a16a-81b64ca88019,JAF-003
f895fd0b-0092-4b00-93ca-5713b64e798d,986688df-ff98-4d9a-89f9-4b0bdb369066,BEV-003
ef654eb3-7ab9-4c1d-b379-89d8eff52b1e,986688df-ff98-4d9a-89f9-4b0bdb369066,BEV-004
42942ed4-5b51-4814-bc16-b1824c31df53,986688df-ff98-4d9a-89f9-4b0bdb369066,JAF-005
70e643f7-9e1c-433c-99d3-6bcb769f17bd,986688df-ff98-4d9a-89f9-4b0bdb369066,JAF-005
5e962bb0-f7a0-4ae3-8b57-b566b70ebdaa,4c040bf2-13cc-44da-9185-324039cab5bb,BEV-001
137f5bd9-407d-4c5b-add0-ef9086b72ee9,afb11558-fbb4-4c03-ba56-19a95fc65d1c,BEV-002
979ec5e5-7ab9-40cc-b88f-ae33ea247e13,afb11558-fbb4-4c03-ba56-19a95fc65d1c,BEV-003
add05972-203a-4e34-b848-66d07bf93fd6,afb11558-fbb4-4c03-ba56-19a95fc65d1c,BEV-003
aa6210ea-930c-443f-803c-1186238ab155,afb11558-fbb4-4c03-ba56-19a95fc65d1c,JAF-004
d1f03f41-ae65-4145-b4c7-439e0d735e0a,afb11558-fbb4-4c03-ba56-19a95fc65d1c,JAF-003
25eff6a1-caa0-45cf-a781-d2dac118c7ab,afb11558-fbb4-4c03-ba56-19a95fc65d1c,JAF-004
98a511d2-d2ef-47c1-b60f-fb3bf94681f8,907383f8-f6ae-4323-9928-0197b19bf5c0,BEV-001
30215536-e4c3-407f-9d9d-a03d504cff11,907383f8-f6ae-4323-9928-0197b19bf5c0,JAF-002
f4f63007-0868-4b79-b717-5c56d8172bac,1cc8b021-8162-4d30-b992-dfb8c5112091,BEV-005
a873bdbe-7195-423b-adcc-3f2602def6d2,1cc8b021-8162-4d30-b992-dfb8c5112091,BEV-003
d254838d-f71c-4fff-8fa7-ca2631faaa10,d59f37ec-e116-4827-b197-80091da3429f,BEV-001
86e16e15-1ecd-4c14-9dd9-b1ec95128efd,d59f37ec-e116-4827-b197-80091da3429f,BEV-005
33117c14-f513-4a27-9854-475a458c230a,d59f37ec-e116-4827-b197-80091da3429f,BEV-005
7b399318-9d87-41fc-808e-7ff3b2cc824e,d59f37ec-e116-4827-b197-80091da3429f,BEV-001
b74eb2f7-def1-4b10-853b-b81d2ae3834f,d59f37ec-e116-4827-b197-80091da3429f,BEV-004
8c323aa5-5d9e-4e5c-894e-c5d2947eae23,d59f37ec-e116-4827-b197-80091da3429f,JAF-002
a158ac57-6f41-4502-980e-dad392f5ba14,d59f37ec-e116-4827-b197-80091da3429f,JAF-002
95bd3e07-e948-47a8-80ec-9e8bec77af27,d59f37ec-e116-4827-b197-80091da3429f,JAF-002
e5e727d4-2010-4d05-bea2-e5dd88e96057,d59f37ec-e116-4827-b197-80091da3429f,JAF-003
4acbf77b-66a8-4ee5-b375-c0fd862191ad,d59f37ec-e116-4827-b197-80091da3429f,JAF-005
ffb7d2b6-5c56-44cf-92c5-cbc6dd737bd3,39d98d47-4297-460e-b9f9-8b8c5b0dfd73,BEV-003
eabbf393-966a-47e7-af23-371a31615259,971bb859-bb33-4389-946c-86949fd278c6,BEV-004
fe48a58f-dc29-4c87-9bc5-8ae94711d1b4,43b4b412-a536-4358-a989-c3dd66bf2f55,BEV-001
75825cab-62e6-4819-85de-3035d8cfa106,2977cf41-0d3a-48f9-a922-2cdfcab6f01a,BEV-005
7d55d5c4-908f-4ef3-a22a-98c4e9681c05,2977cf41-0d3a-48f9-a922-2cdfcab6f01a,BEV-002
53eecd4c-5225-4894-8d3a-8ef42f589849,2977cf41-0d3a-48f9-a922-2cdfcab6f01a,BEV-001
c3d30c9f-0917-408a-b12e-a3b3671b1620,2977cf41-0d3a-48f9-a922-2cdfcab6f01a,JAF-003
20d9b256-8de1-4ad7-bb0a-c0ec3ed79b4f,2977cf41-0d3a-48f9-a922-2cdfcab6f01a,JAF-002
c634f1f8-5361-4d1b-a44e-0dd471fe3dc4,2977cf41-0d3a-48f9-a922-2cdfcab6f01a,JAF-001
ac963c38-f5d9-4fe2-8b9b-371bd73e0ec4,ce808239-7651-491d-843c-fa5b704f66bb,BEV-002
2b2394d1-9d78-42bd-8f54-ce2661b28403,b2a4978b-9a27-47ec-8d50-930f20d4b241,BEV-004
d721ddcf-218e-4764-b87e-6ac88deb2b97,b2a4978b-9a27-47ec-8d50-930f20d4b241,JAF-004
7ee565d0-d88c-44b9-b16a-a822d0db93d2,51c7b591-f499-4ca7-94b4-b0b59dd6c122,BEV-004
aac7f7c8-d4eb-49aa-bfa3-bf69baa37734,51c7b591-f499-4ca7-94b4-b0b59dd6c122,BEV-002
a800a45e-cdef-4222-a1d7-8d5ad1fe1ba5,51c7b591-f499-4ca7-94b4-b0b59dd6c122,BEV-004
5b59172f-a0de-4222-8ccb-369d19fd5450,51c7b591-f499-4ca7-94b4-b0b59dd6c122,BEV-005
a9fdaa3f-9972-4aee-8b01-8db251632ff1,51c7b591-f499-4ca7-94b4-b0b59dd6c122,BEV-004
ed3954b5-9649-48f6-8558-18db0cf42cd2,51c7b591-f499-4ca7-94b4-b0b59dd6c122,JAF-001
1828aae6-6717-4a13-88ec-4216c8f56248,51c7b591-f499-4ca7-94b4-b0b59dd6c122,JAF-005
ad62365d-5f2f-4a08-b448-1c027ac35c78,51c7b591-f499-4ca7-94b4-b0b59dd6c122,JAF-005
a85e69b9-234b-46eb-9104-9d3ecf825f1e,51c7b591-f499-4ca7-94b4-b0b59dd6c122,JAF-002
d7892dab-4c41-4f03-b208-241e0d61c597,51c7b591-f499-4ca7-94b4-b0b59dd6c122,JAF-003
db338868-fb2b-4797-aeb0-c5fff18fac3d,16ab3142-34c4-479f-b337-109ed455d0ff,BEV-005
e10a4596-66eb-4e8d-ab32-9803a98a8189,db38197b-b7b0-4c1d-a9c4-f11e6c7d53d0,BEV-001
f797063c-adc4-49b8-a1ee-d6e11a26fea7,2df4eae5-5b90-4a0e-91c1-eb33b7654bde,BEV-005
a695ad56-ad50-4180-93db-45aec2db3eaf,2df4eae5-5b90-4a0e-91c1-eb33b7654bde,BEV-002
80f2d481-1a5e-4941-9757-8fc73c517ebe,2df4eae5-5b90-4a0e-91c1-eb33b7654bde,BEV-003
5bae79a2-858a-4ddb-84e5-c1adbbf58152,2df4eae5-5b90-4a0e-91c1-eb33b7654bde,JAF-001
61901b12-3f82-4127-aa16-736bf2166a69,2df4eae5-5b90-4a0e-91c1-eb33b7654bde,JAF-003
876a764a-50c5-4fc3-9b28-8a7740dfcfd3,2df4eae5-5b90-4a0e-91c1-eb33b7654bde,JAF-005
e6140e4e-c813-4846-90c7-d846656ebef2,dc6b53b9-5b18-47f8-a4fc-29daa647c6dd,BEV-004
764eba96-6b9b-471b-b69e-a085a19e3476,be2b5cb5-8d44-494c-ba34-b38ce4fa4103,BEV-003
7f7efe26-230c-4588-bb9e-de5dc6598156,be2b5cb5-8d44-494c-ba34-b38ce4fa4103,JAF-004
e04a50b4-cb64-40ed-9a28-4aa9133daf55,60443289-5881-4029-8d80-5ecac7d4cc6e,BEV-004
4a48add2-187f-47af-bbd3-3af5dbae1bb4,60443289-5881-4029-8d80-5ecac7d4cc6e,BEV-005
727388a3-67e1-48d0-968e-0a5fa5a91c37,60443289-5881-4029-8d80-5ecac7d4cc6e,JAF-003
85a6046e-01f0-4867-9aad-ba3cb1be55c5,60443289-5881-4029-8d80-5ecac7d4cc6e,JAF-003
6425ddc3-1474-4b79-995e-9850db1af9fd,bf197c4c-b859-482f-81de-53d73b2c6843,BEV-001
ce11aae4-d659-4de9-935b-6f6556d9ae35,e5a4aa3b-8b8a-414a-a0d9-57d9721b3481,BEV-002
bcb754f3-bb62-435e-9c6c-e7a01b1e44a4,1b2975f6-9354-434e-afe4-0676442f62b3,JAF-004
4f3c3859-3c29-4082-b799-7e8cd868662c,928c2344-b5f5-4038-9890-10c80d0e5022,BEV-001
e34a1abd-2009-4a4c-bf59-b8268b983d10,32347e0d-5b78-4930-b14a-d2d57535b3bb,BEV-002
749e64b1-bcaa-44d7-ab61-b533143a4a79,32347e0d-5b78-4930-b14a-d2d57535b3bb,JAF-001
f7817660-3cf9-4942-97ee-e45c32ff8193,c28c7c66-2797-4b4f-a2e6-aa1a3cda58e7,BEV-005
ec3b9291-c725-4d44-99fc-26e02a73f6b0,c28c7c66-2797-4b4f-a2e6-aa1a3cda58e7,BEV-002
f710c24c-778f-4289-bb19-8f044baf754b,c28c7c66-2797-4b4f-a2e6-aa1a3cda58e7,JAF-002
4a861b11-5936-4fb7-8038-57a123ba17ff,c28c7c66-2797-4b4f-a2e6-aa1a3cda58e7,JAF-002
d766d36c-4856-4ceb-9e35-6a665094dee6,b6148ba6-e097-4970-bf06-92e0c5abbcc0,JAF-004
7caf3860-2a28-4795-b9fe-30502b072594,b6148ba6-e097-4970-bf06-92e0c5abbcc0,JAF-003
eab42d04-3cef-4bd8-b409-e98d8214bbe7,b6148ba6-e097-4970-bf06-92e0c5abbcc0,JAF-002
07ed389e-62e6-419c-99c9-ac8124ecde52,f2bf2a2a-f17c-40a6-8bae-4876a6a5dff9,BEV-002
57bb18c0-9f4b-4884-ae8f-071f205c2f7b,f2bf2a2a-f17c-40a6-8bae-4876a6a5dff9,BEV-002
a19159ab-8c6b-4236-ba2e-dfbf4b9389b6,67879f2f-f303-47c0-834f-e494290cddcc,BEV-002
3cd3f934-a2d8-4546-a921-9f10a810ac92,60091f3e-522e-4cac-895f-2437a23ffa3e,BEV-005
e0cead94-a75e-4053-ba3f-dab1a40782e7,60091f3e-522e-4cac-895f-2437a23ffa3e,BEV-003
d5d0f1bd-0168-43a8-b3e3-0064f6f90aa1,60091f3e-522e-4cac-895f-2437a23ffa3e,BEV-003
67f13fd5-ecf5-434f-a86f-d7f0b6c15279,60091f3e-522e-4cac-895f-2437a23ffa3e,JAF-001
9b7a0028-9837-4142-b69e-1d6258a90eac,60091f3e-522e-4cac-895f-2437a23ffa3e,JAF-004
e60e6efc-7924-4627-9011-99824e69fa61,60091f3e-522e-4cac-895f-2437a23ffa3e,JAF-004
681afe1b-24ed-4425-84d1-8167a469d549,878b3fad-3efd-4667-ad2f-5a7e9bcb3cbb,BEV-004
1b291be4-f4e2-48eb-b98b-5db22f52f481,878b3fad-3efd-4667-ad2f-5a7e9bcb3cbb,BEV-005
4080205c-61aa-4b1e-be47-76ac981ae2b9,878b3fad-3efd-4667-ad2f-5a7e9bcb3cbb,JAF-004
1589f0bb-c172-4acf-a5c5-ea278f86e01f,53a0fd29-ed83-4121-b56e-ab41d52d2da4,BEV-004
e16e6be5-4359-4eef-af89-7b4cd7a938dd,af4c848c-50a4-43d8-a5c1-9fb8d84c80ab,BEV-004
fa70a3ec-a3b3-4bf1-8565-e8eeacbd31b6,7faa5f57-8bd0-43ea-a32c-26b6cc9cb103,BEV-003
a76808f0-8fe8-4da4-a0ee-697ccf0baf72,2e661e61-cc42-4dc0-8320-cfd48c76a072,BEV-004
f5953472-b1d8-4f8a-ab28-183a390d6654,2e661e61-cc42-4dc0-8320-cfd48c76a072,BEV-004
04536310-ce2e-4e81-8d56-d44bd00bc6b4,2e661e61-cc42-4dc0-8320-cfd48c76a072,JAF-005
f2c6e850-270b-4186-a6e7-283fc6174ce6,2e661e61-cc42-4dc0-8320-cfd48c76a072,JAF-005
216b48a5-7dc5-46c1-b10b-829d2269178b,b8a4b7cb-a742-4069-a071-90410a11f3bc,BEV-003
ccd14ad8-d40f-46dd-b0a7-f68d829fb1fe,b8a4b7cb-a742-4069-a071-90410a11f3bc,JAF-001
3211d4db-de60-4956-9780-45a1425e6287,0e96469f-d692-4711-88d8-f86d3a20d6f9,BEV-004
74082ca9-3ef0-4174-862c-7952580fe372,0e96469f-d692-4711-88d8-f86d3a20d6f9,BEV-003
da07192e-1a3a-4802-bc16-8a996b8dcd8a,0e96469f-d692-4711-88d8-f86d3a20d6f9,BEV-002
f3c494f4-f2c3-47d1-9071-84057bf864eb,0e96469f-d692-4711-88d8-f86d3a20d6f9,BEV-002
6df12184-970f-42be-8f61-1afad45f7a4b,0e96469f-d692-4711-88d8-f86d3a20d6f9,BEV-001
dc40d0cc-baa5-4483-905c-9b08c91838db,0e96469f-d692-4711-88d8-f86d3a20d6f9,JAF-003
1a877e0c-a975-4c5a-befe-c071f16c41c1,0e96469f-d692-4711-88d8-f86d3a20d6f9,JAF-003
bd1661cd-815b-4fc4-9a1d-63851c918ca5,0e96469f-d692-4711-88d8-f86d3a20d6f9,JAF-002
7b7c7c89-1ccb-43b1-b4c6-06a3a1066c75,0e96469f-d692-4711-88d8-f86d3a20d6f9,JAF-002
c4835e12-3d6c-4adb-bf86-401dc67edbe4,0e96469f-d692-4711-88d8-f86d3a20d6f9,JAF-001
1c9010a2-38cf-4c9f-b31d-39ef8dbcf5cb,d61ccf5b-a432-4a82-95db-7d5a9fb3b8e8,BEV-003
8fcc529b-f8c4-4efe-87ed-231d0038144f,2bbee31f-aba4-4d39-8f25-267076827706,BEV-002
45f28eaf-4d09-4cf6-b7ad-836d3c52537c,2bbee31f-aba4-4d39-8f25-267076827706,BEV-004
30e31fd9-971a-4931-ae23-0306a674100e,2bbee31f-aba4-4d39-8f25-267076827706,JAF-005
fa0cfac1-a7cb-4c76-89b1-aafcf92d9eee,2bbee31f-aba4-4d39-8f25-267076827706,JAF-001
5508546b-66c8-4ba8-a5ac-87f219995aff,1d34c68e-ab69-4e2b-87bc-a6ffaf91aa20,BEV-003
e0299a25-f0ee-4399-a2f6-ebe0973d24fe,74765c14-ef90-485b-b2eb-0d7c395eeca3,BEV-005
e541b355-5970-49e3-bde5-8391e848a500,74765c14-ef90-485b-b2eb-0d7c395eeca3,JAF-003
9d60a06c-5927-4bb8-adba-162f27e200bb,57580bcb-8d88-4965-a003-773a34465c8c,BEV-001
1307dfa1-0f94-401b-82b3-c9b8902c01f7,57580bcb-8d88-4965-a003-773a34465c8c,BEV-005
2bbc4ee8-a5f6-44d5-9f36-39aec0622537,57580bcb-8d88-4965-a003-773a34465c8c,BEV-003
f0c737c4-1ec9-4751-b80a-650684dd4b3d,57580bcb-8d88-4965-a003-773a34465c8c,JAF-005
352c3aca-0127-44a2-81ec-b65a6664a993,57580bcb-8d88-4965-a003-773a34465c8c,JAF-001
708d3400-05a1-4a84-968e-6acd471bcd2a,5e01b834-fae9-41b5-a458-d9ca8b98ab02,BEV-001
bedf51da-8fa0-4450-ae69-5d66219251a3,5e01b834-fae9-41b5-a458-d9ca8b98ab02,JAF-002
14b2f75d-c34e-4767-b9d8-5872845346c5,5e01b834-fae9-41b5-a458-d9ca8b98ab02,JAF-005
e7f9c56f-50ac-455e-9f14-28b48ace6602,89ae23f9-1cff-4af3-9a66-a5fa1965c004,BEV-001
1747072a-cd2e-40ba-88f8-81d1bf08c505,eccd44dd-9211-4c33-bcac-2bbbdad6ce8d,BEV-002
4ae85c84-229b-4266-b9bb-2c03519db924,eccd44dd-9211-4c33-bcac-2bbbdad6ce8d,JAF-004
f6be1225-7eeb-41a1-aa5c-976f321d52ca,24cfa690-5d50-4cff-b1e3-9f2ee5717750,BEV-001
7d97d9d9-5bf2-4737-9d51-292b8184c874,24cfa690-5d50-4cff-b1e3-9f2ee5717750,JAF-002
56e3d6f6-4fc6-40a0-aefb-e4cc2d8de910,dd2f1ff9-a150-4dad-b9df-104d310e445a,BEV-005
6648265c-1792-42d1-9b61-04e37e988497,eb82b920-eb92-4d8c-80a3-02d9383823a6,BEV-004
2ac0e9e2-d364-4598-a481-58c8bd148937,07976d56-ae41-4950-8d3c-5f97172da152,BEV-001
b5c5a713-e5bb-4d25-a70b-01e7b4fe720d,07976d56-ae41-4950-8d3c-5f97172da152,BEV-003
d9ae04ae-f409-4c46-8011-7b08920d215b,07976d56-ae41-4950-8d3c-5f97172da152,BEV-001
db2ddd7f-87a4-43a4-84a0-03b4cbe551cc,07976d56-ae41-4950-8d3c-5f97172da152,JAF-004
0c5c5fa5-2104-4597-8d8d-95f97aea97f2,07976d56-ae41-4950-8d3c-5f97172da152,JAF-003
1298301c-2358-44fe-bed9-a4e5fef4fb9e,07976d56-ae41-4950-8d3c-5f97172da152,JAF-004
665ef593-97b5-4cf4-b617-7f4c5fea96a6,dfd74f78-9188-470d-8fdd-03f61af12155,BEV-004
d0ab61f6-21f8-4efa-8728-60e3240b211c,dfd74f78-9188-470d-8fdd-03f61af12155,BEV-001
ca3f3c27-c757-4b88-90fb-9a8600781fb3,dfd74f78-9188-470d-8fdd-03f61af12155,JAF-002
a0d5c38b-fc6a-4320-89ca-43e5658ae96b,dfd74f78-9188-470d-8fdd-03f61af12155,JAF-004
cb08f249-b01d-4662-95a0-2dff33ea56bd,61efaff5-7220-46a6-b936-6aeb2a3d15ba,BEV-001
e0a3b54c-025e-4adc-8d89-db7fc473e727,47cfc3c5-36f0-4331-8e18-f1cf01ceb225,BEV-003
00d26ca4-0eaa-4e0e-a878-b75c5645b630,47cfc3c5-36f0-4331-8e18-f1cf01ceb225,BEV-001
656d008c-a7f9-443a-9c7c-78919983ccf3,47cfc3c5-36f0-4331-8e18-f1cf01ceb225,BEV-001
665cb149-89d6-4eff-937e-fd2b6bde3a92,47cfc3c5-36f0-4331-8e18-f1cf01ceb225,JAF-002
f35cc0d8-d9ca-4a4e-be82-ecc64ac63275,47cfc3c5-36f0-4331-8e18-f1cf01ceb225,JAF-004
c28f05de-5d6e-468f-873f-bfbf7b8de747,47cfc3c5-36f0-4331-8e18-f1cf01ceb225,JAF-001
e272b76e-526a-43ee-88f5-376afad9b19e,829951ef-c1da-4d3a-bd46-3cc78f2f4622,BEV-004
03605465-33d4-4a51-aa39-037d9a30afab,c61b5bcb-b2f8-4137-8275-ab62184d7a04,BEV-004
975f2388-b477-4583-b6d5-fc0116257181,c61b5bcb-b2f8-4137-8275-ab62184d7a04,JAF-002
e9d3236a-b211-4fd8-af63-272d4acdf0bc,f1035bf2-2e6d-4de5-aca3-bdf71615257f,BEV-004
63fe03cd-49f8-4a0c-bd65-6b53a6bd3a72,8bacb7fa-d9f4-4a0f-9df5-668aadf06b38,BEV-004
9e1c87c9-ca92-4309-849e-772c8f238364,8bacb7fa-d9f4-4a0f-9df5-668aadf06b38,BEV-005
bb448940-21a2-4c2b-ad9c-b6c6a4b90c29,8bacb7fa-d9f4-4a0f-9df5-668aadf06b38,JAF-003
bef4fb86-f867-4603-a56b-6da31b8aa112,8bacb7fa-d9f4-4a0f-9df5-668aadf06b38,JAF-004
c74d69a9-3880-4caf-bed1-c268eb6da62c,ad4a38a7-aa20-46bb-b249-ca86225584ed,BEV-005
723d40b5-b06f-403b-84d7-b1f8aeb1c34d,defc482a-9deb-4be0-b07f-2cadfda10753,BEV-003
30a711f9-ca35-4c75-9e11-39cb813c49cd,defc482a-9deb-4be0-b07f-2cadfda10753,JAF-002
3bb8bddb-6236-4629-ae2e-12a6b12c4dab,e2e51e03-c9be-42bd-a2eb-93e2a9476913,BEV-002
81113c0a-f718-4e9c-bfb5-fc33155bcdeb,c46dfc98-6a6a-4663-9529-961be574cf91,BEV-003
5be48707-5261-43cf-8b2c-553e0f0f49ff,c46dfc98-6a6a-4663-9529-961be574cf91,BEV-003
99ed917d-ae4b-4046-9499-df6fe70a95be,c46dfc98-6a6a-4663-9529-961be574cf91,JAF-003
aa3f314e-c65c-4e51-93c5-3f629b71f9a2,c46dfc98-6a6a-4663-9529-961be574cf91,JAF-001
ab8e9c60-a9cb-4f2b-96e4-71626189ec9c,33bf0c98-8c38-40c8-9749-7809834d4a5a,BEV-002
ef899781-5738-420b-b1c8-eb20d82a7127,33bf0c98-8c38-40c8-9749-7809834d4a5a,BEV-001
ed95aee7-8c4c-46c9-be72-54508b1b5c08,33bf0c98-8c38-40c8-9749-7809834d4a5a,BEV-002
e5651b51-aab0-461d-9719-d68d61d36697,33bf0c98-8c38-40c8-9749-7809834d4a5a,BEV-005
45f30a2f-eddf-4497-9026-3f70d71e6b5d,33bf0c98-8c38-40c8-9749-7809834d4a5a,BEV-005
8b83c011-c880-4a91-8650-483115404e28,33bf0c98-8c38-40c8-9749-7809834d4a5a,JAF-004
f966d38c-b543-4758-85ef-45977d55c356,33bf0c98-8c38-40c8-9749-7809834d4a5a,JAF-005
22144019-af0f-4aea-b0ea-697141850480,33bf0c98-8c38-40c8-9749-7809834d4a5a,JAF-005
8cec2631-5326-48ca-8b6d-5deaa1512974,33bf0c98-8c38-40c8-9749-7809834d4a5a,JAF-005
d33fd793-2c11-43cb-8124-bb3463e2bfdf,33bf0c98-8c38-40c8-9749-7809834d4a5a,JAF-003
cc286591-4bff-4eac-adaf-57b067dd293b,d2db887b-cca4-410f-9a35-ea978162015c,BEV-001
8867e6f2-497e-46f6-9d66-6dd64b80e565,d2db887b-cca4-410f-9a35-ea978162015c,BEV-001
c196a87c-99cf-4154-918c-4916771044bd,d2db887b-cca4-410f-9a35-ea978162015c,BEV-002
e1e1de1a-2f7c-4b58-98f9-5c86c1f8f36f,d2db887b-cca4-410f-9a35-ea978162015c,BEV-002
c5b08f5c-e9ea-4a62-b336-498228ed9736,d2db887b-cca4-410f-9a35-ea978162015c,JAF-001
42b444c4-8380-49cf-81e8-4c87f6c46794,d2db887b-cca4-410f-9a35-ea978162015c,JAF-004
350e26fa-4665-4cbe-a3eb-0b0455a1ca91,d2db887b-cca4-410f-9a35-ea978162015c,JAF-005
9736cdd8-0061-4b5b-b482-3007016041fb,d2db887b-cca4-410f-9a35-ea978162015c,JAF-001
97c051e3-1949-448c-8fa9-52a4b87dac33,a5e2140a-3ce8-42f0-b0da-4b0df657cd63,BEV-001
e7953329-883c-4650-a40d-11ba6995b3a8,a5e2140a-3ce8-42f0-b0da-4b0df657cd63,BEV-005
2d2e5280-e6f3-43ac-8e44-e1e98ccbf47b,a5e2140a-3ce8-42f0-b0da-4b0df657cd63,BEV-001
8e314401-af20-4b7a-aaa3-f3dfdaa17579,a5e2140a-3ce8-42f0-b0da-4b0df657cd63,BEV-003
799e6e76-0a5c-4c9c-b287-cff908d92974,a5e2140a-3ce8-42f0-b0da-4b0df657cd63,BEV-005
05152f7f-e6dc-4a10-8e24-5642321c1e17,a5e2140a-3ce8-42f0-b0da-4b0df657cd63,JAF-002
c54245b1-f6a3-4f7c-981d-7d829e5a86b2,a5e2140a-3ce8-42f0-b0da-4b0df657cd63,JAF-003
e3ff6aed-01a5-4d67-a39f-215b74b7fd24,a5e2140a-3ce8-42f0-b0da-4b0df657cd63,JAF-005
189bfdc8-7526-44f4-8c98-b522613b008c,a5e2140a-3ce8-42f0-b0da-4b0df657cd63,JAF-004
83e37c59-ed54-4f8d-8b0a-4b6e2f49f0e7,a5e2140a-3ce8-42f0-b0da-4b0df657cd63,JAF-005
f3de83cd-1571-420f-9197-a3909306f349,70e76ddd-749d-410a-9b77-04b94af0933c,BEV-005
2c6383aa-0561-431f-a131-cb85843a85b4,70e76ddd-749d-410a-9b77-04b94af0933c,BEV-005
6eb0cbde-9fbb-4359-b3eb-9758459a9c02,70e76ddd-749d-410a-9b77-04b94af0933c,JAF-002
f9d0fff1-6323-4ec3-a67e-bc00c98e9937,70e76ddd-749d-410a-9b77-04b94af0933c,JAF-001
f5516436-0ee6-4ba7-90fd-8804c5041fca,70e76ddd-749d-410a-9b77-04b94af0933c,JAF-001
81224642-9a77-493b-83cb-fa68b72fc80e,4a3955bf-b8b7-4ecc-8c2d-a8ba615d94e5,BEV-004
dea53f38-79d9-43f7-91e3-e94edcb35003,ffe85de4-cacf-4e62-8ec5-e746cca3cad9,BEV-002
f0280f52-227f-4255-bc40-574649bde145,7781e3a7-3c85-420a-9ae6-868f45d18143,JAF-004
960a0c36-281e-41a0-97ef-a5a46933327e,7781e3a7-3c85-420a-9ae6-868f45d18143,JAF-001
d243712e-5e09-430d-920b-2a2649693be8,7ed1e401-dd34-4bb5-b31e-fe99f7dd3457,BEV-001
aeda00ab-dff2-48ed-9d60-cb89ecf268ce,35a7c1df-ef7b-4060-9e09-e564e3e6bbd4,BEV-003
49518de2-8458-4410-bd05-76e2580da965,ab133235-8f14-4690-80e6-df9beb324893,BEV-002
036ab2f3-a590-4273-9825-13396f795b8d,109a296b-b71e-42c3-8792-1e1644730929,BEV-002
557c9664-0634-4c1d-a158-ec33316e819c,109a296b-b71e-42c3-8792-1e1644730929,JAF-003
d9ce3231-9ff8-4ea4-be6a-582294a24104,109a296b-b71e-42c3-8792-1e1644730929,JAF-004
a31b56a4-82c5-4790-a60b-6b202a0b02d3,109a296b-b71e-42c3-8792-1e1644730929,JAF-005
bc56eec8-3e4c-4b58-bdc0-331db74407cf,ee32a159-dfc3-4b9b-99a4-e6a5f2c75844,BEV-004
e6c6cbd4-454c-4639-9173-59af40dee4a3,ee32a159-dfc3-4b9b-99a4-e6a5f2c75844,BEV-002
f412c7fa-e2fc-4797-a62f-7d56f736172a,ee32a159-dfc3-4b9b-99a4-e6a5f2c75844,JAF-003
5e5e819b-0670-4799-8a11-b02fb3863d3f,ee32a159-dfc3-4b9b-99a4-e6a5f2c75844,JAF-002
32a85788-0ceb-4a7c-a9d7-1e9999495dd8,0c5399d7-dc1c-4fbc-8f18-299365d2f131,BEV-002
aeaf032c-ab88-4b59-b76a-0892fa911da3,0c5399d7-dc1c-4fbc-8f18-299365d2f131,JAF-005
11a3860d-444b-4aa3-ad0d-02112d4a28ee,88831c0b-0a29-43d4-be2a-9fb346c5ba67,BEV-005
16ab0809-8472-4920-b176-5506b9b33a5a,88831c0b-0a29-43d4-be2a-9fb346c5ba67,JAF-003
fb1b5bc2-b9d9-49f0-b2ef-127e1ad2b41c,96e779c1-c9d2-4321-815a-0f7039dd84db,BEV-004
796ac68d-487a-4a8f-8177-7243d5d75c75,53b74587-21d2-4bf5-b8c4-9975721a7fcc,BEV-002
8c52631f-aac1-4d7a-9f69-dcedd9737a04,1f50f007-c9f1-4fca-adae-925e4cfec8a5,BEV-001
cd384e3f-26f3-4ce8-8976-239684cbfc3b,77e59a0f-c387-490c-9039-f777eef52625,BEV-002
85e35f70-7c05-41ac-826b-1d9b72d47064,77e59a0f-c387-490c-9039-f777eef52625,JAF-001
caa17505-6154-4e25-9546-191f5512f42c,811727ef-662d-4ab2-806b-47962e410b03,BEV-003
7af50d27-3357-4e5d-bc37-51c42eafce21,f7d2e0db-3b95-4ceb-b8d8-b48ed1627f2a,BEV-001
81e47b12-8743-4eeb-b9d6-18590b044b63,f7d2e0db-3b95-4ceb-b8d8-b48ed1627f2a,JAF-005
c5fe991d-774d-4d02-820b-8d7c5a1684a8,f7d2e0db-3b95-4ceb-b8d8-b48ed1627f2a,JAF-004
badb39b7-6216-4491-b3c0-836843d95095,af73b708-c9bf-40af-80db-61cb0e4281d6,BEV-003
5ebffd13-9c87-4114-bf53-2f93d318d597,7d6837f9-a654-4908-b8d1-5ab1b96bfab0,BEV-005
d3fb9b85-4d80-4393-bf9d-660e08135a22,7d6837f9-a654-4908-b8d1-5ab1b96bfab0,BEV-004
753d4658-f722-4a30-bb8f-71f78338cc8c,1eaef2a7-3a23-4557-b849-4701cec8b7a7,BEV-004
c4291480-034d-4ab1-a60f-72e44a9842eb,1eaef2a7-3a23-4557-b849-4701cec8b7a7,BEV-002
abf0a285-3465-490c-97b7-317e8766ecca,1eaef2a7-3a23-4557-b849-4701cec8b7a7,JAF-001
5aa6258e-ad01-4eab-bd38-8f06f6939297,1eaef2a7-3a23-4557-b849-4701cec8b7a7,JAF-005
4a0460c1-4ffe-48ad-a255-ef1d99e934c9,76399067-e44f-403a-917d-7ae2c64c46ef,BEV-005
d1a20130-53e7-4db5-8919-b946fbbe619e,76399067-e44f-403a-917d-7ae2c64c46ef,BEV-002
9e5420a1-d50c-4faa-a922-c9707d4697c2,76399067-e44f-403a-917d-7ae2c64c46ef,JAF-004
e952bbe5-2689-45d8-9837-fcc4f739d165,b0d37430-66a1-40a3-a95f-6ef847080f8c,BEV-002
9c6739fc-c382-4e37-92ee-b681df19f6c4,b0d37430-66a1-40a3-a95f-6ef847080f8c,BEV-004
222c369d-9518-45e6-b43e-d089d1bf777c,b0d37430-66a1-40a3-a95f-6ef847080f8c,BEV-003
9cd8d7b0-c25b-4c2f-ab6b-c38021f0eb9c,b0d37430-66a1-40a3-a95f-6ef847080f8c,BEV-002
b266f4fd-df20-413d-b775-fe9989c6bd7c,b0d37430-66a1-40a3-a95f-6ef847080f8c,JAF-004
f7642e82-e478-4965-909d-f08cdf794c99,b0d37430-66a1-40a3-a95f-6ef847080f8c,JAF-003
a36cbdff-ee53-4059-a668-4338fb208dc7,b0d37430-66a1-40a3-a95f-6ef847080f8c,JAF-002
1f8c0b80-8fb7-4741-a0d8-02518f028146,b0d37430-66a1-40a3-a95f-6ef847080f8c,JAF-005
4860f59c-bbd5-4c6a-997d-8f78baa44f35,63b69c74-22e0-4d6b-b977-edbe3a59f93e,BEV-004
f095faa8-7bf3-4d10-8466-e1d469588d5a,e1100b74-9207-48bf-bef2-8539b2fda164,BEV-004
dc964a1d-f36e-4dcc-bc34-50468d79cfaa,e1100b74-9207-48bf-bef2-8539b2fda164,BEV-003
58aea2f0-de7d-4c48-9af2-963f4fd776d6,e1100b74-9207-48bf-bef2-8539b2fda164,BEV-001
8517204b-3ede-4319-b44d-d1bd1c7e0135,e1100b74-9207-48bf-bef2-8539b2fda164,JAF-003
b8173250-196f-407c-b059-b6c969c0cecd,e1100b74-9207-48bf-bef2-8539b2fda164,JAF-002
205c3f1b-20ea-4a67-921c-58776ca6d4c7,e1100b74-9207-48bf-bef2-8539b2fda164,JAF-005
57d74c8f-ec16-4518-b8d9-95ce3809e5fc,c078ba2c-ff90-40db-9cbf-370779f0dc46,JAF-002
7032860d-f88c-4d99-a40a-239b73badf70,e85fc5ab-2c57-4437-938a-07a58a03ac5a,BEV-004
601b4c29-5c41-41f9-9a83-d64c8ed2052f,e85fc5ab-2c57-4437-938a-07a58a03ac5a,BEV-002
8700690c-c7fb-45dc-8e48-a9acce794749,5c5e9063-984d-4890-acbb-df47005835fe,BEV-003
473e28c6-1676-4a68-ab82-54ee83967492,9d48b4a3-e89a-466b-8bf9-fd6d5f7c10b0,BEV-005
4c3638e1-0ee4-4ec0-822a-3d65f9be070e,6c7036c0-436e-4e7b-b962-3b6b7b7146c7,BEV-002
09b57283-bc83-46e3-92fa-687c6c308fb4,6c7036c0-436e-4e7b-b962-3b6b7b7146c7,BEV-003
55a2fada-fb68-4d7f-b0cf-03c4615f5e41,6c7036c0-436e-4e7b-b962-3b6b7b7146c7,BEV-004
cc629ee8-3ab9-4811-8061-b7d4c5b72de5,6c7036c0-436e-4e7b-b962-3b6b7b7146c7,JAF-003
08cc138f-1b86-457b-bd6c-9b049c7c2cda,6c7036c0-436e-4e7b-b962-3b6b7b7146c7,JAF-005
bfa2c727-ff9c-4619-bfe7-c8ad1e041572,6c7036c0-436e-4e7b-b962-3b6b7b7146c7,JAF-004
d58c05b5-07db-492e-a214-24302c1095a0,66d9503c-c7af-424b-a2c3-3868bd07a603,BEV-005
74c336f6-0343-4d5a-bfb6-3a7709a48de0,78092535-2c6e-4d42-85f2-f2a3c00657a3,BEV-005
77b295a1-41d1-4466-bf34-f7afd025db07,e68cd410-f4ea-4bc7-8516-6fa4668ae772,BEV-005
19a154ed-f731-4901-a796-f92c6ee2097f,e68cd410-f4ea-4bc7-8516-6fa4668ae772,JAF-001
71e8a997-c3e4-430d-b823-c0d572acd6d7,56d38e46-f5ad-4990-b507-e21d40494208,BEV-005
75f7891f-f78d-4c15-8a19-b27a5f5f928c,21af46f1-6946-45c2-8055-9d947c435372,BEV-004
39d03ade-6011-4b07-83e5-93f11a5afc49,21af46f1-6946-45c2-8055-9d947c435372,BEV-001
1487ea6b-e4a0-46c1-987c-c0834898b575,21af46f1-6946-45c2-8055-9d947c435372,JAF-005
4f9751c8-2ba5-47e0-bbca-78a53501d276,9040a456-d74f-4d01-9294-5aa6f38ced0f,BEV-004
7b11ca04-f8b1-4e7f-8885-a9e84b282f30,9f16f881-f808-4580-9b1d-5c1055224a2f,BEV-001
3a6b9c73-7d49-4af7-b456-6de4c3a310f9,9f16f881-f808-4580-9b1d-5c1055224a2f,BEV-002
4eac8a37-47e7-400a-89e8-b83a93244314,9f16f881-f808-4580-9b1d-5c1055224a2f,BEV-002
297f8c6a-0876-4f0e-838a-b6c147b696b3,9f16f881-f808-4580-9b1d-5c1055224a2f,JAF-002
80dd8795-27de-4cbc-80b1-1f442b8b10ed,9f16f881-f808-4580-9b1d-5c1055224a2f,JAF-004
d855045d-a7e2-480e-bcb3-11c639488473,9f16f881-f808-4580-9b1d-5c1055224a2f,JAF-005
f7c0f367-0381-4ab0-a516-1804d38eb5ba,5efbb08c-df3a-49f7-95f9-e6c9ba3d45da,BEV-001
b5ac34bf-5e97-4e77-88fb-52aba0b862e7,5efbb08c-df3a-49f7-95f9-e6c9ba3d45da,BEV-004
9f527a66-7b41-4776-b0f3-b6bf829c584e,5efbb08c-df3a-49f7-95f9-e6c9ba3d45da,JAF-003
68f31688-e66d-447f-875e-0688ff1abd0d,5efbb08c-df3a-49f7-95f9-e6c9ba3d45da,JAF-003
de5abac4-df50-4cc1-a9c4-a5072b533bee,61d336f1-8e9a-4a6f-b6c1-622dc48562f3,BEV-005
b9f67b2e-0320-4597-8ddb-42f9611f663c,61d336f1-8e9a-4a6f-b6c1-622dc48562f3,BEV-005
f3a3b98b-a113-49a3-8aa2-25333388cc13,61d336f1-8e9a-4a6f-b6c1-622dc48562f3,BEV-005
090cc90b-5456-4f9e-8991-2a01c30a8d0c,61d336f1-8e9a-4a6f-b6c1-622dc48562f3,JAF-001
ef93b46c-3d54-4b02-b9e4-4479aebbb844,089afb31-273f-4bd8-bdfc-e281653e8e98,BEV-002
da387618-529e-45b0-8981-2c7a23ed0dd5,9e1584fd-5ecc-483d-812c-524904be435e,BEV-004
018b2735-7e90-453d-8ad8-e7306ddecabc,e1769aac-d4f4-4585-a581-0f8323c1d804,BEV-002
21512d6e-5beb-405d-99c0-212523c3aac6,e1769aac-d4f4-4585-a581-0f8323c1d804,BEV-001
35ba31a6-9f13-42e9-927f-180848ffe6ab,e1769aac-d4f4-4585-a581-0f8323c1d804,BEV-003
f448737a-113a-4735-98ec-7a6c9f9205fa,e1769aac-d4f4-4585-a581-0f8323c1d804,BEV-004
1c73b3e7-6f1a-4094-ba67-9311030beb9c,e1769aac-d4f4-4585-a581-0f8323c1d804,JAF-002
22fdbfde-9a97-4890-91f0-58e7e6b5c52a,e1769aac-d4f4-4585-a581-0f8323c1d804,JAF-001
60ec81cf-bb0d-4729-8683-de64c54522a0,e1769aac-d4f4-4585-a581-0f8323c1d804,JAF-001
490a6a47-12a4-4cde-8d89-49a2f3871f96,e1769aac-d4f4-4585-a581-0f8323c1d804,JAF-001
c658925f-619a-4195-bb35-2195b9dd4b2c,faa38f92-57a5-4a64-aafe-637009a57004,BEV-002
29f6865e-153d-4dcd-9ae8-c0350c2f1b75,84f9e11b-ac2d-44f8-9ee8-9b5055e44b55,BEV-001
d5b409d1-d659-4908-a662-af82cc091790,32ed2eec-bc58-46dc-9c77-4f24d79491b8,BEV-002
008aada4-51eb-4a2f-b212-2ba4c236dc6d,5b098d6e-a018-408e-a300-0e12f04a023f,BEV-001
f7876291-65ef-462a-b943-eddc37160e8f,18024c3b-1254-4237-a2e9-329cdfa8a0c7,JAF-004
6872faf1-8753-4bab-851e-0bb16ec991b6,253a97a7-7fd0-4b88-a4b5-36ce4712c604,BEV-005
7e6eabf3-723d-47f6-9309-4004e404bde9,253a97a7-7fd0-4b88-a4b5-36ce4712c604,BEV-003
8f275967-f96a-447c-bccf-32748751e815,253a97a7-7fd0-4b88-a4b5-36ce4712c604,BEV-005
6b1bd938-6e44-497c-a840-55549318c435,253a97a7-7fd0-4b88-a4b5-36ce4712c604,BEV-001
6d890ab1-33e0-4563-91c2-0aff97be7bc5,253a97a7-7fd0-4b88-a4b5-36ce4712c604,JAF-002
f55bc3b3-e5e7-470a-9cf9-cb331ddecc98,253a97a7-7fd0-4b88-a4b5-36ce4712c604,JAF-003
adc1e251-ed08-48d7-a2a6-6956f0149b66,253a97a7-7fd0-4b88-a4b5-36ce4712c604,JAF-001
9aa1f278-7330-4072-a8ab-552720ce24d1,253a97a7-7fd0-4b88-a4b5-36ce4712c604,JAF-004
c3652e15-7074-40e4-8445-10a3ca4ac270,9d2166f9-b03d-485c-8006-251170d34116,BEV-001
12bf9293-2a23-4703-9baf-0991fa423b4a,9d2166f9-b03d-485c-8006-251170d34116,BEV-003
a7b1d128-25ac-4c74-a04f-26901128b9fc,9d2166f9-b03d-485c-8006-251170d34116,BEV-004
384bc9c4-da4d-45c9-a3e2-956a94f8847c,9d2166f9-b03d-485c-8006-251170d34116,JAF-003
29b53bd3-b66e-4386-8f71-18a7f15fc27b,9d2166f9-b03d-485c-8006-251170d34116,JAF-005
9d9a6ca9-43fa-47fc-bca9-a2fee801aedb,9d2166f9-b03d-485c-8006-251170d34116,JAF-001
0105071d-cd3b-42f2-982b-df711e5e4131,993dd627-eca1-4357-816b-800480e9db8b,BEV-005
6909ee75-635f-4f29-aa35-1bc715221e7c,993dd627-eca1-4357-816b-800480e9db8b,JAF-005
fd58a5b1-03f8-495f-ab9e-d5befbf06ec6,993dd627-eca1-4357-816b-800480e9db8b,JAF-004
fef487d8-8911-422b-81b2-93be42bcaf8b,f9569e8f-e3a2-4ff6-8611-eccf10905c1a,BEV-003
454e9a7b-4476-4d0d-9913-d9c5c7570f8f,114a2bbc-62a1-4a66-9d10-e9f763ccd7b8,BEV-002
5e0ef74c-e00c-44f5-a34b-7fd7b2ee3c07,114a2bbc-62a1-4a66-9d10-e9f763ccd7b8,BEV-002
361bbcd0-5c21-4ccb-ac4e-df7ad7aa861f,114a2bbc-62a1-4a66-9d10-e9f763ccd7b8,BEV-003
50e5b525-6337-43f8-a83b-e367a8b26cf5,114a2bbc-62a1-4a66-9d10-e9f763ccd7b8,JAF-002
8c9328be-6b15-445c-9c3a-183d109afa64,114a2bbc-62a1-4a66-9d10-e9f763ccd7b8,JAF-002
437b758a-3829-4144-a0db-4537085a2eca,114a2bbc-62a1-4a66-9d10-e9f763ccd7b8,JAF-005
e6cb8774-cb91-4079-9712-3fe712bd333d,a6561a86-e6c7-40e7-a0c9-d6caada14af2,BEV-001
4d1bdc1f-3d81-4d77-a590-67a7fcab262c,a9dedd97-8743-4b0a-b6dc-8533cfff255f,BEV-003
b64af792-a04d-48d7-b19e-2e1226db0115,a9dedd97-8743-4b0a-b6dc-8533cfff255f,JAF-004
aafb960f-5d4c-4af8-aa58-76e3119e9041,ef458ed0-b2cd-4662-8ac1-095c38df55d3,BEV-001
e3f6b681-ac7d-4c11-9a4f-190fa101e27a,ef458ed0-b2cd-4662-8ac1-095c38df55d3,JAF-001
1021bf7d-d3ef-467e-ba4c-15ee2db979a8,f4251a1b-6973-4e8a-87cc-71aedf2c8ba7,BEV-001
778eb0a2-dd49-4073-88d6-0fc6c82d99f2,f4251a1b-6973-4e8a-87cc-71aedf2c8ba7,BEV-002
1fa7b9f5-e6cc-4a1c-a6eb-a9b715a9b781,f4251a1b-6973-4e8a-87cc-71aedf2c8ba7,BEV-003
fea2e6c6-e399-4cdd-bb86-bca775174426,f4251a1b-6973-4e8a-87cc-71aedf2c8ba7,BEV-005
e200b810-86be-4d8b-ac4b-7c8d812d96ff,f4251a1b-6973-4e8a-87cc-71aedf2c8ba7,JAF-003
2d3ed03b-2e9c-40fc-85f5-f20ee9f65573,f4251a1b-6973-4e8a-87cc-71aedf2c8ba7,JAF-003
0fa5122b-8da3-48d1-aec1-9a4cb3b62874,f4251a1b-6973-4e8a-87cc-71aedf2c8ba7,JAF-003
449dabe1-a0f5-467d-b056-e47239285468,f4251a1b-6973-4e8a-87cc-71aedf2c8ba7,JAF-002
2660d351-57e8-4042-9c35-5233092d708a,0557ea0c-159f-4a6c-84fd-94312606c608,BEV-004
322b95c3-4628-492c-a759-d1ec2013c6c4,0557ea0c-159f-4a6c-84fd-94312606c608,BEV-003
60831b74-e430-42df-a634-76de9c930ecf,0557ea0c-159f-4a6c-84fd-94312606c608,BEV-005
bb0aad52-82e0-47a4-a0ee-05ba760ed95d,0557ea0c-159f-4a6c-84fd-94312606c608,BEV-005
d4189068-c5cb-44c8-bddb-ba9e991a1f29,0557ea0c-159f-4a6c-84fd-94312606c608,BEV-004
ec8a952e-8460-48c1-b02b-a9b041cf7ed4,0557ea0c-159f-4a6c-84fd-94312606c608,JAF-005
ad51902b-547c-4cdb-a845-893e2080a0e4,0557ea0c-159f-4a6c-84fd-94312606c608,JAF-005
38d6e7ab-dc4b-4880-a66a-6f967de1022b,0557ea0c-159f-4a6c-84fd-94312606c608,JAF-003
13eebb66-3763-4305-9561-4e8dcb369701,0557ea0c-159f-4a6c-84fd-94312606c608,JAF-003
1d8734f5-78f4-4eda-9cb8-a2c7c3992ffd,0557ea0c-159f-4a6c-84fd-94312606c608,JAF-003
1baba144-4d9c-4a20-9343-6cd3f2acd87b,1b1921d9-282f-4f1b-b644-97d2562b9643,BEV-002
8490ad48-b45c-4030-8f5e-6d1e56d656b4,1b1921d9-282f-4f1b-b644-97d2562b9643,BEV-002
74e089c3-71a8-4bdb-80e7-72ec71dcff32,1b1921d9-282f-4f1b-b644-97d2562b9643,JAF-003
e06f2d44-541f-496b-a933-becc2531a109,3b33d162-42bf-441e-b6fc-77bf91a49021,BEV-003
95d2eb97-a8a2-4309-8076-e6a56262b422,3b33d162-42bf-441e-b6fc-77bf91a49021,BEV-002
d4f02cbb-c9fe-4a1c-a064-4451ac665e16,3b33d162-42bf-441e-b6fc-77bf91a49021,JAF-003
55278817-ba62-4c6f-bad6-08be74b77022,3b33d162-42bf-441e-b6fc-77bf91a49021,JAF-003
3bfa4fba-78c6-4528-89ad-ed1f26805a14,61fb9d0a-8dd6-4255-95bc-951f0fd586c8,BEV-001
8d1aa546-b13e-4e31-8115-511d6e0cbff6,7b78ab10-241f-49a6-bbda-2c3427dd784d,BEV-002
14287f0b-0789-4b7b-acac-4549557d768c,7b56b33b-1439-4385-a67b-4d43f0d0092d,BEV-002
898e3e5a-de96-4222-9df4-7af53d91a708,54bb92da-5b60-4f13-9c0a-875798dd12a7,BEV-001
8038fd42-eae9-4b1b-97aa-008e75bf964c,54bb92da-5b60-4f13-9c0a-875798dd12a7,BEV-001
3c8ebe5c-4ba2-4be1-b59d-b4d8f2f60810,54bb92da-5b60-4f13-9c0a-875798dd12a7,BEV-004
3a2f50e1-0813-44f9-96e0-6dbdb579ec0a,54bb92da-5b60-4f13-9c0a-875798dd12a7,JAF-002
e63d62ba-a8f9-44cb-9e4f-78681042f534,54bb92da-5b60-4f13-9c0a-875798dd12a7,JAF-002
33dc84cf-ee6c-42f0-a98f-c0783198dcf3,54bb92da-5b60-4f13-9c0a-875798dd12a7,JAF-004
f17605d8-7341-4e1d-8eba-a2a59d509afe,a2c07987-cece-4972-a42b-1a360d7eb228,BEV-003
e68336ee-14d2-4074-abc3-c40e1ed3790e,a2c07987-cece-4972-a42b-1a360d7eb228,BEV-003
49e8e1e4-a6f9-43a6-a304-4ca3b61f0a0b,a2c07987-cece-4972-a42b-1a360d7eb228,BEV-005
c1f91d90-38fb-437b-a738-1ad9552d820c,a2c07987-cece-4972-a42b-1a360d7eb228,JAF-002
4938221c-adf2-413f-a886-04909d44a070,a2c07987-cece-4972-a42b-1a360d7eb228,JAF-001
0347ba4b-90fa-48d9-aa94-a0bd651d6b49,a2c07987-cece-4972-a42b-1a360d7eb228,JAF-002
41725584-ef01-4cbe-b08b-0d1412bd4f4f,243be783-2589-4b51-94c9-31fefd40e5fc,BEV-004
5f996122-06e9-49b2-9231-e041155e8df1,3e259fdc-5952-40e9-9342-2ded4a1cb191,BEV-004
06fe4a83-15d5-4e9a-b018-b414932ee0e1,50416260-519a-4ca7-91a2-30e17e1bd9b3,BEV-002
14821486-44bf-4cf8-83bb-d6f9aeac8ebf,50416260-519a-4ca7-91a2-30e17e1bd9b3,BEV-004
5e7d9fbc-4f90-421a-8953-9f1e6c9f5afb,50416260-519a-4ca7-91a2-30e17e1bd9b3,BEV-001
25e0cbf6-84e8-40ea-80e7-18988fb228e3,50416260-519a-4ca7-91a2-30e17e1bd9b3,BEV-002
50974bcb-549f-4e1d-b334-81792a03bde6,50416260-519a-4ca7-91a2-30e17e1bd9b3,BEV-004
2297f4c9-e6e0-4c56-9aeb-dda7e3a5eae7,50416260-519a-4ca7-91a2-30e17e1bd9b3,JAF-001
b2b2e77b-05a9-40ea-aafb-cef1ec33a50d,50416260-519a-4ca7-91a2-30e17e1bd9b3,JAF-004
608746eb-9733-4733-9252-ee061c6845ed,50416260-519a-4ca7-91a2-30e17e1bd9b3,JAF-005
620e0a01-e141-4c28-b860-eb4fc914358e,50416260-519a-4ca7-91a2-30e17e1bd9b3,JAF-001
ae6cc066-a6bd-4d1a-8b77-6b5fb965a709,50416260-519a-4ca7-91a2-30e17e1bd9b3,JAF-001
40d491cb-24a9-4fb2-8819-aa975fa5ee94,83514f73-27da-4eba-a6a9-b4428f23b675,BEV-001
0783f42a-9c42-4597-a2cb-f0888b0985e3,83514f73-27da-4eba-a6a9-b4428f23b675,BEV-002
c8ddbcb2-42cf-459d-9a31-438a7d5e8671,5ffa281d-3b77-45a3-92ee-04c13cce877a,BEV-004
21dff521-4934-4fe8-9478-ce421ba4da5d,1676bd7d-db73-424e-899f-1b7d17062218,BEV-004
d83ca9b3-0961-4281-a2e7-54375f90ec09,6cb1b781-9e58-45dd-96c9-9fbe606f3a4d,BEV-003
002f6287-b102-4add-badd-053b8165dd3c,996622d3-e413-49a3-a3cd-f21727b29d38,BEV-003
f33cef9b-2588-46e0-8f85-a797e84b8318,42bd214c-b528-4726-a65f-d42da04ce572,BEV-002
7cba8ea7-ee5b-4abb-aa41-92ecd67b3632,42bd214c-b528-4726-a65f-d42da04ce572,BEV-003
8c35af4f-5532-402b-8550-1f200c653c60,42bd214c-b528-4726-a65f-d42da04ce572,BEV-005
77534a5f-e0b2-4035-9904-6c0813c47778,42bd214c-b528-4726-a65f-d42da04ce572,JAF-005
0111f322-4ea0-4777-abf2-917903dc9710,42bd214c-b528-4726-a65f-d42da04ce572,JAF-001
abcb34b1-de9a-4cad-a7a4-34d35edf8737,42bd214c-b528-4726-a65f-d42da04ce572,JAF-004
4fcfd7b0-ed5e-43a5-92ac-f4bf4165a3b1,84191779-f98f-40a3-922d-e7d5b03f0c60,BEV-001
c43221e0-bed9-497b-8bfd-9a0545ef50a8,c04e39ca-67af-490b-84a0-5417685d0d68,BEV-001
fcaffaa1-c048-4e2f-b184-2ec7b532f5f8,c04e39ca-67af-490b-84a0-5417685d0d68,BEV-002
09cecf29-c46a-4f1b-8dce-64992770b891,c04e39ca-67af-490b-84a0-5417685d0d68,BEV-003
faa7e24c-12d9-4f11-ae06-1739904f7d71,c04e39ca-67af-490b-84a0-5417685d0d68,BEV-005
8588eeae-5baa-4a7e-a071-978a5b9d8676,c04e39ca-67af-490b-84a0-5417685d0d68,BEV-001
9496e181-2827-42e8-8400-def13c6d676f,c04e39ca-67af-490b-84a0-5417685d0d68,JAF-002
9941d329-392c-4dd4-95ad-3b5fd66473cf,c04e39ca-67af-490b-84a0-5417685d0d68,JAF-002
ba09c30a-8964-48de-a9f2-edf35e45140d,c04e39ca-67af-490b-84a0-5417685d0d68,JAF-003
0ff22c7b-5896-46b1-9eaa-c40412ff9432,c04e39ca-67af-490b-84a0-5417685d0d68,JAF-001
b99782d4-b83d-4a61-9fff-e0374c99471c,c04e39ca-67af-490b-84a0-5417685d0d68,JAF-002
19d097c9-b5fa-456e-b48f-500d629be053,fc1ecef3-664b-4405-be96-cd357ad5dac5,BEV-003
86e395f7-d5d4-416e-b424-94082f89541c,fc1ecef3-664b-4405-be96-cd357ad5dac5,BEV-004
3a4dc1c3-1e28-4a4a-b43a-cd0c6cd984f1,fc1ecef3-664b-4405-be96-cd357ad5dac5,BEV-005
ed16cf92-e170-4c4f-933a-1830d2b7194c,fc1ecef3-664b-4405-be96-cd357ad5dac5,JAF-004
f0b275a4-8460-44c9-aa96-a26f178c2f75,fc1ecef3-664b-4405-be96-cd357ad5dac5,JAF-001
15d37975-36e8-44d8-90db-f08422ab6092,fc1ecef3-664b-4405-be96-cd357ad5dac5,JAF-003
04982ca1-195d-49a7-8705-ea9d52662055,8a03e248-5bda-42b8-8c2e-d0d88a7f9817,BEV-004
c17ec419-17fe-486e-a987-62fbb2309e1d,8a03e248-5bda-42b8-8c2e-d0d88a7f9817,BEV-002
b9ac39d6-cd2c-48b5-a281-e44a1f3796cf,8a03e248-5bda-42b8-8c2e-d0d88a7f9817,BEV-003
0b6b4417-d3f9-4872-b827-a4d44a301c46,8a03e248-5bda-42b8-8c2e-d0d88a7f9817,JAF-002
bed53b85-48f3-471d-84de-c4ebf84effd8,8a03e248-5bda-42b8-8c2e-d0d88a7f9817,JAF-002
8d60bf11-825d-4c6e-ae66-368e696dfe0f,8a03e248-5bda-42b8-8c2e-d0d88a7f9817,JAF-001
24c53833-7e0a-4838-9038-59c7a806474f,e7126cba-4384-4caf-80c5-325ea4472f57,BEV-003
b84a71de-d18d-430a-8410-388071342de0,ad25a691-6374-4dc0-9449-31c5c1c5898f,BEV-002
7d11cb72-86cd-4c96-bc59-f9f8212545a4,ad25a691-6374-4dc0-9449-31c5c1c5898f,BEV-001
2619af37-e396-41e6-83fe-f94c91040784,ad25a691-6374-4dc0-9449-31c5c1c5898f,JAF-001
10127f8e-3dc6-473b-90bb-6ee686edf306,ad25a691-6374-4dc0-9449-31c5c1c5898f,JAF-002
61af6390-ba5c-4afc-87ca-5ba3f25d4915,b6a41e7f-38e7-4a8c-b4b7-f657cce77ec3,BEV-003
f2d8ff91-0346-4775-9801-89485b1127da,24165f44-b37a-4275-b2c0-55a961374eb3,BEV-004
b1a3dccd-7e56-433f-ad47-fb9bfd68f5e8,24165f44-b37a-4275-b2c0-55a961374eb3,BEV-005
e9410a9e-9921-4df3-812c-a5269e74d743,a8fdde8b-ce0c-4973-ad6d-b9a76ae8084f,BEV-004
1ebe156d-be0c-404f-91bf-cedd985bc87a,b554d74b-b20d-4662-aa84-5997082dc15c,BEV-004
0d1382fc-21a7-45a8-bb7d-503127642cb5,48c2ef11-2899-4776-86d2-9f2f41c580c3,BEV-004
922980af-ecc8-4348-92cd-abbc056601a9,944ca330-eee6-45a2-a15a-8b8a08ed42fa,BEV-004
b6dad11f-3c2c-421a-842f-d41babb7c1e5,7cedb661-c7eb-4172-9742-8f7f171e483a,BEV-003
3c8e1695-ff63-4e8c-9024-b0ce96159859,b6f3ce41-1979-4519-8d11-d5cc848590e2,BEV-004
1e389123-049c-4c0d-be7e-71646e7ffc75,b6f3ce41-1979-4519-8d11-d5cc848590e2,BEV-004
5931521d-7ce9-413b-971f-a5cc2e3f9888,b6f3ce41-1979-4519-8d11-d5cc848590e2,BEV-002
577934c9-184a-426e-a13d-070dfb62be76,b6f3ce41-1979-4519-8d11-d5cc848590e2,BEV-004
c0e2fc27-17c9-4c6b-9606-3696b48a5768,b6f3ce41-1979-4519-8d11-d5cc848590e2,BEV-002
26f83101-45d7-40d8-9655-87a95a834641,b6f3ce41-1979-4519-8d11-d5cc848590e2,JAF-005
3eb7e3a8-0c31-432e-8e05-3c813fdfd39f,b6f3ce41-1979-4519-8d11-d5cc848590e2,JAF-001
93713457-1f0f-4dae-98fa-b8b3601c4b8f,b6f3ce41-1979-4519-8d11-d5cc848590e2,JAF-002
adeb79e0-ed87-4fa7-bdf4-41f4211914eb,b6f3ce41-1979-4519-8d11-d5cc848590e2,JAF-003
024fa2f7-3fdd-4fcf-8a07-b7921d979b74,b6f3ce41-1979-4519-8d11-d5cc848590e2,JAF-004
d41b1757-2a47-40f9-ad48-551c0bc1d124,e0cb05c2-e31f-41d1-b4d2-891cdd387948,BEV-003
ac7d43ac-5686-40e7-804b-b2298247418f,e0cb05c2-e31f-41d1-b4d2-891cdd387948,BEV-004
29ae0384-7d3e-4836-899f-bc46b0ebe8a4,e0cb05c2-e31f-41d1-b4d2-891cdd387948,JAF-003
47a515d6-3a0d-4147-acf0-e0b188f71f7f,e0cb05c2-e31f-41d1-b4d2-891cdd387948,JAF-001
0a0daed2-b0ec-4fc5-9139-5666509e2d44,5d6d903e-33c6-4b19-ad20-12da821b4c1d,BEV-003
7374d70a-0971-4586-94b3-71eef66044ef,5d6d903e-33c6-4b19-ad20-12da821b4c1d,BEV-003
163c79f2-3a76-4253-a74a-e964593f7d2a,5d6d903e-33c6-4b19-ad20-12da821b4c1d,BEV-004
41412c0b-26c2-49fb-a1d6-46ddb4c7450c,5d6d903e-33c6-4b19-ad20-12da821b4c1d,BEV-001
1dd3eb9c-bcdd-4d80-9f69-ff6700d6c0d1,5d6d903e-33c6-4b19-ad20-12da821b4c1d,JAF-003
50cd98ea-bba4-4229-81ab-7417b0a3eed2,5d6d903e-33c6-4b19-ad20-12da821b4c1d,JAF-001
3203803f-26c4-4659-9c44-10f09d46c94b,5d6d903e-33c6-4b19-ad20-12da821b4c1d,JAF-005
3d434639-97a6-4ebe-8ebe-b04a48a9b2b5,5d6d903e-33c6-4b19-ad20-12da821b4c1d,JAF-003
d5c6e61e-39be-4580-8b70-d6fdb88a6f8e,f5838a6e-0414-465a-adf2-31f972df0c84,BEV-002
da764939-346f-4440-b4a2-fe523310e573,f5838a6e-0414-465a-adf2-31f972df0c84,BEV-001
87edcbb5-fc96-451b-a100-258098fcacaa,f5838a6e-0414-465a-adf2-31f972df0c84,JAF-004
7a87747f-836c-4576-b59e-ff8d94268c31,f5838a6e-0414-465a-adf2-31f972df0c84,JAF-004
cc0becea-f892-4f37-a46f-ed239c49d537,f8cf7909-240f-49db-ab85-5caae5ae7bc0,BEV-002
4145bf9a-dbbd-4443-b972-3bb522858646,f8cf7909-240f-49db-ab85-5caae5ae7bc0,BEV-001
4198b728-fe3a-4279-8ddd-1ecc7d0fec7f,dc8d265f-1528-4889-a8fa-1df243396915,BEV-001
acb00c92-3b30-4101-8fca-a6ef8c160d6b,b9bfa6d5-d5d1-455a-a650-08bf36c62cfe,BEV-004
dd875312-1f5a-4fce-8c3e-e049b00da614,a973a7de-2210-4c2a-9efb-1cadecbc7f15,BEV-001
227a11ed-2852-4c86-abfb-20c048cef0c7,44f96521-fe3f-4530-8d9e-1d3bed611fb8,BEV-003
d0a1c510-51d8-482e-89b6-dd5f2df7b1fe,44f96521-fe3f-4530-8d9e-1d3bed611fb8,BEV-004
de6756fb-888b-4ad4-878f-7ac01e129a72,44f96521-fe3f-4530-8d9e-1d3bed611fb8,BEV-003
c882cb5b-a6de-42a0-81f4-c721d396307c,44f96521-fe3f-4530-8d9e-1d3bed611fb8,BEV-001
3b0ca89a-28ac-4acf-9691-2a98cffedbc6,44f96521-fe3f-4530-8d9e-1d3bed611fb8,BEV-001
8cbe098b-01bd-4fbb-bd85-2fa766314683,44f96521-fe3f-4530-8d9e-1d3bed611fb8,JAF-003
31cc0300-f639-4115-81ed-6c63195fd999,44f96521-fe3f-4530-8d9e-1d3bed611fb8,JAF-003
69c757e3-9ee5-40cd-a75a-d5918e74d4a3,44f96521-fe3f-4530-8d9e-1d3bed611fb8,JAF-005
d825ab33-e17e-4c2f-8544-734057f5f6ae,44f96521-fe3f-4530-8d9e-1d3bed611fb8,JAF-003
58d16497-8b8c-4a1a-8a41-f38834e48420,44f96521-fe3f-4530-8d9e-1d3bed611fb8,JAF-005
63e9ac40-29f4-4fa7-9750-7915db2f4205,3c35f69b-bb93-4b75-974b-29fd3832b23a,BEV-002
e5564415-a68a-4707-bf51-7d9d051251dc,3c35f69b-bb93-4b75-974b-29fd3832b23a,BEV-002
22b52736-21c3-4cd1-889c-a885d721c44b,3c35f69b-bb93-4b75-974b-29fd3832b23a,BEV-005
30298be6-b20e-481d-a2d7-d58aed264ceb,3c35f69b-bb93-4b75-974b-29fd3832b23a,BEV-005
7df521ca-1f17-482a-827d-1f45ac22e968,3c35f69b-bb93-4b75-974b-29fd3832b23a,JAF-005
a2642606-beb9-4ba4-a6ee-e8bf19241901,3c35f69b-bb93-4b75-974b-29fd3832b23a,JAF-003
5fc06f35-2aa6-4d1e-a705-ad38144b3769,3c35f69b-bb93-4b75-974b-29fd3832b23a,JAF-003
3df27c20-2a74-486c-a7ba-63b8d37e2701,3c35f69b-bb93-4b75-974b-29fd3832b23a,JAF-005
df8ac76e-a648-4e33-a02c-f90072f7c44c,4fff8a30-1bc9-41ea-bb80-8276936d2140,BEV-002
684f99cf-2de8-4bc7-930d-c5f238461f17,4fff8a30-1bc9-41ea-bb80-8276936d2140,BEV-004
3b79cc91-2a6a-4971-8aad-05a46ed13b25,4fff8a30-1bc9-41ea-bb80-8276936d2140,BEV-004
66fb159c-769d-4d05-a5be-f32eac3de45e,4fff8a30-1bc9-41ea-bb80-8276936d2140,BEV-002
c77755dd-a338-47ee-8864-e78b90c6d5ac,4fff8a30-1bc9-41ea-bb80-8276936d2140,BEV-001
1deda590-715c-48e0-96c9-702097a1c521,4fff8a30-1bc9-41ea-bb80-8276936d2140,JAF-003
60512451-115e-45ee-8438-eb2f63b00128,4fff8a30-1bc9-41ea-bb80-8276936d2140,JAF-003
3b4ff572-a7fa-49e6-b9d6-b14dfbbbfa50,4fff8a30-1bc9-41ea-bb80-8276936d2140,JAF-002
f3fab331-6684-46bc-8f34-67cb242f32e5,4fff8a30-1bc9-41ea-bb80-8276936d2140,JAF-003
c6341225-76bf-473e-9726-bdfd2656821d,4fff8a30-1bc9-41ea-bb80-8276936d2140,JAF-005
36e978ca-8ad4-447a-b13b-c2136abca206,cde56914-e6c9-42d7-baa1-648e07137061,BEV-001
40fcff0c-a563-44f6-a26c-166827a6689d,44a44bb1-c566-4d28-8ec5-fd99d71703de,BEV-003
92f3d2d3-8613-402c-a597-1ae30dbc22f0,65a6f113-1bef-47c5-adb3-60cfca1f9d6c,BEV-001
ef5d0a9a-97c2-44b7-8715-307f289f5610,dae18587-14ba-4a3f-8c53-9944e1600065,BEV-001
1e2b2273-587d-4178-818c-1c273b9d9cd2,9a3d278d-03cd-4114-aa78-1c4e7e66bb9e,BEV-004
6bddec79-2696-4bde-a6c7-8394a7192ca8,ec6fcbe8-6416-4c6b-9099-1e5b9e84e953,BEV-004
85589405-2fdf-41d9-a6a9-732f3945e0d9,3ae55442-0227-4be8-bccb-e57f287ad157,BEV-001
9a6d314c-9f77-47e5-9624-cbe82a6a33b8,3ae55442-0227-4be8-bccb-e57f287ad157,JAF-004
5b72964f-204b-4d50-89e1-b986d973ded9,0e98a020-a866-45ed-b28c-5cc054079d42,BEV-002
417d689b-b0ca-4811-84d4-a55d1a82f182,9f20ab76-c48b-479e-bcfe-dfcdf51ddc1c,BEV-003
393119c1-46b6-4ea4-99c8-dff801099cb6,9993ff7a-18dd-4b06-a174-4fbdec836ab1,BEV-001
8605eb45-025d-40df-a3ba-e4b388aadfde,2eb82834-9c95-4b77-9c85-77919bf3f21c,BEV-001
51d70a23-4300-4fed-bb93-b05149767a9a,2eb82834-9c95-4b77-9c85-77919bf3f21c,JAF-001
bf4989b3-65c9-45c2-b65d-090564018200,5c5b96d0-3fd5-4f43-8c77-d9da668d6d80,BEV-002
ce6ce478-0602-4b28-8fd0-3354fb18113d,5875b59c-cf84-4618-a601-2bffd7454ab0,BEV-004
78e1bb80-8bb6-44f9-b98b-861718b1418a,e0695f3e-b49c-4b6a-bcd7-a04d334985c9,BEV-001
b135dcd7-439d-4bdd-addf-9e85af1b5a7c,e0695f3e-b49c-4b6a-bcd7-a04d334985c9,BEV-004
0451dd3e-b5d1-4f21-8291-32807cf1bf7a,e0695f3e-b49c-4b6a-bcd7-a04d334985c9,JAF-004
894701de-898f-49db-a142-ee5dd4d39752,e0695f3e-b49c-4b6a-bcd7-a04d334985c9,JAF-003
d83f4a40-45a1-41fc-8c20-35ae0def5f16,234ac90f-4c74-43a9-bbcb-64c598390f4b,BEV-003
3121214a-f45f-4f3d-af8f-d11ad491a51b,234ac90f-4c74-43a9-bbcb-64c598390f4b,BEV-003
d3624640-0921-4e3c-8e09-1cdce534d7ff,234ac90f-4c74-43a9-bbcb-64c598390f4b,BEV-001
6dc2e7db-e3c6-4695-bbcc-6e7fcc44b184,234ac90f-4c74-43a9-bbcb-64c598390f4b,BEV-001
fb380d38-1631-44ee-b6c9-d810850e3563,234ac90f-4c74-43a9-bbcb-64c598390f4b,BEV-005
1eac3010-3218-4da4-a699-28c081f9ca57,234ac90f-4c74-43a9-bbcb-64c598390f4b,JAF-003
9aef7a3c-f943-4bcc-83f4-757117c484e2,234ac90f-4c74-43a9-bbcb-64c598390f4b,JAF-001
eb541881-0af4-49fe-ab37-f887185a5711,234ac90f-4c74-43a9-bbcb-64c598390f4b,JAF-002
51810fde-2dc0-4628-b4f9-2ca8a22d992d,234ac90f-4c74-43a9-bbcb-64c598390f4b,JAF-001
0d28210a-e522-448c-b2bf-6ca3abb9dfb2,234ac90f-4c74-43a9-bbcb-64c598390f4b,JAF-003
8a272d7b-ca82-4821-b7d9-2e65d0609b60,7590c7c7-aa27-4c48-8b2b-bfa1da518501,BEV-002
63760544-75df-4c54-889c-d468703e31b4,7590c7c7-aa27-4c48-8b2b-bfa1da518501,BEV-004
49632183-30ec-4121-b8b1-0de50ffb21aa,7590c7c7-aa27-4c48-8b2b-bfa1da518501,JAF-003
1317c746-7eb3-4a16-bb4d-bcaa7033a91f,7590c7c7-aa27-4c48-8b2b-bfa1da518501,JAF-001
b6dcca65-8198-476c-b452-da0073991a03,49881beb-ff80-40a6-b9db-50b07bde9a14,BEV-004
57b40809-ca83-4012-8e62-0a6e9eed2c22,8e337c6a-9d08-4183-a02a-e2e3a9b1485a,BEV-004
2006af36-2d27-4e14-a362-1b1fc184682b,8e337c6a-9d08-4183-a02a-e2e3a9b1485a,BEV-002
7879ff64-cc1e-4727-b3ec-732cf9619e41,8e337c6a-9d08-4183-a02a-e2e3a9b1485a,BEV-002
45b5eaed-13b5-452e-8049-0ed0826e7b88,8e337c6a-9d08-4183-a02a-e2e3a9b1485a,BEV-005
275150be-b235-4b70-98c8-ff8d6b1b038a,8e337c6a-9d08-4183-a02a-e2e3a9b1485a,BEV-005
66f04088-86c4-46db-bb7e-da180368e00f,8e337c6a-9d08-4183-a02a-e2e3a9b1485a,JAF-004
7dda3782-56de-437a-8543-f70c48d06fb7,8e337c6a-9d08-4183-a02a-e2e3a9b1485a,JAF-002
14b01c6a-7cc2-488c-bbe5-f12adb2d6494,8e337c6a-9d08-4183-a02a-e2e3a9b1485a,JAF-001
eaf01b12-9600-49af-9b5e-bcf23fec5dbb,8e337c6a-9d08-4183-a02a-e2e3a9b1485a,JAF-002
cf35bd67-502a-47a7-aeec-c8edc99e1122,8e337c6a-9d08-4183-a02a-e2e3a9b1485a,JAF-004
019277da-de76-4bb9-8ad4-b97d011fde44,66aeafce-5a1b-49c2-b1cc-517662de2243,BEV-004
ac39a4b4-f595-4fb2-a2e8-f6781d643588,66aeafce-5a1b-49c2-b1cc-517662de2243,BEV-002
68ec44a8-3129-4ffa-8957-955989aaa246,66aeafce-5a1b-49c2-b1cc-517662de2243,JAF-005
32109909-fdf5-4d93-a33a-467f6f63387d,66aeafce-5a1b-49c2-b1cc-517662de2243,JAF-001
07fdbb90-2a28-45c8-881c-876d197f998d,9b0e6108-8818-44fd-9f72-6014febe20e2,BEV-003
61a118d9-360a-4734-a323-e290b7eec620,e56c5d58-d8f1-4899-8db2-24823fa9c0cf,BEV-005
aa89344f-234f-47da-b796-69c4953dfb1b,e56c5d58-d8f1-4899-8db2-24823fa9c0cf,BEV-003
7f116e3c-1d03-4aa3-b2c5-d918f1f50ace,e56c5d58-d8f1-4899-8db2-24823fa9c0cf,BEV-005
f2338d6c-08d2-46ee-b7f3-c35c95293b5b,e56c5d58-d8f1-4899-8db2-24823fa9c0cf,BEV-005
19f30f5a-a3d3-4c97-878b-4118bbe2f199,e56c5d58-d8f1-4899-8db2-24823fa9c0cf,BEV-004
a0d2f5c5-cbf5-4a2d-9b6c-46afb2b9008f,e56c5d58-d8f1-4899-8db2-24823fa9c0cf,JAF-003
378f147c-3866-4d10-b304-d461fe67aa7c,e56c5d58-d8f1-4899-8db2-24823fa9c0cf,JAF-004
61458835-863a-4791-86fb-a4b0058ccaed,e56c5d58-d8f1-4899-8db2-24823fa9c0cf,JAF-003
54d10174-2df2-4c55-bc1c-7eec79a33713,e56c5d58-d8f1-4899-8db2-24823fa9c0cf,JAF-002
f4769899-a922-4a1e-ada6-e93a63603d9a,e56c5d58-d8f1-4899-8db2-24823fa9c0cf,JAF-005
adf18c78-831b-49b1-b91e-2872bfd2d2fb,c77ffbd7-c4ec-47bf-99eb-2d77423303a1,BEV-004
23742673-983c-470e-b431-5c9925abdd05,7ca66fc1-ad0e-4cff-9e82-428b05b80f83,BEV-001
ad946150-913c-48b7-ad51-ce5f1da0b247,7ca66fc1-ad0e-4cff-9e82-428b05b80f83,BEV-004
7f842353-6049-4e09-a97a-74cf8a8a7ada,7ca66fc1-ad0e-4cff-9e82-428b05b80f83,BEV-004
b2981722-89c4-457b-894c-ef285814bdd9,7ca66fc1-ad0e-4cff-9e82-428b05b80f83,JAF-005
cc5d7dcd-9552-4044-8d99-4a778c836a25,7ca66fc1-ad0e-4cff-9e82-428b05b80f83,JAF-004
81281f0f-6b40-4330-8c64-9c1479206a56,7ca66fc1-ad0e-4cff-9e82-428b05b80f83,JAF-003
fa2444fc-720c-44a1-86b4-71ce58acc5fc,ab72683c-550e-4813-bf4c-95d4f003ac51,BEV-005
eb9daa3b-4101-4f8b-abd5-66e7e6aa492c,b7b8f14a-55e7-41aa-a30f-34c34e3ded59,BEV-002
66585d18-50ce-48cd-9ef6-69cd6e9cc09e,75f9dfe4-599a-4a6f-a305-da15c96800ec,BEV-005
8222a334-ad90-493c-aba0-85638a957e5d,b445ae3b-5e03-491d-a07f-0b3332048e33,BEV-001
c26aca33-b012-434c-88d2-7bf4438dc036,c73f34e4-8feb-4af1-a360-b79f8bc8d305,BEV-004
dde6047f-be1f-4c51-be78-e16811cdb4ed,c73f34e4-8feb-4af1-a360-b79f8bc8d305,BEV-002
b766c124-0f23-4ef3-af95-b33359510044,c73f34e4-8feb-4af1-a360-b79f8bc8d305,BEV-003
d3fa4ff8-1819-4ec3-ba2c-f5afd861550d,c73f34e4-8feb-4af1-a360-b79f8bc8d305,BEV-004
e47b0f65-f700-4fb7-b12f-176267910548,c73f34e4-8feb-4af1-a360-b79f8bc8d305,JAF-002
c9343599-bfdb-413d-9f62-302788a2e6fa,c73f34e4-8feb-4af1-a360-b79f8bc8d305,JAF-004
a9914f24-16fb-49c9-bcc1-c992fc9d5be5,c73f34e4-8feb-4af1-a360-b79f8bc8d305,JAF-005
70e815fa-8c01-482b-9e78-2e249b2ffdc7,c73f34e4-8feb-4af1-a360-b79f8bc8d305,JAF-005
34864867-0394-4ff4-b482-513014cb6410,0998c145-5144-4471-9df8-3693e08e3f4b,BEV-003
167f2642-d126-4626-8217-f5cf3f07ab0e,0998c145-5144-4471-9df8-3693e08e3f4b,BEV-005
476ac5db-2016-4b94-a82d-0c96416a192d,0998c145-5144-4471-9df8-3693e08e3f4b,BEV-003
ba7b921b-2c1a-406d-a67d-185b87be5a3f,0998c145-5144-4471-9df8-3693e08e3f4b,JAF-001
31cccc46-2b82-483e-b877-bc46598e9df7,0998c145-5144-4471-9df8-3693e08e3f4b,JAF-004
90725214-ddf0-4f54-afe2-b2a1f71e99b7,0998c145-5144-4471-9df8-3693e08e3f4b,JAF-003
7963da48-9e9b-4d34-af53-5ee802166a2f,453c7373-e868-4591-a164-0179b3db1a48,BEV-003
6b8ae589-69a0-47b3-a9d0-7d4d94ace861,453c7373-e868-4591-a164-0179b3db1a48,BEV-001
99444a74-7f00-45b5-a9cc-8876beebc820,453c7373-e868-4591-a164-0179b3db1a48,BEV-005
bb4fb973-7ccd-4a34-8763-6a3a4b88ce14,453c7373-e868-4591-a164-0179b3db1a48,BEV-005
56d1b8d7-4a85-4960-ac16-149ee1c9dd4d,453c7373-e868-4591-a164-0179b3db1a48,BEV-001
ed332c5b-2fdc-4a55-81a9-320aa5ec788e,453c7373-e868-4591-a164-0179b3db1a48,JAF-005
4639b5a0-cc5b-44a0-a87e-4f2c6c87c2ed,453c7373-e868-4591-a164-0179b3db1a48,JAF-002
ab46ade7-4568-47ab-9f02-f4547b460357,453c7373-e868-4591-a164-0179b3db1a48,JAF-001
184df828-ed90-4bde-b071-54a97860d2f1,453c7373-e868-4591-a164-0179b3db1a48,JAF-001
d39a4b9d-c1ec-4de7-abbb-6438cc1da568,453c7373-e868-4591-a164-0179b3db1a48,JAF-001
55e7470e-09a8-478a-90de-02d5e93442f5,4315e57b-f2b3-4019-8e67-2636a3aa3673,BEV-005
62be817e-1d34-4e6f-84a4-c5f36de36398,4315e57b-f2b3-4019-8e67-2636a3aa3673,JAF-003
7105a238-946b-4e9a-a702-5314429b38d2,bf630677-3464-4a07-b18a-448373cf4f5a,BEV-003
63a1cc57-cd84-40de-8d35-489c3ddb2060,93cab149-fed1-4173-9ace-bb6c4535d260,BEV-001
aa0b8fe4-7b1d-4f06-98bf-480b41b6b626,10b23ff2-6295-4a6a-ae16-7dc9543514fc,BEV-004
870da0a5-1345-46c0-957d-f0b33be705dd,10b23ff2-6295-4a6a-ae16-7dc9543514fc,JAF-001
22e96781-143d-4628-8eef-a23201037f7b,455f3594-fbf4-47c5-888a-8c01e6bcd7f4,BEV-002
b0cad057-7d2d-4f89-b7bc-0f843c321a33,fca44bb0-14ec-4a52-94f2-cd2d72c46a2c,BEV-004
1d2dfd4a-b3ec-4461-81e3-058fc74fa52b,baf2928d-f146-45f1-80ca-7320eaa54068,BEV-005
da245b23-ec2c-4b2d-b5dd-704ed4c78e49,baf2928d-f146-45f1-80ca-7320eaa54068,BEV-001
0e72fb54-2272-4b77-a01e-540b0c5a52b7,baf2928d-f146-45f1-80ca-7320eaa54068,BEV-003
41f0e365-ec58-427e-b3b9-585227fbe709,baf2928d-f146-45f1-80ca-7320eaa54068,JAF-003
432a4079-a6aa-447f-8def-30970e2798aa,baf2928d-f146-45f1-80ca-7320eaa54068,JAF-005
ca4ce9ba-7a52-4c78-9bf2-f31838349faf,baf2928d-f146-45f1-80ca-7320eaa54068,JAF-004
135666b0-6de6-49c6-9f3a-5a85de1e897b,7163050a-c9a7-463d-9dc7-57f3db22e5e1,BEV-002
ea5e800a-2db0-476f-86aa-eccd70430ba0,90856ebc-0fa2-4d9b-892b-52e6afe88fd2,BEV-003
4f4daf55-6688-49a2-aafa-a5c177c9114a,6b8d494a-9e6c-4493-ae89-40f0eab289e9,BEV-001
fcdc47f5-300f-40c4-b727-1725a7e90630,e6220e57-e71d-4cbc-90c6-361d2296025e,BEV-003
64ba7734-acc1-4dfc-b526-af3fdf47b3bf,a4055f84-0eca-472a-8496-f7e32c07789d,BEV-004
332be11a-c3d3-4860-a3ac-e4616def77a1,82534dfd-981d-40ac-bc84-2bc6acb189bd,BEV-005
c87110fe-69fa-4aeb-994f-f43ad436ecf1,9c5e001a-ff4b-4aa2-9d72-e4942a0a9c22,BEV-001
48844b5b-54d2-4d1b-844e-2c7918b4ac36,9c5e001a-ff4b-4aa2-9d72-e4942a0a9c22,BEV-002
432a15a0-1f9d-4ba2-bed9-2e66b59175d9,9c5e001a-ff4b-4aa2-9d72-e4942a0a9c22,BEV-001
5bb43327-864c-4cf3-8354-ca7b39cce872,9c5e001a-ff4b-4aa2-9d72-e4942a0a9c22,BEV-002
c3d37bf0-e025-4daf-883a-bcd50293e2fb,9c5e001a-ff4b-4aa2-9d72-e4942a0a9c22,JAF-005
b01d182e-3ea9-478f-8c04-262638868468,9c5e001a-ff4b-4aa2-9d72-e4942a0a9c22,JAF-002
4f9fe7a4-c838-4f40-aa22-ccb7cea0551e,9c5e001a-ff4b-4aa2-9d72-e4942a0a9c22,JAF-001
13d632fa-8d35-4a37-bcef-32ea1d932ab2,9c5e001a-ff4b-4aa2-9d72-e4942a0a9c22,JAF-004
eb39322a-61bf-4649-8515-086757e28270,1a998c16-1961-4390-8b47-e1d508eec340,BEV-001
29ef9d71-f3a3-4d02-a6b9-102b4a3a4bc0,509b89d3-fbf9-4d8b-b3e5-c75371a72efb,BEV-005
1f1748d0-5e19-4d56-b443-dbbff9df3c58,509b89d3-fbf9-4d8b-b3e5-c75371a72efb,BEV-005
b40120a7-1730-4fe7-810a-bf4d8d7c9540,764208fa-375c-481f-a341-565f4b4e068e,BEV-003
444dd3c9-bb9c-4c4d-bba7-543b2e605b04,fe27b5a6-f9e5-4619-a33c-92c6c1790033,BEV-005
ca098a73-79c2-48a9-88eb-131b9931c90c,04f911de-bc02-4742-9048-6da4f530bc98,BEV-003
995eaefc-6b2e-4966-a34b-e13ef4c2369e,a3cff2f3-caac-4104-b8cb-0fc3731d35d9,BEV-001
05af9698-71de-4db8-b873-e23880765e50,8a153a75-f78a-449b-8177-3f4671087360,BEV-001
6fb6e375-5ec7-4a7a-a429-09317f665f95,8a153a75-f78a-449b-8177-3f4671087360,BEV-004
a3fc2f97-774f-46fe-8f30-d20a40e08e82,6a26656c-d01f-4afc-ba02-4eb49f9170dd,BEV-001
7886956c-f795-4937-8cfd-fd75df748672,ec19bced-9d42-4d8e-85e6-c122b22d6353,BEV-002
6f12facc-6e4e-471b-8074-646b30833399,3ab1e3c2-66bf-4b99-a1f2-d042801f1fa3,BEV-002
127edc50-3f21-4d35-b04d-6b158a91b339,3ab1e3c2-66bf-4b99-a1f2-d042801f1fa3,JAF-003
ee20ecd2-61bd-4a74-9186-9e48a904a87b,d191c1af-45e6-4fb5-a889-82dd7629c918,BEV-005
0d3b156b-1c5c-4e52-b0eb-a45de4e35bb1,846d71a5-5701-40b5-b018-2a61236be5d3,BEV-004
68c33981-e686-4a09-bf36-85920fee967c,38128dd7-c691-4eb9-8abf-058d4de03481,BEV-004
d20cd7c5-50cd-4ba5-b066-230a74e2aeaf,fa5207fb-ba49-4fba-add9-e800fcda7af0,BEV-001
c024ed0d-f37c-4219-8582-e96adc9e9320,fa5207fb-ba49-4fba-add9-e800fcda7af0,JAF-004
bd12743c-98e3-4784-8fa5-71c00d18b941,60bb64e6-905b-4716-af16-965327088b07,BEV-003
1ec6d131-d934-4b8c-b964-f6a64641a510,1363d5f0-4568-4a16-a25a-661f13ea3eb0,BEV-002
9ae86308-620a-46ac-8227-51e1b1e5c21a,34074fb2-7536-4469-9b07-9a48d9eaaa88,BEV-002
79c0da6a-581c-4c1d-bd5e-df2ac771dc9d,12f27c91-244d-47b8-9f6c-a648798bcdbd,BEV-001
999bbb75-4695-4a33-b9de-d7d13c182cc2,376075cc-b5c7-4f43-9a32-1003253908a1,BEV-003
5a0dfb0d-8b9c-499e-a176-ce61e167b218,2da3afc4-864d-4abe-949d-adc9c3700b4e,BEV-003
8d6a67a6-db02-49fb-a817-5f3b704dcdfd,8ae1dcf4-597b-4c74-895f-39dffa1cc85e,BEV-002
50e522bb-889c-4b0b-a6fa-c4b82477b12d,79ee0bee-9fed-436a-91d3-b526db5602b2,BEV-003
c8ef43b8-9375-464f-b2cc-958cbff0c7e6,a8a6ac65-2f26-45c7-9694-72e33877e2fd,BEV-003
571fddcb-0bf5-4637-82ef-4d1f4f6c5aaa,7b005547-0b5f-4f39-9557-7999cf4c65dc,BEV-004
350adeb2-444f-4dc8-8302-951b9295b8a0,258477c1-0e3c-497c-875c-5c8a76750ca7,BEV-001
1e711971-9a28-4ab1-b16a-5c51c842a1ae,3f9aaa9e-6df3-4e7b-a5ff-43d7364e6714,BEV-003
c5de1fae-40a2-4eb5-a0ff-92a50b2d1d6c,e5b57354-7cad-4cad-b7e8-75b129fa7a12,BEV-003
cf996336-7aaf-433d-ad2b-cd20d30e0bb1,e5b57354-7cad-4cad-b7e8-75b129fa7a12,BEV-004
38af508a-622a-464c-8a27-ef064278bbf8,e5b57354-7cad-4cad-b7e8-75b129fa7a12,BEV-004
439b4b50-279f-4cbd-ae68-522259f7c36a,e5b57354-7cad-4cad-b7e8-75b129fa7a12,JAF-002
a38bba93-1124-46d7-89bb-1752876c7ce4,e5b57354-7cad-4cad-b7e8-75b129fa7a12,JAF-002
c8dd4f19-793a-4ea9-9e98-5d8a70cf8b9a,75d1ccb4-688a-4fe0-9987-cd1c4445bce4,BEV-005
8fb62056-bca9-40e3-b79c-deda3ff3d1b7,d580760d-7b4b-4fe5-910b-b9057be77bc5,BEV-001
12248e8e-7c5e-422d-b964-0191429ac99a,c64c6787-7d2c-4939-90fe-69629e3adc5e,BEV-002
8d32f082-8b16-4e19-b495-c8e6d64c5ff0,31d63b76-e4da-43d8-9c4e-2d82a8f16ec8,BEV-004
070507ee-c7c6-41e8-84df-4825e5912d0d,9cab1f32-7444-4d95-b69d-3b7b07520fc7,BEV-003
69bf80df-e9ea-4687-85a4-a81bf62db28b,9cab1f32-7444-4d95-b69d-3b7b07520fc7,JAF-003
bc4f6fcb-624f-4932-9cb8-f081a4e3c037,456b1805-4101-4816-b273-361c4d179a56,BEV-005
27cd920c-feaa-4517-bef6-55c71ee7be77,c1f7da4d-ef69-4a36-b496-1dcf4ba191ab,BEV-002
7c0ac02b-46ad-43e7-9331-54e7c3bdaf9c,f5394052-3fc0-47fa-9742-d7946198d8c1,BEV-004
35d29fca-3eeb-4328-8603-cb5d042c4ede,12ba919a-eacf-44a1-bf35-f64eb0613b49,BEV-002
c18e0577-83fa-4b46-8b6f-098b9425355b,f898224a-8984-4b69-90be-a9d083d560cc,BEV-005
4c768f6b-75ec-4259-84d7-cdefe07a84e9,f898224a-8984-4b69-90be-a9d083d560cc,BEV-004
254a243e-11f0-4d90-a7d1-803ed166abec,f898224a-8984-4b69-90be-a9d083d560cc,JAF-002
fe2a8a3c-8650-4255-b38c-e4adef171f75,69583a7b-3bc4-446d-afeb-e02dd62f1c64,BEV-004
9cc1efc4-ccc6-491d-87c3-554d3489d90a,69583a7b-3bc4-446d-afeb-e02dd62f1c64,JAF-005
37d47dda-a46c-4edd-a67e-8e42b4293961,7fd46bd8-7097-48c3-b7ee-fa0a21c9e527,BEV-004
7befa3db-9e5b-4fbd-b9e0-5063c2c0cde2,f7b5566a-2b45-4d2b-8ef8-687673105d39,BEV-001
b2493fca-d20f-4741-bcb4-ae783d75f2aa,86af2e9a-f7e9-4c45-a844-89196328d068,BEV-003
dd4e4ced-823d-4de8-a1ad-27f78051cfae,5a2861b3-be8d-49a3-ace9-b518f43b81f1,BEV-001
00d1ff50-cc90-47ec-9ca9-69a2b0f246c3,5a2861b3-be8d-49a3-ace9-b518f43b81f1,JAF-003
698fbef8-535c-4bf2-811f-69a4788259eb,15af605c-8f71-4047-971a-af7f30335bf4,BEV-001
6346e149-eaf1-48d1-88eb-9b788b6f5807,baf298ea-084f-422e-9477-d1cb4dbbe309,BEV-003
7b51f1bf-ea79-4aee-82da-0938843e191b,21acf0e7-84c0-4ec7-80ae-9683dea53464,BEV-005
13e843a7-9bc4-467c-a5d0-7e6527eb1c89,ebc25b7b-00bb-4024-bc6f-f2cf256163c0,BEV-001
f9da344f-4fdf-459d-9759-47fa96cc9bf2,30e9ad8f-4a2e-4913-b7e1-bcffca1652b6,BEV-002
1393bf4f-b6f1-4759-99da-410f8d6bff43,30e9ad8f-4a2e-4913-b7e1-bcffca1652b6,BEV-002
6c351bf6-7a98-4b24-b8dd-ed59d9036871,30e9ad8f-4a2e-4913-b7e1-bcffca1652b6,JAF-005
f1f1f3d4-c34b-4f23-a242-5545a9d069eb,bcf41840-0ad3-4875-a7e1-a7f9ff0495bc,BEV-004
9d01d6c6-c0a6-4ee1-b918-e5ad4985869c,b22931e3-4f82-408f-8fde-b30592f91ccd,BEV-001
b6699cd6-ce76-42d1-884c-4397266b5f95,81283fa3-0c50-4fc8-b453-ead8118bf8de,BEV-002
c53b55ac-8b44-42de-9a30-0ce7bc83a222,77ccaed4-b77d-4a34-9afc-8c1be891d33e,BEV-001
5f3000ef-13dd-4919-a987-85444fbae367,1c3b22b0-43d6-401c-be67-e2e6586f80c2,BEV-002
9a1d4ac3-9093-441c-abf4-12472cb5bc45,dd27a259-60f1-463f-a18e-da145a2d9fe5,BEV-005
c29133b3-5544-4ea1-85ac-8da9a0159dba,dd27a259-60f1-463f-a18e-da145a2d9fe5,BEV-004
e8f43d08-5cf5-4930-8111-3fe2cfcbb0d1,75e51f56-6076-4194-baf5-01cf38bdd657,BEV-001
79428ee7-6f15-4c72-bcb4-86b214535ff1,75e51f56-6076-4194-baf5-01cf38bdd657,BEV-003
68eddc4f-16d9-43f4-8bca-81cf5741c75a,75e51f56-6076-4194-baf5-01cf38bdd657,BEV-005
23d90a45-9ac3-400a-8c8a-a7edca76b85a,75e51f56-6076-4194-baf5-01cf38bdd657,JAF-003
6885e9d3-2b3a-4fc4-97c0-7ba06e3a34ce,d485801c-ae66-4826-86cd-54724f78f414,BEV-003
5bb45a2c-83c9-4b14-a317-d12cbc7e6caf,d485801c-ae66-4826-86cd-54724f78f414,JAF-002
bf75b0fd-a654-4f07-b3f2-00aeb23dd0be,d469af03-a972-48a8-847e-71b154d4fdf1,BEV-005
2749d86e-1e4d-4e5b-af32-5c615aedcd57,5dd2908c-b079-4e1b-89bd-b375b764bf11,BEV-002
f8ef4622-7fdc-438a-b71b-c373a76cd0f3,0b04ec4a-2348-4092-a8b6-770266887398,BEV-002
5548bddf-209a-498b-bab0-4c0df5912535,bbc77fce-6b4d-4b5d-ad53-dd171b605825,BEV-001
a6dda235-ab89-4f1e-a001-fd285835a54c,5c7ed37e-8ce3-4f24-8a11-6f03efda868c,BEV-004
6427f8bf-3f6f-4922-96ca-128361203b8f,f963af2c-8f50-4762-8480-3d497d7c7d4f,BEV-002
b6d0ec92-0b5c-4d1c-9f17-cf6333268dd3,9fa77e88-7b46-46bb-a342-bd519382a9f9,BEV-003
d4a283dd-db0f-458f-842f-0b0ce116d284,fb3abd2e-2966-4128-a9eb-3e897d679065,BEV-004
201e3918-1c45-4d23-989b-4c1be21192b5,e9df1f46-79da-4829-9202-728db51b5b82,BEV-002
59309f3d-c92b-4094-92ef-65fd318193f5,f834f1e1-3516-4a90-b215-b503b8c77346,BEV-002
188493e8-7073-4bf1-8bca-4255bf161631,8dbfa01b-c77a-4f2f-8288-bea1192b79e8,BEV-002
4d9cc4de-5f64-428c-bae6-43a6f9f87ba5,b6280f14-0785-4d14-bea0-960b82e26b71,BEV-002
01281e3d-9a39-4d43-a8f2-8bbe924a5e44,cd23c761-8f15-4a22-b22c-5dce6073038f,BEV-003
379bb45d-37d5-47ae-8702-6f6f6d6c2033,38e121d6-af0c-4996-8c38-a4d9bc7b544b,BEV-001
a837ae83-d276-4a2a-98df-8f6627163dd2,38e121d6-af0c-4996-8c38-a4d9bc7b544b,JAF-003
ca9cf8de-3c9b-499a-9bda-ba2f44eeb63e,782c5e4b-4e2a-4a17-a590-67cc9432120e,BEV-004
8fe4be4a-0f55-4c25-9445-636a4e6baf99,48cd7365-520a-4c98-bde1-e1cc64b57643,BEV-004
5718269f-e446-4126-bdc1-03c9df9ce30e,89239a16-2773-4d39-a1f1-a9ac585fbf5c,BEV-005
b97123d8-044a-4b68-b9d1-41b56b7ae2cc,89239a16-2773-4d39-a1f1-a9ac585fbf5c,BEV-004
4b69ff3f-c487-4597-a0b2-27f88ba95251,8cbf240e-d326-4d59-95c9-4b92440ba2a8,BEV-005
17804bba-6267-4777-8278-0b0f67e7515a,49b9ba48-234a-438f-a23b-b21877aff7ef,BEV-004
51659cdd-2d9a-4c0c-af27-5eb40cb2802a,7282f6c4-a080-48a4-b9fc-911fc894538b,BEV-003
48785bf7-3637-4a77-be25-3e7f0472cfb7,ba841e72-19cc-41b5-9977-e3132f384b72,BEV-002
c82ab53c-3440-417d-b15e-a2b3a25ebf3f,07d524d8-8c70-48ec-8e0d-8c046b48faa7,BEV-002
0f91854f-e0ff-401d-adeb-67f90a8d2c9d,07d524d8-8c70-48ec-8e0d-8c046b48faa7,BEV-003
917ab703-15f1-4d5a-9e6d-d7653f1d0b16,07d524d8-8c70-48ec-8e0d-8c046b48faa7,JAF-002
5cc84718-2e7c-4269-bf91-f4f5db4e7ff7,07d524d8-8c70-48ec-8e0d-8c046b48faa7,JAF-001
8170b6b1-67c1-43e8-958a-660de34a7c81,2f2be2d2-4bc1-4a84-a652-1fdf33378cb4,BEV-001
fed7b6cb-32aa-48a3-9d5d-fa43a6af89ea,7d3fbbc4-d21d-4c37-bd66-02db43866bcc,BEV-004
944f19df-a37c-4f45-a0a6-5f1236ea71ab,7d3fbbc4-d21d-4c37-bd66-02db43866bcc,JAF-004
8880ac0d-e735-40ad-abd5-f87a647e2b5b,7714a2f8-06aa-470b-88b4-238c8d39da9c,BEV-001
de9090c8-c220-4cf6-81d7-b72910854b28,7714a2f8-06aa-470b-88b4-238c8d39da9c,BEV-001
cb895b82-3b2c-4dcd-9534-0579946d5908,312bced1-d611-4562-b700-982ff7ab7e01,BEV-003
4dc591e6-6ec0-44ee-a8ac-f9c36d76947c,147a51ea-8323-48e9-b28a-70f190d619af,BEV-004
68e8f55e-75b7-4458-b28f-2df03f8f34e1,2891b459-8f53-4bdc-a1b0-787197a2c710,BEV-001
35a7d82f-308f-48b9-9e79-434c8aaf18b5,45d2a986-91ef-4ff2-8896-14ee4d6f5d60,BEV-004
ef3e660d-2c76-4c4e-bd4a-52bbe94cb666,2420647b-0bef-4bc0-a12a-ecff2af55ed0,BEV-005
27305583-9ef4-49ba-8154-e2b0ac226fd7,0978bd2d-1017-410a-8309-ba8353d1bb04,BEV-001
065b939d-7c15-4ef1-a769-e6eb62aa0040,366796ae-17a8-4aed-b0fa-e2dabb3ee811,BEV-001
dce323cf-1379-4b7f-ad5a-a34799297807,5591c745-e672-430a-9211-95e62df732c2,BEV-003
7430a7aa-760e-4f23-8d41-1678c8fec70e,0eb7027c-dc1c-470c-8cfd-a8c6f2822492,BEV-001
640124d1-6c56-41ad-8213-9368208350bf,0eb7027c-dc1c-470c-8cfd-a8c6f2822492,BEV-004
f51c06d1-e962-4926-a282-8dd537f76f92,0eb7027c-dc1c-470c-8cfd-a8c6f2822492,JAF-001
a391bd53-e597-451a-a9ba-cb5cce2f3604,103ae83f-4585-4fb1-a075-201369aff38a,BEV-003
0b0d7221-0a2e-48b3-89c9-24e246e1142e,6077353b-52f0-46b9-8b97-c995368d2539,BEV-001
136d6c3b-39a7-4655-bbe6-856d64989a96,20bd25fe-1b61-46bf-a17d-30967111bfe5,BEV-003
8ae9ae72-9603-4b0d-b70e-831e6be94c27,20bd25fe-1b61-46bf-a17d-30967111bfe5,BEV-004
567b09f6-aa34-419a-82b9-f448690dd3fd,20bd25fe-1b61-46bf-a17d-30967111bfe5,JAF-005
69d04fbd-16c6-4c3c-a62c-e62efcb002b1,857e895a-a6e3-475f-8d6f-9b66b52f88ce,BEV-005
6738baa2-0a30-471d-b868-e038866054cf,4a9c208c-f094-4014-bbbb-c2b6c08e9fdc,BEV-003
58993c90-f8bf-4870-9bdf-53653f7cd35c,907057bb-aa92-4006-9e03-eb7bfe66a914,BEV-004
cf12e344-4d3e-4828-9b33-91e64eb12e2a,42c35df6-93c2-4d74-a3b4-3fb49f80acc0,BEV-002
790005cb-0c5b-4e74-93a9-d12fc6601947,da6ba42d-1e88-49ce-b9d3-7ab707917537,JAF-001
51e4550c-8b4c-4fd7-b724-a92bf4a9519c,da6ba42d-1e88-49ce-b9d3-7ab707917537,JAF-005
f5b5ba90-1157-4403-a433-bf2c275f0f0b,519adfa3-2b29-43fb-8736-d23e89209b8c,BEV-001
95ceb619-c3df-4cf6-a239-acc6a43937c5,a9b609a2-554a-4a9e-957e-d9b6d8419e04,BEV-003
e7026726-6881-4a30-b898-a1e7708cbc22,59ba937b-fe36-4572-9947-0fc96e886396,BEV-005
6e3f5dcf-0a7b-464a-b5ed-4ab9d01ad002,c9c92fb6-2fba-4ce7-b323-a90560144762,BEV-005
851a8833-b075-4614-8603-1942794bf624,0d90e314-4538-42b8-873a-33bc12745efb,BEV-003
94910dba-caa3-424c-a8da-b4df093b246d,33859c00-a76d-43fd-99c6-ba68f0acc47d,BEV-003
a55571e7-2700-46d5-86dc-4e17b1d367e4,e63a0203-9a8c-4602-9507-628af8f9d458,BEV-003
269fbf06-e9a2-4fd5-9be4-146e6ec00b68,0fd1000c-1ddc-4df9-adb9-ebb488ccef0c,BEV-004
478cde69-0e41-4a9f-a83e-c6b7843f6e02,facd7495-2feb-4be3-8593-8570e09fa78e,BEV-005
f6d61ed7-a08b-44f1-af3a-d972ad7ea5dc,62f3ed51-127f-4a50-8882-67c0299d20f3,BEV-001
574c9a20-8ea4-43b2-adcf-e18996f6ed05,62f3ed51-127f-4a50-8882-67c0299d20f3,JAF-003
6c9aadb4-8f1c-4fef-8eea-1aaee57ef3e0,ab68f8bb-603a-4a79-befb-c2cd215e65d6,JAF-004
7facd5c0-4c36-4b48-aa38-72f3e94a7dde,504cef30-39f0-464c-b66e-3d076900aaac,BEV-001
55f81ae2-9ac9-488c-9903-8d4609577a8f,e06cbb7c-266a-4592-85e6-2e650d711896,BEV-002
a7e6c355-4eef-4529-8aab-66b9b4a30290,7c4664e9-eafb-4f84-911f-f0dc74eab1e8,BEV-003
2a4d7dfa-6520-4cb1-b164-0b78b4f60b6c,7c4664e9-eafb-4f84-911f-f0dc74eab1e8,BEV-001
3919c1f8-e612-4054-8116-ef90f34bf072,a6475925-826d-404d-b274-b5ad9bd13117,BEV-004
96caeace-ec1c-4137-b692-b2e2910b8264,637fa30e-1621-4dbe-9763-f1603b4ef9c6,BEV-003
c236c487-54a3-47d1-97f1-246f09fa8bb2,b08ab3b7-cde8-43aa-9345-487e8819387b,BEV-002
aec086c0-bc72-40b2-a297-175e10415b28,1ca0c4fe-9eaf-4e35-ab83-b0f1d6715fe2,BEV-004
eb8d64f4-c27c-4da4-ad23-0daf6b587bbf,99fbf3f6-371f-4f73-9a11-cc929e1eae6b,BEV-003
db05432d-8a77-425d-9b39-ddd3349c1b0e,c67dd59b-e811-40e1-bc3f-e74a32db9a0e,BEV-002
e77702df-3ef6-4870-8d5b-a0ae1ef25023,1a0fece1-de3c-47a1-8656-7ee032a103a8,BEV-005
e89d9aea-dc6a-4f85-a588-5bc67169c873,33421de2-43e3-4c84-9eea-7dac5760783e,BEV-002
5cc954d4-8546-48c1-9b12-83630e90e795,4b24ee9d-089b-4364-ac2b-3507935a2692,BEV-005
5afbc15a-59d7-4eee-80b1-b881c1ad9e66,c0446bf8-b96d-457d-b953-8f35f45aeb4d,BEV-005
4854076a-4119-4321-bcd9-a34ec8c9a9e8,a31ed86a-9b58-4ca2-83e8-90808efd2bf3,BEV-005
35df253c-1466-4701-a121-8504fd33d201,aa251c22-7e99-43fb-9d6f-92faca546ee9,BEV-005
975706d0-09a6-43af-b938-76546f380df4,8d4534bb-8ce1-49d1-8047-191499bee2a6,BEV-004
b09426d6-448f-4362-abb9-8ebffa91c9ef,8d4534bb-8ce1-49d1-8047-191499bee2a6,BEV-002
af2f7525-e674-4b4c-8416-521dba8fa04c,36580965-91c9-4001-a3d9-ef06fd387d5e,BEV-002
01d5e61a-b2c6-4a07-b19c-63d7b61753d4,8939fb5c-2c96-49cf-9532-c8a88086306b,BEV-003
524be075-e5ee-4c0a-8725-0f08deb40008,8b67aa75-f39c-4930-94d7-12e2afd6b559,BEV-003
e315e3e4-9138-4a0e-8da9-d6c8b2f7702a,7ec35ed7-e7fe-4dbe-989d-d11f0a311303,BEV-003
91888119-fb30-4a70-9721-fb3f1426be26,255e44dc-6999-4f6a-b38c-356278655f5e,BEV-005
94b083e2-e7b0-478c-ab8f-1aab4b596a77,3d47e0f4-d5b9-4f51-ade7-9d62e7519876,BEV-004
372090d6-3da1-4eb0-b888-747f6a69329c,8038eba8-c663-48ba-a024-a1f23bfd6cc3,BEV-004
6a35be33-4c25-41d9-9ab7-c0ed66e12da9,8038eba8-c663-48ba-a024-a1f23bfd6cc3,BEV-002
3450a8fa-0c8c-4745-b39f-7a9de231ab31,67ee5a30-e61b-4cfc-bbd9-a15428f4913f,BEV-004
228c51ac-eace-4250-92d6-35ec44f36de7,2632fc85-3acf-4ae9-a919-d05959072c12,BEV-002
11d53ad1-6dc9-4112-899c-962c06732f64,e6302c86-ea63-4ed5-84d8-a16b610b46d0,BEV-004
5b30e5f1-4ffe-4aa3-b869-4e3a8364eec1,65a73176-a9d1-4dd3-8098-f79df6ea2731,BEV-002
7b71516b-e2ea-4e0f-9817-923e0d9f751a,65a73176-a9d1-4dd3-8098-f79df6ea2731,BEV-004
82dd6865-29b6-4930-b37f-ee08ff44158e,647a6c7a-c83f-4825-8dc1-0765381026d0,BEV-002
d73d4220-847b-40f5-a939-159ca1e51bc9,38c9ed0c-767d-4fe0-8624-2aec1f420ed1,BEV-001
1f3e4e82-107e-4167-b613-1a385b90221b,7c641c6e-7400-4e63-95cd-75ce02312651,BEV-005
ed45e941-b473-451a-9926-de39cdcb6aeb,1808ae4a-443c-46a3-a59d-2d0c3eab7070,BEV-001
a7cb0bbd-827f-4209-b94c-b7a6b011c94d,1808ae4a-443c-46a3-a59d-2d0c3eab7070,BEV-005
b1ed7b5e-e867-4d73-8974-e11fb416c562,a6ed9499-84a6-4d06-85d1-3a070916f055,BEV-005
e766ebc3-d3ec-41cb-b43f-6a64e6fe5f8f,1e8b07e5-a802-4a3a-bb68-e8aca4cd3c4c,BEV-004
56ba7679-3872-4cc8-9076-38373ef00a67,1e8b07e5-a802-4a3a-bb68-e8aca4cd3c4c,BEV-001
99e26f72-699b-44d3-89f4-364397f61aad,15b9a099-2c1f-4bb2-a898-4f8a4861756e,BEV-003
923cae69-0604-4caf-979e-c0baacbfba02,61f8dec2-af2c-464a-b7a3-94d04e78e8e8,BEV-003
db5f5146-5a29-40df-a046-97857c3d17db,1a7f7a00-13e9-4403-a168-bfff4c0702e9,BEV-005
3852edec-2df0-473b-bf6c-888b40aa83d2,4bdc3d88-681d-47c6-b65e-b55eeacb93c2,BEV-004
8ce10d66-0c5c-4ab8-b416-5f61b6bd2347,2a02f0f1-1f7e-46ca-ac11-3c72dbd79517,BEV-002
bbf588b8-ffde-4b64-adb5-906cde5afcbc,1c328a74-1c02-4dee-b3fb-9aa4ca2f7406,BEV-002
469ae994-132c-40fc-9491-37b6c5c65c94,112c904d-2f08-49f0-af37-c871b7a8a84e,BEV-003
d269e0ea-4b02-4c80-97b1-1b6d9276be81,112c904d-2f08-49f0-af37-c871b7a8a84e,BEV-005
038c6d3c-c748-48a4-bd96-bdd47ac45afb,112c904d-2f08-49f0-af37-c871b7a8a84e,JAF-005
eca90390-85d0-4fc7-8944-daecfed1e9df,c521f29b-c88c-4c31-80d5-4e7291732d2d,BEV-005
d5f390ef-a59c-4ce5-bb6f-95ed7e0f56a4,0162fc91-b9c3-48d2-9ac7-4589cff5be12,BEV-001
64d740ff-1222-422a-9d20-7dc0a75f8788,0162fc91-b9c3-48d2-9ac7-4589cff5be12,JAF-003
0042b79f-87ab-4599-b29e-6760d89b37a9,3f55140d-03cb-4931-82fb-bce47020a4d7,BEV-003
3f7e59c2-d1b1-425f-b949-38e172de406d,8bd96486-7ef3-4774-ba02-349c203ab756,BEV-001
e1f0487a-c9e5-4210-9fda-74e35087d7f3,4b2d1af3-5bb9-448b-806b-3c730733b23d,BEV-005
f4d5ff21-5ea8-45d3-85e0-c350e80a9736,45a64dcc-f1fa-4962-8097-1955f0cbb3e2,BEV-003
3bc3abcf-7796-4915-8a89-2040ce7e6e35,c143439f-838a-48c9-b0be-000a4ded1628,BEV-001
719a7417-089c-4da1-add8-cc2f8bb65964,1bfa6e00-c7ee-4c72-9e3e-aea0fc2eb430,BEV-001
4b20ae6c-419e-4fc0-b8bb-4b1f44654dc5,1bfa6e00-c7ee-4c72-9e3e-aea0fc2eb430,JAF-003
79ea2765-6a53-4139-90ba-4d95fe27bd03,f815aab5-ee47-43fc-a973-97ab25c5eda6,BEV-004
3718a4bc-6f16-4474-af61-f59e44731871,c252459b-74e7-430f-be59-ae07bc184e6a,BEV-001
a8886991-44b6-4ba7-9cbe-f77c70a9ce58,6457ccce-dbd2-432f-b944-ddceb1e116ab,BEV-004
677c1dac-5bb9-47a7-bf86-312bf95387fb,8534c3c3-7fe6-4ab6-8485-2fc14bdc1f31,BEV-002
7ad29292-48c2-4277-8b03-03b853ff06bd,8534c3c3-7fe6-4ab6-8485-2fc14bdc1f31,BEV-002
054b9816-0907-43d1-ac38-7ff147d5e2ce,1bef0ee7-b32d-48ae-bf47-0698a67ab6a4,BEV-004
9da7813c-b878-40f3-8255-f54b26935652,35392820-7cb1-49dd-b32d-47bd359b738d,BEV-004
47b6eac1-b1a9-4150-b7a1-daa5c30cae94,ad524070-cf80-43da-b20f-33af0ab3a143,BEV-003
15eee382-1621-4206-b17d-74b66a205b8f,ad524070-cf80-43da-b20f-33af0ab3a143,JAF-003
717057a9-39cc-4237-b784-156edcf267c4,b7f47eba-2e61-4354-b930-79a1356b0fa8,BEV-004
091c6f79-0a12-4aa5-927e-0396b3b90bac,1fbd577a-fa27-446a-8be5-515bd85eaad4,BEV-005
ad2eef99-b7e2-4a0c-847f-8391cd440eac,dc653cfd-7a92-47cd-8572-f1abe5d0702f,BEV-005
1d3c6553-9187-48c5-a950-74cc87d88fd2,c95d6998-7e37-40a5-b3ff-b3cf5d48a038,BEV-002
07cc8ac7-b0a9-44a0-88a2-78a396c19ad3,6f4e9bdd-09ad-4c22-8b79-1cf7c8ebf59b,BEV-003
5da8c0b1-f5d3-4d8e-8553-b4277cab1388,93731ad7-c18f-4697-abd0-4d25e07cb538,JAF-003
cff98b2e-f256-435e-9f60-93a035055ed7,2f127236-7ef2-4365-99d5-346e6b49ab8c,BEV-001
3a02be6d-50e8-4344-90c5-9451c61cb175,1c0b1c6b-9a18-4847-bf14-cfdd71bb9e8e,BEV-004
40c01f7e-9669-4061-a264-8f4c6fb46f39,603fa911-9056-40ad-804b-eb00bc59aa1b,BEV-001
917f243e-5860-4a0a-b43f-356b84fad6b1,341a4fde-eb7e-4797-837b-3321c0d7155a,BEV-005
1f951acc-f7ef-4989-87be-f69b061e4a6f,58f5f8ad-b0fc-4d98-9121-d581ff6dea64,BEV-004
1318aa56-001e-47c3-8e31-4e088a373751,23938802-860a-4162-a449-d7b2e357c77c,BEV-002
a6b5a308-beb0-4fb3-bc90-31826133ad79,eefd7404-6c8f-4cd3-8639-cd8cd0048b56,BEV-004
2a5b2b6f-f4a4-492e-8e51-a619d9bc7291,3ecb3d2d-9325-494d-aefd-fbec5ab7ccb7,BEV-002
ed01a2d7-15db-4046-a449-b6e38d15f71d,3ecb3d2d-9325-494d-aefd-fbec5ab7ccb7,BEV-003
4ebe2259-cbc0-4497-9f90-549e59d29c64,341d697e-50f4-4657-b93e-b68b4d4eb55b,BEV-001
665341db-54a2-4f55-aeb4-f814d219c7e0,5fdd9c45-ee04-44b1-9e16-2f876e6aa445,BEV-002
2f752800-3865-4f2f-9b84-24eef9aacf96,0b7e795e-3e54-4202-b020-30a174055ebe,BEV-002
0888866f-ed2d-4ea8-b6bc-dcb1913224b5,eab91bf8-3a1a-46bf-918e-55104f61e608,BEV-004
ac6d3f36-e1f4-45bb-869b-9448e28a9a7b,c359a89c-17d7-4ea9-94df-3149d1b09da8,BEV-004
1fd8ef33-ffcb-4dcd-b541-da0ecb76a2b9,1b76561b-504a-4384-99cc-f60184c80079,BEV-001
668aad02-6e38-454a-9db4-a07cd61697c5,baeb4b28-6416-4ab6-91c0-5c610b095614,BEV-002
ef702f25-241d-460b-9df1-3922e110f699,8d51a5f4-f314-412b-8027-a659d353fd6e,BEV-004
6fe8df94-cac4-4e46-8744-0fff9606f87d,c1b4f994-fd07-406d-b589-1d86b5ccb046,BEV-002
6c056bcf-682c-42b3-8031-76879a889d81,f3c04b2a-d32f-42aa-9f2d-5ed5ccca4f6e,BEV-001
3084a38f-3e63-40e4-949c-daff644e05a7,659c75c4-663d-4dd5-82fa-1e58d6b59807,BEV-003
d4035b89-3b49-4e96-b9ec-917c167e1e04,4fef0670-2c20-4151-82cb-819334a7ca06,BEV-004
7b0bf4b5-4124-40c4-a4b3-1966028a6ce6,1131a0e1-bd22-4260-82de-503f6e6f206c,BEV-002
bf6b5cda-c406-4cee-b819-aa7e64057e20,009e5fd6-4f72-4510-8663-6a823c4fac2e,BEV-003
d07331ff-b83f-4826-8b90-aec36bf6eec3,ec4eceef-fb7f-48a3-96aa-731eb68c433c,BEV-001
82283092-e6f2-4f8e-a3f8-cdb15ba4d6ee,ec4eceef-fb7f-48a3-96aa-731eb68c433c,BEV-005
a08df8d7-b15a-4c4b-8c93-7493a7fc3e3b,ec4eceef-fb7f-48a3-96aa-731eb68c433c,BEV-003
a6189c97-34af-47d6-ae9e-37cccddea972,ec4eceef-fb7f-48a3-96aa-731eb68c433c,JAF-004
b16145aa-1db3-441f-98a9-f86e67a89bac,379956cf-bc26-45f1-bc1c-9e216eaa957b,BEV-003
687df757-863a-4b6f-988e-946bcbdb8cb2,c8d41cd9-a3ff-496b-a6a6-458e30c0283f,BEV-003
01ed55ea-b979-476c-865c-9d47f918a685,c8d41cd9-a3ff-496b-a6a6-458e30c0283f,JAF-002
fafd63b7-20de-4e14-8bea-2908ad2062bc,dc66ca9d-0696-439d-9585-4d882d0360c0,BEV-004
28f80ce6-1122-4b83-80a4-97fc4b015519,2766606f-2b5e-4e5a-bc10-b950807ea065,BEV-003
bcc748aa-3e65-426d-bf24-e853da3566d1,2766606f-2b5e-4e5a-bc10-b950807ea065,JAF-004
dc563e03-7412-401b-bf38-876885b38982,18353f9f-ae64-42a0-bd75-fdbe3975e948,BEV-005
ab5278fc-9f8a-4574-a791-cf60afa50975,9993adbd-f026-4205-b602-6225a9b2de42,BEV-002
108b4ec8-cc0e-4399-92b1-731f3505e830,956b3fe6-3bc1-4a9f-a94d-1c0a6217a01f,BEV-005
9aa6c9f6-cc6c-4c62-9af2-34e513e9530f,e6649225-1b39-473a-9c01-a47b4075398b,BEV-004
a05fc5d2-cf40-42dc-b298-bccb2def7468,39e00ef8-348f-46e1-9c73-19190922ce77,BEV-004
3805eee6-7968-47ef-bb18-511d007d7115,39e00ef8-348f-46e1-9c73-19190922ce77,BEV-002
2f23bd6a-2017-476a-a377-1809c9941592,bd635238-cbf9-45cf-be49-4b30456329cf,BEV-002
d9af23c0-fd9a-43bd-a2a4-ae9291cbd393,9126e743-9cdb-43ce-a20b-3256c826c629,BEV-005
9086820a-f541-4bd2-bd9b-7b5cdd53b33f,9126e743-9cdb-43ce-a20b-3256c826c629,JAF-004
c358dcf3-cbcb-4120-9420-fb3bf6f8b593,c20c2a51-cf24-45dc-befa-c21ce412b5a4,BEV-003
80efd848-25d7-42fa-83ca-bed3d9e6f8b8,792b62de-b4e8-4052-8c77-46ae1853e2a5,BEV-004
1b02a9b1-4231-41d2-b2cb-1d39955eeccf,c105e453-95df-4ce4-96b0-eeae5367d573,BEV-005
c5661851-c28c-4a52-a509-0429066c1320,c105e453-95df-4ce4-96b0-eeae5367d573,JAF-004
1bb2adec-dd92-4325-be39-0d1e41df7e6d,425090bb-d929-4436-8b17-a99284468dbd,BEV-004
0326a7ef-737e-41c2-adff-f6c91ca08380,cbb52d7d-20af-44d4-bfa4-c64c044bac29,BEV-003
c97d05c8-4dee-4477-ad51-eff93cd8f677,3bdb381c-374b-4485-b6d8-d4a2a2794fc7,BEV-004
783406dc-6d0e-4d81-a0d7-1be821bbd63e,4055d129-227f-43a6-82dd-ee5eb3320fc8,BEV-003
ea9d6df3-0b90-43b0-b879-22e30a30fd66,1116aefc-1ecf-43d4-a54e-f1deae8b7b9a,BEV-005
7c0e5e87-8d4a-41fe-b0c1-fe87269b218c,84eda253-296f-4e7b-94a5-b2507433230c,BEV-002
46eb9a51-f96d-48fb-9ff0-78dd989ad44f,efbfe282-810f-4a14-a5e9-32ebc0cdc967,BEV-005
026c3575-c87b-47f8-9d10-9685ca11f411,788c71c5-67c9-4b54-9211-c4d389bb273b,BEV-001
d781072c-ba4e-401e-9380-5d090c4276ae,40531896-22c1-4404-a76b-9cef66aada0a,BEV-001
d05bf6cf-3240-456e-a1c4-6ffc23c63ae3,a6cc97b9-5b08-4eeb-a822-a0b0b3885964,BEV-002
48a7d3c0-2f9e-478b-bb01-f202bd95c69c,54afec58-c468-4b45-9266-c938eb6d6386,BEV-004
49eb0d18-b9c3-4422-90c8-0d342499b1f2,54afec58-c468-4b45-9266-c938eb6d6386,JAF-005
239f59e4-4266-4fde-bfb3-1cd98a2e2dbb,c482db15-3682-4680-a3cf-0e56024951d1,BEV-005
036810a0-e25a-4ebc-adfd-2232d7691c60,82c9c97b-b111-4318-8344-a1cd9fc6350f,BEV-004
a5a2354e-1ce4-4d33-9fc5-983555d27094,5c9b58cd-0b04-42bb-9d73-a301ace1b341,BEV-003
86a42b9d-6a9c-454a-abf4-7e538f89e335,d9cb492a-4586-44ba-8edd-5cf1735df2ea,BEV-004
93b7df4a-287a-4821-b6b2-d11412c88447,d9cb492a-4586-44ba-8edd-5cf1735df2ea,BEV-004
4388e28f-97ac-4703-a30d-273348579c6e,d9cb492a-4586-44ba-8edd-5cf1735df2ea,JAF-002
673f3f85-133b-41f0-9419-dcb118ab28f5,5b2f3466-6667-4a44-a181-7747189cc735,BEV-002
ad1033c1-b960-4185-ad5a-ea32d08c3781,139998b0-ba31-4313-836d-d92ca24cfbc8,BEV-005
d949f309-8a95-4789-a88c-84ef8343bfd6,e34879a6-1f6a-49a7-bf16-13b2221b75aa,BEV-002
8845f2e4-fafe-4587-a061-ad1294f83159,ab643657-5daa-45dd-a31c-1d1091d5eb7e,BEV-001
d332ed29-230a-45e0-92d8-cbb3a0adf08d,10421a0c-e650-48ec-b942-41a20261af6d,BEV-005
353b00d8-2dc5-4ebe-9edb-c9a6e9302402,4ca6b179-3922-4e7b-a219-d57e59cdf2d1,BEV-003
f1394f7c-3756-49f4-ab37-d51fb909945f,513959d8-2606-4fe4-ac23-a3b3aab9c7ce,BEV-005
d67f3923-9910-4571-a132-f24b34e85f9c,d85112e6-b5b5-4df9-8d30-eff95cea2b08,BEV-003
87e4e72f-405d-43e0-aaa2-da1bb7cbec31,64700f2d-9eec-4084-96bc-294ae8635f03,BEV-001
3ed4509b-6e44-43a3-ae82-c5ccc91168d0,02fd8706-92e9-43ad-b8e7-ffd03559b42e,BEV-002
2f15ee3b-6fd5-42f5-8ef5-018882e20bb8,7909fb6d-ee42-45cb-8c1d-d832095bb77c,JAF-001
276e7439-2b8c-4743-91f3-1bc4fe19c579,7909fb6d-ee42-45cb-8c1d-d832095bb77c,JAF-002
f4802c17-d236-4aeb-8be4-86f074b930ab,0baad85d-0daa-4ecb-8ed6-e1ab70516a07,BEV-005
6b23b2cf-a4eb-42a9-b78d-6edb2788b132,c3083112-61dd-4433-9342-d20aeae302a2,BEV-005
32831941-c7de-4b6a-8cd4-6d664ae18d65,6615d4bd-eb55-48b9-9fec-7b7f0e7185d2,BEV-003
14998dca-eb13-42de-ae50-cd017751ccaf,cab7ffc6-c004-4e9c-9122-4a990e44b278,BEV-002
c3eae627-5c67-4a50-a66a-fe2d95fce715,a6edf981-f4ad-4428-b962-3af33f8babbd,BEV-003
868fd693-12c1-4293-8689-4ed63205d55f,1a132cc4-bfa5-46c3-bf64-8a3fa719cd2f,BEV-001
2af2b49c-02c6-459d-9fad-e630e6e0989e,052bc594-d508-40af-98c2-001d5ea23a02,BEV-001
390de1ea-67c6-4572-8643-d235f430425e,91a195a7-f6dc-4fff-bfce-de4a320b9dbc,BEV-005
df106764-bfdc-4bce-aa5f-4b2650e22f65,fdf588fb-a88c-443e-bd3b-da38032a5a77,BEV-003
40c51be2-0bb0-44f4-aa38-5090b1a0bb91,8310674a-e1f8-48d8-a9c2-e61bc66fac9a,BEV-001
d7728269-7970-4c2f-ac3c-3cba36ebb9e8,c56ae32e-c29b-45b9-b5f7-d34f9469680f,BEV-001
ba01d2a9-e472-466a-8d02-7c12109c511c,9391d1e5-9b10-4f93-9771-0b947944e71d,BEV-003
d08588cd-5f5f-45b2-9f17-793494610426,139aff83-f06f-4901-b75f-732f810f63fb,BEV-004
acd669bb-6356-4554-8902-e79b0aee87cc,9246a198-8f99-4942-82c1-0769464823c0,BEV-005
59294902-852c-4259-bdd1-e5358a8f1905,51edef79-b0d4-4b55-948f-782127b782b3,BEV-001
a7d6537d-5797-4ad4-9bf3-7d0622460991,2bc2017f-0159-4ba6-8223-f534138ea1c3,BEV-003
55de244c-af90-464f-a7a1-201cfe523dce,c8f4c53a-ecfa-412b-9820-34cac80a26e0,BEV-002
39b6b7ac-403a-4818-a133-11a16eb529c4,5b6f2f97-1405-42ef-9e6d-578ae434b8f9,BEV-004
fb3454fb-b331-4baa-8c91-1f7c5185295b,c362637e-4986-495a-9b8a-1145b5571b1a,JAF-005
4f810b81-8ec5-4db4-9909-9ac799d67587,c362637e-4986-495a-9b8a-1145b5571b1a,JAF-002
181ef347-1f34-44ee-a74f-17af05e0cba9,83423f8a-8085-4778-94e1-d93b4ca22169,BEV-003
c7c9c153-5d7d-4e1a-abc1-4d7e5a0cbb4e,74094475-989b-4a62-8d94-76034bee6a6d,BEV-005
9e83d5b0-7b82-4252-b5a4-19cd655024d8,74094475-989b-4a62-8d94-76034bee6a6d,BEV-003
455575fc-c956-4f10-87f3-c9a8c1c41fa8,74094475-989b-4a62-8d94-76034bee6a6d,JAF-002
e56e0779-028a-4425-a1ac-574bf617f8d0,4d6813e8-14ed-4c29-ade9-201fdb0fd692,JAF-003
38156376-8ce3-4d23-b2e9-b1f3ea49c4d8,4d6813e8-14ed-4c29-ade9-201fdb0fd692,JAF-001
bf916db6-dbb3-4182-ba07-5de1e3be7341,4d6813e8-14ed-4c29-ade9-201fdb0fd692,JAF-002
8973da73-ca14-4cfc-b152-c36c11d3496e,778c1271-4331-4731-a6bf-25d3b30550b1,BEV-005
f2632df4-713c-4bec-a999-24337b824521,778c1271-4331-4731-a6bf-25d3b30550b1,BEV-003
5de720f9-4662-4e65-8598-234bad1445d4,18161d5a-a284-47de-95a3-e3718683a8d0,BEV-004
619ce6fa-88a7-45c2-8869-837aa439d9d0,91f840f3-0469-4e21-a0d1-81cc4327755d,BEV-001
e6fbeb65-a1eb-457b-a6e4-88b2b00b6304,91f840f3-0469-4e21-a0d1-81cc4327755d,BEV-003
74cffa9e-5d3d-4871-ab3b-5eb3107cbbe8,91f840f3-0469-4e21-a0d1-81cc4327755d,JAF-003
379ff99d-d2c1-4e37-880a-740fbb8c6390,91f840f3-0469-4e21-a0d1-81cc4327755d,JAF-004
892d46a9-3e35-453c-a6bc-07a02811a439,731add84-b520-460b-b694-97a2096e6676,BEV-002
3ae28ac6-5d69-4757-8353-a6b4c627dad8,8809f018-c55c-4624-b8b8-7938f11dde84,BEV-005
f80593c5-8955-40d1-8e3a-7beb3a96eb82,8809f018-c55c-4624-b8b8-7938f11dde84,JAF-004
ddd63dcf-fa8c-4309-a61e-b6359fbacc04,96c67023-66ab-49c1-8571-15694397d19e,BEV-002
71cc28ec-52d1-407e-9dbe-c6f681d92c6b,3eb49873-cd2e-4b35-bc96-b34da98f7f83,BEV-004
840f44bd-42c6-4a5a-99b0-4a8787e60fab,b0c78af0-2a78-4b1a-a3f6-b94d5bb017a7,BEV-001
7998b82b-b031-4ad8-8411-6ab24ddc711c,1343eb5d-2762-4d53-a657-3dfad2278be4,BEV-002
09d80b83-7415-491f-9be8-9a88cdca9f65,04c89694-a1ac-4986-96ea-404651ed8a32,BEV-004
8ab7ac6a-bba0-47cf-8d3e-0e9b461674b3,6f53260c-5b27-4658-9e38-bda6fc188dbb,BEV-005
51f0d81f-2c42-4945-be47-c4dbf5371670,d238ad4a-0862-4761-b084-176dcef0e9b1,BEV-002
a3708005-333e-49c5-98a9-3aa8e3352a59,484bb4b2-7de8-4602-9df8-1621dae6b2c9,BEV-002
b7ff5699-82cf-4e4e-8c44-d057eedf293d,eb05f011-f58e-4132-99eb-8a0f6ecb7fcb,BEV-001
55bf3d90-995d-42ab-8fef-3d355fbff100,1196e3d9-1850-4ffe-867c-da7c98ccbf3e,BEV-005
56008cf1-a050-4df8-a96c-e42ad4dc25ad,142d26a2-246b-4371-8b33-fc41f9f4b69d,BEV-005
fb40d0be-9460-4df3-a1f7-0b05caae35a7,f813f31a-13a5-48f4-a5c0-c5b89770eb30,BEV-002
752757e1-ab5d-432c-a3d4-8a712c32e7bc,c954ecc6-9bfa-40d3-b2f1-2c788d0838ee,BEV-003
12b40ebc-b30d-4281-a328-d8e14d002935,cc2da397-e1a5-4a6a-90e3-91ae32f134a4,BEV-003
969fff3d-7408-4770-861e-d17a83a4f683,a29d2ddd-ef94-4c10-bd44-e094e60eddfe,BEV-005
21980127-d797-41f9-b0cb-e24aff6ff621,37ef3f54-c42e-42ed-a37c-f9e0e93a5656,BEV-004
0ab457a9-fec9-4073-92c8-bc6fb5eb3716,791c6c88-23eb-45d5-b021-d0e4c1259c6f,BEV-002
35e491c4-c1ed-4b60-a087-741ad7c19c1e,c5ffeaa8-1860-4b84-9063-406c88d20ba8,BEV-002
6536579d-12bd-4470-af53-1c941b64f896,9b91f0b1-ea05-4ab5-ac75-142beb6a3f1f,BEV-002
1be325b6-6962-4b34-892d-8358230c1257,2de933e7-6b96-4428-bc16-a4c6b81b0d18,BEV-003
fd36b8f5-1b16-4d61-b34b-991eee12f489,e6506977-5a55-4f57-bd63-2ddbda58fca3,BEV-003
81a915de-c281-4590-8f1f-cfb46cea89ff,9bdc7e84-79ea-49d9-bc3a-e56ccf21dc4a,BEV-004
84df3342-f793-4ce5-b16f-c6cc97714a1d,9bdc7e84-79ea-49d9-bc3a-e56ccf21dc4a,BEV-002
e9373b12-1bbf-4bbc-bcd1-1bb8bc05583a,2a5980a4-e8be-4667-9b44-2026117c786f,BEV-001
3ba77406-3038-40db-abfd-837c80690896,2a5980a4-e8be-4667-9b44-2026117c786f,JAF-005
9db77384-12ac-4305-88ec-48223824616e,14d4fe40-03f0-4266-ab51-e65d3a2b6552,BEV-005
6f888caa-5927-45ed-87d3-a0d13f9c9355,b12a7e76-40d1-4882-a0b6-d5401c4d8e35,BEV-005
d1fd3442-bab2-49a3-b9e0-e101cbf3f9a2,f5dd7b3f-18ce-4a55-aa59-913bbcd811b1,BEV-002
6442a1ad-ac03-4dae-9f04-6cd52ff90253,aa11ba29-c1b3-459b-9baf-270a873e296f,BEV-005
4c171042-90e7-4d76-b9a2-235fe68c0b33,aa11ba29-c1b3-459b-9baf-270a873e296f,JAF-005
1cfa67de-2d50-4e85-b710-c650b5215335,cabca2c0-51c5-4ba8-89be-210313da7c67,BEV-005
352d7c66-dc66-4e53-9cfd-567edfb91f79,cabca2c0-51c5-4ba8-89be-210313da7c67,JAF-001
8cbd2cb7-b86a-4fe4-a57a-99a94657c740,521aee9d-5084-416f-bd43-e0a9a7ad538d,BEV-003
6c08cc49-2a3a-4282-93ca-e9f0c0e76819,67c8e871-e182-4429-b76b-d072fc368b01,BEV-002
a848a89f-1ab9-4054-89e2-3344078bfde8,1fc88b61-059e-4f84-9d2c-a8af4522875b,BEV-005
349115c6-3171-4b88-9da5-b783baf47e7a,7079ab05-bb68-4114-b34e-2a5c1722be16,BEV-001
c47f968d-5302-4725-85ee-4623ed273453,88cbca6e-2fde-401d-9203-e3b8c7d1b625,BEV-005
9efce7cf-ed34-4691-b18e-c2eb4207e07f,0899cbbd-3110-47bb-a76b-b1d7d252dc7f,BEV-005
4ede4589-ae95-4a78-972f-b77891562bed,65aeb201-e622-4510-80e5-d9f0c6211658,BEV-003
b6006b6d-9fc9-4ee1-beb3-7b4b607f5e17,8844e53b-945e-435b-af12-f8ddd0c7a6f2,BEV-002
dd0a710a-c76e-4a23-b951-51181a0d7f4c,d27faef6-159e-4c21-96b3-8733d0d4e9e5,BEV-005
478f0919-8ca3-4af8-bdbd-2a8bc16ba191,db24a9c2-f822-4d17-80f9-e3ef1849df6a,BEV-002
072800df-e1fe-4c8f-9114-1ad29ae8fb2b,3cb56127-34dc-44c0-a78e-c2288981ee0e,BEV-002
7c98ffbb-e7b9-470c-921f-5858d2613f22,8cbf184d-9fda-48e9-9cfc-74999afda4fe,BEV-001
8f283f06-d120-44d6-834a-945c464c28f8,8a521e88-3390-443a-a577-ca7aa5f79158,BEV-001
7382af7f-09eb-41c0-94d4-c8820ff6815a,59f35675-219f-4d64-80f0-837569d96485,BEV-005
75a616d6-3a10-4ae0-bfd8-ff172486d510,ab03c29a-0d00-4390-a11e-d29febd535fd,BEV-001
289b13ab-0dd9-4fb1-a4ad-a0e8731186ab,faadbf7e-e370-4ce1-87b3-179e45b672a7,BEV-003
24b3f8f1-228e-45be-afd8-ed01891595f7,1cac8c1b-bcb6-4797-9d97-9256c8ab3d8b,BEV-001
fe45d07e-7331-4e42-a52e-3c69dac1cf23,503f2cad-3c5b-433b-90a3-2b7f6bd994f5,BEV-005
69003654-d68a-4dd2-8573-f9af1f9e6632,6c31b5a0-6e4c-4968-89c7-0059c676ed53,BEV-004
99f17290-a343-4d57-ab80-a7fbbc0bbdc9,eda745b7-8caf-4922-a86d-a37dfcb3593d,BEV-001
aa66374d-0628-4e97-b346-036fe4157468,55075d0a-1c95-4a28-b9ba-ef503a2e863c,BEV-002
89dd164b-52d0-4461-ad34-337d64fe6043,8e738e27-6f01-4e9d-ada2-2eb83057d8a1,BEV-001
06bdf79e-6cb5-46a4-9c48-976981e7f728,1a85479f-5930-4512-acbe-5107b0f4210e,BEV-003
c4e9d4af-5204-4e69-b5e7-fbbe1cb470f5,395ff612-1b87-4dd7-a300-f1c34f35270f,BEV-002
04a8adc8-282b-4998-b4a2-1ea85797ee1e,33e77ec0-be10-4947-a544-99e62758408d,BEV-003
ed817a84-3178-4754-84b0-e0d77eb73be2,12ccd030-9201-479a-a9c7-496d8cf6131d,BEV-005
0622c143-3f99-4552-bd38-ce6844dd5134,18455b63-060c-4fb3-a1ab-accbde703b75,BEV-003
bcac1269-f828-458d-837e-16fa263176fa,231e8e0b-df44-4c33-adb3-ab566641045b,BEV-004
72f09a84-fa0f-4b43-89b0-46a94a6149c4,a3f976e8-edeb-4bbf-bd8e-0098faf440c8,BEV-005
d6f5291d-67b5-4456-93ba-341bea1202a9,2d01cf33-3170-4e84-b12f-433676d44694,BEV-005
8cef68d4-06a3-4f83-8eec-d8a3d456dd12,be8a1aed-2742-4e10-8b58-cb8205cdc230,BEV-004
29bb0523-e749-414e-bbbb-7d2755d5a531,36f371bd-4210-4c22-b7bc-c19ec2392ba2,BEV-003
6982ee88-2b4c-486a-92d8-f309b7cf3561,5a3be792-6980-4977-b1b7-4c1faf13c0e6,BEV-001
5eca354a-5eba-46cd-b3f4-316eab834193,20cab3f4-ff3f-4802-8178-1e3c1e7bb253,BEV-003
c2ddb8c6-7cf1-4b07-a591-0dfa5760bee6,e45146e8-d81c-43f0-b477-1bb801544202,BEV-005
4130d03a-6b63-4e9f-a651-c79c240e606e,25322336-56ad-47ec-8927-f222b00e8054,BEV-002
044e023f-c9a8-4850-afcb-b389bf064b94,e6962044-7241-43b7-8ccd-f2fc46f40841,BEV-002
c784f92e-9ba6-464c-b7c3-9129bc2c8fd6,71788f5f-d2fd-4573-9428-fd8fe4ab1b70,BEV-003
b5e3a36b-6b80-4516-9fb4-7eb59a059019,78296d05-f956-4499-898b-222789de4255,BEV-001
e29e8346-56d6-40e8-bb34-9dc16942f33e,73c7dcdb-0512-4876-86f1-b79d0bb0393c,BEV-004
3f355ae7-f6a9-4701-b359-4709d6b1a2cf,400d0a36-0b8b-4363-9b27-fbf232a4c21b,BEV-004
5b72df54-5d19-4b50-aeaa-1cf79812350b,400d0a36-0b8b-4363-9b27-fbf232a4c21b,BEV-004
48738332-f4ea-4bcc-804b-5bcbf1dce760,aa1449fd-7b44-4d7f-be1e-4d49187b71ff,BEV-003
3af859e6-f6dd-48ab-87fb-fb81cdecf055,523f2613-51cc-4d72-b9cb-4749dfcc37e5,BEV-005
4e310f9f-64bb-4e11-80ab-54a96ec61eb0,0b0bdf8a-fa11-4196-80c5-7a7a513a432a,BEV-003
b2feb5fb-986d-4e65-9170-00f97533a810,0a7a7d33-2a5c-4741-bceb-aeb93da94b87,BEV-004
de2376e8-393c-4685-86d9-a6200712e247,ddc877db-4630-4559-b4da-3da96267a48f,BEV-002
08b605cd-2100-4e6d-b570-04a07c2cf7c9,0d5c4edd-3c94-48cf-ac54-013da4c1b289,BEV-005
88a83988-9072-4b77-9be7-b996cf1d8f3b,b28a28fc-1f22-4762-8db7-2d3407a491fe,BEV-004
292bf2de-1926-4d27-9e30-03421e888cd5,d7bd29c4-9602-4a55-862e-766e57a12592,BEV-004
6c0131fa-b9cf-440c-b36b-202c53370e65,765d13ed-8ce9-4433-83fa-d2869cc8f566,BEV-004
99039394-5b3d-45d1-a578-448bcfc9569d,7f301472-a7b1-4e9f-94ce-9137f6da53b8,BEV-003
66241bd5-5a05-45b4-b1f4-6bd44fc5218a,95a706bf-c2b6-4f70-a50a-36527f0e01ed,BEV-005
af2c1583-c912-4f09-b959-78ee5bbff6bd,95a706bf-c2b6-4f70-a50a-36527f0e01ed,JAF-002
4d5a11d3-468c-4c40-86b1-d0d383dba0bc,bf420ebc-8f93-4936-907b-c610c6c7465f,BEV-005
e3b9a314-493d-4455-b7ba-9e06cf6d658a,01b76746-6060-4bde-9556-f91ae43211af,BEV-003
65a1593a-5fa0-496b-a7b8-fe1b26572509,01b76746-6060-4bde-9556-f91ae43211af,BEV-005
1714aefa-8681-48d3-b259-3fa68e5b5946,01b76746-6060-4bde-9556-f91ae43211af,JAF-002
01489b83-7d03-492b-b829-9bbe66b9e298,07edf85f-de55-4e30-ac04-a6462942dd37,BEV-004
787d3236-800f-48b7-a4f6-91cf75bb0666,77f2fc04-6f02-4f2c-bc96-d06c3776c716,BEV-002
b9645cb0-0f13-469a-8537-4958be223c54,c0782648-fa4c-4090-ab09-ca9310e8bd5a,BEV-005
f81bdcdc-06f5-4a26-ac43-bc8503c1f898,c0782648-fa4c-4090-ab09-ca9310e8bd5a,BEV-005
73dbffa5-afd9-43c2-84d3-87302efe0948,c0782648-fa4c-4090-ab09-ca9310e8bd5a,JAF-004
0c8e3d53-6a64-4ff6-b3c7-f4c29b338e6b,8d718cc8-6d4e-4661-aba0-d4fc17684d66,BEV-002
1a3ac083-25a8-4360-973f-f0c97f80cab7,08bdbfc0-fb6d-4b4d-a87b-db0215d8a066,BEV-001
966bc192-7eb8-4ef8-b2dc-82a8376ba254,61abdf7b-ba0f-413c-af32-212e64430989,BEV-003
86c730d2-a165-4e6b-a548-1651b669625c,82d3383b-934d-4078-8d13-25f12bec07f0,BEV-005
5aec4037-4929-4aee-adc7-2d160d012da3,3f6c3703-ebef-492d-a8ce-8ddce720355a,BEV-004
7e4bf3a8-b2b0-4077-9107-c398a649487f,c251a5e1-35c7-4ff3-af64-b03bf9898623,BEV-004
dbf22136-f9af-483c-9d0b-45fcc504d4df,e6143db3-6433-4dc0-a945-f63746e54f67,BEV-002
ce8052bb-d44b-426d-8818-afba1f0b5668,1a270644-e10a-4b2e-b836-3a26c0e3c24c,BEV-003
ffe740d2-5965-41ec-83ea-7d6eb778583f,2115bfff-383e-41b9-8f1e-1821485f9bb2,BEV-003
ff9ad130-15e3-4e74-a082-eddbcb08bbac,6f1b5805-c05f-4463-8b9a-a55c918c30aa,BEV-005
77afd641-21c5-4edc-911a-d5a45461b14d,4216b98e-c954-4230-b12b-aa24c3d5eeeb,BEV-004
4546f04a-f85f-4442-9d57-5c8804a18755,f636bb99-0d43-4491-968e-96f167f74b3b,BEV-005
308d48aa-e19d-4e8c-aefd-ba0a6dc19cae,88409bc7-0af4-4c60-aa66-1c4d1f7cb224,BEV-002
0fdd4d4b-d855-43b2-a914-f1874e9bb434,05049acd-1d18-4da2-b0cf-1dfdfd2a2796,BEV-002
e2195492-8578-4d9b-bdcb-647b5207b956,0f16891c-c146-4a33-a52b-8103c892da02,BEV-003
e32f0b10-3ace-4cb1-815f-7b4355361d85,0f16891c-c146-4a33-a52b-8103c892da02,BEV-002
60ac8451-d348-4294-812e-6f01136cba03,2d152bf7-b3a4-4df9-a358-744e8ffd93f1,BEV-005
3481cc63-683d-4401-982f-01376cbec007,f04ce5ab-a64d-4c74-b0d8-dd8db59ffdd1,BEV-001
4f625e73-2db4-4978-8fd9-6577be260b9c,e566a9a2-66f4-45a0-8d9e-f8d09c911223,BEV-003
9c24458e-ac69-4c32-8e1e-4d9fa3c433fb,6a8bb92e-e8fa-4eef-8def-2c10ec3787c7,BEV-001
7a4c8113-2edb-4d78-a8af-24968c0244da,a1384a09-2e37-4c6b-8b24-c616750b3704,BEV-004
ba7b2149-6f1f-413b-b75e-4f289b426703,a4d2a9b6-f7b7-4217-abf2-fc7d6d551ab6,BEV-001
2571edc9-4ab3-491b-b979-dc39a8e9c000,9e10149a-b232-4b74-88f9-f228c944ecd8,BEV-002
ec12a170-d9d6-42f1-bffd-f6f189590893,eb8c8e68-4bf3-4ce0-9030-a8c260210368,BEV-001
cec9502c-5438-4039-9dd5-453c810ee214,47627b30-1c57-4bf5-9f1c-5a0ac319f2c1,BEV-003
59d993c5-ed62-4933-a0d3-691a9bdcde23,0c056012-c340-4c02-a73d-72fdd1142d20,BEV-004
de94fabe-f968-48ad-9ebc-288425e1414d,e6fb305b-2ce0-434c-b1c3-4f2ee9d4ed3c,BEV-002
1b0325af-254d-4ed9-b058-c6b4f410ac4c,e6fb305b-2ce0-434c-b1c3-4f2ee9d4ed3c,BEV-001
ccb4a77d-fd84-4cc6-8740-d56d18642254,ce1bbd33-a3f1-49c5-9978-496fe1732a27,BEV-001
1f96f87c-9dde-4b9e-ab57-c981f85fb34e,cf4b8469-ab19-438d-8777-d81f45bd104a,BEV-004
da92c06a-a183-4d83-aab7-0fcac11f8f65,3872af6d-d84d-4c02-8002-ef4805be9f71,BEV-003
6ef2a304-84c3-4ce8-bb29-2c58a53d1dcc,1231a415-8732-4b56-a847-256553bdc0f0,BEV-001
018f5291-2bdf-4b7c-acc6-44518b733de8,c36f2318-91a6-476a-81c2-d97c44c20bf1,BEV-004
ec9f5d1f-9614-4c2a-b519-e4031ace4f41,f8c7e4ea-4af4-4986-9c84-5c19c36b2879,BEV-003
fceefc1b-95f4-41bd-a355-24feb09f0b8c,db3e4c06-28ab-4c7a-8cfa-8deb2c9e3255,BEV-002
3fe57292-4576-4fe6-a29d-65b83eea1faa,db3e4c06-28ab-4c7a-8cfa-8deb2c9e3255,JAF-001
fe05f64f-e941-4a43-a6d6-63b00fc49111,50d92e34-8640-400b-9f45-8417ce852f3b,BEV-001
80a867d7-8429-4cc3-99ef-a48bfc01214e,7090965b-1951-4bbd-af5d-2a7c83286093,BEV-004
587a8921-9d2d-4f26-8128-99437ba955f4,bc9a9db8-6025-4e25-a4de-7f83f4c6644b,BEV-005
cd9b040c-7c3e-4095-9092-41131e035db9,4877a632-d73f-44d3-ae11-1f22f7bd21d3,BEV-002
438d8e2d-fa70-4ba7-b6fa-6b9fe1b45cb2,af16678b-7f81-48df-b5c1-a3e976422e0d,BEV-002
920339bd-a81c-47ad-90c9-98f71b801587,28eef3c8-d5b3-40e6-8dbe-477eeea56e7f,BEV-002
cf00de48-ee95-46d6-99a6-8c0b3021af68,28eef3c8-d5b3-40e6-8dbe-477eeea56e7f,JAF-001
4a523e00-ca97-407d-a2b1-7d8e5fb0098a,ab68ff60-f34c-4bd1-a5cb-403a7cd736fe,BEV-002
4074d1ca-1191-459b-af41-fc89b6cbd1a8,7cfed61e-a430-4536-8a90-aa12de57a5af,JAF-001
14a584f2-520c-476b-9a40-21ee10f0551f,7cfed61e-a430-4536-8a90-aa12de57a5af,JAF-003
90f45348-635f-4678-b786-429ffb0f6544,7cfed61e-a430-4536-8a90-aa12de57a5af,JAF-001
f918ac8c-eb82-474f-8b6a-8658285f6717,66c4b8ad-1aa6-4446-bd58-582f78378a47,BEV-004
2b13add1-0fc2-442c-a206-d6c33d97bfdb,c11f73a3-61e8-46db-a3de-8e169d1ae3f8,BEV-004
40f653e1-9907-44a6-b647-14173f7b4c6c,fd5b1798-1a89-40bd-814a-d53caa03fff9,BEV-001
55230258-500d-47ef-8cc5-8e417af18422,fd5b1798-1a89-40bd-814a-d53caa03fff9,JAF-001
34809db5-ccbb-4ac9-8dff-d6fb0ed16673,cacf9540-368b-4fff-8013-2af7f68f5a76,BEV-005
983df05c-62f2-4701-9136-66e452a297e2,fb29e235-1f33-4535-9dac-12c8c34b4a37,BEV-005
851f97b7-13b1-471e-81ed-5ffeba89c64d,4111cb09-8ed8-4ade-90c8-709ef277cb52,BEV-001
c5b6a2f6-bfb6-40d6-bd23-d91c01300e02,4111cb09-8ed8-4ade-90c8-709ef277cb52,JAF-005
eb76e768-8ead-415c-b5b3-30cca445ceb4,112bf789-fe16-457a-863e-e6834b2099af,BEV-001
dbb3c387-19bc-4217-9eab-e35d0501349f,37678eb7-6074-4967-bd34-06181ba57804,BEV-005
f810f5a7-6e94-429d-bdab-2cc9f897cf55,f7f627c0-64c9-46ec-8fad-56a0b4d14c27,BEV-005
6e5952c8-44e0-4672-9544-c7997e19d18f,863524bc-99a2-4769-99db-acd1cfeb65b1,BEV-004
6eddfd29-6180-4144-967f-5021a4ebf486,863524bc-99a2-4769-99db-acd1cfeb65b1,BEV-001
899b986c-8c4b-4562-be7e-73d7e721bbbb,c40edadd-ed34-4448-b5d2-2ba27230064e,BEV-003
dba72744-ad5f-4c91-883a-e069148d4fb7,6f69871a-8d5d-4d8e-84b2-898edb10f90a,BEV-004
d824bdc1-f922-4ca9-8ab1-c3eceae49795,abbb8e28-b94b-4684-bb0c-df3ccf62c23b,BEV-004
f033ee30-1c6c-485c-ad98-ccc99a6499c6,9e7fcb93-6299-41a9-b1bb-4f671bb0f48f,BEV-002
291db43a-5fc5-4c10-a848-e99779dcc781,087b0efa-a532-44a4-bebd-0c562d1c73bc,JAF-004
2d151367-4e44-44db-8977-5fb4b38d416c,643b085b-9afb-4afb-8afb-1a94f5be68a2,JAF-003
bc61091e-752a-4224-bc2d-df29654621cc,643b085b-9afb-4afb-8afb-1a94f5be68a2,JAF-004
71127980-4dae-4c50-85ec-8ded77a2c144,6de1ea7a-a87a-4c6e-8f29-d712b2885212,BEV-001
cfa37704-59ba-481d-a212-2026f1b1c811,e9062ed4-a219-487f-8d3d-cedf1bbae32a,BEV-004
5a48f26c-f4fb-4295-9d3e-893eb8833df1,86aa27d6-0165-49b2-ac43-1528a85d0fb1,BEV-001
4e7a7e74-ca35-4b52-873d-ac2c09439a94,86aa27d6-0165-49b2-ac43-1528a85d0fb1,BEV-001
c309955e-6ff6-4484-9408-e25dae7ef454,86aa27d6-0165-49b2-ac43-1528a85d0fb1,JAF-005
557a3c5e-b539-4d30-b701-48f72f66e487,fa8e0bee-15e5-4a31-9adf-9d631c856eff,BEV-001
5a4da2a2-b8d1-43fd-8ff3-bae61d47f687,ce3d3ee5-fea7-4ece-b7b7-ec21416cc9d4,BEV-003
0acf9d3b-3ef5-401d-834f-df6027995df3,69a97818-6ad3-4c2f-8832-7f15044941f4,BEV-004
cb8815ab-23d8-477b-b252-05b50421d76c,3f4ce3f9-fc6b-4ae7-b8e0-2ad41bb5112c,BEV-001
175dae2a-0526-4a5d-9809-22c017b4b84e,b4bbdb61-2f12-4157-a9aa-98561612b714,BEV-002
f76ba565-d888-45a7-8ffc-b452c9d4fc10,31fcce92-d155-4637-b66d-5605b2d4a395,BEV-001
df2e89cc-d16f-463f-a103-1d920e86bbaa,888bd676-84fd-4afc-adc6-bccee6f4a261,BEV-005
b867d40b-beb8-408d-bf70-6fb7e1bfbd77,fa1bc34e-4ca4-4241-8c80-c700195558a4,BEV-004
730cb2cc-cd8e-4823-8765-9db100e71476,5d00f446-aaec-4639-99bd-059a8b4b003c,BEV-003
17399a56-3d1a-4e75-b4f5-9a61c11b0adf,426e0712-83e5-4866-b10b-4a1c1f271dc8,BEV-003
7bd28d24-18ac-49ed-aaed-527f8dce477e,bff3986f-88a9-46ad-8ae4-ee70b5b95901,BEV-005
ee572fbb-5586-4481-8215-6c70012770a7,bff3986f-88a9-46ad-8ae4-ee70b5b95901,BEV-004
eee8e6d0-d8f3-4d85-b81b-ce2a3ba680ee,2a5d1642-d024-45c3-a2ee-f74e8e6766a8,BEV-001
c9e52de7-ae69-4a1a-84d0-d4f156db414d,e1a7b8f5-889c-4878-851a-4c5f80227103,BEV-004
7144e800-542a-428c-9617-d1d255a0db69,1205f327-6cf8-4be8-88a7-76988efad19b,BEV-003
f7eecfb4-1fdb-45e0-b125-ca473e0ed0a1,1205f327-6cf8-4be8-88a7-76988efad19b,JAF-001
8fff06cd-e128-44be-af46-1bc62e638097,128c9488-c4d5-4435-8ef9-325faa0c59bb,BEV-001
efb8395e-4c3f-46fe-9360-f3c130605da6,45f6fcfe-dec7-4bb9-86b4-31cf617bac95,BEV-005
c8c59831-a774-4344-bc58-b71b88a1881c,45f6fcfe-dec7-4bb9-86b4-31cf617bac95,JAF-005
53d8bcf1-4b93-4d29-94f4-1ddc05e65b06,88c44b54-1b87-483c-8ec9-64f1c5444c8e,BEV-002
b8ec9f30-a1d3-44a3-814e-f678d2158149,88c44b54-1b87-483c-8ec9-64f1c5444c8e,BEV-004
b46d43af-c5fa-49a2-93ed-fd0432c4581d,faeeceb4-959d-444c-a833-62f38f3e3df2,BEV-002
57987796-2c97-49d4-97eb-558fd92dfdd9,dd86d6ad-eb3e-42dc-ac29-3bc904e5446b,BEV-005
b2593362-8364-4905-bccc-c2cf019c0bc2,dd86d6ad-eb3e-42dc-ac29-3bc904e5446b,BEV-005
1478fd9a-d8d0-48ba-bbb3-b0d5a55224de,a3c71936-28c4-494d-9680-86334f6cb920,BEV-005
85b8ac74-3ca0-4c5a-871e-ffc543890fa4,2e080401-2a13-4de7-a2f2-8bb0492665cd,BEV-005
a6fcf645-0011-4895-8263-0393796640c6,f082783f-c0ce-48e2-b5a3-499d55519e61,BEV-001
5458ffca-aef8-4bba-8313-6e10102f4813,d78d24d3-ff76-4921-b4d8-44c160f556e3,BEV-002
4a5ecf69-b9e8-4056-9cf2-976586897e72,d78d24d3-ff76-4921-b4d8-44c160f556e3,JAF-003
adb5b9c8-5487-4e15-93c6-8e986485c151,db2916e7-a9bd-4b4f-9004-b32d558636fd,BEV-002
e1d79f22-a561-4332-ad75-da2fc728ca8d,e9633531-49d4-41b3-9bd1-a36543d36df6,BEV-001
ea52ef55-902d-4094-a306-1bd0431d9afb,42b01fb5-ad36-4832-b3a9-d1dbeb884678,BEV-004
dbe6d736-7528-4b5c-bd31-36e4491d532a,42b01fb5-ad36-4832-b3a9-d1dbeb884678,BEV-003
ce2534fc-69aa-4d61-a7e1-eb954b0aa825,40c31428-8d7a-48ed-911d-b5358c04c55f,BEV-003
63f9c38d-a683-4bb6-a670-3e61c524ec25,8156f0c1-aa61-4256-ab59-d7fd40e9bd0b,BEV-002
821ed8ee-8b8c-4f58-88fe-1f0043acca28,8b557108-4348-47a5-bc9f-e3c04c4b8fd2,BEV-004
0595714d-2a21-4a51-9679-4e408605d007,8b557108-4348-47a5-bc9f-e3c04c4b8fd2,BEV-001
a3b448e5-30c8-42f1-896a-3fdca0e6f29e,a488e002-39c2-474a-b777-c33a50e57c87,BEV-004
f473020a-c23e-4061-83cf-0492578028b9,5decddc9-fe36-4f10-b8ed-f756aa5bf76e,BEV-001
e20fe70e-8667-46fc-bc77-27d5d4adb899,5decddc9-fe36-4f10-b8ed-f756aa5bf76e,JAF-004
ab977b1d-e30d-4bec-b807-7cccd639ae27,ac28660d-0c25-4c97-84e5-cc508b49c2fa,BEV-001
04db5153-08d1-4a37-9a91-25697d9f3772,2fe204b8-2215-46cb-b0c1-076107195890,BEV-005
c04266f9-8a04-4b78-b831-53faa1789f55,a99ce1d2-18a3-462e-87b8-7e330a32c02e,BEV-004
f1a90ad9-51c5-45ac-a6cf-bb896a1ebf8c,65957900-adee-4120-aa6b-94b81f592320,BEV-001
7bb6dd0f-e243-486c-a63e-1e4275581e98,a765381d-25de-4855-8ff7-271695c4851a,BEV-001
9c949cb9-d5f9-4c6d-9605-6fcb5a0bf0fc,970e1449-a79a-4def-9040-24e6e6c707b6,BEV-002
40893625-8b13-4dfc-bec9-62d9aa6ff7ff,1c1ee4f7-45a1-4097-ad9a-2983067771cb,BEV-001
2248f3af-7e93-4210-b7cb-f7bcb417116a,04abf9af-c31a-4632-b514-faea7f04d5fd,BEV-002
afae7c21-e3d7-4f98-b6e4-e4b1db182bdb,04abf9af-c31a-4632-b514-faea7f04d5fd,JAF-001
ec473dd0-7cd3-4639-a132-5609715c0ec8,7191b4de-3cd1-49ce-8a6d-b95cc719ac1c,BEV-003
90e2a1e2-2d47-475a-a312-9a269f51c59f,62d9ede7-bbd0-468b-b8e9-7e53080c7ed4,BEV-003
6a6a391f-34ad-41a1-b53e-0f195663b666,1c1f88be-cdab-4b59-8b68-68015f1fdf68,BEV-003
3c99330b-2d1b-4e19-9039-7365a2d64c56,faeef311-912f-4ed3-b890-f0d28fdb3648,BEV-005
0b14af14-1437-4d39-82fa-ca0d941d16f7,faeef311-912f-4ed3-b890-f0d28fdb3648,JAF-003
7fd17711-b244-4b1a-beca-76dc36674dd2,772eac53-41a6-4f31-88f6-282bce9274c8,BEV-004
8f8e55bb-caed-4a7e-be38-5dff8d00ce12,02b3a9bf-1dab-4ef4-b6cf-f68f1c0a0c08,BEV-001
c6272770-51a0-4c29-b605-64cf5870946d,2b22b72c-0113-4d16-bc0d-584b3a168c98,BEV-003
c8bfc9ce-df37-4dcf-af03-3c8eb5d174b9,6a22a34a-4cf1-46ab-b062-98df66200e22,BEV-001
fe21eefe-ecb2-4cea-a799-ccfc2c5c17f1,6a22a34a-4cf1-46ab-b062-98df66200e22,JAF-002
54b9bc62-62f6-4d4e-adb5-31c5b1d8ff38,32954d32-5989-4270-ac7d-aa64097f1ae8,BEV-001
233e641a-ebc0-4157-bc42-54cb77aa7d39,37c07f16-d2f7-4dbe-8370-3b9ad23e1263,BEV-001
8206419b-08ad-4fed-a470-d5d697c7ea90,a33fd0fd-ec5d-4ab3-b514-e7a41fff973f,BEV-004
fbb34da7-0508-4784-97ff-5b722d6bec2b,68d6cd00-9408-4749-85f3-fa46318a2bac,BEV-004
0a20e62e-bb65-4ab9-9ab0-4bc004cd9a29,0679852d-e9b0-4013-8187-ae5b9ad16266,BEV-003
539cbeed-ec21-4e38-8b75-3fc8bb1165c5,0679852d-e9b0-4013-8187-ae5b9ad16266,JAF-003
1713a2cb-d168-46e1-946c-73d01076c84e,05ba782c-68dd-4929-90d7-21573ce27ed8,BEV-004
3aaa95dc-5425-4b3a-b837-c622d1b20dcc,9b3fc0a7-34f0-4417-933f-92b69559d9c0,BEV-005
1a43b93f-fb44-42c4-99e8-3673049d2ba0,ec8d0263-7870-4ee9-8be0-1bc392895415,BEV-002
4dbc0f04-31bb-4ba5-813c-4af0d1ad84fd,ec8d0263-7870-4ee9-8be0-1bc392895415,BEV-001
5a3311e5-5c23-43a6-a583-e41b0f4ef746,ec8d0263-7870-4ee9-8be0-1bc392895415,JAF-002
1588e3db-1126-449b-804e-c40d81ad310c,17577130-3e64-4b2d-b452-2ea2072e1a20,BEV-004
d0671b63-90e7-42d5-a371-7a346dea5556,994a7264-ee88-4788-aef1-120694c6a589,BEV-003
5bea5414-151a-4151-8a44-5100858a56a4,994a7264-ee88-4788-aef1-120694c6a589,JAF-004
b46e0b9e-151f-4cd9-ac8e-284be5ca993c,6c4aec06-ca07-4fb9-95bf-6f421e9dfe5e,BEV-002
93aefa20-c50b-487d-939c-e09d92b1a28e,6c4aec06-ca07-4fb9-95bf-6f421e9dfe5e,BEV-004
597145b9-4b54-40e5-b902-53a0b96b35c8,6c4aec06-ca07-4fb9-95bf-6f421e9dfe5e,BEV-002
50a76b36-ba0e-425e-b2b7-b2abf131a0ae,6c4aec06-ca07-4fb9-95bf-6f421e9dfe5e,JAF-001
d7551b40-0435-41de-9189-bccc2d3d4dd3,c63d8e44-d17f-4037-95c9-27b2fc01d7dc,BEV-004
8373b9ae-862a-4862-bc6b-5dfc904c50ac,eb9bcca1-a769-4329-92a4-7d68b01ecbfe,BEV-003
d994d2df-25e3-4054-95ae-442bef3482ed,0a51bd8f-2ab0-47cf-bfc5-55c88ff74ae7,BEV-003
4a800022-b39a-4f5c-a69d-2c26d0466b71,c1f81952-6661-4d2b-af9a-50c53fe25e7a,BEV-004
e2052018-e4b2-4853-99a0-0a33f36c7588,81c249f4-6de6-4456-a0f2-c6b2184fdede,BEV-003
61f400f8-367a-4fa2-94d0-9fcc511eb253,d31b5d22-2ccb-4331-b661-34f3fad78d27,BEV-001
b6ae23c7-9cb0-41ee-a448-bd740c026f82,3a81da78-16a6-4993-a20e-029fdd1f3678,BEV-005
b6e66b14-958c-44aa-b482-21277f3936fd,734cfb59-768a-4e5f-b698-a670af0e15a7,BEV-005
591db357-1358-433d-8425-dc908a7b821c,734cfb59-768a-4e5f-b698-a670af0e15a7,BEV-001
8465cd8f-d32a-4b17-9a45-82f9f2c052cd,ba08b1f8-a1b3-4a97-8c11-a7604146d866,BEV-005
01e29f69-d184-4483-81e1-5118a2ba004c,48e9fa64-df90-469d-8bbe-81b350a444bb,BEV-002
adcbe29a-4613-43ac-b931-f55fde13363e,1ef33baf-b78e-4f9b-b21d-e26a61fff4d0,BEV-004
5a73834b-976e-4368-97ba-93a97ed59205,e7985610-e3d0-4a29-bb1e-9a081b5ef683,BEV-005
cde7b575-118a-4197-8b88-e6b1bbd58477,ab029270-67a8-4bbe-a7fe-d069b5e5a67a,JAF-005
b4437943-7d02-4710-987f-52db58c13070,f6343ee5-531a-486e-9272-d6966458ac27,BEV-002
e82639d0-84e8-479e-b700-72e38d54b875,7438a15b-2f63-4628-a1bb-44a9afcd38e2,BEV-005
f306260e-84ef-40b8-8503-b161ac56b003,f639a421-0f0c-4c5c-bed7-99ca45efb8d4,BEV-003
9b6ce187-5fdb-4983-8fd0-5ffd89eab5c8,f67f0226-9d23-43ca-b224-3e42a8909e91,BEV-003
1b434e0f-e9a2-49be-be74-e3f6d006a005,e58a549c-bc6a-4df1-8500-1677415f5553,BEV-004
c502eb3a-a3d1-448c-8b03-2c51ad1dd02b,c2bf6ded-736b-4002-b824-7233800bceea,BEV-004
b4473f73-1d72-4d63-ba1e-c73efabcee5e,cbe5ba87-21c8-4a41-b091-bd947a6538bb,BEV-001
85ebccfc-174a-40ce-96c8-fb56307b5640,03614de6-ec97-4fea-a7bb-bfab294ff616,BEV-001
b3968017-1139-41d7-8e8a-b12b3dfef64c,2348fe55-57a4-4af3-b3f9-f39f3c73c7db,BEV-002
8f7f70b8-96aa-437c-a200-2a34ad61493f,d724d3d7-c1b9-4b98-b711-09918b9234bf,BEV-005
d98e9dad-c5ed-41a2-822a-d1e7dd335c95,27ed5cc8-4331-4330-9110-6f7ac7fe073f,BEV-002
dbef9ffc-28cd-4d3a-adc0-5d53b0bce67c,27ed5cc8-4331-4330-9110-6f7ac7fe073f,BEV-001
825dd763-c360-4f3d-8337-6ce1534fb63c,27ed5cc8-4331-4330-9110-6f7ac7fe073f,BEV-004
282ba285-899d-4867-abfa-7d37577f44ee,27ed5cc8-4331-4330-9110-6f7ac7fe073f,JAF-002
bbff24db-ad77-4921-83e3-eb2c62ead742,27ed5cc8-4331-4330-9110-6f7ac7fe073f,JAF-004
b5c13411-226c-4481-a3cd-a85b2f541188,59c5aca4-38df-47c1-a1de-0e370e8450d8,BEV-003
8243d3ab-a630-4343-a4ec-979be5774dd7,dc1eb1e6-df9d-455f-b481-c1c5ad313d01,BEV-004
03eb899f-6474-47e4-8769-8fecb96be021,dc1eb1e6-df9d-455f-b481-c1c5ad313d01,JAF-005
19a115da-359a-479e-9ec7-77a2d4882a79,41ddf403-ac5b-4f19-a36c-969b4fd62e03,JAF-005
6e83c865-b2e7-42b4-a558-34e2639465e4,41ddf403-ac5b-4f19-a36c-969b4fd62e03,JAF-002
35ca9a65-803c-4a22-bb89-e8a332f21216,bed363d5-afd3-4259-9270-ea5731262ed3,BEV-002
b180e96d-c5a9-4f91-aa74-8eb63ebd6fbf,5d164956-f232-4011-907c-d9529758b817,BEV-003
dd517a7c-3ac4-4139-a9c4-2daa2ec314c0,2565fff9-e21a-4e3b-b205-202f3e21002e,BEV-001
32f4ef70-3227-4cba-913a-0051a4fd6fa5,f2405ee7-52f4-4a9e-8820-248609978a83,BEV-002
16558a82-9a28-45df-9f38-d88de701ccbb,f2405ee7-52f4-4a9e-8820-248609978a83,JAF-003
a05ccfb5-986c-4173-b141-9deab5ac4bff,8a382b31-2bb6-43b9-a4fc-6918d56a8ef3,BEV-003
430fc02b-f17a-438a-b980-92853da5fc46,fa4e07c2-3956-4d69-9ef8-e5989ec60634,BEV-005
4e02ba79-4c26-487e-a49d-403433a6f802,9de537e5-ce54-4765-8ae5-6d87e9176009,BEV-002
40ec1691-6c48-4233-9686-9ccbdfd7616e,9de537e5-ce54-4765-8ae5-6d87e9176009,BEV-005
bb93808f-9601-4547-838e-27c99b143918,9542a52d-e6bb-4944-bb7c-c31484e34d36,BEV-005
17a51b1e-f1f1-4014-8cb6-5c903811ebe9,ab3f0453-74fa-4d4d-aab8-9a64119fbfd9,BEV-002
53f787cd-153d-4494-be3a-fc01f51d3a7b,17f3fbc3-bca6-43a7-b682-865aaa9eb36c,BEV-002
7b00a600-8e3f-4de1-9697-1ebe620c4ac8,2837353a-5c6a-4e26-b0a3-d140a0470342,BEV-005
11346c2a-ee68-4eb6-bf2f-fff1863f7a76,2de2568c-af82-4e87-9275-73c21b2c6b2e,BEV-004
e3f2e1bd-c943-4605-8fe7-7f591a7e8bce,11ed119c-b49a-4e58-a160-db238190fe89,BEV-005
01b5af4a-324f-4130-b00f-b29070eefa77,0b53b44f-8911-44c9-b824-a236df36ff08,BEV-004
e83c9a13-dfa0-4782-ac56-9ded6be58683,470c0c90-20a6-4213-90c6-14f39dc5ad92,BEV-003
1f0ca9e4-fd47-483b-bd05-b5bb47f8b0f3,5163c2d2-f641-4754-aa35-ce2960055252,BEV-005
e87c081d-cd15-486b-beb0-628145e42452,58ba5e2f-ac01-4473-aaba-bfe4fb8d1695,BEV-005
df8964d1-ef49-44d0-b9bf-e8f4afadd788,0bbc0ee8-5ddb-457c-88e3-eba99570227c,BEV-005
ed78a8b0-98f6-494b-8c7a-be81795dff4a,0bbc0ee8-5ddb-457c-88e3-eba99570227c,BEV-005
a7d4c05b-8395-482e-9030-1cfb98f2f9c3,222dc8e1-9792-4a85-bacc-3f67b6f190ea,BEV-002
e8317144-1b00-48c5-b7b5-d62c860c4521,41e35170-8116-4d33-ac31-5afa51b0a717,BEV-003
7a1c19dd-1bde-435b-bbbb-8fe5ddcab833,b77e2d6e-8c14-4fbe-8a75-0a862613c939,BEV-004
2f123e58-242e-4e14-b5e3-9caebc7085c1,98eda357-cfa9-4acd-946e-044eb8da7c43,BEV-001
41d26410-7437-49ae-9672-bb9023a2aa7f,98eda357-cfa9-4acd-946e-044eb8da7c43,BEV-002
097eeacc-50f8-470c-aa56-0282345945a9,1be8c5cb-036b-4b8d-9525-5215da8e10d2,BEV-002
715ab40b-cd7a-40e0-885e-2ee53470737b,581b7701-6f8a-4395-a2db-409163b92e80,BEV-003
7079fd40-6425-4bb6-9632-f869dca3dc96,b1c1a217-ff50-4034-b457-4a0129d748a1,BEV-002
7c6406db-252d-466c-9c87-6a7081376701,cd10b1d6-79e3-4282-8a5d-83f44fd91ce2,BEV-005
a2b6c817-6578-41d7-b50f-55756343c99e,b5fb6d9d-eb77-444c-a533-06089b0e8041,BEV-003
35debf14-c20f-47a2-a8b3-65db93b3bd2f,b5fb6d9d-eb77-444c-a533-06089b0e8041,JAF-001
c31a98bc-bf06-4a85-9308-a356be43200f,479d0987-14bf-46b3-bc62-24fba044cfff,BEV-001
91e4362c-5e9c-4721-9593-358f37bf747b,0f06a7a0-de0a-4441-942b-ae2b1f2e3daa,BEV-003
8322ecf0-b478-4049-ba0b-3f02ea4feb75,164c39c9-9a56-4779-8191-03fbd6710315,BEV-001
a748d5d4-5e69-406e-a2a1-39e2742470fc,0c31787a-5a1b-40a5-8f8e-e7ff927376ea,BEV-001
8d6da811-74b3-4eac-ab18-b691a9f586c7,8c18fdd9-de1b-4c35-88b9-f62a1c7b567a,BEV-003
762eee71-df3b-4e9b-a42c-b217b92d50e9,0c937d96-2859-4591-8835-80caa503c2ef,BEV-002
aa365dc5-9949-4199-a157-2f3e993af8e9,0c937d96-2859-4591-8835-80caa503c2ef,BEV-004
5cf7d3ec-6e80-4612-b40e-e4d6009cae8f,0c937d96-2859-4591-8835-80caa503c2ef,JAF-004
ff18a29b-3a2b-43ff-9cd8-269d066bceeb,1c893364-5273-4a92-a317-07724b1eb371,BEV-001
3629b2a0-4e55-4e8d-964e-90674393001a,9a39a7ca-d1c5-447c-813e-3b8a0af7e727,BEV-001
57d271a5-a019-4752-993b-3a2d9a2deb87,189494da-27a7-4e27-9931-dec05fb4e8f6,BEV-002
d112cf63-38bb-4d32-9f49-ccbadac3351e,f4bfe458-494c-48c9-a5d0-c15ff0f9f053,BEV-001
e9c0998c-6031-4518-a6c3-05c39e44d228,5bff4d2a-7a1f-4263-bb61-eaa7f909659b,BEV-004
ddcb1767-1e3f-4684-9ce8-40ffdcb81122,7fc00d12-0998-4f84-90c8-2141e4f8fda7,BEV-002
3a17cf3f-bd1d-42c7-a284-ee0e2c010edd,e22cf0b2-ecb9-40d7-878e-51e23c974773,BEV-001
9e412477-4750-469a-8a05-be36239d3f4b,29bc09f0-62f1-41e0-ab86-c472e4e1eeb1,BEV-001
bef6623f-6c67-413d-95e6-7e1c25f85295,53c6585d-d0eb-4ac3-8358-d9ff168b5181,BEV-001
f3cbabbf-c7ba-48f8-9d26-37e2f556c7a7,cbfb370c-cbe3-4d09-9232-85b7aa647765,BEV-001
1154e7a6-f615-44ec-b3c4-3768b4a32722,cbfb370c-cbe3-4d09-9232-85b7aa647765,JAF-005
bd8d8df4-e0dc-42ff-9aa2-aeab882a328c,e2f53afd-728d-4e80-9f40-6aaf35f8c2f4,BEV-005
b0e010a4-6124-4ae2-80b3-cabeb8e07478,2e9d793f-a8d2-4cb1-a668-752ac665732d,BEV-003
7cc8ab4d-f670-42ba-951f-b51af078edbd,ad20094f-0027-449c-a75a-47e602f6d76c,BEV-003
a082f983-15a2-4c91-8e62-305d8b21f2ec,593712a1-73a5-4a28-b3e5-83c4b73e22b3,BEV-002
29564af9-229a-49a9-a679-f81daf3539d4,593712a1-73a5-4a28-b3e5-83c4b73e22b3,BEV-001
ef720cd3-2db5-4d83-90f2-eb7a0ca831c6,593712a1-73a5-4a28-b3e5-83c4b73e22b3,JAF-002
b05ae2c3-5cd8-4881-b8c9-4da5c3e13fcc,6f617403-7083-41ca-a168-a9c1f20148c3,BEV-002
72c9b91e-ea79-4bbb-a46e-20ffdb627fb5,276a6b57-a307-43f0-9783-8c65b18c3c42,BEV-002
7c466fe0-6d1e-4831-a2e9-29272c284a51,276a6b57-a307-43f0-9783-8c65b18c3c42,JAF-002
c87e362f-e490-44c2-8948-783179804a73,927fe4ad-6d62-42ae-bece-b58206db9778,BEV-002
b7b3ccb8-7ba1-4112-9089-b018bb92c159,64d58e3c-8e2f-450f-906d-d162c5834373,BEV-004
3e1e4932-8734-40c5-af25-f160d366a37e,64d58e3c-8e2f-450f-906d-d162c5834373,JAF-004
a64f522a-25d4-4862-86f7-97d1ee91588c,ac96aca3-6978-4064-a586-8a96fc2e52ee,BEV-004
0efea6dd-b11f-4c2e-9de3-d96e15901ac1,ac96aca3-6978-4064-a586-8a96fc2e52ee,BEV-002
2ce44fa8-ebd3-46ef-a787-87285bd1cf19,ac96aca3-6978-4064-a586-8a96fc2e52ee,JAF-005
7c6862f0-ee09-4aff-82c9-eec04380971e,ac96aca3-6978-4064-a586-8a96fc2e52ee,JAF-005
43b1b8e2-28bf-40b5-a529-fbd1f1cd8bd2,56eb3f1c-3422-42ef-9137-839d64ae6756,BEV-004
53bf3ec1-f483-4ce9-8b7a-40b44c409e71,2d15f359-0c23-44db-850d-9839a369af14,BEV-004
48d73a86-0294-4137-9d42-cab4cd3cbce2,8cec70bb-4a94-420f-a6a9-6e89d2349fd2,BEV-005
e246a42e-65d5-4fab-ae20-2d8a731addf1,f2178d8b-3b2a-4494-b702-e0abe39705af,BEV-005
3fe233ba-ad7d-4cb1-b839-8e9d56c3188d,7528513a-d2a0-4215-9c84-3e5077d41935,BEV-004
8a5cd7f5-bc51-4564-ae18-52045a86857a,cbb5d7b0-02b5-4d74-9a96-5a901d76b693,BEV-001
b638852f-02e6-454f-8f28-0083ebcee329,cbb5d7b0-02b5-4d74-9a96-5a901d76b693,BEV-003
165d5cf0-3f5b-44e0-a765-f8e235dc286f,cbb5d7b0-02b5-4d74-9a96-5a901d76b693,JAF-005
5531106c-0db8-4386-a0b2-f7488744bc4b,c18a6eee-f69d-4841-a81b-6a0ad7002716,BEV-001
372aa008-0774-4dd2-a837-2f0cb5255bb0,c18a6eee-f69d-4841-a81b-6a0ad7002716,BEV-001
376df271-da26-4884-aa47-93171a5d3664,6cc7f8ce-ab1c-4c18-b0b4-7fc26b4df1d4,BEV-003
f05ca81c-a58f-44e3-b4a9-6f5e1ceebd1d,4d29eb76-239f-4ca8-9b92-ce9da8459975,BEV-005
7ab370ec-0c35-48d3-b7be-cbfa60208862,8c9e802f-8165-43e7-b643-b591a392cfe6,BEV-004
7f267824-9dcc-4713-aa60-c97d3ab7495c,f789eac1-f6f4-4e0c-9dff-c730327d5522,BEV-002
06461993-6b90-41f7-b0a8-893e89139496,7261c629-8e9f-46bc-83aa-c60438e95a2e,BEV-003
c5473b22-3263-4248-a734-82a37c6902d9,bbd146fc-e8cd-437f-b251-73fb964bf0e9,BEV-002
1ddea8e5-2027-46f9-9a95-90b86c84f646,4d71bcdb-e801-45be-941f-48002fb7370b,BEV-002
52475baf-9b78-4199-9869-13a6ee71e119,880d3e46-c0f1-48c3-940f-a14fbfae0141,BEV-004
7603a6a8-91d8-4dd9-8600-b579ecb2b9b6,e00941c8-c9e1-497b-8082-0e3687b85115,BEV-003
18cee7ff-73cd-48b9-b474-a820d52a2b28,e00941c8-c9e1-497b-8082-0e3687b85115,JAF-005
0c886ee4-5467-4050-a5e4-11d42fa903cd,1bec51fb-5b53-497d-9b2b-09efd0376a8a,BEV-005
ee521cd8-af9b-4655-b981-1f4d6774f050,225a1a82-0a10-45ec-85fa-62b67b3c5e3c,BEV-001
c00069b4-0330-468e-bc7a-5cd264dc9368,842e43ae-aee8-462c-83d2-ac0187aed045,BEV-003
1c9db7a2-4e84-4f02-b76c-d2602b9c2efe,e285985b-2d18-4fd5-b6d9-a9945bebf353,BEV-003
471f77c9-c4f0-4283-a57e-50171f859576,b6e7eb02-f265-4b4c-8899-fb0b0081f63f,BEV-003
0570df32-820a-4d99-8b21-a92b0c28890f,b6e7eb02-f265-4b4c-8899-fb0b0081f63f,BEV-001
3be21135-6120-4302-be10-d0ac0a6e534f,b6e7eb02-f265-4b4c-8899-fb0b0081f63f,JAF-005
741b541b-ebbe-45f5-b949-ef85fa32b632,b6e7eb02-f265-4b4c-8899-fb0b0081f63f,JAF-003
5631dc72-df77-4b4d-a3d6-4c4f81cc723a,df0d9bca-327f-4f03-85d2-ed580417ea0c,BEV-003
f727c2de-ffc5-410c-a032-b47d1c797f31,6ce72f87-d36a-41ff-b2a5-e4ccbabcd3b8,BEV-005
590272ee-c806-4bdb-aea9-29af0343e326,07d8dd1e-1d3f-465f-83ea-a171dc7625b2,BEV-005
823c8ade-68a3-49d3-a563-b77df6258759,e160e11d-0580-425f-9acb-abe795bb0228,BEV-001
ed30c1e4-542e-4ed3-a261-5bdf88644475,7d98a5ac-28b3-446c-ba02-45be7dc8fb91,BEV-004
f7fe1f22-e194-400f-a0b9-94a9c9ea2451,7d98a5ac-28b3-446c-ba02-45be7dc8fb91,JAF-003
68c466a2-5635-4eb8-8886-d8096c3d1df6,31fbc84c-4391-440a-97cf-a6a1b3ff99b9,BEV-001
0a9c831e-f1d1-4958-a8cf-4d78f1c05c89,d049c491-121c-46e7-b56f-076e790fc6e1,BEV-005
62c355a5-a894-4c75-8132-bf94da38765a,29c29182-c6c2-47cb-9653-9b1d8fb4838e,BEV-002
41709b25-3605-47cd-92e0-ee371dc129ff,8b6f4b1d-693c-4ce2-9619-82210a207eb0,BEV-001
85acc5cd-2ded-4f2a-ad84-8c25883fa05c,12083d1c-4dfe-4f9c-b8fb-1008cc42a7de,BEV-004
808a03e3-e760-4ae5-927c-e15764950c40,12083d1c-4dfe-4f9c-b8fb-1008cc42a7de,BEV-004
3415ef59-414f-415a-9d4d-b54d60077398,7c3a53e4-6347-4302-9842-112edddd58cc,JAF-004
bd07670c-c753-4d6b-972c-83d8e2d0f8f1,7c3a53e4-6347-4302-9842-112edddd58cc,JAF-003
33a06057-3dde-440f-9c69-2210c44c7779,7c3a53e4-6347-4302-9842-112edddd58cc,JAF-002
8a191770-1656-4d8f-b786-230f07b4923d,f159bbf5-295b-4ecb-96ea-4841c6669b7e,BEV-003
655b9295-709b-4f82-a2dd-33e0e08517e7,0e7fb016-64ad-47d5-95e8-bdcb7880e19b,BEV-002
ac6d3372-86b5-4d4e-a6ce-6b0e60d8d914,a6ba02bf-1e72-4c8f-8e13-4c31423d9419,BEV-002
dc1bf633-218c-44d6-adbb-3d042645951a,bea76f18-da21-4dd8-b6d6-3b0ce2e11dd0,BEV-002
2edfaebe-a930-4493-a707-267afa652f73,c5527ba5-5bca-4ef4-8407-abc72811c76b,BEV-001
2cae4d88-4104-4493-b3f2-4693403f0a69,716bd5c4-b7a9-4700-8d07-90eb89dc7a6a,BEV-002
7f1410ec-14c7-4972-95ec-5958ab5121bb,172129b8-13a5-4deb-a1c7-5d990636a44b,BEV-005
c459bc26-e0b9-41b8-9764-bb55ad563062,172129b8-13a5-4deb-a1c7-5d990636a44b,JAF-002
b5393d07-1184-41fc-9e53-6e9e18df5f37,2d99f309-b23f-4176-bc57-7f86a9d2f5b5,BEV-001
d1bd6589-b28c-4dbc-aceb-4d126471a68b,bcc57d9a-e9e6-445c-8949-0593a40badf2,BEV-005
0b5a3890-5603-4ec7-83f1-939096804236,784ad445-83d7-4e53-a1c9-c018b680c37e,BEV-005
236db556-6371-499d-a97a-93f3d28a92c0,8aeeae49-9ad1-4f4d-897b-3532920ffd0a,BEV-001
78162a98-ef8a-4e38-ae9b-19247cc49bd5,60a61080-056a-420b-8ffe-94415bf5c0e0,BEV-004
97e81b93-5521-4c17-842c-e2b3a325868a,315902f6-9c33-4ae3-9237-c2332058f262,BEV-003
e04cbd29-c87c-4a92-b5ea-cfc8b9c27082,ef2beef7-2da0-450a-906d-093cb323af03,BEV-003
b221a6f4-fd23-4b9c-b0fd-64c626944dd3,aabd3844-4205-498a-9955-3ecc8227e4d2,JAF-003
77bf76b7-02d2-4148-a244-44aedb502def,aabd3844-4205-498a-9955-3ecc8227e4d2,JAF-005
bca7a76b-e7b4-4555-a3ad-fee6f076fec7,7bcfbb61-62ff-4c0e-b14a-fa8d748086f8,BEV-001
3138f093-e896-49f6-a192-238f4032f0de,e539b37c-2caa-46cf-9b97-a0b9126a3f7e,BEV-004
158381e1-033c-4934-94da-fc67604ce754,35410a52-a716-4005-89b2-a09ed004b473,BEV-002
ae3871b3-2d32-4edb-9f7b-8f8e67b9a6e2,afc90fd5-59ee-466c-b8b4-9dfc0cbee9ac,BEV-001
696db59e-1340-4264-930a-4c785eb27f1d,57b08b10-7c65-43cd-90b1-6ef0867c980b,BEV-003
a50ec6f4-b4de-4fec-86bc-8b9e3f9d518a,93bfb1aa-a64e-421b-853e-3b9fb1681b7d,BEV-002
0b341613-6a88-4221-a241-b2cebc0f85ed,6b537180-56d3-4050-828f-f7ab68be10ec,BEV-002
999b5013-aab1-418e-9c1b-c8bf322af651,6b537180-56d3-4050-828f-f7ab68be10ec,JAF-004
9720149a-9f49-424e-ace5-4353e7021277,9dd6caa0-bf59-4171-a2e5-6fa7e4352538,BEV-004
e29e8551-c759-4e3c-b2f7-03e98705ff6d,27859d4c-8dea-46f2-8b6b-d70fb835cc14,BEV-003
6e5404fe-e7a6-4656-b224-e01cd1d64acb,8b78945f-f720-4a85-940f-a73b6fffd7fa,BEV-001
48317d7d-dd55-4b57-a1f5-3d278d5f0f7a,b5612c45-8b0b-43bc-bb90-da9b2b5fb29b,BEV-002
d39da169-d6f9-4a06-a223-074852108122,69063038-c6c6-4a35-b2b6-d823627cae36,BEV-005
301b6659-efd9-41de-af6e-5a56af736079,1b917b95-c0c8-4807-a716-b6b2447f4441,BEV-003
d80e0891-1bc0-4c79-8619-bc6c7f707b14,66ea78d0-ec71-4a5a-b34b-15994bb573b8,BEV-001
5a26b9f0-28fc-4f4f-924f-0c5e159b3a31,ddb82d86-9471-423e-909f-fac630734882,BEV-001
29063c68-84ba-4e01-b364-0bf4cf8e6405,ddb82d86-9471-423e-909f-fac630734882,BEV-005
cce1d935-b440-4b51-bd90-6b25643fa985,b7accf73-a52b-4e62-b700-c45821a05ca2,BEV-001
179b7f3b-278a-4e9a-93ce-3f96009fdb00,e57362b0-054e-43b0-9fc6-f4e7bb61f314,BEV-001
6c578256-ee5f-42b5-a509-39ff86a361b8,d67a2b3c-4a9d-4ca6-9eac-2b1289ca3a86,BEV-004
9338fca8-4325-42d9-ac0f-f4049f67513d,1a08f751-03f2-4f53-9ea8-6e1f6a35db56,BEV-004
c08a0ac4-ec56-422e-adf5-5b2762e5d813,93243d18-7d60-4b4f-90d2-c886d11ea159,BEV-005
efb292ee-7537-4d5d-abe2-da4ad1cea765,38701388-cf78-4296-a2da-2c7191304580,BEV-005
4538ba76-3cef-480a-a703-8ec1e29c8f8f,74f03f19-08f6-4698-bcc8-387803c78d4f,BEV-005
70cb01d3-ce61-41e5-8bcc-bebe13ee9e21,74f03f19-08f6-4698-bcc8-387803c78d4f,JAF-002
97e9b137-11ad-482e-ba27-15a6418039bb,c257a54d-8eb8-432d-ba85-0b1b22ed03a3,BEV-005
bdc8be03-fd32-4ec1-8e1f-87884adeb874,1c3b2e52-3f76-42f8-9748-8011c9030e4a,BEV-002
3890d3d7-14ed-4e76-9224-1e1ab8226e80,e58f2128-1352-4689-9e34-4af36b6d20a1,BEV-004
03c6025d-3196-4919-9f8a-b92180ab73da,9348b6b8-15ba-46a8-b74f-c0a172cdec49,BEV-002
1172674c-f91a-4a1e-9433-e42fbf7c4a84,1e7c2381-9b4d-4359-a7bc-762e134f8e4a,BEV-003
ad7b1e94-c0cf-4b4e-b181-c4eebb510205,427947b8-7674-4bb5-9195-1c56df4c8e28,BEV-005
cf96b378-9d0a-4db9-9327-9f29f70e8a22,45c54612-8adf-41eb-b880-42bb1c167c4e,BEV-003
96d55f0a-c5a3-42b1-9273-3820ce568187,179352c8-ec11-4c4a-b3a3-5f5708928819,BEV-002
9b0547ff-17d0-4642-b8fb-a4e6af4a543b,59160fdc-ea2a-4fef-bb49-181a286d7dbd,BEV-003
580bf4fc-8734-4b8f-b71b-728666eda1e5,d4538394-480a-48b4-a888-ca1bbb4822b4,BEV-002
36543117-e480-4bc4-888e-b46c39929761,5ce5146c-5c4f-4679-bc1e-482c9e62a64e,BEV-002
eace29ef-196f-439b-bcdb-28d0de4d5218,83da65b8-a6bd-44cb-855b-c335ae965786,JAF-003
ead5eb3a-97ad-4b0b-ad55-1369f28e4d29,5322e504-f4a6-4a7f-8b72-54a82094575c,BEV-001
73afa3d8-4cd3-4870-9584-577c488a77e9,5322e504-f4a6-4a7f-8b72-54a82094575c,BEV-005
f12b05cf-5b33-4877-816f-36914cfd5913,a5538acb-cca1-4120-bff6-54ba920e1ea0,BEV-003
0228dcf1-f8c0-4841-96f3-1ffda7f629a3,a5538acb-cca1-4120-bff6-54ba920e1ea0,JAF-004
74998b80-741b-4d54-9c0a-1d448f075713,9863cb44-7b30-4187-9b4a-4901d7dbff9b,BEV-003
e2dd1f30-925d-4371-bff5-a8944796b790,8ad1ff81-a480-43f6-9af4-c5eedde92bd2,BEV-004
6a1417d9-9bee-4d53-8e8f-1ada5fa183c5,43d61ab1-c783-449d-9111-21b392e0eecb,BEV-004
b1df83ae-4baf-49a7-a815-1a21f5d83dde,43d61ab1-c783-449d-9111-21b392e0eecb,BEV-004
3556527d-1fb2-476a-9c77-16d4f7521043,43d61ab1-c783-449d-9111-21b392e0eecb,BEV-005
4b64a28f-3edb-454e-a1bb-815eaeefd76e,43d61ab1-c783-449d-9111-21b392e0eecb,JAF-002
e58b5aab-e3b6-4648-ac7e-ac018dbe3105,43d61ab1-c783-449d-9111-21b392e0eecb,JAF-004
0a5c74bc-01d3-41a4-bf91-7a3c9e331f5e,0df1eea6-8e48-41b3-baa2-06a0af8e6d4c,BEV-002
10308b57-6309-4090-b502-8e3b2a8868ba,69956be0-ded6-406d-af9c-91feaab6ce6f,BEV-004
b5c2b5bb-fbbe-4ec3-b493-74155770641c,7b276e86-5220-4519-b4d5-f5817043ae57,BEV-003
0aff8fa7-1c66-48d8-bb56-da5c6657d157,bebbeddb-377f-493c-a35a-7639d89263d3,BEV-001
8fafe3a0-cef8-436a-9f03-97e6e620975f,471e81e8-dbbf-4651-b6c2-1b26e609ade1,BEV-001
333ef49c-1e1f-4a24-9319-f329adcaf573,97c39b72-0668-40ad-856c-01d328a72482,BEV-002
70f0ba45-e563-4218-855e-1eda6a8e985a,7968683c-8d48-4000-925f-854edd7d1599,BEV-002
b91f43f8-f75d-4638-99b8-56b4727c18cb,658eed0d-4eec-4019-8f16-5294be0315c0,BEV-001
a3aec6c0-fc0b-4622-a28b-3de1030fc31a,7d1a87b0-8482-4375-8351-7ee25f44d95b,BEV-004
0171f59e-0054-4be7-b29b-60125a6edea6,77eb33e0-d9c0-4022-9296-c829742211dd,BEV-005
7962b670-26f5-4371-b303-d8f5e02ec8ef,b6eb928b-4ec2-4f38-91b0-25be8b8c0e29,BEV-005
5f83328b-94d8-427c-9568-be5be1e496f4,77cdbc9f-d6e8-4c29-abd7-b4d38cd76d4c,BEV-004
29627328-dc48-4e35-8fb7-7f090997979b,4e0586f6-4518-4bf0-beb0-994a48f5379c,BEV-002
0dcaaf1b-2c7a-4a00-bd16-0ed4bcab047a,8f7750c5-261c-4fd1-beb0-39b68c183ab7,BEV-005
30e512b4-4c1f-4272-a82f-a0c82d625f68,36e8087e-51a9-4514-9b00-0c208cc0e847,BEV-001
1bb9a56b-1834-4b88-a4ed-14fbffff5345,91d25b0d-7b79-4340-af97-cb26945eb4fc,BEV-002
109800dc-a09b-4701-9ae2-065a80767db4,8be4eb26-05bf-412e-a5e3-76d4a509c099,BEV-004
2f4e0d2a-1541-4542-8fee-5ee8c1bcb5a6,bd5cc75e-0aa8-474d-af9b-a75c33710e1a,BEV-001
c5578f02-ac36-4721-b399-88ff477c1f8b,d420b37f-4af9-4d13-906b-e7f2e404954c,BEV-003
a2b301d8-9f4c-45c2-8235-31ec86fc7b11,775439e8-4793-4025-9128-4880e1fb3db2,BEV-005
1e389dad-8426-4946-baf8-3034eb755298,a2dd5f51-d91a-47e6-8655-3fcf96bf0439,BEV-002
7a4700e5-381f-47bf-97ea-c2f259979a8b,876184f6-4a72-40f7-8738-85137b0bdbc8,BEV-001
2eb45261-6b30-453a-b88e-7c6307c22b14,876184f6-4a72-40f7-8738-85137b0bdbc8,BEV-001
d3c2e9a7-c4ea-4b04-8bc7-bcfaa30e3590,876184f6-4a72-40f7-8738-85137b0bdbc8,JAF-004
0a14ce63-4b78-4bb0-98e2-f34be4494f27,410e807e-dd35-4b90-953b-ec9f860b5b51,BEV-004
4af8e75f-fc39-4511-ae1c-3d925d87880d,178401f7-48a9-4ea9-a24f-80f9b23aea3a,BEV-005
31dd259e-ed4f-4f77-a7af-eeba8ae68bf2,83de309c-47ca-494b-899b-fb7afaae330c,BEV-003
3d844b21-ff03-4017-999f-18d6ada136f3,e8bfbafa-0e89-4ec3-9ca3-4e70ed7f39ec,BEV-004
44db3517-1f07-431a-a7f7-f3db71b7900d,88bc6c60-a898-4354-8345-1c8fad38d59c,BEV-005
934eeffb-cd12-49ab-8d73-6e728714167f,6413848f-3d08-4898-b0a6-0b701d20e2ea,BEV-003
4e00c724-cfd2-40ea-9efc-f00b4c0bb94e,6413848f-3d08-4898-b0a6-0b701d20e2ea,JAF-003
26af0561-22a1-4abf-965b-3a6abcc173f0,73b13ba8-4f89-4630-b67e-3ab4ed7531c0,BEV-001
53f2b4c8-d8d2-49da-854e-3c1356e62896,73b13ba8-4f89-4630-b67e-3ab4ed7531c0,BEV-003
a668c4b1-9db0-49b9-a430-e14e89e7d9cc,5ef8aec3-6333-4d7a-ae23-7e6d9f0d08a7,BEV-002
8d4a62e1-a570-49f5-b8b9-6bcb1ec4ed16,48058ea2-68a6-4a41-b2f1-bd1ff0f68b41,BEV-002
e29f64c5-6173-4f29-bab4-64924b103a44,c1ade5c8-23d8-430d-b275-e76e459582c8,BEV-004
ed12efa0-59c1-4477-a833-4f96366ae536,c1ade5c8-23d8-430d-b275-e76e459582c8,JAF-004
f3bb2e43-7e05-4c49-aaf6-3d169001f22e,1c947243-32c0-4eaa-86f7-695cfe8c9832,BEV-003
ee307bab-1799-4fe3-b0a5-a0a831c6e7e6,1479de26-dda6-475b-87b2-5aa16ce0b9e2,BEV-004
168c6f04-3eff-431d-90cf-48765f65a524,3269da21-ef2d-481b-a33b-315a95f4359b,BEV-003
f66fa77b-31b4-4dc0-b6b7-88c01f55285a,4865a27d-0f68-4cba-883b-fbcaf036b405,BEV-003
f986d286-57da-4e9e-9f64-fd7fd6ded8da,6354e7a8-649e-4ba3-be6a-ca1fef1fb673,BEV-002
302441b4-983c-45b4-91e5-34fb9151211c,87743fd2-c9dd-4465-9921-c12846fe4e7f,BEV-003
9f579c7b-44df-47a3-a56d-b2ae77c138f5,fed90ae5-44de-41b8-a219-0a451061a272,BEV-001
1d8d562f-64bb-405d-8ece-057e17a77924,89b034d0-76b9-4be4-af3e-32cba2760584,BEV-005
a0578893-2659-4ddc-8cd9-3a24b793b3f5,2ff6f1d5-493d-4522-b80b-9eefc84beb11,BEV-003
7996786f-b0c7-46a9-91ad-1c359b7c29df,bebfff86-f27a-46fc-8d11-f9a035bb30bd,BEV-003
a407de13-8496-4fbb-9ea8-b19d446d011b,acc2cf2b-f3a2-49ee-9198-1c3883f68eec,BEV-004
fd07caf6-260c-4214-9833-a41b1301fc73,59e9309a-817e-4a97-a0a5-29f9aa1a53f8,BEV-001
8a8ea68a-1308-42da-b4cb-8ab43755650e,b345ff62-fb9f-4c09-8c53-0f1f89b92f26,BEV-001
b4c14e07-da67-4e38-9384-d5b3244b011d,0c926ea7-3984-4acb-880e-0d20681a473a,BEV-003
4478a171-e300-4e9d-96c9-8391c6540f8c,592ea8a6-f41c-47f2-bfac-fab4eb895a91,BEV-001
1a1f43bb-bd33-465d-87a4-9728f23665da,592ea8a6-f41c-47f2-bfac-fab4eb895a91,JAF-002
768f522e-d6af-4244-a073-e9b7e2cd4007,e85688e2-2dba-4601-87b8-af329869c344,BEV-002
cd5f3d02-1f84-4716-9590-e9cd22c3f8e5,43943afa-d2d0-4708-811b-e45de3333f51,BEV-003
9898ff1a-955e-421b-9681-8b0aa6fd8f50,5a1e4bb0-2879-4744-b902-00b2b61315d7,BEV-003
d0dff18b-51f2-484f-ab01-c04fb00b94c7,53f76f68-1b5c-4f85-9069-563924c2b818,BEV-005
15da4dae-6d03-4902-86fa-eedae4fdb8c5,766c2738-c04b-41c9-af8c-fe6364d5df9a,BEV-004
317ae645-b764-4908-97ac-16cdd453b903,15105a8c-7783-4242-98d9-f1f71628fd62,BEV-004
0748c539-9db4-4127-8f57-4580c386bc9a,7062c370-2681-45bf-b552-39a3334c41d9,BEV-005
3f3f57b2-c54a-4954-ba14-25d235ce6dbf,7062c370-2681-45bf-b552-39a3334c41d9,BEV-005
97e327e5-7946-45ef-b4d5-7dfc4ed0f9b6,720df9fb-0804-4701-88d8-cab6a1390653,BEV-003
1a5a0d91-739c-40bb-896c-119b26d38489,ea127cf0-d4bb-4c12-8ff1-345f052ee1f0,BEV-001
c12b8593-3ea5-4780-a15e-b55bad1f128a,f8a5456b-eb82-4744-848a-435326b0e5bc,BEV-005
d9f1c640-34ac-45d9-acce-1376e9addd9e,f8a5456b-eb82-4744-848a-435326b0e5bc,BEV-005
6d86d8d1-e268-4f94-b9c1-754d93841375,e2341bbb-832a-4963-ba22-6a9c5966401e,BEV-003
f47b5300-cfba-42a6-9f1a-e1b7603026ad,a4ff3222-67d7-4570-a150-e268b85e41b8,BEV-004
01630bc1-dffe-4310-9dbc-67e540626ac1,f70de6af-dc0b-4796-bedb-22f7c3d57af4,BEV-005
aaf7da9d-d313-44d7-96c2-ded2cf8f0b09,f70de6af-dc0b-4796-bedb-22f7c3d57af4,JAF-005
7a05a5d9-0fdf-4558-8f53-b1cf1861dc53,86619e05-2b98-4e9c-83e8-c7f274480aa5,BEV-005
54c6cf0d-0677-4885-9f8b-5bd0c6668587,86619e05-2b98-4e9c-83e8-c7f274480aa5,BEV-005
008c8949-1c77-43b4-9b3b-b8f890438129,86619e05-2b98-4e9c-83e8-c7f274480aa5,JAF-002
bb1864dc-525f-4ae1-a854-1da160436267,955a14d7-a4f2-487c-ba64-9b2746733394,BEV-005
4b7b2ea9-816a-4338-96ed-a6725d93c716,3ec6310d-37ce-4667-9f05-69b3df1efbaa,BEV-002
2b97b581-5817-470c-8162-82b50f1fa03b,359cf14d-ec47-4c30-93a6-b5d583774648,JAF-002
ee0e73d2-2287-4ba3-aecf-c87504f4127f,359cf14d-ec47-4c30-93a6-b5d583774648,JAF-004
b55a4a7f-9d5d-4a87-9162-028e800b54d5,b5ca623a-5548-4c0a-ad13-6788339fa249,BEV-003
4a970d56-ad4b-4b7e-9284-b5b1188250de,efd4ff28-76e1-45bd-9cef-3be69093409a,BEV-005
2aaa9552-eea1-4a3a-8dfe-1073b9f11946,0628de70-4c63-4c83-83ab-a371625529ca,BEV-005
e4c2cf4d-c894-4cf5-9e29-213e18bea1d0,621b8f35-efc9-456d-8c7b-2e265f9d095e,BEV-001
12051e14-6b46-4c79-907c-5c343818bf4b,8f1e51c5-078b-4942-b9d0-8d834515f240,BEV-005
12a365fd-76e0-4212-9054-e9a2710fd891,51704c6a-78b1-4727-a955-ce7a53c5d847,BEV-004
4bbf0e84-b0f6-4400-a22a-1bcc3743f412,d3299b51-7317-45fe-80d3-e88c5b292eee,BEV-004
1cf8b252-4d3e-4d92-b52f-cd4536772b89,260b2cc4-d520-4dc4-94f2-af102adee350,BEV-001
63b459ce-e48a-4b23-8697-10d36d909ebe,260b2cc4-d520-4dc4-94f2-af102adee350,JAF-004
0b413ab3-0a0b-42ea-97f5-f969b78bc8be,3f8f1a6d-7b4a-4883-93de-602217873381,BEV-003
155d5ea5-3eeb-4c1e-9ffd-833de77b0884,47ef33d5-32a7-4324-a2f3-e37b9567fb9c,BEV-003
d1a289c6-eb6b-4495-9112-ca7f50d40d52,8382b5d0-c1c7-44bd-a94c-a848fd22af4a,BEV-001
1501a788-de10-4a8a-94a0-3ec25b7d0e9a,958f5d61-6a7c-40b3-9d27-657b40f90c73,BEV-002
dc2b7842-082d-49d4-a084-25fa21a681c5,6233cb5d-91a1-4dea-bbdb-78aaccca3733,BEV-003
8345aa89-b127-4085-9ea2-8ff220812eca,e68e9184-a999-4bdd-aeca-4291f8906cfa,BEV-005
48bdf7d9-2284-4858-a953-77cf88bbdd51,afaa4978-613a-48a0-b058-276e03d6c9c1,BEV-001
72d5d6bd-149a-44d2-8e20-4df45108db27,b56410f3-77d8-43bc-b455-ea7f36d6936a,BEV-001
a1069e71-eba8-45ea-a5f1-a2fc4c56c8fa,39db2b15-f11f-4d39-a462-3d0339270f1a,BEV-001
8c17ac38-dc4c-4b46-a60a-6438fa95f52d,2e097f53-ea6e-4414-8d10-8ebde185ac0f,BEV-001
77b3b678-ff32-49b9-97af-d7ac4edf1258,e37b4726-50a0-4839-9f0b-e960fababa37,BEV-004
50196ccf-0a73-4aee-ae59-98fdcc063e8f,350f6ff3-6a95-44cc-b97e-6b0e0efc1e0c,BEV-001
af436443-01f5-4fe3-9b36-f5ffdd45f132,c109f3d5-a8c6-4235-8160-3759b0df1b7c,BEV-005
0ed1629c-447e-4731-9e68-39eed5b05829,2d1122b3-cfb1-4512-95fd-b29902547058,BEV-004
3e7c4a88-9ccb-4c4e-aa62-9557db12148c,547c0803-9f9a-4069-9f82-fe2142ca0712,BEV-001
16b74e40-1b91-4956-9998-7d4bcd451e17,5889a89f-c2ec-47a0-95c0-a6a85e642960,BEV-005
e773dd79-67cb-43ec-b56f-cda8c22c7772,1ae0e6df-14ab-4934-b087-13331f4afaf9,BEV-001
d57d5456-1e15-4d6f-8cc9-66d900c6a472,c3ef6a46-2f47-41ce-b3d3-79c9e146de61,BEV-002
751fc739-7df7-400b-974e-e87c30fd2295,b65f97cc-b6a2-48f8-a9d5-f7f5ecd5ced7,BEV-004
92644830-6df0-448c-ac0f-d541ec34daa7,2573fe46-2bb3-48eb-9d38-82db830ba0b0,BEV-002
5642d687-d82b-4521-8981-7abc740c9e54,6b025652-e403-406f-aec4-70aaf4613602,BEV-005
566e05eb-bfcb-42cb-b04a-f1097af49f82,42ee26ac-05c7-422e-92f8-ddd4c8c5ecd8,BEV-004
53e3059e-cde9-42dc-8481-1d3318b24d0d,274a2561-42ba-493c-b2eb-2f6e443ab1b7,BEV-002
ec75d822-4ab4-4908-a459-ae571a06c3a7,976ca1ae-afd6-4536-a172-4402113cb5cd,JAF-001
86c39174-84ed-4bcd-88a6-e1d68bf130e3,976ca1ae-afd6-4536-a172-4402113cb5cd,JAF-001
ab223e1a-b285-4bda-a4b7-dacdd17ff048,faa19eae-32d5-4267-8c58-950665346e75,BEV-002
8454881f-0f2a-4e9e-ad9b-49f8f6862974,344e63a0-341f-4f64-9660-ecd89305466b,BEV-005
de084b9f-7e5e-473b-8c24-9fedc381d085,c1c99e0f-3ec2-4d57-bf01-2404b3819613,BEV-001
131a2fee-9bb8-4778-83b4-bc8396b29129,50247592-9ca6-480a-9950-32e420d7783b,BEV-004
21d1246d-32ce-4e77-83cb-1caedfbe8b2a,fc5fa5c5-006b-495e-a242-9ee21c03d6bb,BEV-003
0f4bf2bb-49aa-4b95-afb2-f737674cac4d,fc1c5cbd-3e66-43d1-a4a8-45d0df189a79,BEV-005
478af167-3c86-4440-8737-71a94ae6c684,dc6d6bf0-83f2-4994-94d9-d362699a242a,BEV-001
643e4bf6-7918-4329-a807-f49cff55bd59,dc6d6bf0-83f2-4994-94d9-d362699a242a,JAF-001
41852746-cfae-4388-92c0-8aabb01b9558,292310ab-cc5f-487b-b4d7-62f0c33af6e9,BEV-002
e4bce039-1db5-4b07-bbbf-6c13e2e2bb7a,471558bf-75a2-4712-a28a-4d68c2e4c03f,BEV-002
11ff16df-7a8f-4ff6-8599-c615c1a91458,f2d83bd4-b6a6-4b68-9a16-1a2ef4f8e8ae,BEV-004
c2f91ecc-da4c-4a63-be6d-558bdf697b6f,f2d83bd4-b6a6-4b68-9a16-1a2ef4f8e8ae,JAF-002
2228b60f-2942-4065-90fc-ac99c990b333,63fa3655-69a7-4c0d-ac02-05363c6abd8d,BEV-004
1a89b328-a217-4801-8a66-646d6ed6a489,a45c6049-3077-4fb6-a458-6c28889754cd,BEV-002
cd8a51ce-09c4-48a6-bb6e-021cd6ec6c2d,58dfa304-c2d0-42ec-8ae0-a27d0afe2579,BEV-002
57084404-b045-4825-ba1d-a72da7d1802e,4b95d3b2-d211-4d7c-be94-1631db96928d,BEV-005
cf068ce2-951a-4343-9c7e-4f107f8d4346,c51455b0-2d88-45ec-b219-5f84f2d5cfc4,BEV-001
0ca78e82-e67e-404e-9e08-9c0e629a74bb,c51455b0-2d88-45ec-b219-5f84f2d5cfc4,JAF-004
4ddecbaf-f17c-457c-94de-00fe4b729063,c18745bb-858e-439f-89d3-560ff4f1ae85,BEV-002
3af0693d-ca52-4868-ae4c-e4270da3b2d7,7f0f62a6-ae5b-406a-b99f-93deb5736f44,BEV-003
f71149de-ab07-423f-8fd2-06c5dcedab8a,7f0f62a6-ae5b-406a-b99f-93deb5736f44,JAF-003
fab0d30e-857f-4f3a-ab4f-11329f850f14,75e6526f-3e02-4fa1-8dc8-4057edbd7364,BEV-003
82b7407a-1358-4e43-acbe-3da46a4488df,746d52c3-0167-48c8-92df-d7201d0e667d,BEV-004
2da2db94-582f-4429-82af-d2d6a61c5003,5e967a7a-e1de-4b2d-8f19-51501b4a5a2c,BEV-003
4d731e80-2dd6-47df-bace-eeab8449577e,5e967a7a-e1de-4b2d-8f19-51501b4a5a2c,JAF-003
f3ecc923-c230-4e70-880d-5bcfd6ceb5c2,5e967a7a-e1de-4b2d-8f19-51501b4a5a2c,JAF-004
982d9a71-209f-4b17-b1af-90c25db4a4c3,d16f6836-8cb8-49c0-b87c-f4c418868ede,BEV-001
015226a6-4709-46b2-8456-db9951e2c73c,3656d471-882f-4087-a46d-bde8e5f4804b,BEV-002
27f25e37-eaaa-4fdb-b770-fabeb31f55c8,8cefcc56-9753-466c-a113-bb0b1265f744,BEV-005
93871cda-5b17-408a-86a0-77b85054c542,93146af5-90a4-478d-943c-db8f304399ec,BEV-005
4af61bc8-7429-40c9-91bf-8a70e508e1ff,12f431fa-09ed-4e97-93b6-25f9d4a826ea,BEV-002
f9848162-c9c0-43d3-8534-2ec7a72bf979,cfdadcc1-8231-4835-a4ad-8e4f6f5c81dd,BEV-004
4072444d-a74d-44a1-a528-be6053f9e958,69b44489-3f9d-4d8c-9f8d-57d0b3cdae6b,BEV-002
317253e5-b663-4056-82e3-260016c73ce1,924531e6-e19c-4f26-b3e2-ebc603726347,BEV-001
ceb1ea6c-b9b3-4464-b21a-f86972a9b2c7,481de41d-7809-4efb-b11a-4b4ab8ce3b39,BEV-003
fde7fe92-833e-4215-9f84-49c49c4ffc04,481de41d-7809-4efb-b11a-4b4ab8ce3b39,BEV-004
b2be96a8-6131-4726-8b77-7dc34beed152,43988d19-5043-4a0c-b908-a3b393501bb5,BEV-003
c79e7bb2-5365-4adf-9ee1-4f0530f10b2f,544f9a08-6c86-4690-a0bf-0d3fc74b7bfe,BEV-005
0f8b7375-b6a2-4172-a625-3df5645f89ce,c6eac362-ceda-495d-a2a0-b55e95676177,BEV-004
68cde432-e16e-410b-a0cf-6d28a5c466c5,619604df-85b8-47c3-b105-4b34ed876a05,BEV-002
e72c1672-86f3-4c57-9ccd-0ef805e70847,55663d4a-2adc-49f3-82ee-922864fd312a,BEV-003
5bf012a2-06b2-4d47-b122-1ec90235e2d4,ca4cb235-beb9-45c1-ae47-0b46132dd9bb,BEV-003
0bfc5f9d-50aa-4fd1-89d3-41080abe807a,b1a31a73-3836-4d17-bde6-b650ef311b0b,BEV-005
37a9458e-2aa0-472f-a325-b2da4ea512e6,cca08044-2fd4-4757-8d38-c357cda06c9d,BEV-003
deca50a5-d25f-4496-b0d7-b570e60f5648,bfcacde7-20ea-4e65-84a0-ec0277c0bc5b,BEV-002
e72087d8-cad8-42a0-95be-9ce65cb93341,def730bd-3786-456f-b134-a2b7fe32d97a,BEV-001
99c19d44-ae7f-4ad4-aa8b-476c9a04650f,d0c9c8ea-0876-4b3f-9e82-b2bed4056a4f,BEV-001
210d7035-7065-469c-9320-5ba26d835795,dc9a4c00-3ac7-4639-acd5-7a56c12107ef,BEV-001
ee8dbd93-297b-452f-a27d-1a6774e5e1a9,47cc68da-a4c3-4e30-82cb-1ba42a89b123,BEV-005
812a45e0-31e0-4fa4-8b81-95818e824d9e,8226f750-8ec2-4e60-8040-3e0ab7de9185,BEV-005
8649840b-fb1e-46e9-97ea-0fd071f3d272,8226f750-8ec2-4e60-8040-3e0ab7de9185,JAF-005
f1b0efc4-57ec-4b36-823f-e50f44525979,fee23a1c-befc-4c81-a37f-ea776b2ae014,BEV-005
0af87ca2-1927-4024-9fb6-4e9f272401a6,bcd7e745-cc45-49a0-ba67-9833d84dba55,BEV-002
386c424d-8e94-43ef-9bfc-8cda7e981e0b,38f06c63-707f-4698-be1a-9d5ef00baa9c,BEV-002
02c5a862-57ad-4e46-9910-0d2a4f005137,38f06c63-707f-4698-be1a-9d5ef00baa9c,BEV-001
3d7abdfc-1ed3-4355-94bc-d39a7605047a,4607c166-f521-422b-a5e5-dea182473772,BEV-003
f9f5b0f0-8099-4116-bd60-d7fc447bf747,71831197-afcb-41fa-8987-e303c5fff9f3,BEV-001
9ac78913-75a9-4e7c-b35a-4f013b997977,fbdc453d-a851-4699-9a60-4ba716950d6c,BEV-004
0f5ba71a-7837-4f11-b63e-3a64f358b568,34bc912e-3393-4c37-8ea0-bb8203dfa731,BEV-004
d5511673-20a2-4664-8dfa-2ceaa413cd67,8a9f281c-6c04-43e1-98ca-d61a118ae128,BEV-003
9c84da78-6d24-4375-804f-493196849d0a,d066dff1-d6a7-4753-bb43-d39447cfe2a9,BEV-003
d001e5f7-51d7-4ee2-a90a-53b00d0bb622,01fcf3a2-7cc1-43cc-b92c-1306993f4a7d,BEV-001
958aedd3-d8d3-4433-9960-b7de9df282ca,01fcf3a2-7cc1-43cc-b92c-1306993f4a7d,JAF-004
a8c37ef9-fbc9-4200-a3af-462b60470f6d,01fcf3a2-7cc1-43cc-b92c-1306993f4a7d,JAF-003
628dc85c-d88c-4a97-8ce4-b44d707a7b0f,b0f25d4f-ed34-434f-a3b0-e9b22fdb0b3a,BEV-005
97b2978f-02db-4345-8643-7c2436c16369,457a8d97-0c44-4530-8723-c3bb0886a151,BEV-002
7a5e8c8f-469b-4350-8725-985d8b523299,2b188713-5ec2-4a08-a376-b48c3c57bb92,BEV-002
a1f87b3f-e6b2-47c9-a36c-314a75057c21,8100b89c-4425-4447-9d01-c21291e99411,BEV-004
737b4402-4b06-491f-8d62-43e385c35d23,8100b89c-4425-4447-9d01-c21291e99411,BEV-001
21722965-46a9-4a48-bbfe-147ca73a1200,8100b89c-4425-4447-9d01-c21291e99411,JAF-005
0aacf08d-bedd-4acd-8476-62400c92af77,907a2c3f-66cd-4700-987f-d61f211935b7,BEV-005
6e08df06-c1e6-4edb-bc03-b100f86224f1,42b41619-6150-416e-b525-6dbbcb3bf6dd,BEV-002
293824bc-713a-41fb-889b-d2106737560d,8c1ba44c-fc71-4ff1-9a9e-29af04bf3666,BEV-002
c9205538-be83-43c3-8e24-c23952011466,8c1ba44c-fc71-4ff1-9a9e-29af04bf3666,BEV-001
834a48f3-1de5-4f75-b2ee-c1de1877117f,8c1ba44c-fc71-4ff1-9a9e-29af04bf3666,JAF-002
e3b8999e-2171-47e6-8011-8ced5a96e896,53ccb24b-c88e-4f86-9afb-bbcca0691aea,BEV-004
26610ead-e0f3-4f28-83ad-b091226ba1db,53ccb24b-c88e-4f86-9afb-bbcca0691aea,BEV-004
d3c50b79-b719-4b07-8aad-3a84ae4da3db,d40be258-0b61-420c-a9c2-138ab7ef1c94,BEV-004
56b9738d-a36e-45fb-8bb2-e3f60a5b2a8b,5f0f21b3-9cbe-4a0d-a65d-a175a2482be8,BEV-001
f400cc19-2c8e-4879-8fb5-c6b5b0122064,c225780d-4b4b-40d0-82f5-7764a3df572a,BEV-001
c8e7ad9c-f060-4cff-8ad4-50ac113fc03c,d65f9f8d-bc93-41e3-8a9a-2d8ab6edff45,BEV-001
1f71e569-79c7-4015-8051-7a19896865a9,77831eaa-a5ab-47cc-864f-de6f0d1b42b7,BEV-001
1c8670a6-614c-4b05-bf15-67e850890b3a,77831eaa-a5ab-47cc-864f-de6f0d1b42b7,BEV-001
875d8b6d-843f-4c02-a87f-b0108193c1b5,6f7837c7-60a2-4501-b8e7-b618fad1a747,JAF-004
703c1756-08fa-4e69-84bb-70fdfe5e9799,9e1f3cd6-dad5-4658-bb14-cbb7a1e057a3,BEV-003
07656638-fa02-4e0c-a0df-8a40361603b4,870bcdec-bff6-4d4c-a956-39925577a42a,BEV-001
7fc52d74-bf34-4201-90fb-f54c442a4046,aa2d22af-1f27-4ca2-bb77-15f43cfb6b19,BEV-002
e80a6bb4-ef11-4e40-9786-3ba03576fc88,aa2d22af-1f27-4ca2-bb77-15f43cfb6b19,BEV-004
fab71206-d1da-4825-b261-58559d35bea0,cdda087c-f7d0-41d7-b4ce-d674b9e5fb05,BEV-005
01c28252-3b00-4919-8673-b2d072196ecb,d4c22260-4546-40ef-a4b4-8c879a528801,BEV-005
400b7c4f-0c2e-4a12-8faa-c0262dfdab44,afa251ee-b517-4819-919c-c3a962867bd0,BEV-002
9cf19994-f46c-4e50-bba1-42f37a59d7b5,97416bf6-9ffd-47f7-8dac-dbdc2409297a,BEV-004
9b9a9904-507d-43b0-be88-0db21ee2a927,c19d8a1b-4838-409d-8414-1c20580fe828,BEV-003
f4488ae6-4917-4f69-8eb7-0df367730688,24c84a8a-c982-4093-aaca-63187bc624a3,BEV-004
eb97af13-3ec4-44c1-9a19-d96f1acb332e,24c84a8a-c982-4093-aaca-63187bc624a3,BEV-005
f3f260e7-26fb-4f6b-889a-842e2fc583d9,643f9c11-4763-4a7a-932c-5c384c305d54,BEV-005
4235bada-6329-4cfc-8730-07be5b830718,a69865e3-3136-4cf9-9989-9999c8ab6601,BEV-005
145ca877-d2aa-45c9-af05-17cdabc8112b,024f7396-0b4b-40a8-92b7-69a94cd36acd,BEV-001
a22d5e0e-e5c5-4fa7-8c9b-4cec77fbb2ac,024f7396-0b4b-40a8-92b7-69a94cd36acd,JAF-001
ca07ff8a-fa73-4386-ad66-df86c3528c1f,27cbf190-d195-42b8-94d6-2884bdd896dc,BEV-002
5d7a353d-d568-47ca-95e4-363d56770ccf,88c5b3aa-d73e-4357-951b-1d70168e325d,BEV-003
c331bbea-342f-48e1-a4e4-b0e770865206,e23521b6-9b82-41d8-b021-e5bda14b75c5,BEV-004
3976ad11-ecc7-48d3-b2a2-e63f9b1ceae2,d031f485-252f-4064-a1c2-5a4134e33075,BEV-003
87d6b4fc-e92f-4991-b639-b68964623749,d031f485-252f-4064-a1c2-5a4134e33075,BEV-004
18d91490-1a22-42e8-aa2c-638aafb1c2d7,d031f485-252f-4064-a1c2-5a4134e33075,JAF-005
c457225c-597b-4800-aeb0-89cd8cf0cc30,bedc0b2e-b7e6-4167-8ead-c9017397d63d,BEV-003
5b4c75fe-7893-40dc-a581-d9a0aacb0dcd,b5b747a1-cced-4ca2-a3c0-77acce4d0c74,BEV-004
94f6ef5a-9c17-4999-a7a8-1519263f311f,465e21aa-9071-415a-843e-bcd2e37f0118,BEV-004
b47ddf57-339e-4a94-9760-32c31b5d7738,853d3ed1-4570-4206-b2fe-6d2da4608521,BEV-004
914addd8-2789-44bd-8c95-c08b955cac87,ecdc2069-6fc7-4635-a64a-b65a2fa8e61b,BEV-001
6f1b5666-427c-49cb-b78d-0fa4890b793a,3b1e6179-62dc-474d-bfb8-79bd7cd78116,BEV-004
fac564d4-dcaa-443c-8256-dafe59028579,3b1e6179-62dc-474d-bfb8-79bd7cd78116,JAF-001
0e47321b-c3bf-46c3-a4be-ac9936858c2b,07a5dfde-57f6-44ac-b923-b735dc84b163,BEV-002
888b87d6-9a67-411a-8665-1020382716cf,2eb24ae0-0854-459c-aeb2-8c603a403872,BEV-002
86dce562-2f32-4776-b6ee-5ea576772096,5b0deedd-3b81-40b1-ae90-a6c4507e1dd2,BEV-003
1da0edd1-fb7d-4da0-8774-e339b68e5ec0,5ce9158f-b552-4e7f-a0a7-fcd9df2bab55,BEV-002
96544912-37c8-492f-a9b7-640443948b21,9c48955d-03b5-45bb-a233-7ff933bcffb2,BEV-004
53aa18e5-2c7e-401a-ab7c-05b8cb40f8ce,248788c0-4efd-45ff-94f5-82a71b781cd1,BEV-002
44d90308-f2dd-40f7-9d52-ec374a24297c,81401497-3884-4475-9b89-7b2f3091cc7e,BEV-001
eb0de624-ff86-483a-8c04-818f56a9a7b0,58ef6017-878b-4fba-bb5e-78222d14e43d,BEV-005
41d6c0cc-81c2-4daf-ad36-cae541d99555,1037a4e0-4e2d-4224-acb3-246bcdabb25c,BEV-002
a638e6ca-58ff-45fd-ac04-bbc7cc9703e5,1037a4e0-4e2d-4224-acb3-246bcdabb25c,BEV-005
0255da7c-36d9-433b-9935-7e5e79a9bb13,1037a4e0-4e2d-4224-acb3-246bcdabb25c,JAF-004
3e127e02-afd9-412a-a807-61f43519be9d,2fdb305d-f422-49ac-9dc2-94b0c489d6d9,BEV-002
00ab6b7e-109a-4d81-a900-76db909f5bce,4183357d-d716-49dd-9d59-3b4946b4dd26,BEV-003
995b95fa-1f55-43cb-a791-40194c40f072,4183357d-d716-49dd-9d59-3b4946b4dd26,BEV-002
e5e89f20-c6e3-4575-8429-d99cbeba9f7a,6eda185a-4fbc-4e87-a472-f9ddd216ad58,BEV-001
d112e648-57c4-4b84-b975-a86f2c74bbe0,943f2cd7-edeb-4b5a-bbb5-cc02c0dc68c0,BEV-004
7b67cd0c-fd55-4fda-8e04-ea8e65e9217d,943f2cd7-edeb-4b5a-bbb5-cc02c0dc68c0,BEV-003
ab4a5e10-39b8-4b12-99b1-338ebb60dc64,943f2cd7-edeb-4b5a-bbb5-cc02c0dc68c0,BEV-004
990e88ba-47eb-4e2d-966b-f27ef8384e0c,943f2cd7-edeb-4b5a-bbb5-cc02c0dc68c0,JAF-002
d3e69724-55d3-4ef2-9809-f8da48610e31,ec9dd5cf-f6b5-46a4-8ffb-40b428504350,BEV-004
95432fc5-dd80-4edc-b59e-46b419db262e,ec9dd5cf-f6b5-46a4-8ffb-40b428504350,JAF-001
d3ece851-6ab7-46c9-a8c8-59a2ff6cf3e5,8026cfc0-0711-4b2b-bb01-fcfb24093331,BEV-001
8005a4b2-d35f-4ad0-80d4-b3161e5af576,b04b45bf-a7f4-4a4b-a791-f5451821c3f0,BEV-004
89001ea2-fe35-4815-8bcc-71321ad7eb15,7419729a-9fe2-42c2-8962-013a11939fc8,BEV-004
4b754aaa-c219-43e4-9e02-97b5cc8fce8b,6ee730b6-ee91-4088-8069-b044b4876205,BEV-005
3575e065-e7c7-476f-a998-5b6b142f39d9,3004b763-7b12-4850-810a-82a9fa57487d,BEV-001
5f8c7fa4-d67a-41d6-8a87-81abcb865126,56922f77-647c-40ae-83d5-ee14e6fe78c8,BEV-005
cdcf6eb5-5b2e-4bae-b607-ec6b680bf24b,6dbd99de-d8bc-4764-ae6f-53280849ace9,BEV-001
cdb8715b-a33a-4dee-88b9-0f686cd518cd,675de93e-8720-4dd5-b3ef-16d4146da6f5,BEV-003
7643efd4-2d42-4ef3-9999-56e70f024609,675de93e-8720-4dd5-b3ef-16d4146da6f5,BEV-003
5eaa9498-833a-482c-a859-1acb187f1c67,675de93e-8720-4dd5-b3ef-16d4146da6f5,BEV-002
e50cc621-b072-4801-9c76-256705a6ce44,086cd2a0-3822-4359-b228-bed626535396,BEV-003
ada14b18-c0bb-4132-95dc-4c6abd2fd751,f42e71ba-b71d-4ad6-8800-5a128689ddcb,BEV-003
ddc576a6-7dfe-4235-8c84-da848892f8b1,f42e71ba-b71d-4ad6-8800-5a128689ddcb,BEV-005
75ee3315-e187-44fe-aeab-96cab3f2a790,f42e71ba-b71d-4ad6-8800-5a128689ddcb,JAF-003
aca352ef-e7e2-4ff1-8cab-d385ada895bc,f42e71ba-b71d-4ad6-8800-5a128689ddcb,JAF-002
684bdb2a-9485-4a40-aeae-cc4b25a171e6,f9163716-ba26-4474-9ac5-939030bcb7b6,BEV-001
63bb2b89-c536-481c-9970-3c3cf3234bcf,2096f6a6-dbb3-4766-b53b-2b0b03a6cb8c,BEV-003
7f09b771-a158-40b5-9c54-fdebe27edf84,5ada15a7-86e6-4fc8-9998-0fee746fd1d4,BEV-004
f339fae4-6223-4c10-a4a7-d0ebc6522e15,416022ba-837a-4903-8b4c-2967e8f7ee3e,BEV-002
fe35a947-d8b6-45ad-a8bd-4b50c436e0ac,f363c7e6-d72a-41d3-87c2-334bc58218a6,BEV-003
6040eef6-733b-4d45-bbda-c972aa6ca201,0e424366-2147-4e6b-b3b3-3f305e4ce655,BEV-005
bd8ec8b8-1c75-4860-b5f9-6406af0904c4,2142b8e7-a755-431c-9079-8654cf9fa6e3,BEV-004
56e469c1-fc14-4326-84e5-d0589faaf54b,3e3e2a95-f61e-4da6-b75b-fd840beb6d5e,BEV-004
6f4f5408-ef67-4f45-b545-5dc4eb371ee0,3e3e2a95-f61e-4da6-b75b-fd840beb6d5e,BEV-003
0f20034d-d7bb-4756-971e-f7ec872930fc,3a777a6f-52d9-451f-bded-c1020dc8ea70,BEV-004
0fddb44b-904f-46f9-8186-f3664699aa3a,3fa0f2cd-b40c-4685-9a72-3323eeb96db0,BEV-001
caba483f-6f13-4e0a-917c-007bd5d253d7,5b3fa9fb-dd92-42d6-b49d-0e4ef3e7f01b,BEV-003
c913a692-97df-4b86-b337-3d279e40a3fd,04d810e5-4164-4cfc-a6df-e91288f0a8d9,BEV-003
dddb69f6-27f3-4f45-b60c-a06204d7194d,3d18fb57-ba97-4aa3-95f4-461bd9208ed3,BEV-004
de74113c-36e2-4d00-91d5-793dc9c11203,fbf2b803-2ad9-4ee4-a87b-a22976a96aca,BEV-005
3bf99f80-3ed9-4b17-9ec9-0f7bf4ee896b,bebec381-ef3e-43ba-8e88-6199143a3a57,BEV-005
2ced0430-116a-405c-b24b-c557912c88ae,bebec381-ef3e-43ba-8e88-6199143a3a57,BEV-003
03eb42c9-7326-4adc-ae64-2c314bfdaf65,2e56d41f-32e2-41f6-89f9-547f266fb804,BEV-004
715ae7fb-d8b7-4cdb-9fdd-c5f462f75b78,34fb0469-200f-46e1-9429-979ab036b4a7,BEV-005
3dbdf7ec-d5cd-4388-86ea-31127d03b666,af3472e3-c9b8-4a69-9ba3-d6166dbc4c63,BEV-005
ab7e8eb4-13f2-4095-9075-184dce4bcba6,ca57856a-5cbf-4707-b858-eee7c26acbcd,BEV-005
3dd40d3d-1739-4659-a834-2cf860223274,ca57856a-5cbf-4707-b858-eee7c26acbcd,JAF-002
f0d9b1db-3689-4936-a586-b1bfbd28121d,bc96075c-7a72-4461-b893-a3976d1c5fe9,BEV-001
d18fd84a-a8f5-4920-b947-7b00940fab63,93b80e6b-9e36-43ec-abeb-0c6798a5ef27,BEV-003
b73e75c3-3464-49e0-8116-ac3afc4b6bdb,093decfb-6781-4662-b632-372d620f407e,BEV-002
5594bf54-a327-4e04-be1f-5a03fa84e3b3,388eae05-a72b-49c6-9ae7-a25698e91be3,BEV-001
7c614fe2-a620-402a-bac5-63aac518b67e,e3ff76b5-1742-461f-80fc-79cfee677191,BEV-004
beadfe3b-b40b-4ef4-bac5-f236de349b7e,e3ff76b5-1742-461f-80fc-79cfee677191,BEV-002
c2e77008-c397-4864-9b1a-268528538b44,cd049eae-f71a-428b-a35a-0e4ef1bb88c7,BEV-002
3c970ad1-3650-4cf6-b5dd-7f784cebbc35,d9ba511f-523c-4e39-a8ac-adca4b9f0f49,BEV-004
734df2d3-3f44-4642-a112-e4dba443b641,154f84cb-4087-4163-abca-335bb26afe2d,BEV-005
572fc2ca-b98d-4a5d-909c-c48af0ae0ff4,52f59209-0594-44df-9943-7eaa3e3b5bee,BEV-005
605aed8c-9927-4f58-9e0e-cf99cd92a708,e19c3aa9-8379-44c1-81d5-a21cfdefb856,BEV-005
3b64f5ea-da49-4f9e-b062-1bc5dec0a9a4,fab4755c-12b6-478f-90ec-877021e4fc48,BEV-002
b7516fc9-4158-4000-b63c-34904926464b,b3c31f67-28d0-4297-852a-fb53384de300,BEV-003
2e76fb88-ca18-4c0b-829f-ec2e0059517a,b3c31f67-28d0-4297-852a-fb53384de300,BEV-005
5373b2b5-04ec-4392-8200-66975ba07411,c2fb1269-42f2-4436-9c29-4042ec666107,BEV-001
46960810-60f0-4256-92b9-cc164c523480,c2fb1269-42f2-4436-9c29-4042ec666107,BEV-003
ee0a2256-8480-4cd3-97ef-5e62fb80a88d,c2fb1269-42f2-4436-9c29-4042ec666107,JAF-002
b64fe10a-112d-4695-a882-be980871705f,285a5f57-3b9b-40e2-9f4f-eccfcaaee46f,BEV-003
6e412e05-0101-49d7-8235-fad5c968be3e,285a5f57-3b9b-40e2-9f4f-eccfcaaee46f,JAF-001
881704b4-c259-4839-8d16-402723511774,285a5f57-3b9b-40e2-9f4f-eccfcaaee46f,JAF-004
22a63e73-418f-4a0c-8111-d0dc16fb2091,86842f6e-0583-464d-a31d-6a61daabf9fa,BEV-002
69332fdd-9a11-4c50-82b9-ea2c3961c630,82a0f9bd-ba59-4e96-893b-c7b5035d1ef6,BEV-002
8c478fbf-aa23-4438-a3a0-f0b84d470a91,e69b8314-be5e-4a33-88cc-1c27781c90d2,BEV-005
56bafc21-c012-4c5a-97be-72a9edfb3cc0,7dc4eef1-440c-4e0e-b5ca-55b80a840c21,BEV-002
672ea841-c395-4535-b373-6dd063cbbe12,9df6b78d-1ea3-4f16-860d-9f4ed883dfa0,BEV-005
584d2e1e-ba46-46b1-9b00-9fc57993cbce,1b6ce8b4-82ab-46ca-963d-182bfa3fca31,BEV-001
f626575a-d707-4b77-90e4-acc6d01652cb,bd6e8d51-1072-410e-b1c6-5c9adc9553ad,BEV-005
8ab34085-32ee-4bee-bdd0-17a3ac4f7129,bd6e8d51-1072-410e-b1c6-5c9adc9553ad,JAF-004
8c3cc0db-4ef0-4a3d-94e0-6d18e8440c2f,d3d8efe4-3c28-48ea-bc93-4bf21ef0e615,BEV-005
b4caf73b-f72e-4a8f-86f5-0969131d642a,4d2a5f29-d01d-4606-9033-ce51fc9e484b,BEV-003
b545c14e-b70f-432f-a492-1554ebea1fd2,ca803a29-8a76-474c-8a86-cb2c111de87b,BEV-004
be2b71c9-0e7d-4c06-8909-dc5047be114c,ca803a29-8a76-474c-8a86-cb2c111de87b,BEV-002
9d998a17-9727-4daf-ac7d-4878969de4ec,abda200d-f6c5-4c21-bb66-3b261294a270,BEV-001
3b76321d-9982-4f4e-8c85-d925d316ed13,40d75613-9413-4668-be60-9742611c81c8,BEV-003
d9aa801d-b1d2-4f86-a300-2553aa3ad5dc,a618b7c5-a61a-4e79-bd07-187fbf180d46,BEV-005
d9d5ceeb-4dd3-4b50-832e-73beceb95049,d3920510-104e-415f-9502-3c2e8237ab24,BEV-004
38eae31e-f851-4e27-aa9a-6bf3ddb665bd,6560173b-a292-4238-a30b-9404bdabccb0,BEV-004
86c26721-0f90-46a6-91fa-b8c2a65431c5,f7664028-e76d-432b-bb7e-e28bfc1f2bdd,BEV-002
24621ac0-5847-422d-9868-0e5cec7bc7f4,d3ab5e10-6490-4374-a5cb-f6219805fa7b,BEV-002
fc530bd8-4a19-4596-bc8f-3c1d0939cd04,1dc99e1f-7862-439e-8568-d744d8a2c3a0,BEV-001
c37b73e1-ad84-40a7-afb6-da613202d487,dc02c1e6-c7ce-4705-a82f-c76c65febfc7,BEV-005
60d5cf40-304f-4f21-9e35-cfffc731c8d4,f133e808-9cfd-4304-874a-4959e6834810,BEV-003
476a7d61-f945-49fa-a1bc-c58b64a0068d,505306ff-7544-4f9a-b415-6dddd62c432d,BEV-004
a63aefe1-c5c3-43a4-b87d-223b9d7f4717,0dcf7038-2e4f-4d58-85ac-34713b57b911,BEV-004
fb56a952-a0f2-4590-8d6a-8884d9ed95f4,a573a1d0-d4d5-42bf-b094-9372adf719e3,BEV-005
53ed4427-fe52-4e43-866c-88f3c403446c,1e84b621-7e9d-4245-b6aa-e8dd4bea5c75,BEV-004
ada7c6cf-fb4e-4e3b-abfe-62cec33feef2,4410130c-ac6d-49b7-83bc-b4591810dda4,BEV-004
71c9a7a8-47ad-49bb-9b83-fdcc16bdef6d,ccc27a06-c864-4293-b89b-302783d64ac9,BEV-005
80ded9de-20f6-4d47-98a2-60228d82edda,ccc27a06-c864-4293-b89b-302783d64ac9,BEV-001
be14fb70-a935-45f1-9ddc-8a0799e43c77,ccc27a06-c864-4293-b89b-302783d64ac9,JAF-003
e01e7268-ea35-47fe-96b1-cdd7115c6d5b,e51dc8f9-312b-47e2-a49a-a19699616b40,BEV-004
f82cb4bf-d909-4bf7-8857-9727ccf66e06,dd8b6387-6b4c-4b7b-b39d-9de73223bd6d,BEV-003
6056eb09-6e9b-436d-85b7-edc4dfc65a48,9d632da3-eeba-4c2a-a521-2153d2030ad9,BEV-001
b34315b2-2f19-4b14-abaa-fb19c14a7985,9d632da3-eeba-4c2a-a521-2153d2030ad9,BEV-002
1584e6a8-20e0-4cd1-9a23-cab1cbd472e2,b685cb46-17bb-4406-9ce4-582c138dd6e9,BEV-004
d26f2928-baf0-429d-babf-87bcb45f9a11,b685cb46-17bb-4406-9ce4-582c138dd6e9,BEV-004
07f5cfba-5759-48a0-964f-78b32128a41e,b685cb46-17bb-4406-9ce4-582c138dd6e9,JAF-004
f924c057-c118-4e02-a5e9-317e5e4dece0,c3e49ca0-8b77-4929-8117-ac459b123e83,BEV-001
1065b039-f4eb-49af-be78-982a210ede23,8a9bcda5-c9e2-4380-a886-ba94d17ef670,BEV-002
cea5e097-f65a-47f8-8693-3106977b90d0,445c84ac-f7c7-44f9-85d0-e3bc00965383,BEV-002
c0baa259-4035-45d4-858a-a3c7f2dc85ef,445c84ac-f7c7-44f9-85d0-e3bc00965383,BEV-005
c04d51fd-83c5-4735-927d-4ea5f6fd26a3,49cdf40c-e55a-40d6-8314-efc3e518744e,BEV-002
06e709f0-6726-44a1-ba1e-0e52fc43d183,fee6eede-d333-4c2b-bc85-b105e693c2b5,BEV-001
debe93e5-740f-44db-8529-65fd84bcb68e,9930de4d-58a5-459f-9a19-47cfc19ae1bf,BEV-005
33541148-424b-470e-bf0c-b84d3f7e548a,9930de4d-58a5-459f-9a19-47cfc19ae1bf,JAF-005
b3df0b4a-ac4a-474a-a103-849f1fb07340,4676e128-d38d-476e-8030-f33733cace99,BEV-003
50083546-893f-45f3-b8f1-68b62f9613a6,7a1f0185-6cf0-4776-8980-2c0581d87f64,BEV-003
84ab429a-bec5-4636-a40a-029eff588429,ba4fac3a-8775-41d0-970c-0bdfc5b696ba,BEV-002
433b8851-af3c-400d-bf49-9b7f4755efd6,03413029-0216-4b13-aef5-f44352d56dad,BEV-003
0ef8a4e7-b106-4929-bc88-076a717e6c88,3292c71a-68b2-41cc-a274-755ca54a09f8,BEV-001
cb3c68a9-1ac5-4d8d-84b5-851052e3cadd,3285d15a-b22a-4106-b991-b98223143881,BEV-005
0c26be6a-d29b-458e-b236-7b25db1aa504,3285d15a-b22a-4106-b991-b98223143881,BEV-001
d4611407-b539-4294-9628-baa69f9ca450,6d7dcea0-7d3d-4fea-b4d3-826e1708129b,BEV-002
7df30593-040f-4919-a569-0613bb8a01fd,4453317b-75db-4073-9539-30ea32ead3dc,BEV-001
16bd9c2c-e238-4239-967f-6f59636dabc8,0a6d6c67-ce79-4769-80ec-181f9dfbc043,BEV-002
10c4a649-5840-489d-b451-b44ff0d48f39,0a6d6c67-ce79-4769-80ec-181f9dfbc043,BEV-004
bc019a8d-2179-40cd-9fe8-63a6df0e47fb,0a6d6c67-ce79-4769-80ec-181f9dfbc043,JAF-005
8db2d352-523f-4836-ad64-1a479745555e,f2ba52bd-f119-49a1-a6d8-d37a76bf9ea1,BEV-001
181ede2f-2839-4e89-9bcb-7938165e0a7d,6fd3ba49-a150-491b-a09d-b0c18d1807fe,BEV-005
478a3eb2-1d63-4aa4-b691-b8090a466f62,07760f43-5ebb-42b5-9d00-f64b1ab7da9d,BEV-002
f14a4944-c583-4be9-8b19-7724d125ffa4,471d77dd-0e0a-4a7c-ac6a-9745c31a7f98,BEV-004
6c626878-6870-4d98-803d-6e925a7a997c,9614e3b2-5ae3-4a4b-82db-385764a4978c,BEV-001
cd897a8d-d220-4a45-9e35-7c061d7d7c16,9c0b18f3-1c9f-4571-a487-cac909e2a7d2,BEV-005
86e080f8-e5c5-446a-a297-abf58bcfb90c,ef4f4598-141d-4f37-a4b2-9da8e0acdea2,BEV-001
710a0195-d8af-474b-aea9-d4bb868f11fe,7c1f4044-117a-4fc2-aa1e-66b89925e3bc,BEV-001
79293026-64f3-4a2a-a5f8-efc52eb1a79d,5a3d7cf3-2b8b-4aba-95b3-181f9f5bde04,BEV-005
4f2ff371-d685-4ad7-a38b-3643a2968eb7,9c880634-357f-433c-b910-8a60b826609c,BEV-004
c00b25e2-f284-41ad-82a7-254c8b8eab11,2c14a925-057c-441d-a96e-f5ed1d0fd221,BEV-002
511919a2-1ec0-4a9d-8318-fbe2a0e385c8,ac742361-2a2d-483e-8769-4e80e7b5e34a,BEV-004
19bcad66-4f97-4666-b72f-16148b00e68c,d3e226d4-4e1d-4feb-a131-28caddaf0855,BEV-002
5016bea3-c6e9-4ac0-b4b4-932797d59465,f5dab068-cb0e-4d8a-8474-dd648e48815c,BEV-002
03caa162-1f1f-4c62-863d-55b9e6a1a29a,7f3820bc-2efd-4461-b21d-15ad66abf442,BEV-003
f0f3d5c7-1d79-4922-900f-be3c95d812bb,7f3820bc-2efd-4461-b21d-15ad66abf442,BEV-002
46a3f1ec-3148-4ce2-ae68-4885dd7a3dff,7f3820bc-2efd-4461-b21d-15ad66abf442,JAF-005
b207c5d6-5c96-4804-b1ec-03a2da113f43,28a72d4c-733b-471e-ac3d-b5e9fab019cf,BEV-002
3d2b3b7c-ae01-4497-89b8-1c7a5aad02e0,5c6213e5-5302-46e0-a94c-90a81d7499a3,BEV-002
1d54342e-7c7e-44c8-94ab-be47fc794074,e349582d-3887-4c1b-ba6d-ca88d586d8c7,BEV-004
1ac31924-08b9-4467-9c9c-52bcfa91b20a,fede72f7-717f-469f-b597-1f2ba999ad2b,BEV-004
163a40f2-1f15-4d3d-b91b-cb27a2612e1e,59a78f33-1fab-40b3-8731-e4744ae1afd4,BEV-001
3fe6e42e-e255-4d73-a8d4-cbadf77d1f7e,ef0ea4a5-61c5-4210-b1c7-ba353ea1070d,JAF-004
cdc3bbf8-ecf0-49e2-a3df-542d16534216,341e94ff-7f91-4627-b4fb-28fdc3787c04,BEV-002
87de4a8a-027e-4ef4-815f-5795094ab5b2,9edeab86-d552-49f3-bff2-aa01bbcb2215,BEV-005
87d5aeed-c0f4-4fd5-a2a8-fd47ec297897,4a8c7fd9-43ff-4063-9145-969f2224b46b,BEV-003
2873d634-02a6-404f-832c-d74f06b5f26a,dd3d8c48-4f3c-419f-8af9-0b5f1e5fdd10,BEV-005
8d0b4f8d-6ccb-4dad-88f8-98141b7f83c0,dd3d8c48-4f3c-419f-8af9-0b5f1e5fdd10,BEV-002
a0aae87b-7c40-4d32-9910-a2eff8a70fa0,9d7a9b20-80b1-4ff2-898e-290dfd802100,BEV-004
294e4ee3-a015-4906-a0ea-3843d5eefce8,f252d7b4-08fe-42e1-b8ab-a09164c416c1,BEV-003
15d02942-bd07-4c7f-9464-358f520fd810,000c3fad-9797-47e7-97f6-dd4c798e82a3,BEV-003
3e4ac802-e3d5-4864-99c5-7ed4b80c088f,17e1b226-c916-4c8f-8b10-4acd1dc82ff1,BEV-005
d0a8e69f-c6f2-4d7b-9bb2-8941c036dd05,17e1b226-c916-4c8f-8b10-4acd1dc82ff1,JAF-005
d3fda71f-b12b-4061-8500-1bb63e2767d9,15109ccf-9d29-47fe-9e6e-0fe5eb1d1316,BEV-001
90a2500e-4b16-495d-8fb6-a5cb7f8dac22,14318a62-5d47-423b-9b75-d41f6316d624,BEV-004
b09d4953-2489-4526-8ac4-671dc1cc9c4d,14318a62-5d47-423b-9b75-d41f6316d624,BEV-004
686cbd9b-5b2f-4a14-ae5e-6fb7f8d6a356,fe4cba81-2ed4-4505-9927-dcc6ae3054ba,BEV-001
7b8dd8a5-a3c8-4898-b94b-a2b1f2934824,fe148d3a-a7f8-4133-930b-dd82577e791e,BEV-005
ddd3e981-aee1-4acb-8810-cdcb72e86c90,f7c78a33-c3b0-4171-846d-39c68f1a6e15,BEV-003
533e95c2-ebc3-42f3-b9ac-1926789a4a4c,2fd68c62-630f-485d-92a3-ffef918bd180,BEV-001
653376d5-bf8a-44e0-a011-cc8e7256a3dd,2fd68c62-630f-485d-92a3-ffef918bd180,JAF-002
a067b687-17c3-4487-ab92-36d61a5a300b,fbeeb338-9b90-4f58-8dfb-eda98bfd6d89,BEV-003
a1ca4004-41b3-4fd4-a181-5a13d3047746,44e08a9d-181e-4fd5-bb3d-f92806200aeb,BEV-004
da73bfcd-ec0f-47de-8f35-0f53b5b0f374,99a8e7e2-5428-4354-b0bb-2ffe4b771ed7,BEV-002
d98278b9-8013-4715-a1dc-53c8ec4b9bcf,99a8e7e2-5428-4354-b0bb-2ffe4b771ed7,BEV-003
a96e1533-ddc1-4bcf-915e-88c381a00a6f,99a8e7e2-5428-4354-b0bb-2ffe4b771ed7,JAF-003
42e533a8-c310-4355-b585-fc2ef0e43d02,4ad22b0f-3e52-4d1e-8daa-d534b89f538d,BEV-003
a78ec764-0bb8-4d50-8b52-49e56c8cacf7,7b241a4d-53b8-406a-8c82-5e03b9391619,BEV-001
c2b1c3dd-53e7-4abd-95af-b673629c702a,7dfea79a-5bc1-4300-952e-93e329d68adb,BEV-005
7c815176-3da0-46cb-af3d-80c747f18451,3597a59b-bdce-4705-8c53-bf5a90b463f8,BEV-004
be786a3c-c83d-4ba2-a9b4-026d38e9fae7,daba0f59-dc6f-4ad6-909a-712578375f3a,BEV-002
c32d977e-db22-408b-aef4-7928467adfd6,9cc0fb43-c373-409d-8d0c-f58599b94c57,BEV-001
f3e9da57-fe80-48bb-a292-e13b18f8b430,8ae99195-c5d8-45dc-910a-b1199a6b7927,BEV-001
cb19fe19-cc2e-4bf9-bd39-2cd75529cdd2,83de9dba-0e24-42ff-bb3b-19af2ea4a89e,BEV-001
1915b981-ae76-4a52-b660-ba8427d0695b,40a194c4-05a0-426a-841a-6af8a5ea8e01,BEV-001
fbf3ac78-e630-48cd-817a-b7e4681461db,794421fc-8135-46f2-86ae-cc9e2af61973,BEV-004
66ef00d0-7e91-4b21-be23-edb315760936,4e21169d-10f1-46a8-a0c4-92ca999a5bc1,BEV-003
de3fabb6-52f7-4987-b6ed-21480aa65de1,b02475ae-4d58-43f2-9c34-3b60c19e8f8e,BEV-001
c0150cdd-72c7-46f4-9971-3984b1b0fc6f,8339acc8-497e-4bad-ac58-3d76c37eca95,BEV-003
bc0d7aeb-6a1a-4998-a3e7-238d9db776ba,8339acc8-497e-4bad-ac58-3d76c37eca95,BEV-004
8f4207be-b38e-4eeb-aa92-f55a93ec80da,cba013d0-b9f2-4c3c-ba95-ee2b2f721e02,BEV-002
a7ef41e4-fea7-4868-b755-e2f617c217a1,3ad2a14c-cd75-4fd9-a636-232f82dc4a5a,BEV-002
a7c8f838-45ba-415b-95b7-333d07b528c1,b0806987-f315-435b-bf6a-c724a5c367a7,BEV-001
1729756b-52f8-4a64-8ef4-36b492b44d55,f18816ab-baa4-4307-b5f1-abf6242a714c,BEV-001
f9e85392-f2f6-491e-9401-c71df8fbc32b,27afc3b6-7e3b-48da-b5df-b490037c544d,BEV-005
0e71111a-59b6-48b9-b419-76daed0162fc,3c0c3216-be6e-4dd9-88b1-172ddaa2f739,BEV-002
85e7dfbd-b918-486c-be78-69b71ea610a0,2b454a8b-cd17-4b66-aa40-3afbcfda22d1,BEV-005
5a08db74-f189-4270-ab08-bfa6621e8596,79f9e7db-5a01-4087-9e84-5893418cbb51,BEV-005
ce925b12-d24f-4cd9-9ea8-a8c7086283c9,ed2e377a-b29a-4da1-86af-ee2512a353dd,JAF-005
8c7befce-05a5-41a9-b2aa-c325f102d949,ed2e377a-b29a-4da1-86af-ee2512a353dd,JAF-002
4f35193d-2486-4566-a969-5910fd2cf5c4,96438386-eb61-4665-87cd-cbd651101dd9,BEV-003
e523d896-75ce-4570-929d-9081ff960fd6,65f2db92-f5c6-4e46-aa8f-4846da81b10f,BEV-004
aad2814f-0ccb-42a3-98e0-debf7caae354,f455c671-42ed-46b9-829e-bdeb538f5143,BEV-001
36eb8487-0897-4c25-8ea7-2a5a74b47eec,a63374c9-fb35-4bdb-b2de-8e5ddd7a8f2d,BEV-002
b4188589-1756-44fa-be38-03daf60c44b2,05eab401-35cd-4fb4-b298-2b0991cf3135,BEV-004
abc2313f-e6a4-4120-95de-72f1e4c80acc,3e6cdeab-ef8e-4907-b9cd-1ae47e903153,BEV-003
ac108160-aced-465c-8253-906ef81541b0,84ea1112-bfaa-4abb-acb8-fd90fc87187e,BEV-005
74c03925-d465-4313-9a99-59db7383873c,f6f4eef8-917d-4b57-aaf9-edb70d30c725,BEV-001
37106ae0-feff-4421-b386-1e566b653d96,fa3ddad2-3a39-4a96-a874-d3762fd6330d,BEV-003
48758ed6-7678-4496-bd22-ebd33b97f605,fa3ddad2-3a39-4a96-a874-d3762fd6330d,JAF-004
f634c9a7-b447-4290-ac50-b624747f040c,cb8a5564-d0b1-48e3-84c6-fe66c5a93357,BEV-001
367d2156-1ba5-4d57-9527-3f91b492e454,0a0c5401-7590-4877-b8e9-3fa711b25cb4,BEV-002
cd83aada-0ddf-46b3-a529-5dbb3020ac45,9cc9dcf6-f380-41b0-bfff-7f1db9c7a32d,BEV-002
3c1766a9-1138-423f-868d-4b95f9776a30,9cc9dcf6-f380-41b0-bfff-7f1db9c7a32d,BEV-001
96aa495e-b4bc-4793-a12d-1afb4efc2bda,d938f39a-3ac7-45f2-9fe8-e4e62623ff3d,BEV-001
5d1e7efe-170a-44f1-af56-dead97ef906e,c6600f8f-bb66-4838-8108-a97028ba9d5d,JAF-002
7dc2e8a8-ef42-4327-a2e4-d8485d322424,5e0ae0f2-a1c0-4ed4-9e42-0cccde36bc50,BEV-001
81f388dd-b7eb-4d4a-88b4-c32e921dce18,4c168c10-de21-423d-9a78-37d6f44bb90c,BEV-003
5617c306-c0fc-4aa9-b33f-6a8710c8b94d,a6fc6d3a-8e4f-48be-bd25-09ef1b06ffbc,BEV-003
b83e41b5-b7d5-4755-a862-ecdecc5536b0,a6fc6d3a-8e4f-48be-bd25-09ef1b06ffbc,BEV-002
5af1ffe5-7986-4341-956e-cc0088f7d149,a6fc6d3a-8e4f-48be-bd25-09ef1b06ffbc,JAF-003
bc73064f-0e4c-498a-98fa-3f2e2570dbf8,d0600e85-e6bc-495f-b7f2-71d7b6816af4,BEV-005
d2405a1a-1552-4dc2-9e09-b458c425e9c9,d0600e85-e6bc-495f-b7f2-71d7b6816af4,BEV-003
d846ea9a-9798-46e5-8673-50265668aa96,2613fa46-ad92-434f-aa42-67abaeddee5f,BEV-002
a5451e6e-e3d9-40db-a223-01e1d7d101eb,5031303a-c439-415a-918e-d156ce42e805,BEV-004
5886daff-0538-4ea8-8d49-45f00352714c,03ad790b-825a-4cdc-b11e-8b7a2d4d96c7,BEV-001
d2e24362-6af0-4a06-8dcd-15796176eff7,1309ea5e-dc33-4373-b256-bbe6e692d885,BEV-001
a291d441-bc39-42e4-ac60-48fe58c693a7,bf5674ae-a96c-4951-adc1-4498b3ac93a2,BEV-002
b52c1edb-4d85-4fe8-902c-8bf9b250cba0,426295f6-d3ba-46cc-b4db-bbd96a36d633,BEV-004
e39312a2-1d63-45d1-b90e-d9b9d5ff85ee,5edc556d-aa12-49b3-bd3b-f5c9a2e50492,BEV-002
0444a69b-1c26-447c-926c-792d6009e82b,5edc556d-aa12-49b3-bd3b-f5c9a2e50492,JAF-004
dd45b33f-a281-47a2-ba62-63584157768d,041d7057-d6a8-42e3-a22a-55b67bc1c6cb,BEV-001
5b182049-0b9c-40b4-a245-fe27f398648d,85b14cd7-08b0-4ae7-840a-0f15b76017c5,BEV-002
a217e5e4-1d7a-4667-b30b-782f411b5fbc,603be89c-4540-4972-b612-276fdb6fa325,BEV-004
3cf51a01-5b14-4dd0-b61d-a4dc017b9208,5f744cc6-52d4-4c4d-84fd-cdff4ce7c6f5,BEV-002
78bf9e30-0a4e-4bf1-a352-96f448bf8fc5,5f744cc6-52d4-4c4d-84fd-cdff4ce7c6f5,BEV-003
895deb85-98f3-4e44-9f05-01f503b87649,d591cdd9-be18-441d-acf4-a3bc43419ba3,BEV-004
cc8224eb-ad58-4c8d-a7e1-427145cd9566,9245d252-d010-4261-ae29-df1607508cfb,BEV-001
ffb68084-7f8b-435f-acf2-3aa5c052375f,d757b0f4-fcb2-4a88-bce8-233ca68a122a,BEV-002
63edb810-662c-4613-9014-382cb968414a,85f50dff-21a3-4479-a885-0f66ee931781,BEV-005
8f789441-478e-4501-98fb-b426069b043d,bc98c8fd-5841-45c9-86c6-7473570298d7,BEV-004
8b602e39-2659-4ba1-b4f5-bfb854793400,002b805b-9d19-4d60-9878-f404b98fa0eb,BEV-003
f7b4450a-efe5-4116-9fbc-447768c4f8bd,2a929ef7-78a4-4c71-b639-f924511f30b9,BEV-001
f1ec9bf1-c9fc-4cf3-a0ca-c7a983000884,8e90cd79-5431-4876-a284-48a1fa844f3e,BEV-004
ca63b7c9-3a55-490a-9808-8fcb7f33af9c,05c26d60-b452-44f0-9e22-895d8c65551f,BEV-003
71c67d3c-b82a-4576-b8e2-2fc594a75710,f68a1839-3aea-4f4b-aa33-52ca9acb8014,BEV-001
9c0546c7-cfa1-495b-a368-3b2dd24044e0,f3907e57-a897-4518-be25-395c074bc8f3,BEV-001
28fcf9ff-24c9-43b3-a2aa-14774a0dbab6,c039251d-869a-47e4-9b89-29e27f20bfc6,BEV-005
26a85645-29bd-4795-b829-a4667852be51,4203fdda-b714-4b1f-84a3-d830c2622beb,BEV-005
e136c6d3-d0ee-4ad4-b6b2-e1a943772f9c,d6793186-a336-406c-8a42-fc7e7c016e66,BEV-004
9ef3e32d-7fc9-4cd7-849c-64e3e6ffc6f8,484be9f6-0ad8-4700-a543-91a1d00782c5,BEV-002
2d805a76-3260-456d-af3c-98176cbad408,864b34c4-cec0-4ac6-bf49-88304fcf94da,BEV-001
a0937ac9-b91b-4926-a3b5-ad3758f2999b,aaa1feb9-f8d7-4b0a-8d89-c6e3cbd948bf,BEV-005
c5d31777-6ff0-4dba-9cac-05ba8405f6e9,0672192e-44ec-4252-b655-6519ca55fbd2,BEV-005
9c736030-8bcc-49eb-863d-d5a616ee50e7,a98251ed-f72b-4489-b986-d6a70f3fec38,BEV-002
47343c1d-6aa0-4944-8631-848095b2646b,14414bd4-be51-4397-9671-8fde549c53b0,BEV-005
a3d40164-7b75-4244-96cb-0d96d3e2879c,14414bd4-be51-4397-9671-8fde549c53b0,BEV-002
a206ef2a-4fd6-4e36-9c82-d0727a482abb,14414bd4-be51-4397-9671-8fde549c53b0,JAF-005
9f773b10-3eca-4124-9d2b-8f318e3696cf,b7f3be4d-75ff-4f5f-a492-075f8807e9eb,BEV-003
78f67e72-6d43-4273-9ce4-b227af3592c5,cda0d520-8aaa-45fc-9508-17cb0051d286,BEV-005
5e51fd2b-407c-45f7-a7cc-1d75b7fdbb56,27b08b78-2b11-4f74-af19-cfc78fd98aae,BEV-005
24d2af6f-0619-45fc-ac59-e584ae5ed8bd,d482f22f-2e90-46be-8485-b1728429f8f8,BEV-002
1caa4197-7311-410a-ada1-308d4bd346c7,d482f22f-2e90-46be-8485-b1728429f8f8,JAF-003
3f595336-f99e-4f24-985b-29788dd1b3e9,d482f22f-2e90-46be-8485-b1728429f8f8,JAF-002
8d2a228c-8a37-4d0a-8f4d-58a857ca1868,d7c0c0e1-d557-4426-aa7a-69f47105f418,BEV-003
c500d210-e643-40ee-8cb7-4e70f513ee9d,76299f44-266c-484c-ae40-478edd79d44c,BEV-004
c919feb8-4014-4a08-88a7-7e44da2009a7,8a87f8dd-ae02-4dcd-97d1-36bf51a5974a,BEV-005
d00ecdef-4076-45ca-9116-8c19d4797ad1,452756ef-ac17-4314-a431-94f464f4d421,BEV-002
3e3d9fff-e1d9-4294-8491-2e23f92756dd,452756ef-ac17-4314-a431-94f464f4d421,BEV-002
ce23a8ca-03d2-478c-a5eb-1a61bf7a0b15,4c1aa970-48c3-45a7-a817-ebb34a524705,BEV-002
5da38e66-3500-49f2-984a-8166dfcf7698,4c1aa970-48c3-45a7-a817-ebb34a524705,BEV-001
f73d0fd5-a58f-430a-90cd-998b047f4a7c,1f36380c-a90a-4fae-a9a8-1e170c3bd0c1,BEV-005
df341fcc-43fa-45b7-9f95-519f0e13d85c,68369ac7-186c-4606-b3da-b7d5a758a1e8,BEV-002
0fab171d-4a22-4622-8057-24918c8b76cb,d650f130-a4ab-4d0e-be25-cb4a902e1338,BEV-002
29e28a86-d772-4906-b010-68ac339bd129,d7ba8447-48f4-44ac-9e27-18f44a5c68fb,BEV-005
37638df3-7f22-4e0a-a55c-ebcfc69c2e45,0096cd5e-dc28-4b0d-87ef-03c3193b2962,BEV-004
67f2f41a-c1b0-455f-917f-9792233f389c,ea73f1fe-943e-4dc6-9a62-190a4883c4d7,BEV-003
2113678f-5d84-4301-b499-b771c5e52565,12702aff-8679-4bca-9d94-672d00e1d79a,BEV-005
6b8c8804-a1c3-4620-b472-d13520e45406,42ed5add-a1aa-4214-a614-2e8b8772b791,BEV-002
6033b041-da2d-4cd6-ac9f-c01426b09259,e6c110cf-7b30-441e-9ff4-d048a1fe90c9,BEV-001
f5527570-9176-44dd-9dea-07ca79256d7c,e6c110cf-7b30-441e-9ff4-d048a1fe90c9,BEV-003
c2851c2d-ae2f-4f76-9080-9e30009706ab,e6c110cf-7b30-441e-9ff4-d048a1fe90c9,BEV-001
95812b08-5c49-41f4-9042-0cc68215ba0d,e6c110cf-7b30-441e-9ff4-d048a1fe90c9,JAF-001
0784f203-1e4e-4e98-bfd6-627feef9b2b8,ea77852c-c8c7-446b-bc34-1bae893c7c2a,BEV-003
5e85f756-d3cd-4ca8-a956-36e9adb67271,e10bcdac-873f-40e9-b6a1-3a41bf1990aa,BEV-003
2e294c7b-ca5c-49b3-93c0-e5b5b923afeb,4255ef54-7682-4d02-b42b-891d4f24bd3e,BEV-005
50038587-3b93-4af8-b2c8-6152a17576e2,b58e611a-7052-40c7-b184-054d8cb0c35e,BEV-003
9a2e11c0-68e0-4337-be8b-cd2be9230d87,23841133-89ff-4ed5-83d5-f62c38e72369,BEV-003
ca8fe4ec-3419-4ef1-97ea-29561a0c73c1,b2ff21b0-0012-44b1-b4a4-1d184b27d02d,BEV-002
9f879154-7dcc-4fb4-8a5c-5933b47ad3e8,ea3098c0-5dab-4add-b5bc-f4dc65172e4f,BEV-004
3162a68a-c6bf-4416-abb5-c3bddd156a74,9346538f-6f2c-48cc-aa45-1295af8ed230,BEV-001
ee06da64-35be-429d-80f2-b0b157b9df91,b9d93312-4ebe-4776-be94-d4a3abe3951d,BEV-001
1ca65194-1ba5-4c8f-92d6-3cd0145250b0,a7e2cf12-d348-4e82-a446-c4436f2ed84c,BEV-004
dc5f44a4-c5d5-4a8e-b513-f781ae086563,0cca4eea-d2b0-4a08-ac93-0157bd7482ee,BEV-005
a92c1f6f-65da-483b-a6d5-c105fa721e80,df93ed2d-dd8b-4b25-a50b-08e280f2356c,BEV-003
a4f411c9-3344-4b58-80fc-348624d5daa3,acef3539-e98d-429c-a91f-bead3933b9c3,BEV-005
34ec052e-631b-4c99-b1d5-9f56b014c16e,acef3539-e98d-429c-a91f-bead3933b9c3,JAF-003
49ac21a5-df64-447f-822c-18a1e1bd03ca,2eb3f888-c233-4678-a7d6-f132e4c164bc,BEV-005
39ffd823-db05-4394-a450-c5c31498f751,14678253-59ba-40be-b45b-a05fe2ef2683,BEV-005
d7e27f16-23a6-45dc-a07c-ffda2168fbf7,14678253-59ba-40be-b45b-a05fe2ef2683,JAF-005
4aa9e119-99e2-49cf-9a31-53483c084614,6fcd6493-c4f3-4162-a0aa-34b4b36f7ff9,BEV-005
a76e204c-05aa-42ff-98ff-ed1cdf04d9be,6fcd6493-c4f3-4162-a0aa-34b4b36f7ff9,BEV-005
5b8ac179-53ac-4ae1-b233-f9a1fc0e69ee,b1d41191-d2c6-43ab-a481-bc9aa127f3dc,BEV-001
8a2cd437-2f9b-480f-9ddd-54eb38c9eb56,eb4417b6-ac99-4a05-9376-ab2d2faff745,BEV-003
61450dfa-a4a5-4ee6-8763-e881838c1dca,eb4417b6-ac99-4a05-9376-ab2d2faff745,JAF-002
d13ea2d5-ca2a-485b-84e9-fd5207322031,5195366d-7469-4cab-b0ea-7cf93ee902e1,BEV-001
a5e3161d-ae8b-4f4c-a75f-ec1696b81433,a4f9db37-ab89-465a-bb3b-59aa9f9f16b4,BEV-003
64eeb08f-8ffe-45e7-a860-eaa596cdf051,1eedaa67-3f70-48db-80f3-2e6419284be4,BEV-003
a5762c92-4039-408a-992d-d8b076499774,7a0fcfcf-0bf9-4521-bbbb-e6634db13044,BEV-002
d6f90b8e-3be6-4bf0-a7d7-8722071c6fb8,b69dd3de-c2c4-4cb5-9139-c55f2581dd00,JAF-001
7323c16d-c6e5-4156-abfd-6ad78e44853f,fc90acc8-81ca-424f-9b6d-062f2deeb09e,BEV-005
fd8048f4-bffc-40bc-b605-f0b129f8a5ab,2d2eec27-b1d3-4202-aaa6-6907217f0b8c,BEV-004
8ca5f20b-8f9a-45d2-a636-577ee40811d7,8f29c24e-15c8-4835-9bc9-5a38a35f7932,BEV-001
d80fdfcb-5d3d-4f59-b9e2-c5bf67a2581d,789f4033-7598-4b37-970e-d7476ac053e3,BEV-002
6002cd8c-af76-40c2-9176-8b0f26f47c10,7ee26f5e-cb49-4995-acbc-5f2f3348ef83,BEV-002
0eab60cf-0fa1-4290-9472-0d8ebdb74680,2b0514df-33f9-42b7-9429-c07ce7f525ad,BEV-001
fc7d644d-d107-45bf-bdd6-45e66eb17a2a,2b0514df-33f9-42b7-9429-c07ce7f525ad,JAF-002
ce15705f-ff5a-48ad-89ff-430b4568ab3b,52fa8dad-9334-4343-b266-3ab13a2e93c9,BEV-004
135fbf23-707a-4d7f-ad33-09c3b5b405f9,52fa8dad-9334-4343-b266-3ab13a2e93c9,JAF-003
2714e6ba-98b8-4746-9710-6dc7533efe94,35e128b6-b991-420a-8ad4-2a80152254d7,BEV-001
9c2c15d5-a162-42d4-a462-b68ffdd885d9,3041e2ea-bf74-4d96-8d48-45d634946d52,BEV-002
104f4705-3290-4681-b2ae-4b337bd17353,d8d7ce40-d272-457b-a465-f02295f7e158,BEV-004
9d626742-1e18-4bf9-affd-6e4a62d2a0e1,4bc48eff-9deb-41f0-bf19-293c34fe32db,BEV-003
b91a2555-406d-4b32-8cf2-a4e546005538,a79d456c-93f6-4f9f-8503-1a104ddb4e19,BEV-004
e94ed54e-1153-4380-8d18-82e9d4ca4543,1e33530b-0b7d-4ef8-8b0b-d3253a7a079f,BEV-003
8ddde9e7-5898-4f8e-90f3-8f126d2de341,8087161c-1ccd-4e7e-a8e7-ed4471bd5a09,BEV-002
403d0461-add5-418a-8e4c-69c341702787,7e6bd033-058d-44b7-be99-1c3498538ccd,BEV-001
ff57ffec-2e85-4e22-8bf2-49755fb3e779,b7003c8e-eb4c-47f0-b731-272383be7615,BEV-002
147c132d-f900-4615-a5de-78abf3f233cf,b7003c8e-eb4c-47f0-b731-272383be7615,BEV-002
17979159-fd66-4960-a703-b777ec6adb7b,818e70ee-988b-40b0-8e96-5facd31a54a4,BEV-002
92a82f77-7488-4f67-ad68-9816fbd0b78f,818e70ee-988b-40b0-8e96-5facd31a54a4,JAF-005
959b91c8-e2ad-45b2-b54f-b3c15b4b89a2,818e70ee-988b-40b0-8e96-5facd31a54a4,JAF-002
8e649b0a-c341-4422-9360-f72b6bcb3dfc,4df0381d-165e-45e8-b3ea-e4044b140a0f,BEV-001
211d4ff4-b75c-442c-acd7-659bd1d86d6d,5979bfd5-cf81-4ccb-abca-487b291b779f,BEV-001
5378aedf-bdcb-4401-83e0-22bfd9786c69,0be3d1af-9b75-4fa9-b78a-0165924e34cd,BEV-005
6ae4d054-e1bb-429f-a5b1-92c344914668,0be3d1af-9b75-4fa9-b78a-0165924e34cd,BEV-001
0a1ef4cc-1721-438f-9087-a32bf9ec3f00,c59defb0-1e2e-430e-bd56-63b2d5151ca7,BEV-004
679d002a-91ed-44f7-aee0-d5591afe066d,4d598a19-c482-4f02-ba0f-5bb0f866ea81,BEV-004
e7bd9385-4aed-41c8-91a8-d0d077d63791,e0af3be5-e0a6-4bdc-9d85-0be307483264,BEV-004
6c98900f-cf34-4ad8-870f-1f9c3980a1f5,e0af3be5-e0a6-4bdc-9d85-0be307483264,BEV-003
88a34c4f-de9f-4936-bd34-6afa365508db,3a88cd7f-9713-437a-b21d-8ed83de933fc,BEV-004
90f409e8-a712-4363-9340-94cf26d54f15,6418b5df-e45d-413f-8b5c-7fabe953ab4a,BEV-001
f09ffd17-7320-402b-bb8c-756c4bfe3d33,756a7d7e-89fc-460e-8469-d6f3ec944938,BEV-005
f47f3054-0833-43ac-993a-a3c87a99f110,44b1c5bf-4a8e-4771-9d57-f9b0d80493c3,BEV-005
a92324cf-1b2d-48d7-a978-64121b3d4b9e,4abbcfc7-d4a1-438d-b7f5-fa5595e1676f,BEV-001
cf8a7496-4579-4544-bd87-b2ff56c6d823,7518ad6b-b770-4c00-b56d-7ae8247e9b8f,BEV-001
00f936f2-02fd-4192-8bd8-6bede13eaccd,f3a5d952-683e-4fa9-85d1-1c00ca0e1c96,BEV-001
6a75019d-21c7-406e-989c-2cf81ec3f364,fa2a0aa5-76aa-49d8-a364-69f91d820b0e,BEV-001
2f6c4477-b0cc-4d34-a1bf-54d38a82c050,0ee61185-d103-4935-b0e1-25d3b3896008,BEV-001
9d032461-b8d3-47f8-834e-74be9f75b5d6,9b13453b-3c65-4d1e-8a73-8a47281e1ae5,BEV-002
d5a46b4a-0174-43c1-92d6-a3c8ed3bd99d,cc7df869-2927-45a1-a7e5-6c86f4233635,BEV-005
29ce3f66-34b1-4556-95e8-7b6e06cc76ea,563d25d6-dbf3-4715-ac02-b39369d4c959,BEV-002
6b3a7123-7810-499f-a113-41186b38ebe7,4a984a42-40f5-4fc3-9df3-a4c8cd3ff7b3,BEV-001
3e0197e9-11bf-49ea-8296-09ac55890a53,318e0e5f-5c53-40ac-b0cc-53fc2201e27c,BEV-001
9f062e1b-c0fb-4e18-82ca-771b41462daa,458cb58e-bcd2-4e4f-8e31-954da064e8c7,BEV-003
46040100-35f7-4983-a82c-79ed51b19e0b,f3bb5d05-c7d8-4a9a-8426-50ee97949e4f,BEV-004
96e0af77-625f-48ca-84a8-104acbd77010,fa06d599-65d4-4542-ae01-7a9a6ae78399,BEV-003
1484aa37-0da3-48d4-8d4d-109e5af610d8,fa06d599-65d4-4542-ae01-7a9a6ae78399,BEV-005
37a2b9f1-9769-4faa-9c8f-838e5a033a5e,4539b23c-0b51-48b8-aab3-694c7d58c2c8,BEV-004
bda56b56-a211-4a95-b772-1f045e0c7d44,05887382-a0ae-458f-bd52-62c99220b38e,BEV-005
9de469c9-2612-4b3d-8e98-45ddd936b426,5c03eeb4-5999-48d9-85fc-0d6ab880eb92,BEV-005
063ec525-58fb-49b5-b618-6b67f07b61c8,22304c1b-8f39-4dc7-a519-711f0de797cf,BEV-005
12cfb910-023f-4c49-b693-09b9b726eb76,2fea0bd6-a5d2-4716-9835-668d458ccf4b,BEV-005
12d4d27c-a777-4c2b-b34d-60068272d110,0c3016c9-018d-4efa-9409-532cea8fb3cd,BEV-003
83517f37-cd5d-47a3-9be4-0a12a32187e2,a1c3443b-9bcc-4bc0-a8a6-3315e406d826,BEV-002
1cc53001-6d42-4e57-accd-9a632516c965,04769835-0a5d-4348-b711-2014b33467ac,BEV-002
116291a5-4b6a-4c56-9abf-8fd521fe707a,c4b81a95-d259-45af-bce7-ba619c400bbd,BEV-004
816486c2-ac7e-4309-93c0-498623a2b9af,7e999acb-7986-4261-8e28-19551588bbda,BEV-004
60ff97b6-f2ab-4648-9ee9-d5d48ca54626,c4f66ad5-1120-4b7e-b0f0-0f6675e8b7e3,BEV-005
2abbb094-aebc-46b0-abdd-9c907cff4555,4026b450-59a9-43fa-a3fc-fca5a264b7e1,BEV-002
94498710-df68-4365-b286-889975c37ae6,3c74ab2c-de72-4a47-ae05-db0e7dc46074,BEV-005
d19c24a8-0a42-4b2a-81cc-36cc7873580d,2a624892-b991-4296-9766-0d78df2e23ac,BEV-004
f5d1c7d2-ee28-4cdb-970a-1f29c41fed30,2a624892-b991-4296-9766-0d78df2e23ac,BEV-004
25ee0d62-0bc8-4331-8caf-ad524bbe48c6,7c9b5aa1-9621-4991-801b-7ffcf4da5700,BEV-005
883d9d4d-b58a-4da4-b141-db27a8e6a077,7c9b5aa1-9621-4991-801b-7ffcf4da5700,BEV-001
723857af-a4c8-4de3-aaa7-1f2063dfec2c,57c871c4-aeef-4f4b-83d9-9c57e27c89dd,BEV-001
6a5fb578-a692-4b7c-9c76-4a5f6590fe88,2fc55907-cf29-4187-986c-51868ae44145,BEV-005
83ee9936-483f-42bf-9686-4d15a80e46de,2fc55907-cf29-4187-986c-51868ae44145,JAF-004
12fbca77-9d45-4735-a0bf-da5b4f9d12fa,0382f3d8-d303-4f56-9fea-ec6fde9ccfbb,BEV-005
84e64e79-d9b0-4750-946d-4de294e0cbbb,f884d8e5-472a-483d-9cad-0de91f21a1b7,BEV-001
c088e046-90ba-4d41-aab6-0384fcdac10b,aa24110b-b4c9-4d26-a4b2-8b48b428034a,BEV-002
d885605f-f99a-44b1-ab41-b680557af65a,aa24110b-b4c9-4d26-a4b2-8b48b428034a,BEV-003
6c33234e-e307-4bab-b79e-91c54edc7943,4829a9dc-5fd5-4f93-b63b-3b48f66d49c9,BEV-003
902e77d3-2f79-49f5-aa69-4fc38d1c861e,4829a9dc-5fd5-4f93-b63b-3b48f66d49c9,BEV-002
627d8872-16ab-42ad-b74c-5d2049b0c030,9351f217-cec8-4195-b28f-fb5aa9afb6aa,BEV-003
e3cb8cf1-ff03-4b7d-bf2f-cf883c13e687,f0cb6f8c-43b8-48c1-a79c-ca2a484f630f,BEV-005
1d295fb6-e689-45e2-84ae-f57da66e57ca,286cc823-3685-4873-b34b-d3e10f2fff0c,BEV-002
83cbf5bc-450d-44e8-8b68-1403d4e526ab,b3686528-2f09-4f86-b670-28ab78ca49ca,BEV-005
0ddb1192-b8b2-4455-bc01-7e4e233048a1,b3686528-2f09-4f86-b670-28ab78ca49ca,BEV-003
d3d0e358-278d-4957-9eef-9cf5d2bd6dae,b3686528-2f09-4f86-b670-28ab78ca49ca,JAF-005
d0126d3e-15ea-48cc-9907-baf8e17f0855,f13850ad-c3bd-4589-8da4-88977361a2a6,BEV-001
a8a8ee17-9bd9-4d63-8203-7eac1102129a,7a8bc290-0423-4a6c-98ea-c1e819fe5c78,BEV-001
175732db-6375-46d5-8a86-e47426bff255,97e373ca-a687-43f2-83bf-d9515d3da5a4,JAF-002
e0d8ea30-16b8-42f2-9c85-8adce4829c96,97e373ca-a687-43f2-83bf-d9515d3da5a4,JAF-004
a00f2b09-7c9a-41b8-a0cd-fbdc6a0120bd,b0dd7503-6f32-443b-a6bd-2827a4bbbc9f,BEV-001
14165f50-d3b8-40c1-92a6-fad00ae5ff38,c4f8a12b-42ab-43ed-8b5f-7b071870e49a,BEV-002
3b3b6f42-eed9-495e-a1e4-d21a59163233,c4f8a12b-42ab-43ed-8b5f-7b071870e49a,BEV-002
4a234c78-8a78-45a5-bb71-9154f914be41,7b9eed5a-2ce8-411c-9c39-f14414d8aee0,BEV-003
927cf80d-4c8e-4fea-9635-4d50ff67ae3d,325e91d6-03bd-4d5a-82de-17558af537fb,BEV-001
c22a1f26-09c4-4df0-956f-9f9f3613d112,ac05ea05-6141-457e-8ff8-faab1ab797f1,BEV-001
58faaf11-3d0d-4b78-836a-e275fb492c08,2df4268d-26f5-4ea6-a886-f2c54d14c317,BEV-002
48f23fb7-734f-4f5d-8bf4-4a54b74e2b95,bccd1a83-14d6-403a-9602-ea29dca95b6b,BEV-002
e97bf44d-17ed-4eec-a3c5-1dbe50f497fb,a889b092-7fad-4280-a526-616a07575419,BEV-004
314d39c3-51a1-48db-ac99-764815d5771e,a889b092-7fad-4280-a526-616a07575419,JAF-003
845793e2-f406-4a91-a51d-4ea4b5d2e9d9,90657f30-f600-45e0-8d54-d9b409dc2fef,BEV-003
945b568e-8b74-45e0-8b5f-0acec4e5b193,47d72672-9810-46c5-a336-a6fd75187c98,BEV-005
ded56756-8a35-4192-889d-3f55ba74efd5,6d62a634-4a6f-4182-9b3b-d9a972eec3b3,BEV-005
10f4ac26-d6fe-42cd-8096-3e045dff8447,bd8cd5c7-4528-4846-a556-fee18db4be57,BEV-004
8b8a2dcc-0bd8-431f-bc79-e2eec16e97d2,fa0be321-663e-4f44-8eb8-2c4e688c5924,BEV-005
83022c3c-0691-43c2-855d-d1bf6bcfa648,bb20f98e-f7e4-4b53-993c-b8fd8a46f0a1,BEV-005
815e0521-331d-4206-b13d-c6e41279b346,bb20f98e-f7e4-4b53-993c-b8fd8a46f0a1,BEV-001
5b34d9a2-5a43-474a-b5d9-8660ef62324e,bb20f98e-f7e4-4b53-993c-b8fd8a46f0a1,JAF-001
522ee1cc-975e-4bbe-b602-0661756c3e1c,ed17c2c9-a702-43f1-a006-d5e49fa12e90,BEV-004
ab064726-3df9-4b77-a70c-e33cd75ccfde,e6fb591d-b513-4626-b764-60a61514bcef,BEV-001
941bba3b-1731-4709-8c52-fe1b4ef3b337,47bc64f3-4d06-4d29-9282-9cfb9473bc74,BEV-002
a6c2e0f4-c5fe-464d-abac-72e8d4552dc0,040dd42b-b2d2-4bd6-ae1c-02889e32d57c,BEV-005
190ac6ec-f1c6-4c5d-9e37-c8b1a8274d3f,040dd42b-b2d2-4bd6-ae1c-02889e32d57c,BEV-003
9630152d-53f7-4da8-9f41-b754f80ba64e,040dd42b-b2d2-4bd6-ae1c-02889e32d57c,JAF-002
ca0658c6-eba8-4c48-8e93-6fb06e0ef86f,040dd42b-b2d2-4bd6-ae1c-02889e32d57c,JAF-005
3e68f1d5-182f-4ed8-831a-7563c2d3ba2f,040dd42b-b2d2-4bd6-ae1c-02889e32d57c,JAF-002
7d5b1e54-6159-42b1-889e-62f8bd0b5008,717c1132-f6c0-493b-a65e-a964020ac00c,BEV-002
2ade2c69-878e-46b5-ac22-586e0d6200a1,d55c4ed7-70e1-4c22-9dc3-678fac0d51d4,BEV-005
7984901a-3c8d-4525-9c8a-75cea2fcf8fb,b0b7f820-2151-4e5d-b71d-abca1040853f,BEV-002
0ffd9ac3-a2d4-4b03-865b-ca5d5f1805cc,b65121a1-0952-4c9f-9799-5940a2d4cfb3,BEV-003
277393ca-6d76-4da1-94e5-e492b0abed31,791faf83-5d36-46f0-9261-34f72ab057cc,BEV-002
b011d9db-bb86-4044-a215-c8dfe71aa803,64b82a84-cacf-4738-ade8-aa86755750d4,BEV-001
800d6820-95d9-4bbd-a2be-83cb9eac8164,0c619c02-b6d7-4942-91a8-0ba61c2f4af8,BEV-004
7bf5af4a-0b26-424d-ad26-d56a8baadd7c,0c619c02-b6d7-4942-91a8-0ba61c2f4af8,JAF-003
e96c45b3-bb3b-479f-958f-0dda54226f66,0c619c02-b6d7-4942-91a8-0ba61c2f4af8,JAF-004
eba957bd-05ae-461d-b234-5d6c72b80b6b,0c619c02-b6d7-4942-91a8-0ba61c2f4af8,JAF-002
8948f6f4-a256-4285-9327-95a516911bb2,29663584-3963-437d-8881-b25c61effcc4,BEV-003
8ce0ca2e-d193-4664-b2a6-da3f3540f4f2,811b21a0-879d-4cf0-b59c-3d0b9866911c,BEV-001
f3ebf2a0-3fc5-47eb-949c-503d91e9dba7,811b21a0-879d-4cf0-b59c-3d0b9866911c,JAF-005
a55da266-e0db-49b6-97d0-f3fff43c63aa,72b658df-fcac-4ac6-804c-764b51a01435,BEV-005
0f0c64f4-6cc1-4ace-a0c0-cd571dc3a1cb,156b7bee-c047-4233-af1d-ba543dda62bd,JAF-001
da87bba6-3fc6-48ed-be59-0c2ab1edcce9,072fa52b-1df4-4a84-9bac-18d758aed948,BEV-003
d0d4a9d5-4c6c-40c8-a5d7-b1f9a3915dd9,c62ac8ae-8f2d-4c2b-9ccb-924ea59c2e97,BEV-005
fd1f6a60-b4ee-4c32-8dba-d0cb180dfd43,5d7609e3-3ad4-446c-89e5-680fe800f0b8,BEV-001
5b453c13-b0e5-48a2-b21a-8be016f274ba,ee9d6fd8-2446-4ca2-b2e1-593f7c292a4d,BEV-004
7acdbe40-b25b-4eab-a751-968cbc8d0310,2bb850a0-db70-4ff2-b86a-f976df0db3d0,BEV-005
7300d2c9-3fd7-4211-8959-ec370f0c809f,2bb850a0-db70-4ff2-b86a-f976df0db3d0,BEV-001
f0114cb2-0e62-42fb-bed0-c2b2bca74584,2bb850a0-db70-4ff2-b86a-f976df0db3d0,JAF-002
1cea4a12-f68b-4f4f-8255-35a9346056e2,2bb850a0-db70-4ff2-b86a-f976df0db3d0,JAF-004
c40e219f-b877-4dbb-ae56-2f474ba443bf,2bb850a0-db70-4ff2-b86a-f976df0db3d0,JAF-005
a2be8bbb-83a8-4830-90cd-c5a36bdb6c70,00238775-7129-4316-93e4-ef36ce108882,BEV-002
28047bd5-e6f0-437b-bcae-c93b5b75bb64,cc0d6992-447b-4057-9cd5-e34292f42525,BEV-004
19536c2b-95e7-438f-afde-5922c25be632,d9a6a07a-59de-4861-afb8-cf011605b7cb,BEV-005
5d28f6e6-f3b5-443e-9be4-895e3382a2c2,d9a6a07a-59de-4861-afb8-cf011605b7cb,JAF-002
dff23ea1-bc9b-41e2-8703-a8094c1d7df1,b0d9d7f8-ec29-4644-b325-e8da3b13fb43,BEV-002
5c221c06-5951-4c14-953f-f07c14e1cb92,e2128d2e-8834-44ce-9de7-025710760e70,JAF-003
9501dcb6-c28c-4fee-96b1-f352d0e19e68,e2128d2e-8834-44ce-9de7-025710760e70,JAF-003
469773ed-8782-413a-a9b5-0db4f480c9a0,2291e9ce-075a-4f78-b1c9-b6d6e95a925c,BEV-003
6dbdcee3-8983-47f3-9436-fc5c3e451a82,302e4894-70f5-4b7f-bfa9-15978f77cf55,BEV-003
aceb8c4b-401c-42e5-b11d-bd047284f2eb,c0a98254-bd33-4995-9a99-22ef26d7fea5,BEV-004
01c3a8a5-b625-426c-8f93-eb5efb45a595,c0a98254-bd33-4995-9a99-22ef26d7fea5,JAF-001
0b030d9b-6c62-4654-973b-93b77ced69ae,8b4f6cd5-d710-40d9-9017-2b772bc8cb5a,BEV-004
0c99d8b2-4a38-4fcc-9d6b-1fdd6f9e1a43,8b4f6cd5-d710-40d9-9017-2b772bc8cb5a,BEV-004
ada5c8f9-8088-4df0-b491-49cb26f978a5,8b4f6cd5-d710-40d9-9017-2b772bc8cb5a,JAF-005
89e55bc7-7c0a-4da6-a162-b4080876ed88,ec22b405-2fc2-4292-be1a-49403e3069ba,BEV-003
24b5eb80-955a-4b7e-8694-443a78c45682,d784ff41-b6af-4839-837f-ad797f7120ab,BEV-005
6e6663b0-7c5d-417d-be32-3e8369ff79b9,d784ff41-b6af-4839-837f-ad797f7120ab,BEV-003
632fddc3-0f45-400e-a4fb-29f0dcd3ce39,73c8c90f-4f73-49a0-bc13-3017c15640ad,BEV-003
89fd7f36-8dfe-4961-be7f-1db0aabb15a1,7807bd55-c37c-4d57-9afa-84262711edad,BEV-003
5cd390fd-a4b9-4c9e-9dd2-d7907f149fbe,7807bd55-c37c-4d57-9afa-84262711edad,BEV-001
b290d918-1d72-4809-928e-439ec485754c,7807bd55-c37c-4d57-9afa-84262711edad,JAF-005
22984992-f125-4700-9558-cbb915580d41,8e419c2c-f615-4abe-883e-61eb3f665c2c,BEV-001
5b376457-1314-4bfe-b2ae-47ff585beffb,96eb121e-22da-4177-bf46-e17d6130c0aa,BEV-003
7e5137de-3a31-42b8-a1b7-89d7157c094e,4af2b510-6078-4c28-a7e2-a768f3315e65,BEV-003
473e98c3-6830-4937-a660-7dce71938110,f6cb5c05-612b-497b-b2fe-f41341895872,BEV-003
d427bea6-1bb5-4304-94d0-dfa05e385ecc,564215e1-78f6-46b7-9ed0-bd8f304c9321,BEV-001
7a65df99-cd63-4def-9e9a-47092bc3fb65,2bb81ed4-4331-47f4-a8a3-539fb777c799,BEV-002
e528c862-f49d-4c4f-8cc0-3e444b3a6cfb,ab5549e8-e9cb-466d-9d15-4e6dca34a75d,BEV-002
67fc7680-b9ff-4c9a-907e-a2ffa1401198,ab5549e8-e9cb-466d-9d15-4e6dca34a75d,JAF-003
7d654dd8-8d14-4957-84b5-a2a62edcf422,27ae5cc6-e961-4c14-834b-7f2e82b34b96,BEV-001
d556b094-8fdb-482e-aa1c-112ad8f8c328,ac0f1091-8cdc-45a9-add0-911f827b33dd,JAF-003
59270ab8-6d11-44dc-93a7-b8e0db9c6e79,980e5c49-1e2c-4607-8734-68c82bf5bfe6,BEV-002
96987c5d-9cba-44d7-9519-e7d5ca7ee648,7f57f8be-3273-4c7c-9e5c-9220dd851e45,BEV-003
d178e9e8-1e12-40af-98db-54ec56890e40,7f57f8be-3273-4c7c-9e5c-9220dd851e45,JAF-001
71d3a53e-f4b0-4f3f-988e-918e7a5e206b,77df6200-a7e9-443b-b0ac-4325615b095c,BEV-002
ad3d500c-51be-4875-9fb5-262df9c898b6,a3bd2429-cba9-4d80-9860-5c45ccc5a46b,BEV-005
82a686b8-08bd-4887-a3f0-49063cc5995b,b9ed26b3-8fff-4322-93fd-1de9e35f586c,BEV-001
b3f0d89d-7ba7-4690-8f73-3a93f5ca76fd,fc5b8eca-66a3-47cb-8f21-373de5b26b63,BEV-005
b563aae4-4b9c-4985-99e7-12b5ce09ce33,064335d0-494e-4c01-be1d-a2a5e93645ad,BEV-002
2e2e28af-6361-4227-885c-dfc287e5ec15,b94feaea-cb9b-43bc-a627-92261d0971d9,BEV-003
b79eda16-f2af-4042-9268-c7ed9de4b8ff,12ce3a0e-4025-4c26-a4cc-df9cdead69c8,BEV-004
64c392f9-3887-4436-b3a7-8d1c8c33087b,dc58d3b1-6d9a-4a99-8da9-dc063252d18e,BEV-002
1cdc3923-16eb-4007-8565-400bccc1aca9,dc58d3b1-6d9a-4a99-8da9-dc063252d18e,BEV-005
ec6629fc-5dac-4d10-a574-d15c7c8d037c,3a20af54-3dfc-4485-aebe-14df0decd004,BEV-005
882a99c8-98d8-454d-865f-093298225f0b,b36aee16-817b-49e4-a4d9-cdd07b666891,BEV-004
f5c9f07c-0e08-4273-967e-f81932ddda06,f1d3110d-3065-43b2-a84a-66d7b590f8df,BEV-003
b745ba7f-5b04-4bbf-9f2c-05afdc3df6ed,28d7f80e-da2e-448e-b241-4d1d007577f7,BEV-002
e8515a04-fa88-445f-a95b-b737a7139313,7f9fd325-c5d5-42a8-85dd-97fd656397e5,BEV-004
e2a8f948-d8f7-4558-9c38-a819818a99b3,7a5046bf-9c37-404d-9614-9a8dea861cd4,BEV-003
1917db73-40a5-4818-a0d1-bad7ac218e51,585d7819-3838-45e7-bc6b-d9626ca0aa9a,BEV-001
cb4103aa-9f26-4886-86d5-302a0b5caa12,5729eb57-e09d-4711-93c9-a2711e406e16,BEV-003
0d10c360-b250-4c70-a948-0be889144cd2,5729eb57-e09d-4711-93c9-a2711e406e16,BEV-001
b6cd07a6-31b9-4cb0-976b-089d2a86f0d4,37d5aba7-efe8-46a4-92b3-cad16d14c6b4,BEV-002
cd360c99-6d54-498e-86b1-7f5a53495dc8,6fc56f13-0b2e-43a7-b1e2-bf6fb9de39f3,BEV-005
7a459797-a3ad-48b2-a415-a7676f580208,852d84f8-17bc-4f9f-98ca-bf89c5babab7,BEV-002
66a61bb0-4fe0-4029-bc03-c9631e230d74,0bb8b9b2-f81f-4b5a-a1ce-862bff69c0b0,BEV-001
e49e23e8-9398-4498-b932-5007be0ba775,8e90b0b8-de76-4650-972f-29360d1ddcfa,BEV-003
ee3ff8a2-d4b0-4644-ab4c-0be50fd49bef,8e90b0b8-de76-4650-972f-29360d1ddcfa,BEV-002
dc023c00-0920-405b-9df6-c99212188039,22ce71a2-a81b-42bd-bd01-78d02be20abf,BEV-003
50304c52-5be1-408f-b313-d7b851953824,7c116dcb-7bee-40e0-bc2b-cecb9a612f37,BEV-004
e73d8128-7283-40f2-afdf-f05484a2d2a7,607909fa-2fde-4429-abd9-999860371c9b,BEV-003
4e794fde-d671-434a-bad0-872faab73d71,dfafdcc7-0691-41ca-9194-0cc0411b2f5e,BEV-005
27dac642-0149-4461-9d64-532d3df41276,307a5971-5183-46fe-98d3-3f1814085216,BEV-002
b2834240-e399-416d-8d13-e7fbfe066c76,ec370208-f0b8-4e74-94a1-b508e3bee8fb,BEV-002
3d86f14a-3814-4c0c-9a1e-0ae1c56bb0cd,c43c9278-847f-442f-90c7-54cdc32ffd67,BEV-002
634ed172-f2b1-4cac-bc09-377254f560c0,d82e54b3-3d38-4cce-bc98-dc1ed2241068,BEV-002
1c1612cb-6429-46f9-8088-dbbdc9ed51fa,8f27d5dd-4234-4fb5-b4ba-8418226f5599,BEV-003
e4940b0f-b262-49d3-a74f-5c7cf3e7f867,f49e4015-eb02-4e78-99dd-a4777d3c34b2,BEV-005
201905e5-af67-4aef-8618-c959f5b685c9,143c53a6-cada-467f-8c86-68dc30d09858,BEV-003
c70f7270-35f5-45b0-8404-ecec066421a2,726baf59-fb1e-4b01-8b5b-1039e01384c7,BEV-005
6a860e92-774f-4ac9-bf0f-bb35b7adef8e,10057134-0e1e-477d-9560-a6552423f11e,BEV-005
62cc5942-9cac-41dc-b870-784af5fdfaa0,71eaa31e-6db2-43cc-bed2-235617f3882c,BEV-005
475e7e4e-8036-4fcc-b2bd-04f587bffd8d,5dd49783-a495-498e-8324-81e22e38f3b4,JAF-002
ff851a69-9686-46e3-adf2-cbf616710612,5dd49783-a495-498e-8324-81e22e38f3b4,JAF-002
6d650c13-a06c-4ee3-af56-d277adafecea,b3e7fdd0-9b9c-464e-b6e6-062c112ee055,BEV-005
06eb3bdc-4d0e-430a-ba5b-98ee490af507,1cd7e0b0-641b-4921-95b8-5f2000a5a9d3,BEV-004
5c7b3595-d455-4201-80fc-31ede5051e94,1cd7e0b0-641b-4921-95b8-5f2000a5a9d3,JAF-003
b6c01b43-8d6e-4e5c-bea7-fe7e99065355,549b5d5e-8786-4744-b522-c993d38917a8,BEV-002
878a9c0e-0033-468d-87cb-0a562eb2de02,416d0e9c-49de-4a9e-afb5-ea8dc0e1e87b,BEV-005
e0c561cc-4e39-4b2f-aa84-da9d93c85db9,15d01158-e903-4d79-946d-13c234b10f00,BEV-002
8c773654-ae0a-415e-ad8e-5da657727c06,2c47d7fa-bb94-43c0-88d0-ebc20e81e5f1,BEV-003
4a515973-48e6-4c43-8191-4e5c8ec10216,738fbb47-e77c-4ad8-a5d9-c714e6c201c8,BEV-005
a3dfe42b-ac24-4f38-a7ab-12b51521a272,71ed64ce-cbf5-4e74-a70a-46bc3517859d,BEV-003
326d2bab-f9c1-4cd0-9f44-2108ca840f55,71ed64ce-cbf5-4e74-a70a-46bc3517859d,BEV-004
751bda05-9888-4e41-a523-63908b1feaee,ec8d8ddd-e6ac-4079-9f69-92d2dff02da9,BEV-004
dfed992d-b851-4999-b1ee-557e262edfd9,32767020-98d4-4fcc-9238-59841aa35ab7,BEV-001
e66c21a4-ec62-4f0f-b347-0db9bd9f4061,32767020-98d4-4fcc-9238-59841aa35ab7,BEV-005
081dcaa1-7d69-4a25-8f27-e7e78e113508,8f441735-45f9-4efa-82fd-27d8d181c5a8,JAF-001
6f3d29e0-8da0-4241-90d7-38db566517d8,8f441735-45f9-4efa-82fd-27d8d181c5a8,JAF-004
43c20d11-28a5-424a-99ae-4d471e7d3bc2,991a68ed-1b2e-4ede-ab9a-e18bf23cc5d3,BEV-004
1d05316a-ac6e-4346-ae9f-bc375afd6131,4ceedb33-f168-47c5-80c0-92ab4aef085c,BEV-005
2235e1cb-b23f-46be-b8cf-5ff0259c3555,be0fd93e-dc96-4a6e-a2f9-52e2361107db,BEV-003
e6424e4e-dae3-4b15-80fa-a122b91b6ae2,be0fd93e-dc96-4a6e-a2f9-52e2361107db,BEV-003
79eebf31-d816-4f6f-b1fd-0104bbcdd0d9,6071dc13-3bf0-4a91-aa0a-0b05d0699f53,BEV-002
c6baf8eb-4c67-4e83-9428-995e8101d6b3,096e337f-2607-4cfb-a746-07ae28b05ddd,BEV-004
10dd19c5-7f62-4863-bc9b-47ccc3d599b4,b8236972-55ad-4a10-b251-7cdea519c6b1,BEV-003
d246afd5-f23e-4370-9ecc-b99862520be1,a5dac025-e188-4ecb-bf67-6211bfaab648,BEV-004
7dfcad6f-8150-4cf0-b77b-692794c58f22,282aeecf-358b-4475-8b44-f67112acbbc2,BEV-003
3ea43422-e589-45e5-8de0-9782e52af5a1,7b68015f-f5bd-49b4-ba21-4bdc9fa69978,BEV-003
f8cdca7e-c84c-4d82-8d11-a96e3fcb4514,3833e66e-8cad-4456-b4c9-52d7c59248d2,BEV-004
97a9343e-5c3f-46a5-b5e2-65c5b04b7f03,3833e66e-8cad-4456-b4c9-52d7c59248d2,BEV-005
12df9070-87e5-4857-b2dc-33c80e3017c0,3833e66e-8cad-4456-b4c9-52d7c59248d2,JAF-004
ea9cf693-39cd-4d5d-a357-c331a25c6005,3833e66e-8cad-4456-b4c9-52d7c59248d2,JAF-005
7f7536e6-41d1-43bb-b8f5-5b47247f37a5,278ba8e3-b4bb-4e0b-b5aa-c8d9780cb529,BEV-003
85dc92a7-ce02-467f-8de7-8a3098ad5da7,688e0473-664f-4e90-b353-44a5d9630ccb,BEV-001
134b6ac8-2138-48c6-86bd-5a4f036e2d3e,3433ba9a-39e4-4c2c-97a2-89c7a6892920,BEV-001
33193e22-87db-48d9-9cf1-54150d7cf5ce,0e0f140c-34b0-4d23-88a8-96efdb73f74e,BEV-003
a39e94e0-a543-4ab1-b2a2-4083bf5b2802,0e0f140c-34b0-4d23-88a8-96efdb73f74e,JAF-002
0f3c1f29-5a90-4783-aa15-0996ab5c1d1c,678ad6d8-bb84-4945-a063-bb180ea9bc30,BEV-001
b3d61a5e-0783-4b4e-bc98-f36b1ef2a1d8,37e643e8-9ca0-49c4-92dc-413fe1f39a71,BEV-001
cd61575c-08aa-40d2-9982-0ac1b5fffa29,37e643e8-9ca0-49c4-92dc-413fe1f39a71,BEV-002
77888b28-8e9c-4357-9058-2d7c16f14e19,6e2f8196-2292-4f00-845e-77177d1f1b42,BEV-005
af23b80f-5ea2-45f3-ac9b-f7731537ec90,03019502-a7eb-4ddb-9f2e-7bc7fddf1faa,BEV-003
bf3b97cb-e10e-4a61-817c-80e2614ea66f,14c27323-fa0c-4e8b-bd8a-2dad89f75bda,BEV-001
ff557243-7f12-4ecc-bbfb-8028077fe035,ecb50cd4-794e-4133-b305-fe1d74088a7a,BEV-005
8194aa22-f0ed-4285-9a9b-78add597ca7c,ecb50cd4-794e-4133-b305-fe1d74088a7a,BEV-005
33d2b607-bfe4-4051-bfd7-14f8f9fc5b94,ae692c39-3731-43af-9798-c573d123c537,BEV-001
b0b4c8fe-eb65-4b40-9164-8da9356d56ee,e9e4f920-49c9-4664-9fd7-60266ef32f29,BEV-003
920f8e81-6550-4db9-9a13-67e170203cc4,91255e06-f451-4b06-a336-d896a657ed5b,BEV-005
88aca12e-2568-46fd-97ea-20bdbbedb8cc,fb959f02-012a-4b4f-9fb1-e5283393e65e,BEV-005
6f27152d-c8ff-46c1-99c0-a3ff5288ded3,790f8811-3533-48f8-858c-1fa1d60dce3e,BEV-001
c082725d-91c7-49de-a761-3794be2afbb4,8b20b013-364f-439b-a939-e954b0b8e966,BEV-001
453b681c-b8be-4b02-b7c6-c876ebbbd4c6,4b89c809-110c-4a3b-8ba2-be96c22b189c,BEV-005
be3751c0-59b3-4ab6-b5e7-5fc7e92e6bce,f1de135d-bafa-4144-806c-67a0d74446cc,BEV-003
02d72025-7b6b-4f9b-bf5a-0b668fd37948,f1de135d-bafa-4144-806c-67a0d74446cc,BEV-005
28d61ec0-222e-421f-993a-6ec936035de4,ea603fa8-e001-46f5-9e2a-6e8c192f010d,BEV-001
cd609d7d-9e42-48b7-9544-1864cdbee644,c3f001da-8c33-4577-b44b-1089fe298618,BEV-005
0067fc74-bf33-4aae-8adf-e9c190aba408,f592fbb8-0f3f-4606-8136-c1617fb2331c,BEV-005
936a566e-f30f-4fc9-8546-f25e199683c7,12a5b681-1f04-4012-8a3b-b46eec44e618,BEV-005
9a25de81-cc10-44e5-b7af-6ed9a9abe862,68d6cb14-b44f-46d9-99e3-65915c1f9d00,BEV-002
2174e54d-ea02-4890-ac99-2b61ce316684,47b97f2e-1fc5-48ff-80a9-4612bd08e595,BEV-001
c720114b-89b6-44ca-8945-f0b76a5b94e0,9c08a617-5f85-4dd7-94cf-94d40f1c83b7,BEV-001
39aa27ba-27a5-437c-aca2-9beee4b4f470,2035abd9-dc50-4622-956a-6bb8b9e13312,BEV-005
6a15229e-9664-4247-9912-9ed94941e62d,2035abd9-dc50-4622-956a-6bb8b9e13312,JAF-003
ee76b353-55d3-4141-8929-c71a7e80f712,2035abd9-dc50-4622-956a-6bb8b9e13312,JAF-004
a2aba514-58d4-4290-82ee-f0ceccb8357e,1c08edd5-3e26-4244-9857-fd4c87005622,BEV-001
6a5fb661-673a-4a01-a65f-0737b1134014,1c08edd5-3e26-4244-9857-fd4c87005622,JAF-004
a725dc48-521d-40d7-9346-3571d089bd65,5063bedc-2d31-4469-aaa5-a866fe6fccd0,BEV-004
65519866-519f-4484-aab9-d4665425641d,e309ee60-20be-4af4-92e1-4d7956ac0458,BEV-001
f594236d-422f-4d5c-b8d9-c1871274e20d,93f73e76-2ff8-4099-bd59-0126d9421353,BEV-005
069c4d79-8ea4-4fc3-886e-432d69cf9ade,98fc6aa6-1654-4c90-a0f5-34a116a8fa00,BEV-002
cc595d57-7dcf-4846-acba-3134119b2bac,03d3a3d8-263c-47bc-b8bc-227e31922946,BEV-003
eab24d80-2036-4077-b7b0-790a69d68982,b7d72c39-368f-4ad2-aad5-18821dfe1dc4,BEV-003
320f8809-a697-4eeb-a999-fb53c3d0d32e,4d39854f-3d09-4b86-b6a6-dddfcb18e476,BEV-001
2e69930e-9892-4cca-945d-b020dbe8208a,4d39854f-3d09-4b86-b6a6-dddfcb18e476,BEV-002
e5fb3334-86bc-4569-8eca-c379f9bdba48,aeacafa8-5f51-46a8-9253-7f44a5daec4d,BEV-005
96f00463-bb7a-415f-b6ea-4fd79875e410,978feeab-7ad2-45c4-901f-34701f2727dd,BEV-003
62746c92-80a7-4b72-9ea4-f194aa3e6bb7,0e06e202-8928-4b13-a93a-7b406c910863,BEV-005
e5807af5-52c0-4e03-ba0c-dc02b0cb9b3d,6ce9a3d6-f1ca-462b-8307-b945e0b70b57,BEV-004
d78f42ed-1fe2-40a4-a4ba-b8813c22faa9,9f5fe724-1500-41ae-944d-610951cd33de,BEV-004
eec8552c-dda3-40af-acbb-ab33770b5e6d,117c73d3-174d-4332-a6da-c2945bbf0502,BEV-003
d452eacb-c421-492f-9940-09fe76cf6afc,068147fa-d7cb-4b15-ac12-0f60f8f8bb12,BEV-005
12949b8b-8b49-46eb-9389-57aa66d9e719,068147fa-d7cb-4b15-ac12-0f60f8f8bb12,JAF-001
6112aee4-53b3-4888-b4a3-bc546125e085,9f9b83c6-e5c8-43b3-87dd-6d3860b9d611,BEV-004
9cc7dd09-7d6f-4f38-98ec-29ef3eeeb61f,f34b6ff1-0151-42a7-843f-749fbe0480a7,BEV-001
253f9934-fa55-4f8a-bb28-73ed56ab30fe,5d789454-0def-4ab7-b672-6bdae436741a,BEV-002
5ac6a509-7040-4e11-9c1d-e74a7632ded8,f4c05c31-934c-4c4d-aa36-a3a8c36cca34,BEV-005
0389d0a4-f645-45ea-ab07-66c455d7d119,cdbacf6a-4f4f-4e66-bcc4-96806a91ee9d,BEV-001
dc506cd4-50cc-4a97-b0e1-acf5e32eb6d0,cdbacf6a-4f4f-4e66-bcc4-96806a91ee9d,BEV-004
2ef97eb7-5591-4970-83ec-be8fefe8a8aa,5c8a9fea-cdb9-4b73-aab3-ae87f77198c3,BEV-002
9c22aba0-891b-4ce4-81f3-a793dcf228a0,4fb4ae67-3e7c-44fc-afac-63b3f00914bd,BEV-004
ccb02d03-aaf4-4932-b251-e6784360c4c7,4fb4ae67-3e7c-44fc-afac-63b3f00914bd,BEV-005
919f3a74-93dd-4beb-846c-57143b75db84,1bafe11e-8fd2-4e59-8484-2456c174cf15,BEV-005
01300cab-1ce0-4a2b-9506-7a5f5f4fe9ff,3a773e73-4be1-4aea-8d3e-93afcdbc4d37,BEV-001
a42e2bea-4222-40bf-ac52-38312afb5069,8971d425-612a-4874-bd88-4337f037f1a4,BEV-004
fc53091c-ea16-484b-8f8f-2ec7283627ff,8971d425-612a-4874-bd88-4337f037f1a4,BEV-002
16bebfc5-5e2d-4841-baf0-45a8ab2166d1,8971d425-612a-4874-bd88-4337f037f1a4,JAF-004
5cc3a201-7b87-426a-a554-9a18894803e1,8971d425-612a-4874-bd88-4337f037f1a4,JAF-003
aeee654f-b093-42a4-9076-fca26dfb4213,a6e5672f-2723-4fcd-a004-560934c18644,BEV-001
3e05a68d-7310-4dce-8a63-6433bf4cd391,a4e7e98e-3823-4269-a541-5372fd66385c,BEV-004
40d2b461-cfb9-41f1-a865-1d397bd08d06,271fd7fb-b153-46ea-914d-ea2571c0d4c7,BEV-003
17c176ad-dd17-402b-8e72-2f608c499f1e,3a0ecf9b-a2c1-4069-b35b-645e002e8a84,BEV-001
be9af47e-267d-48a9-9f5f-9e7bff79daf5,50276615-e420-41f2-89fb-b81ef47ed84f,BEV-005
596cc02d-e728-4de0-b0a5-010b3f4e3859,89029b62-329e-41cd-831c-469f551a76ac,BEV-003
8090784f-db0c-48c2-98e7-6f3250ee5d4b,b7faff30-5d10-4c2b-9a0b-4e1cdf6587b5,BEV-002
032ec469-ebe6-44b8-9e2f-f1cf0ba2f945,4074e051-fd62-4906-8677-7aa08b8c1567,BEV-001
b6726770-1d07-4be6-98b2-31b7e91e8028,75a1bebe-a4e0-494e-9afc-0221a5befedd,BEV-005
a05093c3-5a55-4f2e-86db-089f952fecb3,75a1bebe-a4e0-494e-9afc-0221a5befedd,BEV-001
8a2fc6ba-6d28-4be8-9e56-49b783017e5a,75a1bebe-a4e0-494e-9afc-0221a5befedd,JAF-001
dd7ee822-b105-411a-9d48-21e252880a34,c091a009-9053-4a37-9ab2-e16c12f323e9,BEV-001
4cfb8b84-7ff6-4b41-9b58-6f4eb5168b38,ef8c2e78-95b9-44db-9677-adff85544dd5,BEV-004
894bb0ac-c018-4d9b-a081-f29fe74d1eee,104893ed-ab50-48bb-96c4-78dd61dda4c7,BEV-002
6ac1f773-b12d-43c6-a0c2-2b31c9ccf6f9,9b9278ab-4dc3-4b75-bebc-5fbdc5ff23da,BEV-001
42f7809f-ae29-4ebf-b3b8-b928bced0769,d9014afe-d898-4227-8048-d850d9f0198a,BEV-002
b8e41168-f45e-4115-ad71-a406f0974e23,d9014afe-d898-4227-8048-d850d9f0198a,JAF-002
ef90f19b-4410-48bb-aef6-1d45e143e7fb,ea271881-cc9c-4ff1-aad6-8477b2d0aec2,BEV-004
bfc980cf-c1aa-420e-955e-7aa931658f2d,550b988a-7d36-41b5-a67a-70faa9ea623c,BEV-005
ae233c83-ee67-4a42-8fa7-d88d91ec50a5,65fc8107-538a-41c8-ad23-6e5b7ec2008a,BEV-001
4804fcc9-9ba9-482f-a2fe-8708c7b963b5,4a03276a-f873-4649-bdc1-f1bebb07df78,BEV-004
4796b217-6213-427a-8532-5bf7e039d7fe,4a03276a-f873-4649-bdc1-f1bebb07df78,BEV-001
372e84da-e942-4ef1-8ad2-f8a454ba624f,892b4ab2-9e3a-4b15-9ea8-40497318eba0,BEV-005
fffe56da-bbd1-47a0-909e-0efc92283530,b04fecae-3e00-4d74-92bf-661a7157a95c,BEV-003
53518022-fafa-4bf7-982a-2a1635a458bb,a9691814-3834-43b5-b9e0-17dd9613add0,BEV-001
4f4a510d-71cc-410b-b067-09bd7b1cce81,3eff8a48-8e99-4512-ad6c-23bebbbdec5b,BEV-003
646db830-81f3-45c4-9caa-74b34192cda1,9bb34db7-dd17-4397-bd22-a6703a4d7ffb,BEV-002
47d8a3e5-a0da-41ad-87e7-e60f075a9f52,e5ae1ac7-f9f7-4e6f-bbb0-1c76526495d8,BEV-001
d9828ae0-9a83-4735-91f8-b271c316fedc,e8190fbc-8c3b-4734-8c29-47e54d874ea5,BEV-001
92ad7f27-9cc3-4a20-bed2-c87be793b2ca,e8190fbc-8c3b-4734-8c29-47e54d874ea5,JAF-005
0f09e978-e2ad-4555-9ff0-eaaf816ca4ce,50074e9d-c156-4cb7-a169-66ec423457ea,BEV-002
9b82545c-4a4f-4937-9d41-cfa8c7819214,50074e9d-c156-4cb7-a169-66ec423457ea,JAF-004
63f97123-d95d-45fa-b989-174ab8149b18,5eda544e-ed1b-490f-826f-7d3b782b9712,BEV-003
8d794f99-ea11-4cfc-9fb5-6d60ee96ed85,755377e1-896a-4431-ae7b-fd185a5e0355,BEV-001
6c68f1e7-799a-423e-9440-ad62ff8eb6df,3571401c-c0f9-479a-a312-9b298bb36db1,BEV-001
a778b0d3-a736-4794-8fef-10f1194e3973,d33fcd63-5fe5-4cb6-9919-bfd628f8d0e6,BEV-003
d0ef49c0-7899-4ab7-bfd3-3f8ad86841be,97a980d9-b6aa-4510-9a6f-ef8efd8cdcb2,BEV-004
bade980f-5c58-4a40-84f8-53353ea4d096,31d79bf2-e464-4746-b82f-2513b986ca8b,BEV-002
a81f3ab6-2a7f-4d81-9f16-aefc1068b87e,8c1ba609-1da5-43d6-abfb-b5f640c71d9f,BEV-005
cd2ba03f-06da-44b4-b87e-fa1761db6f70,80d0beae-af3b-4f0c-b0f9-2ef1107ef806,BEV-005
159329ba-b810-4837-90ed-5f8ceed8323e,d3270cd8-44ba-4479-b20c-894d0345573e,BEV-002
6331843f-5036-48bb-8e65-156c89646e8a,53e24942-dd35-4a73-9535-7450d4a8a187,BEV-002
09aa5ef1-693c-4d21-8d13-3ad2dc8c5005,2e7d2f4d-1f44-4ea8-afe4-6f537b3f5d7b,BEV-004
2c8e2c7d-3b1e-4a88-b422-72feeac5c1d1,ef972575-df55-429f-a838-a203ad7d36ab,BEV-001
1f151b6d-2147-46db-b551-765d7f9e2c65,afb23a14-372d-4e67-ac5b-a26e935674bc,BEV-002
f377a79f-09de-4d2d-b0f4-69e293e10f2d,353d1ed7-0c16-42e9-9994-a7a52825d26b,BEV-003
3e65e9ad-b94c-4eea-8751-ca6d42a727e6,f932d8f4-3ec0-48c1-84ac-40a2a55a6b45,BEV-005
5fd6acdb-800b-4547-8740-8fdfce86808c,11c77e34-d00e-42da-bf1d-b108f8c68b51,BEV-004
91c9bbbd-64a4-4011-9d35-7e18d923cb85,8af4d993-b4f5-4db1-9393-f0179a83d1f2,BEV-005
68513469-e7a7-4665-97b4-f94d42fd4097,f2137064-8ce7-41fc-80a0-01bf1e6fabe1,BEV-002
e7df5e50-bbdf-4538-bde8-7fd1b179553a,14f8b386-7687-4f83-99ee-15331df12b02,BEV-004
811b0715-f131-45b3-be77-41ef079cb0fa,14f8b386-7687-4f83-99ee-15331df12b02,JAF-001
8b1d3965-27af-435e-920f-f57f97055f30,adb76ac0-60f0-4979-9001-33e021b29154,BEV-004
12e73859-c594-4765-bd08-7d7a949e3477,8f3fc75e-a8d9-4b50-a694-cafdb7b582c0,BEV-005
c8994ea1-6439-4db0-9c9a-e58704a98b9e,72620a0b-8577-405c-b287-30208e582b1d,BEV-005
b0282ede-e55f-4f4c-9922-fc7dc8a58f71,62619b0b-489c-41b2-bf03-4e21f4919980,BEV-002
802957a5-c085-4fa3-b555-4f876053b979,49525301-8a0b-4551-831c-54f3678cd55f,BEV-003
dd0f54a8-dc21-419c-9701-581a026bcd39,fc684a36-87da-4533-b5ee-6c639c6ec75a,BEV-003
b19a972f-f098-456c-97c0-afcd2a94d6a2,f3b98de4-9899-4e22-8f4e-f81ecd1b8845,BEV-002
adcd6166-6991-4102-9a63-e167d187ee3a,f3b98de4-9899-4e22-8f4e-f81ecd1b8845,JAF-003
a483e113-a3c3-4353-a7ec-5147b1322407,cddad235-45ec-4c47-9649-eb47576f38c2,BEV-005
875668f8-d492-47a3-a3c3-45bf7b662bca,79bf88ff-44e4-46aa-b828-8435f9aaeb8d,BEV-001
ab8f6094-4174-4590-a5f7-9eba97cdac2b,ad689c14-2e68-4702-a5ef-98cc46990479,BEV-005
49901be3-91bd-431c-8f10-4f25ea57393b,ad689c14-2e68-4702-a5ef-98cc46990479,BEV-001
bc48178a-7002-41d9-bcbc-0c9bfc72703b,3dd61942-66e8-47a6-807d-0b369038d9ad,BEV-003
03ea3b64-03f6-40d9-95e4-484a415ac396,3dd61942-66e8-47a6-807d-0b369038d9ad,JAF-001
efd0a5c2-7b9b-4fe2-95ee-241dbe500ccf,16a7ffb7-4de4-4f49-ae5a-0d066112859c,BEV-005
40d7cd65-b7a0-4634-af52-7258d4fdec09,2e169811-e558-4717-991b-1aa58fab98fc,JAF-004
3fd1cfe8-2d29-4cda-8207-fad7f4e3604d,e3b53be9-5025-458c-aa81-b88a42430134,BEV-004
2644f199-bae6-44c4-88a7-dfd446510282,e550dd1b-9e41-4aab-aeea-3bc927beb3ea,BEV-001
a42e1a90-fa32-48ac-a520-a36c5d6d054d,9552f38d-234e-466c-a4e8-7a2b229985c9,BEV-004
91896e67-a771-440f-a6ca-eac11e0b83e7,a9bc67c1-b72d-40cd-a93d-69d809bb7dab,BEV-004
d62c7b1d-ed99-4345-a535-1cb315b85e92,a9bc67c1-b72d-40cd-a93d-69d809bb7dab,BEV-005
cf6abdda-d50e-4bd8-9a84-46822e57b14f,a9bc67c1-b72d-40cd-a93d-69d809bb7dab,JAF-003
aa2d105c-53a0-4208-b754-9c0fd850eb92,ac398a3a-6b56-4b06-b4fd-53cfa63d30a2,BEV-005
ea7e75e7-8426-46d6-abb9-da72486a8674,9fa304c0-7937-49ae-b48a-fe4fc107e2d8,BEV-003
4a2d50dd-9f65-4228-850e-25e23d29cbcf,17f028da-b8f4-4c84-969c-1880bc84fb29,BEV-001
c3c6ac58-b625-4996-94fa-71f6321bba47,c5be8247-8fee-484c-8501-8d6ce49df253,BEV-005
9c6fe60e-03ed-4d6f-ae23-933ae1b763f1,d3972f4c-5589-4551-9672-b53b50534ccf,BEV-001
eeefa919-aafe-4661-a1c8-79c234001380,d3972f4c-5589-4551-9672-b53b50534ccf,JAF-004
86483481-3c20-4c41-8f1a-8759800ac335,94280684-7485-4b4c-ada7-417ba2884a82,BEV-002
9f26a7af-cb46-4773-909d-b3610f9e6760,a343f5f6-20e2-459e-96c2-afacc87eca2b,BEV-005
4e9ff933-d865-4bda-b5bb-213c51f14329,cc2bc9b3-f192-4ac0-b555-1a1833745cfb,BEV-001
79ecfe1f-9d84-474b-9f41-77d364e8e66a,c6aead8c-8636-427e-9a8d-85f108c49be6,BEV-004
fb7ac4d4-3efa-43c4-b7a6-90bd204bcb83,ff630738-5547-4252-8fb3-93b81cc393c8,BEV-004
7ce8d888-be7a-4ec1-8de0-22e3dfc9cb0a,206e852a-8a54-4dce-b112-c9a2be6bf1ab,BEV-001
6a8a3137-228a-44c0-a02e-78efe0125b96,db9c8fda-723a-47f0-bdc9-29802790d520,BEV-004
a379dc31-8e33-4c61-afbb-74a2c4268eac,db9c8fda-723a-47f0-bdc9-29802790d520,BEV-003
14f529b7-1ce8-47d8-ae8e-0c9dd84988b1,db9c8fda-723a-47f0-bdc9-29802790d520,JAF-003
5df4bd02-ebc3-4642-acb1-ec4724c79551,84d58860-6590-4c6b-bd04-a612925cd7d7,BEV-001
00924bce-bb69-4a79-89f1-58fb6ef88af7,16dcebd5-3b77-4eda-9e4f-6079a5bed5bc,BEV-005
e37bbe15-4ee1-4774-a472-aa90cdccf5be,455f7efa-3aac-460b-9f76-0b25d7232a9c,BEV-004
004a153b-f092-4049-923f-9559586a5fa5,3dc0e4a4-f162-45cb-8fae-9a8c79fc4077,BEV-005
7eff83b7-403d-4633-bfb7-3b58bf417698,2ffe02ed-eddc-4267-80e2-2c2bb224acdb,BEV-002
d2a9d4dc-32a6-49f4-92ed-25e9ff56482a,cf849a9c-8a88-422e-8012-2d06349a3b9c,BEV-004
a59910fa-a405-4ebe-b3ad-48e301d3d9cc,cf849a9c-8a88-422e-8012-2d06349a3b9c,BEV-003
5a463563-8f39-4d02-af44-ebd8e7ca812a,d747aede-f929-4692-8f61-26717f544409,BEV-003
afff6cbc-6b17-43d1-9109-6a1b53d1bdf7,44622ce7-4b16-41a8-b101-15f8c9fdee3d,BEV-005
fbbe973d-d356-4cb2-9935-84c0c86818ed,8c1bf3ae-b404-4a2f-ad41-e15e1adffeb6,BEV-003
1e04d317-84c9-4dd9-b831-94e2e33d4778,8c1bf3ae-b404-4a2f-ad41-e15e1adffeb6,JAF-001
361bf5df-3600-4864-bf52-74214d37441a,1cfd3cf7-13b0-4a24-b6bb-e31ff318e29b,BEV-002
763d831d-6ea1-4751-83ef-702f53d64444,1cfd3cf7-13b0-4a24-b6bb-e31ff318e29b,BEV-005
fa7d1ff0-d116-424e-ad47-3f19b005bb1a,1cfd3cf7-13b0-4a24-b6bb-e31ff318e29b,JAF-002
14c65835-b68e-4571-ba12-42e36d30b13f,a535f0c4-e801-4ab1-a8a8-c4be027ef5c9,BEV-002
6a4c59ab-21f9-4d3f-a844-801165bf850e,793f845a-7ca5-428d-a7a3-f00a56ab7982,BEV-004
bece600a-5e1f-45a9-b7a0-6a5c1199f56d,31d8cb7e-121b-4fb8-a323-66ab9e7204e3,BEV-001
56c0426d-9178-4be4-8e6d-23b8ccd8f954,8cd7d2aa-d4de-4aa3-b15d-9ae9816e2edd,BEV-002
d37fb8e0-dcf1-4f92-9cbe-d49cfbbfd73e,3c1f2516-611d-4ccf-85b4-a07cfb8a2928,BEV-002
3a04f7c5-c59b-4641-beff-19cfca940978,3c1f2516-611d-4ccf-85b4-a07cfb8a2928,BEV-005
4d516fec-cf04-412f-80f2-3c33cce32152,3c1f2516-611d-4ccf-85b4-a07cfb8a2928,JAF-003
8a2c8c2d-71ad-4bb9-8419-71cd3cf7caaa,3c1f2516-611d-4ccf-85b4-a07cfb8a2928,JAF-002
93b25489-3f0d-44b5-a95f-66a4b6b26b7e,3c1f2516-611d-4ccf-85b4-a07cfb8a2928,JAF-003
116c1bd1-7b8f-4f81-92cc-0ec3753d4f39,8c63c729-0d09-42d5-948f-527a204703b9,BEV-002
5c2eca70-2e4e-46c8-be8b-3303a0bbf243,3280aef7-ecd1-416f-8a76-87ebab5587a0,BEV-002
ffc3d7d3-e39d-422a-b4e9-10816855acb9,281fa1e2-daf7-416f-9cc4-c733033e062a,BEV-003
630dd222-c542-4c07-88b5-de4325815411,3e6e5cd7-0105-42d6-a665-2db4bb9217db,BEV-001
16621f2a-91a1-4602-b700-758c9d3eda75,ac69a2dc-0b51-4a8a-b716-57ac18b9fa54,BEV-004
990fb80e-4ddd-4921-acf3-768e6817fe5d,4ee881e9-18ec-4062-90f3-d6c9297dbc20,BEV-001
9c75ea74-8022-453d-ae08-116f80d33e82,77c54fd0-2d8b-4485-9588-60a8053b0c3a,BEV-004
a07ff776-f0df-47dc-8269-21205ee41df4,0758ef49-6016-4bad-98af-a5fcc8bbac80,BEV-004
17bc4dc9-9dba-4aca-bd53-378523e6d4d4,6141e530-23fc-4baa-ae82-d0a2aab82e10,BEV-003
88090bf8-af93-4479-b765-6c4cade60353,d65a4fda-1cb4-4628-8d04-3bfdecb676f2,BEV-005
280f9e4a-a903-4f66-b5a9-9202bde4234f,b321892f-1a45-44bc-b081-4daa4ca8b993,BEV-005
93064111-5c61-4cb0-bfa2-12c844c86efc,d6723bdc-e95b-4d9b-b2c6-5daa7c891d28,BEV-002
167ef620-6bc1-4fee-a159-e15292e6c382,f35a0b92-802b-4981-9f9b-829cf32d7961,BEV-004
fb573deb-a203-4b3a-bf38-4c2073b0feba,82f33757-0a46-4167-9962-c40ac1cacfa0,BEV-004
d016fb98-8eaf-445d-983a-55fd197d49ff,82f33757-0a46-4167-9962-c40ac1cacfa0,JAF-002
155fb946-5957-4e6d-b483-c0d273522b1b,032f1338-d7aa-4148-a853-6a7cfef6f706,BEV-002
d4834d42-3613-4aad-83cc-4ce7c589da81,446a2327-1d31-472f-adde-d0069bba42ab,BEV-001
b7dfe155-6ebb-467a-b086-fafc5d842350,19ab0a9e-5bb6-49d7-821d-ff34214a8d26,BEV-005
d7cf0a56-d149-442b-a65d-a24aa36849b2,854bfc2e-a04c-4bd2-8fc5-898711459938,BEV-003
b723cc12-8c86-4f18-879d-c58e5dcadd65,b3028814-a982-4c0a-b805-44c392ac82bc,BEV-002
a43685cb-daaa-4819-ac42-09d368b317d1,2003e7d0-73e2-4e38-bbf0-5214cf451371,BEV-004
d061c349-ec19-4a04-98a5-7dd556d42b5f,2003e7d0-73e2-4e38-bbf0-5214cf451371,BEV-005
bfd26102-3b80-4242-8447-3db4086aafe4,4b427fd2-9390-45f1-8fa3-082e54838009,BEV-005
cc027eeb-c946-45da-86b5-a505e1204505,92605b00-afaf-4f3d-aa0d-1e96b9e3b47f,BEV-002
2d2ccf08-473b-4424-a7a5-bb80346135d6,0d2df66e-b330-46a1-935d-317930406c85,BEV-005
30456471-2967-460e-8439-919814620964,a9d9a98a-37e1-4205-8049-064d750772d5,BEV-004
5bc41a43-39fe-4971-b110-369ba693b661,adad601b-95cf-444d-84c1-d602ce85ab39,BEV-001
67bdecb2-23c5-4eb7-b281-91403de82dfa,adad601b-95cf-444d-84c1-d602ce85ab39,JAF-003
c47bafb2-69bd-4c70-980e-891b73e3c016,97f7e010-4b51-4d5c-ba2e-f378a1c8d945,BEV-001
fb80fc7d-abda-45fc-af2d-9085a5bf0c19,291a7d24-83c2-478e-b54f-bced822976a4,BEV-004
b66452d2-d3e0-4c98-9c8b-628618b411c5,291a7d24-83c2-478e-b54f-bced822976a4,BEV-005
4d691b18-31df-4ae3-88b1-ad61ae7dc7af,291a7d24-83c2-478e-b54f-bced822976a4,JAF-004
9fd344e8-b771-42ab-aeeb-85cb322ce7b8,291a7d24-83c2-478e-b54f-bced822976a4,JAF-002
ffa6f735-5168-4469-9bae-0a4fdab3800e,e40c4a18-f0bd-4f60-a505-fc936f71bbb9,BEV-004
f533702d-39e6-4dc9-bb01-732aa3d73652,83278237-91cd-4347-a512-62ae50d35700,BEV-001
ec817f4c-c66c-4502-934a-c6002883247a,34e342ec-7b08-4688-86f9-66393783b80f,BEV-002
ee4911f0-11c6-4ca9-a711-728f827114a3,b91d316f-2c17-4abf-b7d1-71a443498fa2,BEV-003
0195fcfe-119d-41cd-8d80-4193c2e6abd0,8aebf9a8-5e99-42f0-be1a-dddec9441e5a,BEV-002
07975f71-93fa-407f-8da3-91492af5630a,799111d3-fde9-4b29-a32d-2123b82e295f,BEV-004
a182de68-18c6-437a-8b87-0974d5f1b547,bd003a31-d61a-4ecd-9571-df07b4a4bb4d,BEV-002
9bf7febe-cc0a-40a6-8087-590dd466f184,bd003a31-d61a-4ecd-9571-df07b4a4bb4d,JAF-001
bb8ff3a5-c380-4e6f-98fd-f45a4a579653,63a65384-3b25-447f-add5-dc4b852c8345,BEV-003
916581dd-a958-422b-8412-8d1ba35f98b4,63a65384-3b25-447f-add5-dc4b852c8345,JAF-002
ff76e874-37ce-472d-a0b5-36f4b5faad38,d6855b1e-e491-4a4a-8c3b-4ab17cfa0044,BEV-005
f61c16a2-60c9-4fc8-bc7b-5eac05b0d4ea,6c82aed9-4830-4461-9453-e3193bc3c6a6,BEV-005
95bd2d56-011a-4c86-b58d-a035754cb57f,4b01c769-48d8-458b-a6ea-9ebc10b9fee9,BEV-002
e2649a5a-9f44-4be0-a6c9-23e0967936dc,0c2abe46-bfed-4a1c-ac92-12ffc9303df8,BEV-001
5b522e7a-d145-4cc6-bbd2-173630b97302,2b52c336-7948-4872-ba9c-f1c493958ad1,BEV-002
30a1b747-653c-4eab-8f1a-0b5830eb41ab,d889c947-2949-4f16-8687-532de1d72e3a,BEV-004
f1b6f375-5d91-4df5-b0da-a4f5958daf31,a85f166c-e478-4332-8d8a-dd736e425e32,BEV-003
d7a73ac2-9c3e-4e15-897a-e2b6881e2201,e41dea5a-fb3c-4a06-b085-e3c29a925521,BEV-003
eef8a9a0-fdcc-4111-9f45-b6e680e87403,34aec92d-5544-4535-a583-fc7fd1e54733,BEV-001
4610d6cf-15e3-46f0-a8bb-ef5324bf65f5,8006a833-84c5-4d40-85f2-0e265a62ae73,BEV-003
c8efceff-19ff-4e2b-88e2-fdb9ff46847a,bda2c1f7-f7fb-40e9-8da5-d14509ad0ff2,BEV-003
6a8b78c9-5c00-4092-91ad-e9a50ed922b2,bda2c1f7-f7fb-40e9-8da5-d14509ad0ff2,BEV-004
0c5dd933-a195-4abc-93f7-b2518cb2326e,f9d8c104-1b5f-4868-a406-c016b2b0df54,BEV-005
3d8b9547-c9f7-407f-897e-e23056df50bb,56f2ce6f-8cd1-4c78-bbd7-dce861667b68,BEV-003
5d620575-247c-440b-8df1-b21ce428623c,5c10f69f-f93c-423e-b1da-4cf2cc9ab6ec,BEV-002
38feff28-4977-4abd-830b-3cc160826583,20527c6b-46a0-40cc-b0f1-38e5e96d48ab,BEV-005
7a8e90ad-d4f1-4de5-af99-efc50556b33e,41661119-3996-4a63-90e8-5931e5293bd3,BEV-005
d2c66dce-6aa7-4e4a-b540-0c4e880f5912,cef622b7-2234-4b51-881b-64d8221b3f5a,BEV-005
315beb27-b568-4c53-8315-95eec566c29a,cef622b7-2234-4b51-881b-64d8221b3f5a,BEV-005
4660eda9-b0bd-4db1-b8db-4ab62c2d8b72,6628e0f3-96fc-4221-a336-f3f34849c1c5,BEV-002
5d607714-f4bb-4946-a14d-e24fdaf3243a,2bdca999-8770-4a20-aab2-f711266d08dc,BEV-005
2b942c5b-e06a-4c30-bd8f-b32058d57af5,13e9455a-8784-4635-8490-1e57dab66ab2,BEV-002
2651cc2f-5991-4998-aaaa-d0192574bbba,958d86b1-f749-4b30-b3ca-a02424843489,BEV-001
47025836-e379-46cd-9c5a-963c83d2a5d5,ece870df-b5ff-430d-b8ea-49228250a51a,BEV-002
ab0802b0-efcf-487f-bd83-8d635f3a8217,3a37a098-63f8-499d-8eb5-af1b0732715b,BEV-003
1e05e9c5-0f23-4171-afd8-d886d7cc9671,a472ce55-1317-475d-abe3-7cbe565ca429,BEV-004
2aede341-0ae9-4736-ae55-8f83be171583,20a9b4de-84d1-426c-bf6a-0008a403158d,BEV-002
1f0caec6-2a71-4608-841c-a4d85cf8e847,f1ef9316-12d0-4d1f-8c8b-ff93e2986f0a,BEV-004
b58d54b8-52aa-4299-8bb0-5b110416e759,48c629ab-ad48-48bd-905d-ec92b81d77e8,BEV-005
082443a1-4f73-42ae-8a07-4b978c118341,6bec1be5-da01-416d-ab3f-62e81239ff9f,BEV-002
577f94b0-b117-45d8-ad13-b270c8787b52,437aed30-55ef-4bb1-be73-cbd24628427e,BEV-001
a0358b3e-0c0a-4a6f-8929-5fc3f34ac51b,75ca4c75-ef9c-447a-88ce-b01b3afec345,BEV-001
4f8d09e8-48d9-4161-9614-3e00a255f516,706970d0-5410-453d-a29a-78fbb86f4a54,BEV-003
de1153a7-eed4-4777-b80e-2c6fafd784e9,3bf64b23-5c15-4634-99dd-b7ba76170c8a,BEV-004
b39f3868-cb95-4772-ae9e-daf1d864eb6b,5a297768-9bf2-4a5e-9a90-4c1fc7c23f01,BEV-005
d2762527-0338-4c5c-a0b7-4d486e0b1114,6e2f2474-ff3e-407e-a43f-0483e432ccf5,BEV-002
d53f3e4e-d702-4ee8-aabd-f6edb0b0dcd7,15982b7e-dd93-4c44-b8c3-20e95e44e51a,BEV-003
93fe3ef7-e556-421e-99c5-5e78726caa3e,db69fa0d-9533-4f33-a10c-817bf2f8033b,BEV-001
e0aea538-08df-420d-870d-070e14d20b1e,64f8903f-a244-440e-9878-d99e5e97e0b4,BEV-002
ac7344cf-a72c-4dd2-8528-4fafeddd5b38,fc183055-e528-45b1-a760-6bda80a6b13a,BEV-003
0f39a36a-981c-4d5e-b5ad-7b7c42e5f0dc,8010dabf-abe9-4074-a086-da4f610a18c0,BEV-002
cde31a91-5c9e-4b29-bd21-9d023227eb7b,8010dabf-abe9-4074-a086-da4f610a18c0,BEV-001
b4eb9dfa-3a02-4151-9c47-c2c3d8926abd,8010dabf-abe9-4074-a086-da4f610a18c0,JAF-002
565297ea-3a78-4040-99e0-ee7449f7e812,b7449899-8994-4173-9d92-43f576203816,BEV-005
4093a674-f695-44c5-a983-05a3e63992c7,4accefef-f671-416b-a0fb-c3cea00be2be,BEV-003
376cd599-36b6-4f0e-afa2-8c7aa17e53e4,0fd7f441-49d1-4a5f-a6da-7e55defc542f,BEV-002
0be69e0a-4586-48f1-b012-156a84762108,d6ee434e-4ddb-42a3-860d-5361469bff78,BEV-005
f73edfe9-0ae6-4aec-8bba-49f960cf0aa7,d6ee434e-4ddb-42a3-860d-5361469bff78,BEV-001
9993ba5b-417a-40fc-be64-a5c3ea200881,d6ee434e-4ddb-42a3-860d-5361469bff78,JAF-004
897e2df6-5120-4f02-a1d6-ff91a17c6a96,d6ee434e-4ddb-42a3-860d-5361469bff78,JAF-002
96459bf6-1dc8-46f1-87dc-8cd1ca1e0d5a,0ce7882a-e7cc-4f9f-a92b-5ef42242e7a7,BEV-002
137deae6-adc3-46c0-a016-3de3fb2e9938,a8b0f6b7-307a-43c3-bdb5-6d333039be4d,BEV-002
0eef42d1-0e8c-40e8-bb9d-09b69d2b361e,3bc58ccb-fc35-403b-8a52-0ad0492639aa,BEV-002
4f0c3cac-9548-4500-ac27-3d4062353ee1,af3aec50-05cc-425f-abee-fad2b860c208,BEV-004
7ff5d0da-48fa-4a0a-8aaf-72471bdb9221,af3aec50-05cc-425f-abee-fad2b860c208,BEV-002
bc2d38f1-740b-4396-a58b-8ca3e1b73d69,4dbf02df-7375-459c-8627-ee68feaac645,BEV-002
e9b01fe6-07b9-4fd1-beab-e94e06b4f0f0,716a50bd-bde1-4189-9939-9cf41efffa5a,BEV-005
822f455d-d800-488c-b66f-cca4447ef4d5,2f63f82c-5e56-4016-8c16-e8d2151ef1cc,BEV-005
704a7ac4-44c4-4ca8-9ea6-90bd18cb8d4f,ac6194c7-7c7f-473e-aafa-339b9edd94ae,BEV-002
9c53c7ee-e719-4b0f-95ac-73ce270e067c,ac6194c7-7c7f-473e-aafa-339b9edd94ae,BEV-004
81d193fa-3f67-41c3-8390-79c238b5bcbf,85e9d2a0-00e5-45e0-8f7f-e0d59a2a8338,BEV-004
578f20a7-988c-4ec5-abbf-2db831d24723,85e9d2a0-00e5-45e0-8f7f-e0d59a2a8338,JAF-004
5e83c0a5-b018-4dfd-8ae6-9c34e36f6a7e,2df6ee7e-3557-4979-a191-ae0e562154a1,BEV-003
c35cf124-b090-4e79-abe1-6ba72ed7b6c2,56e8123d-bf2c-4977-ab5d-2e0730e16579,BEV-004
6e9861f9-85cb-4e50-956f-ceb59049aa78,53735185-8c6e-44f2-a0c8-7ecd73a2d250,BEV-004
dffae195-3f21-4081-8a1f-3d1146eb520c,4962d098-11ae-4bbf-900c-cb20c6389045,BEV-002
a0b89406-1c81-4148-a98e-b1b6563b3315,0a4b7840-4726-48ca-b408-60761c733c82,BEV-004
8a051ac1-b73e-450c-af41-e25dc490f7e3,d28c61b0-b45e-4e00-b561-74ba2bf30163,BEV-001
2213d25b-2f3f-4df3-a810-a2c838cacd24,29ee7daf-ef24-463e-9996-f45d64e23b50,BEV-003
3d267f8d-05bc-4509-8bf1-6808e365276d,a66f5e8f-a742-4469-a39b-e8c1b58841d6,BEV-003
e1b17430-eb4a-4b7b-88ba-e0a8702439bf,9dd9d1a5-fb00-4866-b9e6-8876d82b6800,BEV-004
09ce3e27-341d-4ebd-8fec-73656a89fcc9,3a00c3de-c267-43a6-a59e-3064b73654f7,BEV-005
4409865d-9670-49ba-98bd-c90a8a72287b,ee138a34-d091-4b49-b9fe-c02b9a872fd8,BEV-002
683a595f-5baa-439a-865b-41ad86d9cf91,fb57e189-688d-416a-aea3-b7abf43d17c3,BEV-002
097839e4-81d3-46f5-91a8-041250d6a6e2,2c7357f0-69c5-47cc-8169-a84eed521fae,BEV-003
7b8d1757-70cb-493c-8875-b4cad7b4a73b,2c7357f0-69c5-47cc-8169-a84eed521fae,BEV-003
b1b54747-ab79-4004-8c67-2cb3669fc706,fa768843-b10d-4d5b-a78a-5b0b2cb8291c,BEV-002
219aca7c-b353-4044-878d-4117ec29fde3,13918b91-9036-4ee9-b1cc-806beacee9a7,BEV-002
4ab418b1-22df-462b-a5ec-93a2995e6ef8,13918b91-9036-4ee9-b1cc-806beacee9a7,BEV-001
cb36c005-082e-47be-86e6-6d5d23d755cb,13918b91-9036-4ee9-b1cc-806beacee9a7,JAF-005
0483d997-fe85-4943-a343-17153f718233,8a3bacd4-74bb-4955-a085-fce06bd0c112,BEV-003
4d07c071-ae97-4b88-bb75-e249cdfa8896,d5411043-44b2-428d-9e26-c7ed91ae2e76,BEV-001
7f289e84-3e0a-4e5c-960a-67b2844bd456,8359d80f-014c-4e8a-85cc-896d521e9533,BEV-003
d5294b19-b972-41e5-b3a8-d4ebf0a282da,8359d80f-014c-4e8a-85cc-896d521e9533,BEV-001
8732b30a-45ec-457e-99d1-1a3d606a4199,2945e6b1-a946-4297-8a31-28ecf96a2112,BEV-002
b0c66197-afcb-4a8f-801f-68a31f1d378f,8dd88aa9-4b0b-4ba6-87e4-35b1f1362d45,BEV-005
2bd1b1a4-5e83-45b3-88ff-4e5af3f9a480,ea413193-d96b-402f-8794-e388d6265d97,BEV-003
ecc47461-00d4-4b16-8bb3-da7239789550,1d97d8e4-c668-4c02-9e4d-c47b7b763200,BEV-003
89154dd2-1d72-42bf-8845-55e49c91df4d,d3f50c64-0e5d-47ae-86e3-ad4d8fbe6fe4,BEV-005
4d663f16-e5d4-4d43-922c-be64a0b0d97b,d3f50c64-0e5d-47ae-86e3-ad4d8fbe6fe4,BEV-003
ec78a5f3-e7d2-4318-8609-4f0804ba2d6f,d3f50c64-0e5d-47ae-86e3-ad4d8fbe6fe4,JAF-004
a94570bb-6de3-4af7-85f3-0f72ab296a7e,d3f50c64-0e5d-47ae-86e3-ad4d8fbe6fe4,JAF-003
1427dd72-ce9d-4eea-a419-e360982be9c8,d3f50c64-0e5d-47ae-86e3-ad4d8fbe6fe4,JAF-004
980a6a5e-e4fa-4a24-9cd8-5a3218b24f29,87959ef2-89e8-4df9-93ad-7340e75ebc6e,BEV-001
8b4c7fdf-0985-4adb-a3aa-bea4ca611382,87959ef2-89e8-4df9-93ad-7340e75ebc6e,BEV-003
a0fdeb0d-4a90-4f9f-b116-3311fed901de,ee9f8bc1-a4b5-4ad6-ae7e-174d55c362e2,BEV-004
d11539d4-d46d-456f-b906-111adfaeb658,65c48af0-1aa9-44aa-b15d-8a34cff211b0,BEV-002
0e5ad8f7-2624-4623-a0fa-08dab7d0d8fd,85ca1649-7af5-4d27-afee-5383ec9ff45d,BEV-005
25821558-a089-42b9-bd69-34616226bda2,3e66d6a8-d1f8-42ac-a7ec-33e0b1c860a2,BEV-003
c01f0a9a-c48d-422d-a325-f95b9c52cd7c,3e66d6a8-d1f8-42ac-a7ec-33e0b1c860a2,JAF-001
948f0fbb-4bd8-4b5a-bcc4-00a518851141,eb3e4230-a533-433f-a06c-21bbfe6f57da,BEV-004
3a656ba4-14f2-4087-82e6-f5a0ef835bc6,de5f3801-78fd-4e63-a9a1-6b1d7310359d,BEV-004
beff4d52-6601-47fe-be6e-a4e579854a7f,22dfc255-3063-4a5a-bcc1-522efb56446a,BEV-002
5da42ffc-8720-4fd5-b801-dd1d515f6a37,e0a0b735-6083-4354-97af-e0a93989e67e,BEV-004
57ee239b-b3c2-40b3-a18a-544dbf37dfad,144b3652-a47a-4745-8234-438c428826ff,BEV-002
d72c03c9-0b60-4ec3-b308-8a8d888fe558,137c83a4-92c3-4049-ab15-2427665f6044,BEV-003
49e38656-baf9-4cd2-b16f-d59d817f86ba,99733ef0-0294-463f-adde-9c159b576df5,BEV-004
67b048c8-bdbf-4652-a971-95829e78295b,3023399b-8755-479b-8a4f-f1a0ae715981,BEV-004
a29cd29e-37db-495c-a0b0-eee0604d9553,3023399b-8755-479b-8a4f-f1a0ae715981,JAF-005
71c8ceeb-d921-47a4-bdcc-02ff4edf92af,cdd63faf-91bb-4ec2-bdc7-6d0a9c830fa6,BEV-005
ae0c9fd1-f217-4685-83b9-eb0078da7a55,59ca9d6c-bf06-4da9-a9d0-3c36c2c71c1f,BEV-001
6ee4ff40-d6aa-4528-bd19-cd9241fefbee,59ca9d6c-bf06-4da9-a9d0-3c36c2c71c1f,BEV-005
70a6171b-88a6-42fb-9273-537e7f5f51f6,30aeb273-2a2c-4fe2-9c99-4d41d827b12c,BEV-002
55240632-09b2-4d4c-bfcd-3a8b6c32ea52,a3e9ae4e-0f51-4d3e-a6c9-689fc2794ebf,BEV-003
05a237f1-8319-4245-b251-d3d6b1de35a6,33857271-3017-4976-ae32-524393033133,BEV-002
b7026721-95f5-4e67-b5e8-38c185b97226,33857271-3017-4976-ae32-524393033133,BEV-002
d992cf65-2190-4d78-b4d2-9cccf2fdbcb4,33857271-3017-4976-ae32-524393033133,JAF-002
33d7b6af-de51-48ff-8a6e-9df4b19dabbf,33857271-3017-4976-ae32-524393033133,JAF-004
7623b2b1-394a-440d-953f-b5aae55346dd,5ea83137-73c0-4299-ad61-2bd60375f647,BEV-005
5fc3395d-4ac3-4f69-847f-ff5f6727fa18,c2cc57f5-b5e3-4ebd-b80f-8a7fceed6429,BEV-005
3371ab2e-4b27-4cd4-bc22-562abfcdcabb,72de2dc7-6fb7-4db4-94c3-6b1ef601e1f8,BEV-004
63c2ff27-020a-4b2b-8e35-7596fd14f9b3,85a534c2-4530-47a2-bfb5-e3dc98f88d3a,BEV-004
b8c449f7-80e1-419b-aa6c-859ca7603e23,eed511ce-09cd-4779-936d-ebcc2a03a42e,BEV-002
77491e06-0ebe-45f9-8c83-13974dce2e91,cb6c120d-51a6-466b-8e23-f3e5a95d6a95,BEV-005
203dcdc3-0b54-4383-a8c3-db576e6b1f72,fd137451-c102-4731-ad05-72fb6d41f9a6,BEV-004
1a521205-560b-4561-b092-75f5e64f8ce6,eb6cf11e-039c-443f-a89d-02e90d24be7a,BEV-004
096b15c1-b526-4d2a-a344-164102156690,1dadb5c4-b912-4310-8aac-fd13cc77f1c9,BEV-003
7e2f2da7-98b3-4002-b599-e9b7ad0914df,01653b0c-4c8a-41c6-b9f4-6f1d316b2a6d,BEV-004
8ed4d7f8-be07-4353-b1d6-2ebcc979e6d1,873ca7eb-e7a8-412e-a266-d3da049bd8e7,BEV-002
3cc81e64-e568-4ca5-bf1d-6f9e94c41e25,98bdcb08-53d8-45eb-abbb-a01113e906f6,BEV-001
8574b5e6-48b8-4aeb-b442-2d054e2dcb41,3431a45a-cdfe-495b-9f11-de6fabddf6b9,BEV-005
222d1653-4f33-4848-8338-e9ff33ef436f,98834d51-46e7-41a7-8b32-f71182594294,BEV-005
4a91cd26-a8cb-40e1-9fd5-8b66e9022565,5720a61c-789d-4bf2-ba7c-fba49cbdd041,BEV-002
34369d2f-3fdf-4347-a0e6-61ef35f3035a,f2e46785-c2c0-4f50-a5a7-479523abf0f0,BEV-002
2514e0e8-d835-47e9-b947-75be2dcf83e3,f2e46785-c2c0-4f50-a5a7-479523abf0f0,BEV-003
ce197030-fa54-43e0-bee1-878ccecb958a,18ff5991-289a-462a-b5c9-9ffe69b45f77,BEV-001
b5bd0dc1-0ab3-4f72-8bbc-aca472b6b69a,18ff5991-289a-462a-b5c9-9ffe69b45f77,BEV-002
810b8fb3-4998-4299-9f09-6c8cefae5fa5,18ff5991-289a-462a-b5c9-9ffe69b45f77,JAF-002
d375ba73-e41f-4885-9f83-1c4eef87784c,751eef7c-b717-4d8c-b8b8-b702e5d80362,BEV-001
05efb1d2-f37a-4553-bcb7-e0e5017d8463,751eef7c-b717-4d8c-b8b8-b702e5d80362,JAF-003
a625069d-97da-495e-a056-5ceb814e5e9b,4a1ca390-8e9d-4fcc-a417-10fe60a3ddc2,BEV-001
76b8469d-9b0c-4f9d-99ac-2763ac31a88e,edc25e65-5dd9-4517-aa3f-8c180477d6bf,BEV-001
5110446e-e548-4752-958a-50e312d10ddc,96e0013b-922f-4be8-a716-84393002925e,BEV-002
d96cdad9-c30c-4e62-9bdc-36599243b237,19f0a2fa-edef-4e77-9b22-99e9442e5ae3,BEV-002
191928f7-bc28-478e-a5d2-e62892f8feb6,53fc0378-5a77-4197-93f9-85c26ede59c3,BEV-004
e916a9b2-3e93-4659-873b-8604a6fe1f8d,53fc0378-5a77-4197-93f9-85c26ede59c3,BEV-005
fad2dc4e-65ef-46ce-b427-0ef74cce3f78,53fc0378-5a77-4197-93f9-85c26ede59c3,JAF-001
f9ec69b0-960f-4b5c-8b31-092b9f1eff98,fa1c00cf-82f7-43b8-ac32-846271568263,BEV-003
f1d5e7e9-5c0b-4476-9336-e0ad202db613,5d0b94a7-6128-488a-8763-0fe0539a7fe1,BEV-002
7a6e1813-e05b-4a16-b0a7-f88d0ab4b000,5d0b94a7-6128-488a-8763-0fe0539a7fe1,BEV-005
06419123-9817-4e74-a9d1-92abb15268bb,5d0b94a7-6128-488a-8763-0fe0539a7fe1,JAF-001
ac7cc67d-780a-4649-902e-a6a39053d17e,cd05e5cc-94a3-498e-a50b-304e0fc47614,BEV-004
8294c40d-4e31-4f78-a3a5-ed8c8b536211,c7d0971e-dd0a-40eb-b7a2-624367fb4681,BEV-005
a8384bec-a5c7-4bf5-ae4d-4d9bc739c052,4819cc1d-e90d-4525-a1a2-2010607483cb,BEV-001
a37d8d28-cc51-4e25-8c51-3e0c819f9b84,7796c05b-d46f-4486-9111-946a0a0a464d,BEV-005
8404a7d2-b34f-4b7d-b6f5-22dbc5f61fdf,b1e7552c-d19d-47ca-bdcf-bebe42ff3315,BEV-005
b01cec54-5e12-4f5f-8b14-00593c521a4b,db2c0cb0-1731-4a59-8278-516fb86fc0d9,BEV-004
f7be1f96-f015-4dd6-aa1d-d8df459fc6fa,fe19931f-a1e5-4885-9d5b-1b600700fa3e,BEV-002
09dd869f-e5be-4685-8094-1d7dd2130fda,fe19931f-a1e5-4885-9d5b-1b600700fa3e,JAF-003
fc566488-5188-47e0-a133-82bd6a9f06f4,81e6c239-7121-47fc-acfb-9f8ec22b105c,BEV-005
da3b10e4-20be-4c92-b989-8f90550bcac8,6a3e044b-731b-4d44-9b59-2928fcc04b86,BEV-001
c611c46a-c5c7-42a4-b91b-4b299e733d8e,8a87ea29-fbe4-4bf4-b1c2-bdee2c3bc528,BEV-004
a939d54e-ddb5-4cfc-9c7f-639fa9d64396,ef48e33a-bc4a-44c6-9333-9826fa4fa3ff,BEV-002
8942842b-c8e3-4ded-9355-4d914e09f236,ce2935bc-64f8-48a3-a2e4-cf7dceab3b85,BEV-005
8a3a1223-ad1c-4a6d-bb7f-c87caa6b9ede,1e21cad8-a576-4707-a20c-c2bf63b50cbf,BEV-005
a05b3ea8-a14d-49b9-bf91-730ec2b90fdd,269cebc5-0bdb-49b7-9954-7854f86b76f5,BEV-002
7e44ec2c-cd4e-40fd-84d2-5ff3d441d41e,269cebc5-0bdb-49b7-9954-7854f86b76f5,JAF-002
d7b9eddb-fcf4-45b5-9378-e517a9d28535,43cb2397-020b-4d58-be34-3d9c65f249bc,BEV-001
0afbf885-b779-488b-ab8f-3b578c27235e,9849d084-67e4-4fb5-b673-51a428841c91,BEV-004
8245bec7-adfc-41f6-932d-4af18b64f9f8,6acb37f7-1cc7-4fd4-87a8-d89839a1a077,BEV-002
f9ecaaa6-8715-461c-bfd9-131a6e5863a3,6acb37f7-1cc7-4fd4-87a8-d89839a1a077,JAF-002
a3d578a4-585e-4413-a472-bf70b98ab19e,05c778d8-ed68-4a10-8496-4a390e6d4757,BEV-003
f52c9a20-2ca7-4069-8022-1da739c4e151,b7af4670-2893-4411-b820-90f410791264,BEV-002
f6bf9a07-7c61-4a29-85a7-e3e99cf76a88,7009cc4a-b30a-4870-bb47-c208fcf9c29c,BEV-002
b7629bb8-16f0-4ac4-a4d6-abc424f22886,b07f05ab-f47e-4ff0-87c3-64bc11570c91,BEV-003
bd5e6f77-e47b-4c8a-b61d-95ba15212118,4098e50a-19b6-4899-bf1f-70b9432a6974,BEV-002
5790b2b1-e9b8-474d-8c92-e6c38268aec1,bcd1ca93-3b37-46ed-b04e-1a9b28b1150e,BEV-003
8f3365e2-33a8-4d83-b8d1-31d927f167f1,1d9aa4f0-f0a9-4e9b-be19-b0990ab056a1,BEV-003
d69812c5-d978-417a-a6de-c15943df5605,de95a29f-02e1-4c14-88df-8184569426a1,BEV-005
b4a64528-3135-4a82-9d7a-3580904a0f48,18f2133c-ec2d-45c4-95bc-efca0725cc66,BEV-002
cbc7cf1b-535b-4f64-906a-f6d8804eb6e4,4f4aced4-cc9c-4279-a762-3c6683dea910,BEV-005
12c1fafd-8027-47a9-9c19-81dd9c188471,a58c074d-479e-4521-bead-927ed7121d05,BEV-005
a1cf9e67-605b-4b24-a029-aa142beb922a,7ef251e6-68a8-4de8-a4ce-ba1136d7ff3d,BEV-002
452b0987-c56c-4721-8227-d3d5c7a0ef06,db84c7d8-3c13-4858-a7c2-c27bc2821441,BEV-002
02062016-81d9-4deb-a4fc-6cd2d85d8335,856e300a-a004-41c6-b16c-c0a03f7cf301,BEV-005
35a6984b-256d-409f-ae73-c15d9a41c4cd,f32e9d11-67de-4568-8926-cdd866957043,BEV-001
57abf578-0091-4133-abca-636f599748ff,7b88aef4-63b7-4664-acdb-2f760c9b41d7,BEV-003
f0ffbaed-b798-4cd2-b8b5-4bc08065e7b9,7b88aef4-63b7-4664-acdb-2f760c9b41d7,JAF-002
9b520448-de6e-4c45-91c7-c822f000caec,e1d8936b-2c3a-4808-aa1c-bdd279a3fefa,BEV-005
83075e06-1b8a-47c2-8f3c-0b3305aba25d,8e884018-9ff5-48b0-861f-8b4f43287e4c,BEV-003
de1c675c-36b5-4352-bc91-6bf4e8beaa82,f6cf3c55-d093-4267-9fc9-bca35e71a676,BEV-001
6d7d2f10-c7cd-4665-b4cc-5792149e7018,8fbc77f9-ec79-491b-b6d1-354511c7382c,BEV-005
3495da21-03c1-4331-9c05-4b3cc96bf41e,8dd30b69-1bf2-4562-bd7b-5ff8522c8d00,BEV-002
1f6d5524-3c04-4f5e-bcdc-5f18c7d52268,d36381ec-91e6-4c68-83b3-6505c057fd3f,BEV-005
16412aac-b919-4027-b8c5-899a20d62f3e,599a8706-844d-43f1-a1d6-5b914e1f4d34,BEV-005
9ef71d4c-ba94-474c-8ce3-18c5de69da7a,b79e4d73-4887-42b4-adf2-665643aedefc,BEV-004
53af47a1-058d-494a-8848-37b2ff0bf398,e47555da-cf31-46c9-8899-e3e267531849,BEV-003
32fa6bbc-5d1f-4aee-b889-10b1eb9185df,68144c0a-94c6-473c-ab3d-f44d26beec5c,BEV-002
cf858f82-8986-48c1-8b77-52adb6f0ca27,9ef42903-5e85-453e-af28-dbfc184030a5,BEV-001
25d0da99-64a5-4973-bc73-43eee1076b17,4c6b200e-934a-408e-be9d-720cbc60739f,BEV-002
19b7005c-6e65-46fd-8a8d-60bdd8cfc406,967d4c3f-fbea-4ac0-ac13-8c247aa3b5c6,BEV-005
5a22d0db-4b73-427d-950f-e830d3aea911,d540741e-4f16-444a-a036-ee902400d85c,BEV-002
4b5df5e5-d309-4fe1-9059-7b62baaa0e37,3bffedce-6ba6-40f1-bac9-6bfc3b18a7a3,BEV-004
76a60f83-6f8e-4552-a824-98c214b40510,3bffedce-6ba6-40f1-bac9-6bfc3b18a7a3,JAF-004
8f7fa7bb-94fc-4bbc-9298-5b98fb491783,ac50e25d-b139-4754-b68a-e855c0d884aa,BEV-003
45140481-b7a9-482b-b9a5-95994989622e,22d7212d-63f5-4e05-8078-419afdd36384,BEV-005
d9085bd8-ee09-4604-8d88-10efb3bd5032,53f393f0-98b3-49fa-879a-c21eec03b072,BEV-005
0d7c519a-e65f-49d9-a70f-63bd7bf731b6,53f393f0-98b3-49fa-879a-c21eec03b072,BEV-001
9ebf2fe1-db9b-45b1-9d22-3cdd1f54aea7,53f393f0-98b3-49fa-879a-c21eec03b072,JAF-004
5bcf4a22-d968-431e-8e7c-45a6febffbc1,11967acb-bb9d-4edb-aeac-f737b15de2e4,BEV-005
c508696a-931c-404e-9674-7dc2f9e76841,d7921cd1-9b09-42ee-bca0-b15a363f798f,BEV-001
6acd905d-0b4f-43ac-81a0-f0d93c4b9524,8662518a-9d2c-4049-8ddf-1cefb79c4fff,BEV-004
bfc41c3a-72db-426e-b34a-0ee05621434b,aea2bb9f-c660-4308-8d42-1ee9022774c3,BEV-005
c580de4f-5bef-4096-a0e6-14e2b608abea,b8ab59ff-095d-4bad-a5d2-8c63f4cf2198,BEV-005
de14dca9-989d-440f-92d0-90ad908e5b66,a7d85b43-8730-4e54-a790-2516d2cb47b0,BEV-005
512150ed-2119-4724-ac77-7314efde244d,7e0f9d9c-52d6-4924-855b-cc8ec343a2f4,BEV-005
fd38a9f6-e1b6-4413-a0ce-3010359c0610,32e2397c-9c63-450c-a62b-b9077a094ed8,BEV-001
1dc8ddb7-4bcb-411e-a822-57ed05259690,5a02c161-0224-4c0d-9d84-62a5e2a638d8,BEV-001
ed4a3e13-37f9-4cda-901a-ad865253efea,ca8fbac0-3565-44f7-9167-70c05ccb29e3,BEV-004
024fabd8-e719-4824-8482-6e594223ff71,ca8fbac0-3565-44f7-9167-70c05ccb29e3,BEV-002
6ce79891-3ab8-4e17-bf9b-2d0f5f8bced2,feb1cbd6-1d93-4e1a-9b9c-4a6f865fe8d2,BEV-005
ad3ce845-d3e5-43f3-bcb3-bec10b027f7a,98c4ea10-5125-42ca-bb7b-9a18b9cc56bf,BEV-002
bbbdc1c2-3eeb-4afa-9d7a-f7794bbe91b4,0f3da162-6d90-492b-ab68-08297b1ed9d7,BEV-004
88911733-bcbf-4b60-a056-d692368e8afb,0f3da162-6d90-492b-ab68-08297b1ed9d7,BEV-003
41f7e006-0959-4153-86a1-02fd4773cfa3,acc54630-f933-4a81-818a-0f9cc70603ef,BEV-002
efc2824d-576e-4d1b-89a0-0ef2b7ed1458,acc54630-f933-4a81-818a-0f9cc70603ef,BEV-003
a7917c26-b05b-46f0-ac8e-93c791a70e30,acc54630-f933-4a81-818a-0f9cc70603ef,BEV-005
3d9f0176-8b49-416b-9adc-41a11a6ef56d,acc54630-f933-4a81-818a-0f9cc70603ef,JAF-003
4fcca7f0-51fc-4b9f-8be5-4cbd81293381,acc54630-f933-4a81-818a-0f9cc70603ef,JAF-002
b097c98b-f70a-4922-b93c-f1ef9a56e4a4,5e533ced-83ca-41d9-948c-9cfe75d17e64,BEV-001
4f103476-3aad-477c-ad45-c109ddd3ed42,525d243f-cf2b-4f90-b198-02bc90eef223,BEV-002
3684ddcb-7c79-4542-94b3-20b989f36569,ea504475-1c82-414e-bb32-d5607196eb55,BEV-004
fbf40f8f-fa1f-41d8-8ec0-951b2925c7c7,edc9f211-3123-455d-8b31-b92a8e00d976,BEV-003
563dc63e-4f2d-4e0b-a0ef-418abf43d574,46752ac8-b525-4aaf-bbd4-4cec72bf7046,BEV-004
0c64bc47-d006-48d3-8bbb-8d5f374cf60e,46752ac8-b525-4aaf-bbd4-4cec72bf7046,BEV-005
47863fad-1f1c-44c3-a0a1-1273a2ddc38e,46752ac8-b525-4aaf-bbd4-4cec72bf7046,JAF-004
c39e1b56-0055-42b9-a5fc-eaa1ce341934,46752ac8-b525-4aaf-bbd4-4cec72bf7046,JAF-005
97aa9123-0686-43cf-83ee-e194ec1501ee,09b66436-1840-4650-ae2e-56f5b69bdaaa,BEV-002
7cd2cf69-af35-4157-a9a9-ddde09d7fae8,26b29fa0-e759-448c-aa69-ee17bb85c71d,BEV-002
ca98cc93-8ee6-4c77-aa6b-d8ad24faae14,25f71224-dd89-43d4-afd9-445207bcb7df,BEV-003
f1a7f5e1-bb0b-4f63-bf8e-e5b54e554e33,1e732647-3fa0-4e36-9835-e6380986d479,BEV-004
2c06dac8-1e2d-409a-84fe-46534b5b9502,84ce990c-9901-4d77-aea4-f39053c02f9b,BEV-005
0e9054b7-40ce-451d-a514-2df759e02add,ddf52ebd-9332-4f7b-aca2-1623bbaa754a,BEV-001
8cbb92f6-430c-4d98-bcd5-b4a1b8303db8,c34ac7a9-0c63-4675-91b1-a37dd3e72309,BEV-005
6c0c648c-8337-4b52-bed4-0525b5568613,abd33c6f-1960-4856-b406-9c167b12e522,BEV-003
cf50b305-6aee-4f16-89a7-73aa2f32ad99,abd33c6f-1960-4856-b406-9c167b12e522,BEV-004
ea53a0fa-cd3e-4f7c-8993-cf87bfb024ea,c73f1094-9595-435a-85bb-129382da3d0b,BEV-005
5db67d3a-b3c6-41fb-9596-6017bed55760,a14e847e-7b64-4e2a-8e57-8a4abfcb6235,BEV-002
7b8d4741-ea3f-404b-b9e2-d06ab60e7585,fa38cba5-e1f7-47f4-b40a-46dff64fd5ff,BEV-005
86975ad9-7f87-415a-b426-e1dc1168d69f,575b7653-a455-4a4a-9b82-e41efa1367b1,BEV-003
bc61c567-34ee-43c0-bbeb-e84477f194f6,575b7653-a455-4a4a-9b82-e41efa1367b1,BEV-005
0747e672-39db-41fd-aa02-9f36e9278556,575b7653-a455-4a4a-9b82-e41efa1367b1,JAF-001
1e29fd61-d3a0-406d-92db-1a1eb2c6eae7,43610030-04f8-452a-b864-820bbe35fee3,BEV-002
64b03c4a-2d9a-47ab-94bf-732f4db77c7f,43610030-04f8-452a-b864-820bbe35fee3,JAF-004
b02d72b6-e0e8-4cfc-95d8-39088849b15f,3faad9b7-5411-4d01-b908-a394adb6b4db,BEV-005
94b480af-c9d5-412a-87ac-9771f1437be0,c404ee8d-f8e7-4020-9c0e-993a0b738e08,BEV-004
6ddb5584-aefd-4766-a708-5b15419d2cec,4de7ad30-6bfd-40c5-bf34-b5117f5d20c4,BEV-002
7f90120a-b4d1-4210-9c59-d197f8f0343f,65823d75-3e62-44ad-be92-16210f374bd2,BEV-001
d7b31681-3f0c-4824-9a4b-9a9c0c31464d,8bc40972-3efc-4194-86b3-4b7eca93a886,BEV-002
a377b716-fdfc-487d-ae32-37fef6b5dfe6,668bf23a-95c8-41de-8e07-c050f495dc33,BEV-003
67b9e3fe-76d5-4e64-a9f8-257414984e32,c853f75d-c8f3-48d1-b851-29e25227c1e2,BEV-005
b6b1f63d-ef7f-48f5-aa4f-7468c93b7a5d,6b62887e-470c-4636-9378-bd443c5d149c,BEV-005
6cdd8929-3f02-4fd1-956b-c97608cd5d74,6b62887e-470c-4636-9378-bd443c5d149c,JAF-001
2aa4f4be-9c5e-46d5-96a4-85366d2dcaa0,99c222b5-403e-4e72-81b8-676a57bdace2,BEV-003
500653d6-d9fc-4422-a748-50666c159c69,8e40cea5-c8ea-488c-9eab-9cc723ec491b,BEV-003
6ec4c0a3-311b-4ba4-8158-4e79b3cdd886,8e40cea5-c8ea-488c-9eab-9cc723ec491b,BEV-003
ded25aba-f036-4bc1-9c00-bf8df5b394a1,75614f3b-6958-450d-a1ba-5cf2a0341c98,BEV-004
483d23ff-d293-4770-975e-0a84a5a0704c,75614f3b-6958-450d-a1ba-5cf2a0341c98,BEV-003
0d7287c2-9a2c-4d3e-9c56-85f8063d38f0,9295c964-225b-4a78-9086-bda5f6dc9ec9,BEV-004
18145cd8-9376-4232-aa92-c85299320f6b,9295c964-225b-4a78-9086-bda5f6dc9ec9,BEV-003
a95ccbd9-3905-45b3-91ee-f542a3de8fa7,de5f2039-352a-42bb-aee7-b0e03bc4c0e4,BEV-001
661a719b-da78-4d00-968e-09a0b0fc5bcf,fe7a715d-b992-4c4e-a7a7-ca0aeed76bd3,BEV-002
6c77ea29-f9fa-45d3-9094-335e1b06b021,2f73d175-5f2c-4fe1-93ad-3c44cc0e1df3,BEV-004
c6e8dc36-57d0-47d0-854b-81c122284883,f134e995-a2fa-440f-a84d-e16c4f719885,BEV-002
f8f91e58-8ddb-4eb9-b854-a7b2ae7c4459,ad2aac8c-b1bb-47cd-ab81-441035b811be,BEV-005
151dfa8f-8ffb-4126-9e9a-67a67c2f066b,8ffeee28-a005-43c2-9ab0-99acf316f9a1,BEV-005
b6d33f4f-f7a5-47e5-8992-e2746c5cf273,47243438-a096-4263-be57-a76b755224f0,BEV-005
12ae7bd9-0983-40a6-a894-9caeec868872,417a3327-d7d1-4788-b0ec-3d7fd9159abe,BEV-001
597b331e-7f20-473e-a341-1edc06b2ff36,c0cc7338-7e3d-4e32-8292-0d175b8da8cf,BEV-003
7ab062e7-3128-43de-abcb-47d95c977cb0,7f9487bc-84b7-443c-80fa-12d46c758208,BEV-004
7f72756b-37c8-4d1e-8b21-c4626978bd68,5ebe4b83-ee24-4679-ad5b-f7d641f12ae2,BEV-001
ebc76810-726a-4c11-90bf-746e1448cc8f,5ebe4b83-ee24-4679-ad5b-f7d641f12ae2,JAF-004
79061fa7-97b5-4101-bc43-cb5cac8c7c85,9d68629c-a39e-4930-b03d-7f03c527c6b2,BEV-003
fe47e048-3464-45d5-afd9-a3ef9ab914e2,b0e23350-c1bb-4cfe-a2a9-6b59121e85ec,BEV-003
3ae07243-70dc-4c3f-bd89-c2fee6b23c4d,bfb2570f-f494-4840-8750-2f5811a9fc76,BEV-002
4f133c31-9c85-47d9-a03f-79e94ea10ce5,673d06bf-3f51-439b-a4cb-219214f12e3e,BEV-002
23cf5652-fca9-4d9a-bcb5-054ab44c19a5,0323ae6b-7d07-4dd5-bb39-90b08eb1b20f,BEV-003
2b0674d1-fb72-4e35-87ad-8ad1c2d5943e,0323ae6b-7d07-4dd5-bb39-90b08eb1b20f,BEV-005
ae285af8-1c79-4cf0-bb46-b5d275f1034b,60889eaa-31f3-45cb-9d2d-db248c1b071a,BEV-005
588f9128-51c8-4422-b901-defbf84eef77,2a514779-e5f1-42b8-9df5-e3ad4b7d6bc9,BEV-002
1ae5d424-ced1-46e6-8a49-f43adc4734b7,04e5012a-eb69-45c4-91bd-921d30191dc1,BEV-001
50190f2f-350e-4fc7-bf16-46b7d9fd1eec,fd7a5d4c-ccb4-4330-932d-582af8589b13,BEV-001
925431f0-b135-448e-b964-b0b3bf1bfdaf,fd7a5d4c-ccb4-4330-932d-582af8589b13,BEV-001
297da9f0-8007-46b0-8813-16f8e84a9321,0c5dd66a-8ba1-470b-8fad-07560d1f82a8,BEV-005
611b252c-5c7c-4098-b450-f761e45fbed3,ebaa5f8c-aef9-43a9-80e4-0024b1faeee8,BEV-003
4a6019e2-0d9d-415b-b2b2-9f3d335ee70f,29520907-bb09-423e-90b7-beac28b10a11,BEV-004
1ca3054d-5cb9-42bd-96c2-8bf9c2115922,868224e5-26b9-4875-aa7d-eda4d745dfac,BEV-003
8d7286d7-4bb6-40fe-976f-49019517c54d,607fff02-44ed-437b-b10c-d8b685f038c4,BEV-001
289a36c4-f382-4ae9-91f2-58c3dd044552,d64eb00a-12e3-401c-90f6-1d8399dca9ee,BEV-001
65f9b9f2-319f-44af-ade7-28b9eebe5534,170ba2a5-a65d-444e-85e0-38c7f61a4b3b,JAF-004
569fcf99-9c80-4d26-8938-38eef881de61,83dc2957-cf02-4773-aa47-efaee2e9584b,BEV-005
1f51de0a-73a5-4c3a-ad42-1639d3e47f9d,6ddebd00-e358-47e6-9cc2-a19fd47328bb,BEV-003
bb1239bb-c8c8-4d3a-bc8e-3d924e15411c,ece30096-64fe-460e-8098-a1e793d7f028,BEV-003
e79ceea2-6c7f-40fe-ae54-9f834b324da6,b00d937d-41c5-47a7-9058-9a18135dd7ad,BEV-004
e1a6b1b0-07d3-42a8-9371-aab40f48fcb6,b00d937d-41c5-47a7-9058-9a18135dd7ad,BEV-004
9b32940b-bfd9-4604-a5a5-d4573af22b3f,b00d937d-41c5-47a7-9058-9a18135dd7ad,JAF-002
8b07f816-2145-4dff-959c-c56d15b8290d,446ed15e-bdaf-42d7-8ef3-898e4dad48ff,BEV-003
7715b7c6-910c-426b-9727-3e3835c1c917,d29b269c-7ddd-4130-a806-27b2d14a2284,BEV-003
b6a402e9-7d51-46f8-ac82-4bc03b27b141,211a6b98-0807-42ea-b48b-5f256a6e52a3,BEV-003
f4158b89-d965-454d-a5aa-d716b982dfed,dded9a58-7ea6-455d-87b5-a6fbc6ea8e1d,BEV-003
4e15c344-5f9c-42ce-b3f4-a7bac81b8a10,a3d77cff-5a58-4b3e-a65a-81ede27a8592,JAF-003
03e33b1e-1194-4e91-a2c5-912224ac4345,a3d77cff-5a58-4b3e-a65a-81ede27a8592,JAF-002
5fde4160-bbca-4b27-90c6-05e709eee1ce,894ae84a-1d7a-4d70-a2a9-235ee4471730,BEV-005
26037601-b00f-4a45-b9b8-f00439a277b7,ecd6a5ea-82a6-4481-b8e7-e4a5f53b3ca8,BEV-002
9646beee-0613-4cad-baa7-55fc5afb8ae2,9d1afc4d-619b-4a0e-a89e-7a46be8b4c29,BEV-003
f75a1ab2-2f47-4945-9200-5b855760b987,9d1afc4d-619b-4a0e-a89e-7a46be8b4c29,BEV-001
0cd1a924-1907-4ac3-9b70-4f66a7aefdf8,9d1afc4d-619b-4a0e-a89e-7a46be8b4c29,JAF-002
58016ffb-6cd7-432b-9b75-ea91ad0e10cf,2bf6dd79-5890-41fe-8a89-6e19f6fa46c5,BEV-001
f272e20b-5dc5-4751-969a-7d485b9d4f60,b9393e9e-d4f5-4fdc-8f2b-f2eb82389213,BEV-003
78effc6d-7789-4585-b6d9-02e0a0aa580a,b02d8560-ea7b-4830-aa56-b7016fbed530,BEV-003
2eabf368-8cb0-40c0-856a-a3f105acbcda,3f3de144-48e0-401c-a2f4-a2262f2c4ea1,BEV-003
ec49c08e-99d2-43e1-9a29-6e9784433d4c,3f3de144-48e0-401c-a2f4-a2262f2c4ea1,BEV-003
593fa943-c82a-4007-be80-5ece5176d81e,881efe63-f6df-4413-8909-a37a58dcdedf,BEV-001
27d26e90-d0a9-4b4e-ac50-907d6111612b,e3e688f4-4d62-4f04-a7cc-4b849b709af0,BEV-001
2fa7244d-2fec-475f-b238-16c00aa5da2f,220fffb4-aa8e-4f10-bc59-36b7e38db508,BEV-003
4d867224-bf7a-493a-bdeb-7aca84056436,220fffb4-aa8e-4f10-bc59-36b7e38db508,BEV-001
2f0f5d2c-9c48-4363-8d96-284c35f609f2,f7966712-6413-4e69-b5b7-25252f38a806,BEV-003
850739a3-4273-49fe-9640-07cf5431a1cd,e6feae19-033f-48ee-930f-fafbac1a1058,BEV-001
ac72075b-9301-4648-8d61-302d20c60566,68a99b29-11af-4221-bf99-110cdb4225ec,BEV-004
a1d39a26-eab6-4c11-9426-bb7cb9c267b0,3d8a171a-27a0-4054-b31f-e6e900389c58,BEV-001
9e66226f-df36-4ad6-a833-58d7636bee2b,c5f756fb-c7dd-4097-9712-60069fe9b4bc,BEV-005
99190ff6-242a-46cf-9371-5d2cf4d8fd5f,05fef0f7-a238-41a4-8c9e-956cc4bc2e45,BEV-005
72a897af-c0bc-4d27-bcd2-d906e8aea9d5,05fef0f7-a238-41a4-8c9e-956cc4bc2e45,BEV-005
41bd85a9-cd07-4635-9b6e-98e3c2760db5,05fef0f7-a238-41a4-8c9e-956cc4bc2e45,JAF-001
a6082496-e98f-4827-8757-8d03eb60c712,833b8e29-f3a9-40a3-865f-ae6d37037b74,BEV-005
b8745fb8-af3a-4174-890e-e317e4359d63,63342f46-6b45-462f-95b5-4e7461588a40,BEV-004
39085471-768e-4ed9-887a-0a73a0d327f3,53184165-a5a9-41fe-942c-196ccf293b76,BEV-001
154d7425-f106-47c7-a8ce-8fd383340200,ec655cbb-119d-4b33-be80-67a6ea5c6cbc,BEV-005
af14e80a-1fad-4fc5-ae2c-772a3873ef38,71674191-cfe7-4c4a-88a2-cd02a5ecc6da,BEV-003
437afbce-d649-4815-b82c-b3bdd9fa931b,215e26e8-aed3-405d-adc5-170d23fac768,BEV-004
2178db44-8757-4307-9715-e700daf7ce4b,ba6fcbe5-4152-478b-9325-aeb8691466cb,BEV-004
9b0961b2-3b64-4f23-9c37-877230287a97,fe1dc06f-1262-4c8c-9cd4-0e01b9ef7846,BEV-003
a6ccc5d1-bde5-4740-aa8b-1c4249e32c2b,19fbc241-57ff-46e6-86b4-409f04e66ce5,BEV-002
58b8b005-df38-45a5-8933-1063afcb16af,a616d42f-5469-4f33-a0e6-7de9bf91c97d,BEV-003
d6b5d501-edb7-4919-9b2a-07de00a94ccd,9dd00810-6f9e-4758-9948-793039a9b210,BEV-002
9b2319bc-c1a9-4ce5-83c5-5810ee1041c1,b0511b12-6673-4021-8563-b889138ef737,BEV-004
f8d66759-29df-4934-b916-681b6c2b1773,c104e022-0792-4e7c-947e-624465ce3c9b,BEV-003
d80198f8-3da5-4d94-b27a-55eca6a3b1db,0b8e26bd-016c-4e37-b95f-03b1f11607cc,BEV-004
cb579e98-58a4-4a18-9932-a43b57d385f0,40af1bde-e3c3-47f5-a802-91577b20cbc5,BEV-003
dd2931e8-70d2-4729-83f8-12ecf02d1d4c,ec306dd8-86be-41a8-9a03-676c35e0fd5e,BEV-003
90664344-29c3-4b65-aa81-c6cfe48a288b,373a3cf0-2664-42ef-bbf1-596f29242eb7,BEV-001
e622cd64-9803-42e8-b6ed-6f082671b660,5f3a3aa3-5056-4a80-9f82-bcab0108108a,BEV-005
67a16eed-bff8-4989-a632-97c8a8fc52eb,2049897e-0917-4b0a-b820-534b77efa779,BEV-004
06a2d64d-80bb-4086-b6f2-70fd065e0152,bc22e4ed-3d06-4236-a299-1e56a9cc1af3,BEV-004
2c020c23-1375-4c95-9b9c-a24c5ad09ed2,409fb8c8-100e-47f4-98ad-198b98f30a32,BEV-002
ef04424d-0e0c-4b7c-ae76-3b32e76d0059,409fb8c8-100e-47f4-98ad-198b98f30a32,JAF-002
21450d8c-cd03-4885-a293-0b5eb44e24aa,18299682-c7d6-42d0-82d9-78df66de3526,BEV-003
ccc6d4ed-82bf-4af1-86b0-f18d0d4e572b,373a0742-72c2-4688-8087-9afa8e0ffa1d,BEV-004
6660dc51-b154-4e3e-b8b9-c9b893a02340,de02ea48-2170-42b0-8dfb-a301b5446906,BEV-004
533b9ceb-71c0-4059-be98-ec646a55c35e,de02ea48-2170-42b0-8dfb-a301b5446906,JAF-001
690796e8-d64f-4d1b-aaec-7d4e95c6e321,4c58eacf-ea03-4931-8e88-2e2af1519d3c,BEV-001
a7e0ff10-4c15-4174-b9f4-3ecf22f61c48,096fd0fe-836d-4ce8-8599-eeb87b0301cb,BEV-001
234a6163-7f1e-4336-8776-95163ab18268,8088aaef-aaeb-4c9a-af13-33e06bdaac79,BEV-001
5c49a6fa-7d95-429b-82c7-eafe66ddab98,b8399f10-1d02-4f1a-9f22-3cf8d348c2e3,BEV-001
8d8359a1-f190-4979-a508-8ea7d8c24fd5,2cb02fe1-0967-437e-84b3-9f2997684a63,BEV-004
3602801e-4d26-4fda-bef5-769d5cd363b6,67be384b-7083-4ad7-9135-97b9fcedaf44,BEV-002
2f5de428-7b41-4812-9ee6-9c5badc9be53,67be384b-7083-4ad7-9135-97b9fcedaf44,BEV-002
da88e8dc-91a9-4dba-9cd2-3cf1f384e632,f42d2ec1-7f0a-4503-8f90-7b5e0dc7e38c,BEV-005
03502a1d-a592-4b8b-966c-55633a5d7360,0fbdee89-d458-45fa-a9ea-7b2c6d8befb1,BEV-004
5b98839f-a03c-459e-b9e3-84eb01f7624d,e78f1f1c-41c3-49aa-bc08-8b93541e7eaa,BEV-004
8a7ba664-2643-426b-9fb3-e03ebacefe5c,45ba536c-74f5-4219-8086-d6d480797404,BEV-002
e7cea361-9970-4f90-8017-c35c47a30296,72af1dc2-f37a-403d-a51f-0048e7f7a7f4,BEV-001
353d4e39-8f4a-44db-a518-d120b7190e05,72af1dc2-f37a-403d-a51f-0048e7f7a7f4,BEV-002
ffc3cc25-6119-447b-a7cf-72423a55a114,72af1dc2-f37a-403d-a51f-0048e7f7a7f4,JAF-004
7c22570b-8884-430a-99bb-cb4496286aba,77a0192b-ec77-4161-83bb-ec7d42ca2cbb,BEV-001
a883c5b2-2dc1-46f8-acb5-62519f4e18ca,06f0fee8-37cb-47a3-8522-6823262804f8,BEV-003
d227ba7a-2254-4b9b-aca1-cfb2e6ef4ef1,5bb51213-c202-4ef2-9550-2dabd149cba5,BEV-001
5fb38240-6af7-4e8b-a337-10315e18453a,55c7a3a9-8410-49d2-a13a-47b28a2cc383,BEV-004
a2604b60-b9bb-46ed-9161-8a114aeb93c0,93b7fa93-94da-4ef8-96b4-5c14b536a3a3,BEV-004
d7465e9e-b7ef-4603-bc12-cba075ad1516,91435c78-34c3-45bb-b259-908c486027bb,BEV-001
d8ba61c5-9416-4dd2-8f53-49e0771ea251,a6f4d5cd-65fc-467e-966f-227137b191bb,BEV-003
92cdf0a2-c317-48d6-8f57-e64cc88991ff,ad814da8-405c-4f2f-8fb8-48562da3b674,BEV-001
71439b34-dcb9-408e-b743-8b993f4aa46e,44b24857-540a-474e-af5b-4bdbfddd9d3b,BEV-001
73eb3348-7036-4664-abe3-f6bee4645e79,5cc1ebce-7216-428e-8110-f57b88f843be,BEV-002
8c208205-7ec8-43c8-a84d-8b8d79bcf305,5cc1ebce-7216-428e-8110-f57b88f843be,JAF-005
acbc1d2e-7233-4f67-9b3b-c63e0aa79a8a,c57b5690-a0e4-4959-9a25-31f060004360,JAF-001
2a99b782-7926-453a-9b4c-457689715168,c57b5690-a0e4-4959-9a25-31f060004360,JAF-005
34895c08-0b05-4df8-af89-4b3bb5847770,6884b3f1-903c-4af3-a5b2-bc3bd3ec8563,BEV-003
122879ed-a8ac-4fc2-8b9e-659f720be1c2,86ba7732-26d9-4008-a319-8ce9a35ac3c1,BEV-003
0c56b5f3-ed08-40c9-9169-02d6839706c8,0156cc30-35cf-47a5-b81e-6dc62f0a8eb9,BEV-003
c223418b-ad2d-475c-a5cf-2c439ad9141c,1407c89b-08ca-47e0-84e2-7136ff4dd366,BEV-001
a2cfc813-ef10-4f67-bb2a-b73498c93ca2,41ea7204-ec94-4f9d-afda-edffa16db266,BEV-002
b73b5506-6778-4660-87f7-437344f0fd19,867d6428-1bf1-43e7-84c6-01bb055e6e11,BEV-005
041a02ae-c9aa-44aa-85c8-9731ffd47288,867d6428-1bf1-43e7-84c6-01bb055e6e11,JAF-004
7a32832b-bb39-4bb2-8cf1-853d9cb65a3d,b991fd7b-9ad9-45e6-91e9-d95e6e09a4d4,BEV-002
598d761e-90d2-45fd-bbdf-bc4a8613c9c4,1393e7bf-7544-4a91-ba2e-4f7cceca1f12,BEV-004
249783ef-ca9f-410d-bd20-99b7730883f3,6c0383c6-39b3-450f-8f58-9c8af49b782a,BEV-002
07e4ab1d-29c9-4326-9ae1-b54be4b3ba23,47847bf2-e50c-4249-8807-aaee239f66c1,BEV-002
a3f83694-b298-4d5e-b79d-ed3438e42c11,47847bf2-e50c-4249-8807-aaee239f66c1,BEV-001
cb71600d-c222-4a05-9792-ad7c1f42a42d,1d18fd0c-67f1-446f-bb9d-481b725a4a4c,BEV-003
8170bd4f-afa2-421d-b725-cf5e48648bee,66dbeae7-4137-42c0-b83b-01da530708cc,BEV-002
485100b8-5897-454f-85a7-7b4411ff916b,257af900-482e-4be9-a908-482a9231da38,BEV-001
e70fb624-7aa5-4da9-83bf-e1b2c77c21ca,e24f7809-357f-4277-ad44-b05ee08ab3aa,BEV-004
ebf446b0-8fe5-4776-8316-b33ce29528dc,f6f47a1b-c520-4b36-a4e6-bdd377e8d477,BEV-001
365eeeb3-9f65-4d4a-ab38-3730ac092add,f6f47a1b-c520-4b36-a4e6-bdd377e8d477,JAF-002
f83cda5f-f412-465f-b745-7bfb5082fdb3,ac8cf793-85a0-4eeb-a65a-7e8b98135483,BEV-002
5f5106ee-4835-406f-bd8f-6bbe107ca68f,c66d46e1-57d2-4157-8973-eb21d7e1f955,BEV-001
cc56ac48-3ebb-40e8-b446-0d3b2d326b1a,9a1f4414-6165-4c22-b985-753959d1b6db,BEV-003
28f36169-24b4-4581-ba1f-0fc3c5a7e752,f9f96b9b-1d8f-407b-82f3-68ae886066e8,BEV-001
ac9bbf27-9de8-4ffe-b89a-6ecd926c2313,5795e4c5-c79a-4649-a4d6-9acb0107f944,BEV-002
ee914cd8-cbd5-4754-a085-a6f06aa11622,d38697fa-38fc-4253-9b11-052c9da5a41f,BEV-002
71bb71df-a918-451b-a210-94cbbb4fd4bf,d38697fa-38fc-4253-9b11-052c9da5a41f,JAF-004
001e9713-d9c9-497d-823e-5d00dbf1552e,b7e30575-8674-46e7-a66e-ab7d01a88ddd,BEV-005
fbe544ac-7b7b-4c18-bffb-50e3c1946e8e,f5148992-2383-4ab5-8d10-33942d4686f8,BEV-003
27a532ee-85c0-4425-83f4-5d191ebbf3c2,ac61f659-df85-4aca-9c96-7aed4ff40d92,BEV-005
f7b05054-20b6-4486-b6e4-2d99d8506292,82404ef0-2074-4c5b-8e9c-36e7fe8cd25b,BEV-003
974fa9d2-ec3f-4a67-8200-ac3594f40688,15bfba6c-bcae-4a65-a808-c4f63e298aa5,BEV-001
1173690c-55f9-4573-afac-20f5840bee84,5f9f57f8-a204-457f-b6c4-f0f1efd8c9de,BEV-002
66ceb294-65fe-4a6f-8890-c707f30d1adb,d8af7166-0379-4d39-9cb5-7704fe386639,BEV-003
eef46a21-9175-4fdb-9081-37fff55e4b16,c24f52f7-e0ca-434f-a788-8c742104d9d4,BEV-002
a6683684-986a-413a-a8d6-f480c992c7f0,09ba2ed9-f237-4bbf-af5d-8f16f91a15aa,BEV-005
e3aeafbd-647a-411d-b27d-d6cf342dd9c7,ed579c80-1b0e-413e-9fd2-6aef64eca8e9,BEV-005
cfba58c9-12e1-40ec-864b-36a982953382,ed579c80-1b0e-413e-9fd2-6aef64eca8e9,JAF-004
1d5385f7-b297-437c-b87b-842c7a48d2a9,ed579c80-1b0e-413e-9fd2-6aef64eca8e9,JAF-002
c9da67e1-e6f6-49c7-bd63-4eeab17b1d95,ed579c80-1b0e-413e-9fd2-6aef64eca8e9,JAF-005
c5681930-22be-434a-b2f5-e1e6bf12b143,42b67726-129c-456c-a44c-36530e33b740,BEV-005
37f69b31-a3fa-4456-acf7-bbce1662c1f7,ddcbf535-47f1-4c78-aaf2-2f26e115ea55,BEV-001
ae2d2f12-a9e7-425a-b509-a5b798081b2c,951ad4f8-6aea-4afe-885b-c96115210c27,BEV-005
666ac25a-fffb-4a33-9a83-6130ea68b8be,45b48270-9f3d-4624-963a-48abcd574d43,BEV-001
383320a1-ccf6-4594-b3b9-9abb568b2224,d5f0b5d5-8eb7-4693-b3a7-4f5ad62d24b2,BEV-004
8e55bf3e-9c50-4db1-86cb-1675c80c9ceb,d5f0b5d5-8eb7-4693-b3a7-4f5ad62d24b2,BEV-003
67a55491-a78c-4636-af18-f0729d182989,b31db0d3-cee1-455d-96d0-6bbb9efd8d9d,BEV-002
9f760e9c-99ef-4013-a57f-4eec27e1bf46,29c10378-1fc6-4ccd-9cf6-e28f81cdd759,BEV-004
06344d16-4776-4870-ba6e-76b1c3541c75,51358750-819f-419f-9c5b-e95643b211f4,BEV-004
5761f06f-e90f-45f7-9bd8-b035e2a4eb35,167013a6-ae60-4534-b452-cbdcbbc8a2e9,BEV-004
5993a1d2-7621-4cbd-af16-6241542c7ebf,c6a281cf-aeeb-4606-94e1-a8dd9bbd6999,BEV-002
2da6d92c-f026-4e90-9e38-2396abd2259d,ecbac954-5d02-4b8e-ba40-b149d8d1667e,BEV-002
a3ddbaa0-c39a-467e-bacf-bc08cb8ce1fe,ecbac954-5d02-4b8e-ba40-b149d8d1667e,JAF-005
7afd3f92-d080-47bf-b312-88af85386413,87777825-330f-4837-bed5-563a1469ff57,BEV-001
5956a74b-4f7e-4b6d-8345-dac3df850c3f,18288902-2a36-4ddf-998b-58bb02537de3,BEV-005
8248bd75-1a53-4513-a41f-a430bb3e19a6,d26820a0-2597-4ded-ad8b-4b5e575e8ff5,BEV-004
e8f1bac5-5406-4578-b010-9ebacf86b802,d26820a0-2597-4ded-ad8b-4b5e575e8ff5,BEV-002
609cde07-b249-4946-a50b-3bb4b360156a,9765e553-2e45-496a-8dcc-7e056c72adf7,BEV-004
b3486e49-d066-4591-b635-132138eb9c56,7133ca25-f9fc-4e03-9fcd-a0b8874db28a,BEV-001
fd671402-db1c-48f1-a18e-09020f074161,7133ca25-f9fc-4e03-9fcd-a0b8874db28a,JAF-005
10ba4811-4998-4b1a-a201-24493773c278,aed89485-b7a6-4879-99e8-e5f898dc7d09,BEV-002
7c78bee4-516d-449a-87da-a552d6faa8a8,68ec92a1-2c5e-4441-beb5-31b5ca1fa283,BEV-005
d213b8b8-b66d-4245-b52b-00a2115adf6b,a3437d4b-e4ea-4c55-bc9a-b08b9646cf6f,BEV-004
257b7aaa-9a67-476e-81c6-751403fc94f2,b3b55437-7b56-4eb1-a07f-19c5d0148661,BEV-004
17d29153-b69b-4504-846d-fa1d02bb304f,2152b370-654f-4818-8117-bc77933b8198,BEV-004
af5c0191-3b6e-4e2d-bbe9-75f90d9dda2f,1c28577a-0105-4f29-a037-d4b3cd84aa28,BEV-003
88f270db-9599-4a3a-9996-34280e0ffa17,1c28577a-0105-4f29-a037-d4b3cd84aa28,BEV-003
096982c6-37a1-4578-a5ef-f94dfdc23a60,6cd1d2e7-74aa-4ca6-823d-29e1dbaa17fd,BEV-005
6bd96a15-eceb-48d8-b5c5-d4c9f0e66318,7149bc37-fc09-46f5-ba39-bb51868dcf42,BEV-001
87762256-e472-4e20-82f9-ecaae407e2b0,71e97cef-babf-4615-bee4-41ff4848b838,BEV-001
077ff7c5-530d-4d28-9c17-f16c50ac106e,71e97cef-babf-4615-bee4-41ff4848b838,BEV-001
ce8128ec-d6f8-4b67-9442-986cf66625a3,72775de8-723f-45ff-b4cd-7f80d06773bc,BEV-003
f0ce76c0-b5ef-462b-84f1-998860f899bf,65a8936a-81f6-49ab-803e-89ca98fd2660,BEV-001
bbdb2146-a2ab-4756-a320-d5cec648b65e,09c24b53-6a16-4701-9722-7eae1a27d3e4,BEV-005
a7932fab-6b18-48e2-8266-8403dee73730,b70cb11d-d188-45bd-a8d1-e08fb77f3333,BEV-003
cf7dd1f8-b01f-4258-912a-f2563c8e8899,75141938-0f67-4358-bb0d-66e4043c75a8,BEV-004
8901e582-d8d4-4214-beca-f9ba9d8a3112,b84cd414-5fa6-4534-bb65-9fc9a747a981,BEV-003
a8d68b92-f5fe-475e-a372-e65fe25b4d62,8a1a99f0-4c71-46ef-96aa-c4edf6db78f9,BEV-002
cf2626ec-2c15-49b5-b8b3-ac24c7d51424,32e76cd6-d850-449c-af38-380546579e14,BEV-003
7018e952-51a1-425e-8b3e-baf47d5f3ef0,4a4d8115-a9b8-4de9-8f62-c574c946360e,BEV-004
bb271989-b823-4a2d-bef9-be2bd3314393,9b09af86-6509-4ffa-b58f-438b63496296,BEV-003
f5fa844e-d4f3-4639-805d-ca7b9538d742,14d05b60-b2cb-41df-9647-6028b88140ab,BEV-005
571dcb87-1092-4659-a8f7-c66f6cdd4d3b,fb6ff4eb-cfcb-41e7-867f-426b92cf7b31,BEV-005
79a74f2f-e533-4a50-b4cf-51a359b1f32f,cda58d31-2bb2-4546-a362-4b1ede1ff50c,BEV-002
c5b0bb3b-53ec-49c6-9ac1-8b555a7fc326,00959b7e-8a1c-489b-9b63-372bdbcfc79c,BEV-005
b0ed514d-b1ac-49c6-87b6-865da5db11ba,f95af62e-cc8a-4bc3-ba98-6e6cc766356b,BEV-004
bb0b0d39-42b5-4135-b985-efdc8edfa92a,3ede2638-1e10-4142-b75b-7cb5c111d4ad,BEV-002
1ecad883-3cc7-4c67-a721-c273662f71eb,2dca3310-6120-4848-9c7e-9b61e5296807,BEV-005
d4ee19b4-b636-40d7-b086-ef20a52d3181,23a2a784-7c27-4e1d-862a-6fd3a321313a,BEV-005
55dae36c-f838-42c2-a427-10dc2efacee5,bfb7becd-6cf4-4b5b-8eb9-5b410ffa5789,BEV-003
266d6fd3-5d3f-4bb0-8bd3-9ba29840e245,6d28977a-9325-4f3b-a030-b73230419668,BEV-003
b5e3fede-2427-425a-b33c-0d867dbc940a,3cba3b32-4421-4897-b3c6-a12b9c6d579d,BEV-002
eb6ad6fb-7560-4780-8eb5-d84491fa8d97,6877b327-7b54-4093-80f0-e587249d26db,BEV-004
84c5bf73-46e6-4504-a1f9-90642ed12705,b6f58f32-cd51-480b-8bad-c48dd5a11ca7,BEV-003
6c210bd9-2366-46aa-a456-1a07d2b3315a,b6f58f32-cd51-480b-8bad-c48dd5a11ca7,BEV-003
5c1c5fe9-2333-43c0-8f81-e3940d966071,b6f58f32-cd51-480b-8bad-c48dd5a11ca7,JAF-003
35508ec1-1f8a-4edf-81d0-075b0baacd4f,3ed24f48-37fb-4d32-8559-39fe647fbb90,BEV-003
9e936a6e-b430-4473-9658-235d42b1b07c,33ce1be8-237d-4ee7-91a2-d0d149f3670d,BEV-004
5bb54a89-76e5-4747-aa09-c129e6aa0b3b,32bf24ac-ec4a-4d78-b27d-9e18fa4e0545,BEV-005
f3b8c772-b9ab-4012-8ccf-cd31466fc349,4c5427a5-fb48-4910-8d9f-b6ca9b502a49,BEV-003
d5fedc04-961b-4275-9901-e743a7ea4dd4,bf71591e-d90d-437a-af0c-6ff80002ed25,BEV-005
8cda2dc4-df0f-4c97-b2e9-5dbe97575167,bbfbec3e-fca2-4c9b-b900-90e393c5a79b,BEV-002
7a038707-43cb-4a14-9bfd-1e4a381f9cda,594741b8-1f34-4caf-8aa0-dbb134d133e0,BEV-005
e9a2df96-e044-4b12-ad9c-1cba1708c57c,af1b15dc-a634-4a90-9f8f-9de8a29de0ec,BEV-003
b14e56e7-4b2f-40c1-b07d-2fb4fbbc8809,eafbd655-1404-424a-aeef-878e996cca1e,BEV-005
6d152f13-f68c-4662-aa89-95056d22f833,26460010-3738-4f09-9d4f-aa4a5fc69cd0,BEV-003
bd8a4022-a971-4822-84e5-6afd5e323440,afb49f5b-7d61-4e4d-8b15-a641b1bd76d2,BEV-001
c29f884d-cdf9-4473-962c-0556cf30b1df,bcec196f-6df0-4c30-b3b7-002f5e648e40,BEV-001
6f2d6557-3a13-4a7f-924f-14162f2a4e19,d60bdabf-6afe-46a1-ab4f-38e7e063877c,BEV-005
99572cbf-5ea1-4a77-8c27-44e71847a201,6f5a3e8d-298e-4bcf-a2fd-0a6018923281,BEV-001
5420b489-02b1-41d6-9823-d2cf0fc9039f,591047d4-6176-45db-85f8-4c06d814babc,BEV-003
675166c9-3d0b-43ca-8d38-74842678e914,a5e1a3cc-3479-41a7-9852-676117600f8e,BEV-002
e871e882-d821-4232-88e4-cc6ab1f98f50,a5e1a3cc-3479-41a7-9852-676117600f8e,BEV-002
0e08b618-e714-4d05-9e5d-e37ce6b7cd4e,a5e1a3cc-3479-41a7-9852-676117600f8e,JAF-005
560ad59e-5659-4c82-b3af-42821ea00a44,a5e1a3cc-3479-41a7-9852-676117600f8e,JAF-001
6922371f-3408-49ca-a53e-a0367fda1843,6983e7c4-971b-47e3-abf8-8af12d2f8be0,BEV-005
86bb4701-1b3a-4215-a4e2-5ff0d54f6137,cafabb21-af6d-4bf0-ba68-3a42f8ad7d7d,BEV-003
796bba92-6852-4917-82a2-af6afe7049d8,6a5cd53b-00ed-4f3f-912f-b8d4f398fc9a,BEV-002
46e7beec-b485-467f-a6a6-f1fd20118521,e37535c9-9f2c-4786-a24d-de6baf9404cd,BEV-002
1312b5f3-cf0d-4a5c-acda-0d3d8014f4fa,6bbe5e57-6ec6-4497-93c3-0812f61b5522,BEV-004
04c56c3f-9e91-4d73-8d58-ac8146128f66,6bbe5e57-6ec6-4497-93c3-0812f61b5522,BEV-004
7b4c33d5-c8c8-48d4-94e0-cbaa9c9c48e4,6bbe5e57-6ec6-4497-93c3-0812f61b5522,JAF-004
858fe862-3be4-40c1-8f0c-91278fc375f5,0f2d905b-1da4-458d-b87f-2692b78292b2,BEV-004
20bba336-9c61-4aae-8173-49e407d8795e,55ff498b-f767-4e28-9a75-b3b2416a405d,BEV-004
08b05aca-1d11-4d7e-a780-c10b1ab3c98b,c6608f26-f9ba-4bdf-9bf1-99dfdd317c72,BEV-001
6a9c88b9-2e5e-4142-ac00-654b0eb0e4af,64da986f-7b97-4ede-b607-0f2178c1258c,BEV-004
33c83dde-e026-453f-b173-0cf1a962cc17,64da986f-7b97-4ede-b607-0f2178c1258c,JAF-001
40b70f7e-e411-4020-af95-1d32bfb72fce,97519726-b57a-4f5e-9d4b-564e96c6aca5,BEV-005
df2cd9cd-750f-4e15-9b4f-c4abdcb5f920,ba3d524d-2cea-4688-a120-c6c4c7d83dc4,BEV-001
0d6f7807-0105-4d6b-8237-3cc55c8bf14e,8d857350-8e7d-40fe-a28d-73f0a1aeb89b,BEV-004
7fbb95a9-bc5b-4bd2-aafc-e75006b181ab,23d107b5-4050-49d8-b668-16b4dbc90296,BEV-004
ddf2192a-0cdf-41fd-ac0e-aedb6477090b,ac4b9524-3b8d-4ad3-b39b-553562ce4d58,BEV-005
6d4b1c12-da71-4785-b267-b43e8b492d4a,41e2ba08-006c-44e6-a846-220644e35be5,BEV-002
7c4a674d-49cb-426c-9bbb-77dfc7d056fc,3937f6b1-4218-41c2-b96a-0c6908eade26,BEV-002
1f8a7bb9-9dbd-4ab4-b8af-bb1f00afcb96,c64584a3-075f-4c69-a5ea-9652691a2242,BEV-004
8e6a0dcb-fc0b-451e-acd2-474e57fb74ac,c64584a3-075f-4c69-a5ea-9652691a2242,BEV-004
be2c3e35-2825-4001-8a3a-011aa6c0f594,c64584a3-075f-4c69-a5ea-9652691a2242,JAF-003
5468767c-2b7b-4691-9f88-dc5a90f31dd9,87e18bd4-6fa0-4d37-bd52-27c682835d46,BEV-002
48613b9e-8ea6-47f2-8a4e-49a221b1b780,898963f8-4af7-4613-8220-39726ed21df0,BEV-001
3d474db5-1100-44a7-986e-08fe3d4f3df0,e31f943a-13ed-4b59-9b06-a73e6730ae95,BEV-001
4414e772-2768-463b-9441-2a1c7fcb52f0,e31f943a-13ed-4b59-9b06-a73e6730ae95,BEV-003
ae62577a-dc0a-4935-bf12-78b5f3e66efc,e31f943a-13ed-4b59-9b06-a73e6730ae95,JAF-005
9bf85796-5cc9-4d34-830d-eacbae184429,607cfdff-14f3-4589-8287-8849f6ea577b,BEV-001
b249fd32-5cf9-4a28-ba7e-92e6a9c8a384,607cfdff-14f3-4589-8287-8849f6ea577b,BEV-005
080444a5-c6b4-4840-bd4d-6acdceb91633,315a8f5a-6f4f-447a-b306-11e49320a2da,BEV-004
4f57991e-c7d4-4c6d-a042-ebed62c0d88b,65cc31cd-7575-4be3-b2ea-54958daed331,BEV-004
9249b1c6-6dbb-45fe-9bd8-b1e6f2e2d1d0,959eeff7-d1e5-4b24-bd51-bbd7c0be7449,BEV-002
5b20338f-07eb-4e58-85ef-b5b657622946,fe405717-c3e4-4b1a-8f15-f74040adb0fb,BEV-003
cb5cff78-811d-47fc-a590-a20f6926bee1,79d02305-dac5-4995-8e49-0a541b7b9eaf,BEV-003
ff13b941-8eea-4a2b-8852-b8e8b51cef11,cade2767-f902-44dd-943a-bdd2bac773da,BEV-001
04a1226f-593a-4e70-8e1f-6b9b3d1b361b,c67d11d9-a45f-4da9-87ed-397230b41ba6,BEV-001
d9c4fe78-a990-4f7c-8746-3963cc5d1dc6,7e796c2b-be78-47f8-849b-8a9ddb7d55ad,BEV-002
0999f9a9-e99a-493c-8e20-c9b97d4a527c,9cbde5d1-6c94-4d43-ae8f-70c1b3bbd1c5,BEV-004
6b5ddf97-3651-4a95-9a31-ad8ffd49a0eb,dcb8f0d6-7eed-4463-ab0d-67c1b5394c75,BEV-005
fdac4619-2d66-4d38-85be-a8af98c97ff5,dcb8f0d6-7eed-4463-ab0d-67c1b5394c75,BEV-004
ee0ca0e4-c8a2-4e69-9254-abe27a2bc669,af0c8e39-615c-4f1f-85d9-403b3460421b,BEV-001
9449b781-f53b-4e4e-ba1a-02ce4b077dd5,dfbde2ab-5ce7-4b78-ae1c-75e2e49f1cd8,BEV-002
7cffa823-f692-4c54-9903-462e7a06b130,ae8f7646-2962-4b91-a28f-c2ec09944a14,BEV-003
947e6315-65ae-4ebb-ab15-bad73291f7cf,ae8f7646-2962-4b91-a28f-c2ec09944a14,JAF-003
74fd50d8-6f2f-4195-8fc3-b362baf20686,bfed50be-f481-4ab6-896d-2738639b1aa3,BEV-001
84257fd3-0f9b-4fcc-a006-9d8dc09c2f91,35fc67e7-a8e5-4ccf-8954-fbcccf917b50,BEV-004
2144341e-3510-4dcf-bb14-00657356607f,d8510e06-e6c1-4861-812f-8643c0da3d9f,BEV-005
6a74e4a1-0450-40fe-8820-46e108768b16,21a880ba-a8e5-4940-88ae-999a220fc8b6,BEV-004
ec76ca2b-6223-4c2d-b3f0-30fc6259af6a,023f2acf-25bc-4d9a-a3fd-4c452096236b,BEV-001
c0479d8d-9e92-4592-a2d6-0baabfecbb22,d8a00305-d1a6-420e-913b-1bf7a883800c,BEV-005
41484f2f-8e15-435d-959e-67d0aaebb95d,bfd21f94-6eda-4942-8e61-53076bd04120,BEV-005
1ef65c5e-62b2-4b97-bb7f-a33eac1044d1,bfd21f94-6eda-4942-8e61-53076bd04120,BEV-004
0f361b2d-1832-48fd-aa94-67f090ce6b95,b9f35f45-f156-487d-9036-d6cbdacd218d,BEV-003
b5f8f483-e555-48e1-a7ed-420cafd78e18,48505d0e-bca2-4990-8208-f16fa3b8118a,BEV-001
f23da357-7f01-4f63-8cd5-0ff66ddd5a35,40f8259b-aacd-40c2-aa4b-c4c23584857f,BEV-005
ee69437d-ce74-4498-b5ff-d8f49487ffad,78c39956-a296-4a2a-8d81-a359422bd400,BEV-003
57fc8e42-c8f3-493d-8859-bda38534ac3d,e623d8fd-210b-4b6f-9824-b3a49b183e5d,BEV-001
424dad3c-6707-4e25-96ea-306852346a73,e623d8fd-210b-4b6f-9824-b3a49b183e5d,JAF-001
5796a6d6-6807-46c2-bcf9-5263610796bc,e95ca8f8-67a6-4519-a8ab-036b59b8b0f9,BEV-001
ea00958a-8b75-49a2-a9ad-a8fc09f20491,e95ca8f8-67a6-4519-a8ab-036b59b8b0f9,JAF-003
40fc37a5-d848-4768-99cd-bd39d660dcef,0e7a90ad-3bed-40e7-b9f7-4e817138e350,BEV-001
dbefb601-f6dc-4908-a30b-d4d812ed2974,c12a6f02-a9be-473b-b322-867237fb8e92,BEV-005
25f2eb63-455d-4007-9f5d-cff789235464,49c82d6c-1533-4f6e-a1c7-f6e01154f01e,BEV-002
cb002086-e434-4061-b5b5-96588c0e8562,80619d47-028f-4d2a-a37a-2996c5dbd0b9,BEV-003
bf0b2ddd-fff5-4c43-aaa6-71f5ca2cb6bf,80619d47-028f-4d2a-a37a-2996c5dbd0b9,BEV-005
cecba2b9-25a8-4e6e-a6b7-08e23a609222,80619d47-028f-4d2a-a37a-2996c5dbd0b9,JAF-005
ab71ece1-b02a-41b7-b12c-020499018478,a8693f77-4867-47cc-b0b7-a87ea9a03c26,BEV-001
35ee33a8-72c4-49d8-8194-a96f8b25186c,c647ea1d-e407-48aa-8ebf-098d3b1fce51,BEV-001
0a6dc064-1c53-4d05-896c-792f75dce844,d977e922-d06a-4b47-8b94-944ca7adab4b,BEV-003
34cd1682-0fab-4a22-87db-39c1aa544d5f,0fea95ca-6734-405a-8da5-a71cf9515cd8,BEV-005
e7f62d6d-b396-4bc9-95b7-8ffafbf69c0a,d76c4b8a-bc7d-447c-b3c3-62a1ce2383c6,BEV-004
adb675ff-17b9-4e6d-a08b-47eb309ce7a6,d76c4b8a-bc7d-447c-b3c3-62a1ce2383c6,JAF-005
b96ea642-3acd-41ad-857a-52ccffc3d1d6,9e7949b5-2f42-411b-9166-9dcd81601088,BEV-003
ec2a89b8-a28a-4459-9c26-3a1cf124ec00,92198e56-d3a5-4fb0-bb79-7433f0cc9ee4,BEV-004
2004b569-6e20-43f8-a255-e0f2ca3801fe,216f317d-6cd9-43cc-ba9a-c7416b7e8b44,BEV-005
1bcef72e-e3c7-43f1-b0d8-50c1472b565d,70373db4-d6b2-46cb-b1ec-022d192649aa,BEV-002
648722f9-26bf-40f8-8b68-9149670e1187,79f2aabb-9fc9-4199-9528-b2f7cb6e74cd,BEV-001
1dc7519e-046a-47d7-ba0a-24cd6e0701f5,dc38a75a-66ff-4e7d-bc29-9b8be3467e9a,BEV-004
bf373247-aebb-4c07-80c1-1e98bff9b09f,613457a3-7f71-4b3f-aa1b-371aa84a8ba3,BEV-001
4e47b451-4d21-4c03-9f5e-63b4b5c050b4,39d9ac74-69fd-419e-a23a-4b3dbe287e9c,BEV-004
26ec7100-a93d-402d-a1a1-010f7df3d83a,11efd1d8-0606-48be-be2a-e33116d6c6aa,BEV-002
83c9f119-d83a-424f-a129-d8871cce14c4,11efd1d8-0606-48be-be2a-e33116d6c6aa,JAF-001
233bffe2-af91-453d-a4a9-7797883ba0cb,933aa400-5374-45eb-8865-dc00717b62f8,BEV-001
4868e313-44a8-46c8-958a-e607c24d7857,19407fd4-7962-4a7f-9467-242cbae26e26,BEV-005
0139b6e3-6a64-44af-830d-3f050972cd12,19407fd4-7962-4a7f-9467-242cbae26e26,BEV-005
0d6134e5-a13c-458c-9520-ee50b8260dc8,73769934-c2c0-4ed3-b7f6-99158fd78b44,BEV-003
a06383ac-8bce-4a70-ae27-fd8f1832b71d,0a9aeb04-f6b9-4444-af74-3677e0ef9b3c,BEV-003
56a04949-30e9-4954-9f71-b599e1b12b00,0a9aeb04-f6b9-4444-af74-3677e0ef9b3c,BEV-005
1102d478-7b76-47cd-b426-6c6791a220b4,0a9aeb04-f6b9-4444-af74-3677e0ef9b3c,BEV-002
222e66b9-1710-4a1b-88b8-d483d72b25ab,0a9aeb04-f6b9-4444-af74-3677e0ef9b3c,BEV-003
ff3abf23-bbe3-4c6c-bb96-11fe5fcca20b,0a9aeb04-f6b9-4444-af74-3677e0ef9b3c,BEV-001
a542d63c-cebb-47e0-99b7-93b48b336cda,0a9aeb04-f6b9-4444-af74-3677e0ef9b3c,JAF-004
eeee9066-c878-4a82-95ce-804784fee504,0a9aeb04-f6b9-4444-af74-3677e0ef9b3c,JAF-004
386b0ae9-8dae-470c-8de4-f5b4380d1663,0a9aeb04-f6b9-4444-af74-3677e0ef9b3c,JAF-001
bdefb092-687a-4305-a27d-2ba9112f49ad,0a9aeb04-f6b9-4444-af74-3677e0ef9b3c,JAF-003
cec94684-78ac-4236-8e78-6cbd420a8931,0a9aeb04-f6b9-4444-af74-3677e0ef9b3c,JAF-005
2b314fb4-3396-4c83-9a54-26003b4fcbd6,01823478-bcad-4e0e-a2f3-c5c9c1914207,BEV-002
475de2f3-7783-43fe-b6bc-bf3688eaf334,f53f2cec-8e69-49a6-8c64-c220f29cf932,BEV-003
544b22b9-ca42-491a-9699-e467473d5df8,cf199d7b-8947-4ad0-bd14-b38ddecdea9d,BEV-002
65aa7b0d-99fb-4037-939b-7b50578df2da,cf199d7b-8947-4ad0-bd14-b38ddecdea9d,BEV-001
f146d543-6143-4686-95d9-febc623c47c1,cf199d7b-8947-4ad0-bd14-b38ddecdea9d,JAF-002
6881861e-1410-4413-813d-4b7b6289a488,cf199d7b-8947-4ad0-bd14-b38ddecdea9d,JAF-005
716442f5-5907-4637-beba-2194728f98cb,a027fb7d-2838-4b41-a3d2-4b9cf737bce5,BEV-002
b883113c-367a-44b5-aa56-aa765648b293,3e267a69-ff31-44c1-8e84-e822cca99424,BEV-002
36911e0b-49da-467d-8db6-ee9943013a86,301c97f7-1bba-4887-83ea-504f12575701,BEV-005
0fe4ef5a-3b3a-4a55-b81b-63eeb73abc6b,301c97f7-1bba-4887-83ea-504f12575701,JAF-005
7275c160-7d79-4072-83c6-244a504aad35,301c97f7-1bba-4887-83ea-504f12575701,JAF-002
1a9bc7e1-2497-43d0-889c-756f13d85853,aaf9b3f7-f9f6-4a12-9dbd-9a3c93f2da5c,JAF-003
18487d50-01be-4f69-afde-d6b9251dec2d,aaf9b3f7-f9f6-4a12-9dbd-9a3c93f2da5c,JAF-005
97d71ded-cc85-4ef1-9b91-e4455c96ff4a,4eac60ff-a464-49e3-a2de-e9c9bdc7f661,BEV-002
a65738b7-666b-45a1-8005-7ab6662bd1f0,75e0ee76-71b5-451b-a6ac-455ec8be06ec,BEV-003
f06910c1-c021-4743-9a12-39623c12d1ee,75e0ee76-71b5-451b-a6ac-455ec8be06ec,BEV-004
4dbe7b2c-630e-4c45-a160-8fe8b76d4910,75e0ee76-71b5-451b-a6ac-455ec8be06ec,JAF-002
a030c226-596c-4327-b00d-041e0ac3aba9,75e0ee76-71b5-451b-a6ac-455ec8be06ec,JAF-003
78e2fa45-4069-4e32-ac1d-6e58fc1be165,f6440b37-d524-4747-884c-f774370f31f4,BEV-005
475e512a-9afb-4485-869a-4a0773e0345b,f6440b37-d524-4747-884c-f774370f31f4,BEV-003
15715866-d7af-420d-9cfd-4a8c16139201,f6440b37-d524-4747-884c-f774370f31f4,BEV-001
76808d64-5767-437c-8418-3417401c988e,f6440b37-d524-4747-884c-f774370f31f4,JAF-001
44f35ea1-a5d6-4dc7-96ae-dbb607c4c674,f6440b37-d524-4747-884c-f774370f31f4,JAF-003
89201319-5f81-4904-9a49-d38f3964e990,f6440b37-d524-4747-884c-f774370f31f4,JAF-002
12cfee6f-bc71-49c7-be3b-2b9bd78b8479,a10bceaa-f309-4065-8c60-5adeb8dc5c8e,BEV-002
b97d0880-0847-43ff-8e4b-be8588bd631f,a10bceaa-f309-4065-8c60-5adeb8dc5c8e,BEV-002
0a89ed36-a999-4d82-af18-b77946e772ff,e0d3efc3-0c25-4e50-92b5-40b0163212b1,BEV-002
b0142cc1-4c56-49ec-94eb-313cf308e09a,283d871c-8e02-4836-bbf0-b77c30c0be32,BEV-004
92a926c5-d007-4aba-abe9-e2f09e7157bb,81f0b595-d834-4000-be00-cc78017f19ab,BEV-003
ec5b17ad-b02a-432b-b6c1-ef254431c8f8,81f0b595-d834-4000-be00-cc78017f19ab,BEV-003
5c5ee620-e385-4df2-bd3b-33c735b83d68,81f0b595-d834-4000-be00-cc78017f19ab,JAF-002
c730bc2a-dc89-446c-857e-49d31cbbb7ca,81f0b595-d834-4000-be00-cc78017f19ab,JAF-003
a24d8049-7b46-4f5c-a1d8-825f7124739f,6b52d2e6-801c-41e3-8be9-9ef658d547ab,BEV-001
ba4881f9-edae-4d62-baf2-9d59a1826e5e,6b52d2e6-801c-41e3-8be9-9ef658d547ab,BEV-004
45505e17-f5e9-4f94-816c-eca79ca08935,6b52d2e6-801c-41e3-8be9-9ef658d547ab,BEV-004
080f8979-3801-4fe5-8819-ff19cc78d519,6b52d2e6-801c-41e3-8be9-9ef658d547ab,JAF-005
06ee4fcc-6fa5-4b10-80b0-8e17c17cf653,6b52d2e6-801c-41e3-8be9-9ef658d547ab,JAF-005
34c0fa9f-4b6e-4bb2-98bf-2a216e73fe3f,6b52d2e6-801c-41e3-8be9-9ef658d547ab,JAF-004
378d0780-a27b-4db7-8745-140a081df7ca,0876c477-36da-4952-80bd-3197c44517a4,BEV-001
a90a4f3d-28ef-4bd5-a9a4-9429633adb1a,0876c477-36da-4952-80bd-3197c44517a4,BEV-004
734b806e-b958-4c78-9216-7410a97107d5,0876c477-36da-4952-80bd-3197c44517a4,JAF-004
1887fb65-8ae3-494b-9b5c-98ec7d0c2043,0876c477-36da-4952-80bd-3197c44517a4,JAF-002
bb372fd1-4310-474b-b73d-47ac18a70f77,696fe7b3-594f-4d2f-a962-9cbd0f78c670,BEV-001
2203baab-8332-4c61-9c06-9e20a7dee614,696fe7b3-594f-4d2f-a962-9cbd0f78c670,JAF-003
a1a97eba-e470-44a9-b1fa-667c60543967,d2e05a05-852f-45ab-8f77-53b97f97bf61,BEV-005
a3363f8b-3b83-4f99-b263-e4dd0ab71d62,159bb1f1-7aa4-40be-be3f-9a973ffc844e,BEV-003
f6562903-47e8-478d-8763-58ebfe2d0290,159bb1f1-7aa4-40be-be3f-9a973ffc844e,BEV-001
2b450b93-06bb-44e4-a9f5-afeb8ffbc531,159bb1f1-7aa4-40be-be3f-9a973ffc844e,BEV-003
c322d9de-3d6f-44aa-800b-195a18350355,159bb1f1-7aa4-40be-be3f-9a973ffc844e,JAF-005
e152c15c-0655-4185-8bc5-b13f4a76a8b5,159bb1f1-7aa4-40be-be3f-9a973ffc844e,JAF-005
acdf96b2-ed40-4a34-a855-775007e0102d,159bb1f1-7aa4-40be-be3f-9a973ffc844e,JAF-005
3fdfc4a9-dfba-4923-b697-476616a18759,441d7174-e52a-48f9-a075-29cd9eed73a5,BEV-005
ceefeb9c-c03c-4ff4-8610-c82ea7cfc3d9,95934f70-bf42-4ba0-99d9-d2c6b86f2d33,BEV-002
d64058b1-07c5-4323-8832-87331e60e8da,95934f70-bf42-4ba0-99d9-d2c6b86f2d33,BEV-004
0eed0074-632e-4c2e-9d05-6a28f3d9d373,95934f70-bf42-4ba0-99d9-d2c6b86f2d33,BEV-004
3b9a52ed-eecc-4471-81e2-74d98d9f0558,95934f70-bf42-4ba0-99d9-d2c6b86f2d33,BEV-005
b94d9491-c705-4446-800c-d8f3dcf05120,95934f70-bf42-4ba0-99d9-d2c6b86f2d33,BEV-001
21646053-469e-4c17-917c-d2954ea8dc8d,95934f70-bf42-4ba0-99d9-d2c6b86f2d33,JAF-003
738f159e-c515-4f4f-a545-ad006cfccaf2,95934f70-bf42-4ba0-99d9-d2c6b86f2d33,JAF-003
3df0f6f3-5de8-40c7-93e0-eefc39686cf5,95934f70-bf42-4ba0-99d9-d2c6b86f2d33,JAF-005
90f6f4cd-1be2-425c-95ae-d86e5b426cbd,95934f70-bf42-4ba0-99d9-d2c6b86f2d33,JAF-004
c60b69e2-4a22-4d06-af92-c0f296aa7d74,95934f70-bf42-4ba0-99d9-d2c6b86f2d33,JAF-001
6b0b8231-728b-42c2-a969-7dd9703ba52e,c33850de-f496-45ba-8888-be8a347a71c7,BEV-002
3bab94d5-098d-4341-a381-15567fa807ca,c33850de-f496-45ba-8888-be8a347a71c7,BEV-004
b6fd21c9-f23b-4fcc-9d9b-57064d9b54d3,d178a0ab-488b-4219-9b1f-b99a67619f64,BEV-002
1b60e55b-16ad-46ce-a67e-3308ccd1bae1,d128c7f3-3e8e-4ac8-ba96-bae8fb476694,BEV-001
9c97480c-e1a5-48f8-975c-711c6083f960,d128c7f3-3e8e-4ac8-ba96-bae8fb476694,JAF-003
86f6b364-3220-4141-9282-8eb9e1ea31fb,4e962fd4-d0b3-4601-a811-4c3e0f2ea287,BEV-001
a83e7f51-5148-415a-af30-e7a96bfde40a,4e962fd4-d0b3-4601-a811-4c3e0f2ea287,BEV-002
3e43bf83-b1c4-4dc6-917f-fcd1ac8385a2,4e962fd4-d0b3-4601-a811-4c3e0f2ea287,BEV-001
9150e9ae-d65d-432f-9c54-f8c4af66e61b,4e962fd4-d0b3-4601-a811-4c3e0f2ea287,BEV-001
944ea439-88fc-4a32-9a16-a332c60a7cfd,4e962fd4-d0b3-4601-a811-4c3e0f2ea287,BEV-004
d867933e-d090-40f3-9639-1c9e97f432a8,4e962fd4-d0b3-4601-a811-4c3e0f2ea287,JAF-003
c7779f92-f610-4ba1-8505-7e7106a60577,4e962fd4-d0b3-4601-a811-4c3e0f2ea287,JAF-002
b72a06a8-250a-4040-bfd2-0583456a42f1,4e962fd4-d0b3-4601-a811-4c3e0f2ea287,JAF-001
79abd0f5-3f27-4d87-af8c-6662d35cab69,4e962fd4-d0b3-4601-a811-4c3e0f2ea287,JAF-001
b4d39b7c-6a58-49ed-90e6-7d5b235e9412,4e962fd4-d0b3-4601-a811-4c3e0f2ea287,JAF-004
72cf3aac-0739-4ca8-a8e4-615733bd670b,72cb26f0-016c-4bbb-aa4f-1cbb64c97df4,BEV-002
d6b1cb9f-eb0b-455d-8bb3-f8767256fefb,72cb26f0-016c-4bbb-aa4f-1cbb64c97df4,JAF-004
72437052-373f-4727-84be-41c043b795bd,72cb26f0-016c-4bbb-aa4f-1cbb64c97df4,JAF-003
fb12d8aa-56fd-461e-9bd0-1afb419cbd5f,4516277f-1c4a-438c-8f11-9594f4dbd56b,BEV-002
a1194720-3d9b-4b8d-b622-4f4947b189e1,2f50c8ad-448e-4656-9d23-b753afb5a2e1,BEV-002
b2ce18a1-4467-4b87-bd1e-5dcffafd0f41,6c6701d4-6825-49de-9950-3d2251ebf131,BEV-001
664e9e2f-aef1-4915-9eaf-97bc1ad15642,98d1e412-5d14-460a-985d-3b6b603b06f2,BEV-003
f6a3c9a3-e0a3-4861-bd9b-0270300c7807,811b681c-a270-4dc9-a9eb-33e73490dd36,BEV-002
9f18d4a8-1338-4beb-99e6-238046a77129,811b681c-a270-4dc9-a9eb-33e73490dd36,JAF-004
1a5965c9-982a-4ce6-a97e-66999f226d93,32d51905-bbd9-4e5b-86be-f6f38f927dc1,BEV-004
7157c532-6673-4df7-8e26-29c14db3d418,aad1ddd9-a2de-4374-947d-8c50b79c051d,BEV-003
d179c29b-0297-4089-9afe-ee85b1e4e185,aad1ddd9-a2de-4374-947d-8c50b79c051d,JAF-004
b5f9c5cf-8631-4de0-a39f-cdeb1c723901,aad1ddd9-a2de-4374-947d-8c50b79c051d,JAF-004
54522576-903d-4669-9b45-d9f60669c293,1d7ac71c-f966-4ee1-9af0-6af511423bfb,BEV-002
200147e2-b24b-4401-abbc-d916e52b9ae8,91bcabea-ba4a-4562-b678-b436fb7247f4,BEV-004
6d761385-27ce-435a-9a30-deb5f421a6d8,8704c4d0-cc74-4d8d-a221-5173da66d75e,BEV-003
c494c209-ad76-4abd-bdff-a1994ca26bce,8704c4d0-cc74-4d8d-a221-5173da66d75e,BEV-003
e2b576de-bf49-4e50-9709-143810ea1346,8704c4d0-cc74-4d8d-a221-5173da66d75e,BEV-004
78fe56a0-a5f8-4dd1-8395-8ac23eaea876,8704c4d0-cc74-4d8d-a221-5173da66d75e,JAF-004
06520730-616e-4e56-a8a8-04f657a914fa,8704c4d0-cc74-4d8d-a221-5173da66d75e,JAF-004
36659014-5e58-4eaf-be14-d26022260b42,8704c4d0-cc74-4d8d-a221-5173da66d75e,JAF-002
755c544d-3ddb-44b1-8e8f-901964a85880,cacfe28d-bc70-4268-b463-7713a3a71e34,BEV-004
f577bb04-49c0-4196-b366-732efd054934,cacfe28d-bc70-4268-b463-7713a3a71e34,BEV-002
661b1559-1894-45a7-a14e-8323dea2c3b0,cacfe28d-bc70-4268-b463-7713a3a71e34,BEV-002
7eb76552-a2ba-412e-b1d4-c54616880ad2,cacfe28d-bc70-4268-b463-7713a3a71e34,BEV-002
c6fc9476-13f6-4a0b-8872-87fc4fb97700,cacfe28d-bc70-4268-b463-7713a3a71e34,JAF-005
d6de9d12-e1c7-4a75-b862-1c63be59ecaa,cacfe28d-bc70-4268-b463-7713a3a71e34,JAF-004
a0b49304-4eee-48cb-8c03-3f13324f5290,cacfe28d-bc70-4268-b463-7713a3a71e34,JAF-005
690363f1-f769-4ca1-96d5-db2e748bf1f5,cacfe28d-bc70-4268-b463-7713a3a71e34,JAF-005
b665935c-b002-4f4a-85d8-47efe2bc4b1e,1e719563-414c-4cd4-8748-5506d7139a9b,BEV-001
7b20be1a-e28c-44af-96b7-0d4525e63cc7,1e719563-414c-4cd4-8748-5506d7139a9b,BEV-002
4aaca737-51a6-4e0a-8db8-26f8887404d5,1e719563-414c-4cd4-8748-5506d7139a9b,BEV-004
3111d167-cd81-4676-be1d-7a74e7cfa7e3,1e719563-414c-4cd4-8748-5506d7139a9b,BEV-001
036e9c15-936e-46af-ba58-3491b7a4a442,1e719563-414c-4cd4-8748-5506d7139a9b,BEV-005
81fe1ddf-2f95-444b-8ca5-b75ea7e4a3cd,1e719563-414c-4cd4-8748-5506d7139a9b,JAF-003
238aee2d-ca99-43f7-970d-b60369cd2cdd,1e719563-414c-4cd4-8748-5506d7139a9b,JAF-002
7a0999a4-85d5-4216-b72b-cc09dc220643,1e719563-414c-4cd4-8748-5506d7139a9b,JAF-005
87805dd4-b87f-4e3a-bce6-de30f3423acf,1e719563-414c-4cd4-8748-5506d7139a9b,JAF-004
fcf82438-ee84-4255-9641-73c4939e16d3,1e719563-414c-4cd4-8748-5506d7139a9b,JAF-003
622abf27-10f5-43f3-a6ec-3e404b887a2c,45ed022c-4fa8-471f-8961-3ee954844290,BEV-003
0d346240-96da-4977-9925-96c76e65ef68,45ed022c-4fa8-471f-8961-3ee954844290,BEV-004
e8376299-4f5c-463a-940e-479cf44b18bf,45ed022c-4fa8-471f-8961-3ee954844290,JAF-005
5729057d-0bf5-4ea4-b555-7f072a4be8f1,e0be88e2-bb18-4cf6-83aa-4d1d49fd729b,BEV-005
f388d681-ef28-44fc-bb8a-67bc45f69405,10c890ba-43d0-4ad7-8488-e4202b8b0b20,BEV-004
ea4a6a19-290d-44f8-8f59-99720bf299c0,10c890ba-43d0-4ad7-8488-e4202b8b0b20,JAF-005
5e8a2caa-6413-4dbf-9e75-1917932d6434,10c890ba-43d0-4ad7-8488-e4202b8b0b20,JAF-002
50372e48-306d-48e7-a2b5-e6d524fbca87,625c776c-38f5-4caf-9589-94b2d2a05522,BEV-005
f82fbcd0-eae4-4b31-9b98-090e491793ca,625c776c-38f5-4caf-9589-94b2d2a05522,JAF-001
611f35c7-1e09-4004-bcf9-7e39f1d3f258,45ffee72-3f6d-4ab8-b970-3b5b9ce43eef,BEV-005
6a3eb7df-92d4-4f5c-be6c-e990d93d24d2,45ffee72-3f6d-4ab8-b970-3b5b9ce43eef,BEV-002
25e7332d-70f3-4c0b-8d77-b81de2a4b11e,45ffee72-3f6d-4ab8-b970-3b5b9ce43eef,JAF-001
f7430b3a-bd31-49a5-8c7a-552ffd174bfb,45ffee72-3f6d-4ab8-b970-3b5b9ce43eef,JAF-002
7bdf23d1-c7ce-47d3-bdc2-f69714270127,cbeab0b0-1ccb-471e-95c3-73adad4fb5aa,BEV-004
db1c5bb6-e4fa-4aac-95c2-54d911742723,0fc0082c-4eeb-4944-83cd-2f4943f709d5,BEV-005
1e552a78-5675-4cab-abcc-db2662aace78,0fc0082c-4eeb-4944-83cd-2f4943f709d5,JAF-002
ad1a3336-b543-48e6-89ea-f1b7ff616e96,a3470d68-64df-4156-8ab2-b608169aa8cc,BEV-005
0c21417a-9cae-4bb1-8ab5-8e2a19a3752e,0ba4c034-da28-4582-a1c6-be7bdf3cc38f,BEV-002
f5fc1d4c-be7f-4427-96a7-21b345382d2f,0ba4c034-da28-4582-a1c6-be7bdf3cc38f,JAF-002
3851ba52-a465-4719-91bf-b7bf2891f038,5092408f-901b-405d-90b5-90573347386f,BEV-004
565fe266-a660-4dc3-a91b-f404d86c4ecc,8ea2070e-b350-4e0a-b0d4-b7707c142a78,BEV-005
4a6d6e96-ca57-442b-b0ac-73c5f956fe8e,2a73b2c5-0aea-422e-a7cc-9c422b01ca6f,BEV-004
a6e9c338-cc94-4610-a8b7-842cc54b850a,2a73b2c5-0aea-422e-a7cc-9c422b01ca6f,JAF-003
3e4b3af2-f41e-4e5b-b25a-1dcb6884cae5,2db95799-a65f-406a-971e-d44ab99050f0,BEV-001
0f1358e8-776d-4e43-a3ba-58fcc7140999,c6f6cd3a-014d-4b89-b43e-048949640c42,BEV-001
0dd2987b-67b8-49cd-b527-7f78ef56dd94,c6f6cd3a-014d-4b89-b43e-048949640c42,BEV-003
0b2da4ed-ac4b-4891-9390-4add9b7ec0cb,c6f6cd3a-014d-4b89-b43e-048949640c42,JAF-005
819f39a6-7e30-49b3-9351-1b689d0ea1c2,c6f6cd3a-014d-4b89-b43e-048949640c42,JAF-002
242ff4b4-2346-45ee-b03b-321606e95c77,1001d5a8-345d-42cb-b3e5-d0cbbcb884e5,BEV-005
4d200c8e-730e-4ed6-bb28-0e235c35675a,be631650-1b89-4318-97e7-426d9865a16a,BEV-001
990e512b-80a2-4845-84ff-feeb4c8247f1,be631650-1b89-4318-97e7-426d9865a16a,BEV-004
09f8297e-4eea-437c-a868-9044fe10fa0b,be631650-1b89-4318-97e7-426d9865a16a,BEV-002
658c87c6-5f1b-4070-81c8-14216c4f5d9e,be631650-1b89-4318-97e7-426d9865a16a,BEV-005
7b641907-ccaa-4e4b-98a9-13354e981600,be631650-1b89-4318-97e7-426d9865a16a,BEV-001
17b1f613-c65f-465a-9c9e-f210ec416e65,be631650-1b89-4318-97e7-426d9865a16a,JAF-003
9902302c-0da8-4180-bda5-89c92231c937,be631650-1b89-4318-97e7-426d9865a16a,JAF-004
3e7b075f-384d-4f25-a7aa-620c605d7d5e,be631650-1b89-4318-97e7-426d9865a16a,JAF-004
13f136cc-5ae1-4377-9e32-d7f09f492560,be631650-1b89-4318-97e7-426d9865a16a,JAF-004
5874fb5c-b6fb-4540-a7e1-c02c9ff46c55,be631650-1b89-4318-97e7-426d9865a16a,JAF-002
53bc67c9-6013-41fc-b6ac-1755cf3f4d0a,7d2ce8a7-1a0e-4679-8fef-8a8684a6f75e,BEV-005
fff27c79-8be2-4623-a15e-dea4aa3c4cab,7d2ce8a7-1a0e-4679-8fef-8a8684a6f75e,BEV-004
36601259-7e56-48ea-87ac-d753b82837df,7d2ce8a7-1a0e-4679-8fef-8a8684a6f75e,BEV-002
d2a319cb-6705-48df-8cf9-1c2af28937e8,7d2ce8a7-1a0e-4679-8fef-8a8684a6f75e,BEV-001
4beca608-6bff-4e1b-8e99-1393800dbb13,7d2ce8a7-1a0e-4679-8fef-8a8684a6f75e,JAF-005
ac4bafdb-e5d8-4f66-9be6-c7b3aa05e206,7d2ce8a7-1a0e-4679-8fef-8a8684a6f75e,JAF-002
7094a6bd-01b1-4e0f-a9df-316c0ab44298,7d2ce8a7-1a0e-4679-8fef-8a8684a6f75e,JAF-001
d2aaf527-c2bb-45f4-9d8b-a5a036526f4b,7d2ce8a7-1a0e-4679-8fef-8a8684a6f75e,JAF-003
2561aa68-bd77-4989-937d-2cbfa3d4eb4c,a0613d4e-76f4-4ae5-80b2-8a93e9ef5357,BEV-002
c25d9aeb-5778-42f5-b7b9-772f89b14bf6,a0613d4e-76f4-4ae5-80b2-8a93e9ef5357,BEV-005
098b7112-cb7f-4a17-89e5-d9587d36566a,a0613d4e-76f4-4ae5-80b2-8a93e9ef5357,BEV-005
8306ce67-50e6-44aa-adb5-55665fb725c9,a0613d4e-76f4-4ae5-80b2-8a93e9ef5357,JAF-002
054c1f3c-5155-4863-96e6-3d49c238c5fe,a0613d4e-76f4-4ae5-80b2-8a93e9ef5357,JAF-002
ba090671-7086-4564-b3df-982cd7795e7a,a0613d4e-76f4-4ae5-80b2-8a93e9ef5357,JAF-003
076bd935-3563-4f92-a735-ecc43ddfa0ab,81a28bae-f882-4553-b0ef-a346d4a93255,BEV-003
b98e31c3-19af-48e3-a0c0-f485aaed86b4,81a28bae-f882-4553-b0ef-a346d4a93255,BEV-001
2f98b8d5-07b7-4073-9c57-82d6c8e1ef6d,81a28bae-f882-4553-b0ef-a346d4a93255,JAF-001
98387600-a6ab-4608-9c33-0d20a04ed2da,81a28bae-f882-4553-b0ef-a346d4a93255,JAF-005
497aeaba-0f6e-4ab5-891d-65d0aff9d804,b12d7467-fa86-428b-8bb8-713bd5608e48,BEV-004
825e5403-aa71-4022-bfed-270a3721f7f2,dae7d714-1b71-476a-88c0-5fec4380de52,BEV-005
db644f06-5519-4fd7-b3cd-46d22db8c21a,dae7d714-1b71-476a-88c0-5fec4380de52,BEV-002
2d3fe819-3807-4662-aca1-e62265d62dcd,dae7d714-1b71-476a-88c0-5fec4380de52,BEV-003
639b2f66-4d4f-4189-8581-04ed94fc6934,3d67cc8f-2f10-4ce4-9e0a-97c1d95b5a5c,BEV-003
504f56c4-1cb7-4c5f-bdc0-5bb3df227de1,3d67cc8f-2f10-4ce4-9e0a-97c1d95b5a5c,BEV-002
03c4ab2f-255b-44a6-9a57-881ca080dd3d,3d67cc8f-2f10-4ce4-9e0a-97c1d95b5a5c,JAF-004
3533a728-7b4c-4093-bcb5-3afbc2b89733,3d67cc8f-2f10-4ce4-9e0a-97c1d95b5a5c,JAF-003
627a9e2e-c103-462b-9428-e34e3d0b5cbc,1ce21600-2b0b-4fe9-abb3-92078c271bd0,JAF-003
a572cb7d-efd0-4ecc-b7b4-9837591b8bb7,1ce21600-2b0b-4fe9-abb3-92078c271bd0,JAF-004
749aed74-bd88-4125-bcb4-391994dc79c6,e0e3b25f-6b6d-403e-9777-5882b838aa36,BEV-003
ccf62239-c497-4535-b8ec-c81dff6390f7,e0e3b25f-6b6d-403e-9777-5882b838aa36,BEV-002
9042b693-0b4d-4baa-a806-918e10e0e127,e0e3b25f-6b6d-403e-9777-5882b838aa36,BEV-003
f8a86c58-c5a0-48be-80e2-f0ffdfc7e4f6,e0e3b25f-6b6d-403e-9777-5882b838aa36,JAF-002
8cfc586c-2cdb-45ff-a4eb-f894ade39dfe,e0e3b25f-6b6d-403e-9777-5882b838aa36,JAF-004
fa49c5a0-6c76-40a2-bba1-b3d25c74e6ab,e0e3b25f-6b6d-403e-9777-5882b838aa36,JAF-004
2cd4544d-86a9-4877-b751-547e953854f4,f2d7c49f-aeb0-4f90-a64a-e7363cdc3393,BEV-001
b9fb977a-5f63-48db-83bc-83ab2c47a283,e427b97c-0fce-41c1-8b91-fb56351ccab0,BEV-003
5a3d7196-2d46-48f0-bd08-9a0110692823,e427b97c-0fce-41c1-8b91-fb56351ccab0,JAF-002
c8be0082-6960-4b70-85ef-4fb5824bdb74,3b480d24-6467-4375-a9ea-f51ba6f7a91d,BEV-001
48801009-e54d-4c00-aa80-ec218edf127c,a15a5a01-d376-44a7-8a89-aed520ecc4ba,BEV-002
6a41b79a-9778-4990-8b5a-d4f4ee25a3ee,bf0f9d6b-7c28-4f6a-8784-596d3060e4bf,BEV-002
c35afee7-6d8f-49d6-afba-0e98b7c539a9,249c9722-4183-4f73-bf0f-6f101710fcfd,BEV-004
bd64e0f6-dd48-4869-903e-c42bbd71d95d,2225b10e-c3ef-4553-8cbb-d09e658510a0,BEV-001
dfc3da67-5dd8-46c6-be51-495a89101ad7,2225b10e-c3ef-4553-8cbb-d09e658510a0,BEV-004
c67bc0c4-0437-48d2-8ec3-b1ca9dd302fb,2225b10e-c3ef-4553-8cbb-d09e658510a0,JAF-005
b33d7cec-749b-4f53-988a-a4762a048cd2,2225b10e-c3ef-4553-8cbb-d09e658510a0,JAF-005
598aad54-962c-461f-b460-e96419f3db7b,8afd6109-6f6f-4911-8977-0967a0881b43,BEV-004
adbb6b7d-10db-4ed5-86df-a247e88d1dd4,e33e92e4-0afc-43e5-bd9f-97eacb9334b4,BEV-003
774c1869-e044-486d-91b4-6d8b889b6b25,5dab251b-2e8b-4ebc-8678-3aa48ae97b63,JAF-003
0e6fe670-26a4-4e40-9b1d-65cdc6134e60,5dab251b-2e8b-4ebc-8678-3aa48ae97b63,JAF-002
3839ed1e-1e08-4c90-8634-4250f832a018,5dab251b-2e8b-4ebc-8678-3aa48ae97b63,JAF-001
35d81b96-c1ca-4628-bd2f-61fbbf89e22e,3bf95727-cf95-41db-a0a6-ddbd2f280b1f,BEV-005
fa35386d-2508-42cb-be70-db75df920ebb,3bf95727-cf95-41db-a0a6-ddbd2f280b1f,BEV-005
a90dc819-5a10-4390-bd8d-5b84cf7d73cc,3bf95727-cf95-41db-a0a6-ddbd2f280b1f,BEV-002
deb073f2-1b80-4df1-a991-3387a091dacd,3bf95727-cf95-41db-a0a6-ddbd2f280b1f,BEV-005
cc6b8c8c-9c25-42cb-89d7-225e52089190,3bf95727-cf95-41db-a0a6-ddbd2f280b1f,BEV-004
416c46da-99ce-4403-94a1-6eafb93bea06,3bf95727-cf95-41db-a0a6-ddbd2f280b1f,JAF-005
702cd473-cbe4-4a1c-8bda-ce4af04ffe36,3bf95727-cf95-41db-a0a6-ddbd2f280b1f,JAF-002
5dbbfa1c-eef8-4df4-b089-8eb1fae74dcf,3bf95727-cf95-41db-a0a6-ddbd2f280b1f,JAF-005
765dec60-c64c-4839-8f68-28e66f8f0950,3bf95727-cf95-41db-a0a6-ddbd2f280b1f,JAF-005
7a44f8c7-155b-4b84-995f-1c2e0672675d,3bf95727-cf95-41db-a0a6-ddbd2f280b1f,JAF-002
78f9b685-6fe7-46a1-86c0-e7a65a5f80b7,9c842125-05c1-4fc0-a674-8a6c600f7826,JAF-005
ea1cd7b8-edac-40de-8e5d-5d7d915100fa,dc761137-f449-44fe-ad82-064508a3baf4,BEV-002
c2bc1ee7-e96a-435d-8d66-aff32a84fbaf,dc761137-f449-44fe-ad82-064508a3baf4,JAF-004
43d0cca1-8980-4558-8df1-b6cf6e3f354c,2935110e-f13c-498f-921e-71baa6a79a7f,BEV-003
fe504448-0408-4285-bafd-2f3e29b874df,c50ba2c1-a5cf-47aa-a92c-7ca16102140e,BEV-002
ba7fb61e-eb64-4c2a-aaf0-605d4c9cab3c,c50f4ea5-dc4c-4240-a776-7a8d6e8fe576,BEV-001
ce0600f3-af2f-4f1b-986c-61fab2b19171,41651f23-7123-4e0d-b34e-9346bf95197f,BEV-004
e8caead0-1d63-4b11-9b29-972f8b33c06b,8b5c9a9e-c5c9-4ceb-8999-662ee0bbde30,JAF-002
4a40a6c9-ddad-4fe1-a4f9-a6662114608c,8b5c9a9e-c5c9-4ceb-8999-662ee0bbde30,JAF-005
710a5725-3d37-4c05-8d75-4665e7f641ac,8b5c9a9e-c5c9-4ceb-8999-662ee0bbde30,JAF-005
572d31fc-610e-4335-8b05-8917433238ed,5902a9d5-f766-4547-9e08-314318b1ccbd,BEV-002
f5dc528e-e382-46fb-b49b-b90eee9b05ee,a8d024e3-76c8-49bb-9025-b542ba86b926,BEV-004
11745c29-df26-4fd0-8b7b-a1f378b33688,32802ef8-5fc4-4f59-b692-a8b04efde10d,BEV-001
18b52841-f085-4a3c-9fc0-d64013f6a940,301ee1cf-27a7-4d47-91cf-3d7f8550d8c0,BEV-005
32ba96c4-68fd-4634-98f7-2d24542dc9eb,5948a2e2-f5ba-494d-a849-651efd2b0776,BEV-004
9f6b31ba-3971-469f-9be2-1332fcb904d3,cce7c3d7-a761-4758-967c-7fe55c856a7e,BEV-004
9555aa0f-18d4-4166-a536-2e19ab918fe7,cce7c3d7-a761-4758-967c-7fe55c856a7e,BEV-001
00923aca-4d32-4cf7-b9d1-245c108c621e,cce7c3d7-a761-4758-967c-7fe55c856a7e,BEV-003
c858a18f-08c3-4e90-821e-2fd341d82a4f,cce7c3d7-a761-4758-967c-7fe55c856a7e,BEV-004
3cb361df-9b11-4354-bffb-6dd19bf66848,cce7c3d7-a761-4758-967c-7fe55c856a7e,BEV-003
7d887d6a-bed1-4b85-80a2-1554e7b20847,cce7c3d7-a761-4758-967c-7fe55c856a7e,JAF-005
09a6e113-532a-41f5-851a-7afc7185b85f,cce7c3d7-a761-4758-967c-7fe55c856a7e,JAF-001
9f535b51-110b-498a-9151-ebfd83244fb5,cce7c3d7-a761-4758-967c-7fe55c856a7e,JAF-005
10daa99c-13e8-47f9-90ce-4efe5bdb3d71,cce7c3d7-a761-4758-967c-7fe55c856a7e,JAF-004
bc325ae8-86ce-4ea8-b7b3-7efd2ffb133c,cce7c3d7-a761-4758-967c-7fe55c856a7e,JAF-002
4b538ef3-b53a-4d76-9f73-7fbe65f8cc50,de058688-b1a2-40f7-b411-49b0ee6971b5,BEV-004
bf695a8f-bb0a-4d4b-8b53-3f7bccfb4b9c,de058688-b1a2-40f7-b411-49b0ee6971b5,BEV-001
fb3b484f-a8b4-4856-9924-fef68a669799,de058688-b1a2-40f7-b411-49b0ee6971b5,JAF-002
5fec2149-c2fe-4702-9362-bfa49ebfab5e,de058688-b1a2-40f7-b411-49b0ee6971b5,JAF-002
bd761a49-af4f-4fcb-860f-6110ad15990c,0d7778c5-ba11-4170-9cd2-1b17ebd6c6a8,BEV-001
2d4fba8d-2180-4c6a-93b5-9dcef0d5ced8,d43be125-ccb2-4a66-9c17-96e2609b13aa,BEV-004
db7c144a-a982-428b-8098-10956a8db83e,f106e1f3-25dc-43e9-9f75-d829fae7f672,BEV-003
022200d0-ffe0-4594-a0c5-fa047898cd08,f106e1f3-25dc-43e9-9f75-d829fae7f672,BEV-002
c0b25d65-501f-45a2-9c67-cee2dd7c28db,f106e1f3-25dc-43e9-9f75-d829fae7f672,BEV-005
9d140168-acd1-4fba-91dc-815b9df324c9,f106e1f3-25dc-43e9-9f75-d829fae7f672,JAF-003
0c2cad25-d738-49a0-9bd6-def3ec9cd2b2,f106e1f3-25dc-43e9-9f75-d829fae7f672,JAF-003
6dc30a7a-f5df-4047-9270-960fc0f27ca0,f106e1f3-25dc-43e9-9f75-d829fae7f672,JAF-005
fa1570ec-8235-4af0-801e-95b99fd06e3d,31b571ec-f4a6-4cc1-a31a-925a3befef13,BEV-002
fea94831-ba53-436f-894f-c1d5a96621a3,31b571ec-f4a6-4cc1-a31a-925a3befef13,BEV-001
c55e4aba-82e9-4c80-9f83-84acea6ba28a,31b571ec-f4a6-4cc1-a31a-925a3befef13,BEV-005
f899deaf-9a9a-41a1-98b5-957ecad999c0,31b571ec-f4a6-4cc1-a31a-925a3befef13,BEV-001
b4587210-2001-4dbd-a0b7-c7cb58f4ec37,31b571ec-f4a6-4cc1-a31a-925a3befef13,BEV-001
cf8b3068-5ce7-413c-b21e-8943ee00a86d,31b571ec-f4a6-4cc1-a31a-925a3befef13,JAF-004
997797a6-6655-4d11-ba6d-da7a615f68d5,31b571ec-f4a6-4cc1-a31a-925a3befef13,JAF-003
9edbddd0-5dda-4c99-bd22-e78550bd21d0,31b571ec-f4a6-4cc1-a31a-925a3befef13,JAF-005
f0dc8b7d-34e9-4ae1-8fe4-c91fdc276131,31b571ec-f4a6-4cc1-a31a-925a3befef13,JAF-003
607a39d6-a426-4278-90be-0e4cb46c161d,31b571ec-f4a6-4cc1-a31a-925a3befef13,JAF-001
70035c2c-894a-4cd8-83c9-64e5e29559ac,10367078-91e4-43fa-b0e9-99289d968c14,BEV-002
5a5417c0-fe48-4360-83af-51219ad1f0cd,10367078-91e4-43fa-b0e9-99289d968c14,JAF-004
03d6f770-f0c5-48f2-8a0d-baeff14e98be,d494bc23-1f9c-411a-8fb6-7715ba387dd8,BEV-002
15d10755-ed8e-486b-a5b7-a24c4b7cbcbb,3a2f4d19-67e4-4241-91e0-a5ee4888cb68,JAF-004
e0dbc63b-5556-49f2-b601-77edcfa92889,adbafc8b-5d64-4097-8d80-2cbbd3be6061,BEV-005
5711c446-4918-4f96-9434-1da5a1537be0,f142dc8f-2116-41ed-ab70-333753fad8ec,BEV-003
35d6a772-b085-47c4-9cb9-c81e5e601eb2,f142dc8f-2116-41ed-ab70-333753fad8ec,JAF-001
b667d320-10d3-4b60-bb5c-fd573577eb25,c1a4df54-6eb3-4907-8ecc-95cf5c6ff2ac,BEV-005
160303d7-8280-4816-a28a-65be62e29d9f,c1a4df54-6eb3-4907-8ecc-95cf5c6ff2ac,BEV-002
0d606004-e97a-4f0d-9aee-4c6cc257a925,c1a4df54-6eb3-4907-8ecc-95cf5c6ff2ac,BEV-005
9c2d78b0-ba43-4470-bb49-5d888c3c409d,c1a4df54-6eb3-4907-8ecc-95cf5c6ff2ac,JAF-005
246a4dda-f10a-43b8-bf91-bc91a9141b4f,c1a4df54-6eb3-4907-8ecc-95cf5c6ff2ac,JAF-004
3505f739-5e6b-40ba-bdb7-0dec73f5bae6,c1a4df54-6eb3-4907-8ecc-95cf5c6ff2ac,JAF-001
5f28a6e5-c167-4bf0-9744-3f3a6e2a8f0c,40a7841c-f914-4ffb-96d0-28b1274910db,BEV-002
956a6991-ef45-40d2-953e-7fc910f7d938,c57a879d-23b5-4695-9a9c-c9628fc249b5,BEV-001
1dbb1e30-e515-4bf7-985c-bce4789b9952,c02dc210-aeef-41d6-a08e-7e82b5f14e9f,BEV-002
665d13d6-7665-46fb-b913-91a8b60f6f96,c02dc210-aeef-41d6-a08e-7e82b5f14e9f,BEV-005
66ff075d-1ca5-4a03-8856-ec6f6346774f,c02dc210-aeef-41d6-a08e-7e82b5f14e9f,BEV-002
c453316e-1e4a-4785-b800-f963b0c82bfa,c02dc210-aeef-41d6-a08e-7e82b5f14e9f,BEV-004
ecd39362-8f93-4dcc-8767-be85dc0b6b0b,c02dc210-aeef-41d6-a08e-7e82b5f14e9f,BEV-001
35487679-d586-4a8b-a698-55d256ed0245,c02dc210-aeef-41d6-a08e-7e82b5f14e9f,JAF-005
9c43bee4-b35e-45bc-a85c-e2281c3184ff,c02dc210-aeef-41d6-a08e-7e82b5f14e9f,JAF-003
bd7a6753-d367-46d0-bf18-ee162ceaf8b4,c02dc210-aeef-41d6-a08e-7e82b5f14e9f,JAF-004
380d6293-3ad7-4023-a3c9-30bb8743b4b3,c02dc210-aeef-41d6-a08e-7e82b5f14e9f,JAF-003
2e287d8f-d5a0-4b41-9b81-ff4fd011876f,c02dc210-aeef-41d6-a08e-7e82b5f14e9f,JAF-003
5207ee40-2ec9-4cbe-aa9d-be8cbf2b9633,6d048426-cbe7-4819-88d1-9955a8c410fb,BEV-004
3f7a0d1f-ebd8-42ed-9e41-b19021d085be,e2346919-56f3-48f7-992c-60a954a95f8c,BEV-002
3eb9020a-e41b-4c38-81e6-5138df0bd845,5a51b729-054f-4b3d-951b-78504a9e1b70,BEV-001
6758639e-ea10-48c8-816d-794005fbaa78,5a51b729-054f-4b3d-951b-78504a9e1b70,BEV-001
099ebbe4-2ebd-4cf3-b363-ab74de18348e,5a51b729-054f-4b3d-951b-78504a9e1b70,BEV-005
30d17bb4-0675-4220-b650-5fb2d983c8bf,5a51b729-054f-4b3d-951b-78504a9e1b70,JAF-004
1a5b0374-f161-48f4-beb6-741aaa87cd6d,5a51b729-054f-4b3d-951b-78504a9e1b70,JAF-004
56389b48-95a6-450c-8c16-1040bfe32b08,5a51b729-054f-4b3d-951b-78504a9e1b70,JAF-004
9d0124f6-7f4d-40cd-ae3e-41dba0326ed6,9bbad866-55a0-460e-a7b0-5c9d84ef2b72,BEV-004
dd0290d4-7a2d-42e1-811a-f0c7a0559736,9bbad866-55a0-460e-a7b0-5c9d84ef2b72,BEV-005
9ee9d017-12d6-4aff-96d5-fa2c61fa64bc,9bbad866-55a0-460e-a7b0-5c9d84ef2b72,BEV-002
4458baa6-dc7b-402d-bb0a-741ea583800a,9bbad866-55a0-460e-a7b0-5c9d84ef2b72,BEV-004
1560ae92-4c8a-425d-a0f7-4bf57b32e942,9bbad866-55a0-460e-a7b0-5c9d84ef2b72,JAF-005
c90c5e3e-93ba-4455-957e-f63cd69f4f98,9bbad866-55a0-460e-a7b0-5c9d84ef2b72,JAF-001
f0b13abf-719c-4bb4-9e9a-fcd869907410,9bbad866-55a0-460e-a7b0-5c9d84ef2b72,JAF-002
76ae6508-1fe4-49d3-91fc-3158d914a5c8,9bbad866-55a0-460e-a7b0-5c9d84ef2b72,JAF-001
8b90cbce-01a7-42d7-b82b-f46d1438b200,619cc624-4d24-45b9-aa80-22393b529a7e,BEV-003
8e9dc259-11ff-4fce-af49-dcced6fcbffd,17cb8c68-a91c-4a58-ada8-058fe56f1042,BEV-003
ea446c06-074d-4ed2-846f-241da0dd03ee,17cb8c68-a91c-4a58-ada8-058fe56f1042,BEV-005
1e16a95a-9595-458e-b7fa-ebd042c56d6e,17cb8c68-a91c-4a58-ada8-058fe56f1042,BEV-005
3126bb1c-26a5-4ff9-9ab4-f4deda2e1e44,17cb8c68-a91c-4a58-ada8-058fe56f1042,JAF-001
eb593929-aed5-4fde-8dbd-e54f6f4f560f,17cb8c68-a91c-4a58-ada8-058fe56f1042,JAF-004
7590d500-70e0-4575-9d3f-40e17d54ba47,17cb8c68-a91c-4a58-ada8-058fe56f1042,JAF-005
02d9d223-04fc-4de2-8925-997a799d26a1,403258a6-2d3d-44b5-8e2a-38018960700a,BEV-004
5274ee87-a713-4fdc-872e-43d8a14329d4,8f0a4295-beb1-4e96-96ce-302bbc9f2d00,BEV-002
b635d7a3-ccbc-4505-be66-2b4101930cff,8f0a4295-beb1-4e96-96ce-302bbc9f2d00,JAF-003
575d0731-b0d7-412b-bacf-0c4fd3afb9c8,01fa15e7-b98f-4ed0-ab16-b6f3c65f8380,BEV-004
42f56d20-e45f-47a7-8cb8-5e8294552c80,60a19acd-86d2-4216-aea1-1fb493418663,BEV-001
ddeb158b-17d2-45cc-a801-a9e9aee4303e,3caf1089-36a6-4866-b2a4-84b17b3da772,BEV-005
afd6fa9a-a4af-49f1-b57b-6d87e59948ab,2085c6c2-f819-4ae9-b0a1-b9a93b3c6747,BEV-003
e66095a8-784a-4323-8b72-0607745e8230,2085c6c2-f819-4ae9-b0a1-b9a93b3c6747,BEV-004
f2dae867-241c-4c6d-8d54-cc545d0339bc,2085c6c2-f819-4ae9-b0a1-b9a93b3c6747,BEV-001
f2e9858a-f396-45ee-ba9f-1b393073402b,2085c6c2-f819-4ae9-b0a1-b9a93b3c6747,JAF-004
0fce6d24-67b3-4db2-b39c-b901d978d8fa,2085c6c2-f819-4ae9-b0a1-b9a93b3c6747,JAF-002
3ae319e1-2046-448c-baf3-5e3734214d69,2085c6c2-f819-4ae9-b0a1-b9a93b3c6747,JAF-004
def950c9-87d7-4993-b6c0-0e5b2610ec7a,315e5e60-0a1c-490a-b265-e71409923765,BEV-001
0ab5995e-e44a-47e7-8c52-81ea65ecef8b,af916b5c-d8ed-4905-8f97-7764c2630e0a,BEV-004
8002798a-612d-4d69-82cc-cb931c9d57e7,af916b5c-d8ed-4905-8f97-7764c2630e0a,BEV-003
36e6b650-bea9-42e5-b0b0-b417a1c53fd0,af916b5c-d8ed-4905-8f97-7764c2630e0a,JAF-003
d08a710a-2729-41b8-8dfd-223def9f19c1,af916b5c-d8ed-4905-8f97-7764c2630e0a,JAF-002
e42f763e-206b-4ab4-82d2-24cc753a4925,e6d7df61-b195-49cb-b4d9-1a262a6ad9e7,BEV-001
daaa74bc-1120-4319-a8a3-56d967fce5f2,f87c9cb1-6668-4931-aefe-07448765b245,JAF-002
1d46bef8-1b09-43d0-be6d-975db2186997,a25bce9d-8352-47f2-a3e5-e95c61387866,BEV-001
f2b30ead-0415-4406-a1f1-8bb3a2d5a099,ccf00c52-fe58-492b-8e01-75895fb431ad,BEV-002
5b3a7601-a831-418e-aeaa-54c20891e17e,ccf00c52-fe58-492b-8e01-75895fb431ad,BEV-005
ed93b24c-1bd6-4a47-af4b-828fc3588b20,ccf00c52-fe58-492b-8e01-75895fb431ad,JAF-002
8d879697-66ea-46f0-9e71-64d8670e84b1,ccf00c52-fe58-492b-8e01-75895fb431ad,JAF-005
ba68252b-07df-423c-ab7a-52ec321fdb10,d0692d6b-ad31-4d5d-9d6a-74b5f33061c9,BEV-004
240901dc-f367-41b4-bcd9-d4f0b3c4416f,d0692d6b-ad31-4d5d-9d6a-74b5f33061c9,JAF-003
d1938413-3716-422d-a912-f5afd494f378,6952cd4d-3441-4b6d-9f65-97631b477249,BEV-004
9346ff6b-5de0-4e00-aca3-8fb037d2cd93,5919801c-8659-4071-a35f-5846518539d6,BEV-003
0de74b9d-9bb2-4777-b61f-def128bd322b,5919801c-8659-4071-a35f-5846518539d6,BEV-005
b03c7712-1c3a-4245-8222-90629f72f9f9,5919801c-8659-4071-a35f-5846518539d6,BEV-004
6ed63457-470e-4ba7-92a0-f2189c87d5f5,5919801c-8659-4071-a35f-5846518539d6,JAF-004
a780742d-223e-4ca6-8246-3b59c695fafb,5919801c-8659-4071-a35f-5846518539d6,JAF-001
298dfbec-62a5-4a18-ae85-e45a27e91fa1,5919801c-8659-4071-a35f-5846518539d6,JAF-004
62607aa6-9080-4261-8572-e2e7f4dbdfc4,52c953c0-f6e9-4020-b2cc-e5301f36c613,BEV-005
8e317747-ce76-4aa9-967d-d381b841f9fe,52c953c0-f6e9-4020-b2cc-e5301f36c613,BEV-003
0f48e489-6394-4ae8-8f23-4e570c3c776a,fd7bcf29-f159-4adc-8158-50239479169f,BEV-001
a63a473b-b7f6-49d8-886c-feeaa9fcc0c1,fd7bcf29-f159-4adc-8158-50239479169f,BEV-003
8e894494-053e-498e-b2f1-0a08db97d0f6,fd7bcf29-f159-4adc-8158-50239479169f,BEV-004
bd6a5a85-d0e3-450e-bcc5-33c3e50b0f57,fd7bcf29-f159-4adc-8158-50239479169f,BEV-001
f531e520-4709-4ed0-af61-571e357320bd,fd7bcf29-f159-4adc-8158-50239479169f,BEV-001
6e26a5f6-9baa-4e0e-8521-378a5f7f719e,fd7bcf29-f159-4adc-8158-50239479169f,JAF-001
cddb6a76-085b-48d7-8130-f74149ac7812,fd7bcf29-f159-4adc-8158-50239479169f,JAF-004
d78ee6e7-4f4b-4bff-8952-34c830a70f27,fd7bcf29-f159-4adc-8158-50239479169f,JAF-002
9aa7c287-73a4-4d25-a6c1-828cb2616e5f,fd7bcf29-f159-4adc-8158-50239479169f,JAF-004
13d591e9-6ea7-40ea-be03-ba290554c75f,fd7bcf29-f159-4adc-8158-50239479169f,JAF-002
34a7badf-7d51-4162-aefd-680ef0da23a7,249c23c5-5738-4333-ae29-ef5ed9c0dce8,BEV-004
9ea61805-e1fa-4547-a839-8e7e2233cb88,249c23c5-5738-4333-ae29-ef5ed9c0dce8,JAF-004
3320f083-7e88-41b1-b8c5-0b4ecfba7b28,249c23c5-5738-4333-ae29-ef5ed9c0dce8,JAF-005
55105d9b-38c5-4467-adeb-5562cf4044fb,c202926c-6104-4b5d-b05f-4a8ac9f71b71,BEV-004
657abe32-375b-4a31-998c-db23d2943fa4,c202926c-6104-4b5d-b05f-4a8ac9f71b71,BEV-004
61f1afad-813e-4455-b47b-da880946f2c2,c202926c-6104-4b5d-b05f-4a8ac9f71b71,BEV-001
52d0d083-c189-4401-ada5-b4e9583473aa,c202926c-6104-4b5d-b05f-4a8ac9f71b71,JAF-005
ce01f9bf-d257-4d3b-9530-0bdb4931ac1a,c202926c-6104-4b5d-b05f-4a8ac9f71b71,JAF-001
acef3198-ef98-4705-8e0d-fe97bb7bd82d,c202926c-6104-4b5d-b05f-4a8ac9f71b71,JAF-002
f472d5eb-f304-4f33-b661-7ea1718acb7b,8fed03c3-8bb2-4ba8-827d-684764bad221,BEV-005
c338f3e4-48b9-4f4f-8747-6956535328b8,8fed03c3-8bb2-4ba8-827d-684764bad221,BEV-001
506bb988-9374-403c-be6a-1fdac66788fa,8fed03c3-8bb2-4ba8-827d-684764bad221,JAF-004
4a009be8-9357-48ad-aa77-013bf1b9a0ee,8fed03c3-8bb2-4ba8-827d-684764bad221,JAF-003
faa132fa-f001-4b36-b7f1-c50cc0f7837f,4c41b423-e512-40f4-b0e0-7fcc549eaaa7,BEV-001
02c709db-1426-47c1-bf53-fb9f9c258b59,4c41b423-e512-40f4-b0e0-7fcc549eaaa7,JAF-003
ba6dc34e-f609-47ae-860a-dd8d59fb7ea8,e30ac41b-2ba5-442b-b7e6-3b40641edda9,BEV-004
9d213ba6-3a0e-4c71-88a7-9902dab2dd9d,43e8cf33-81a5-4bb9-9bff-45d1af9ecb8a,BEV-001
c177e6e9-01bf-47ef-abe5-609c688cf80a,60c7b165-2dd5-4175-9b48-216d36c7e0ac,BEV-005
fba24609-0065-4dc0-ab51-3b482404484e,9eb98727-e85f-4916-915a-d7deeb86a2dd,BEV-005
7d4dbc0e-aef1-4a1b-836a-e11c73205663,9eb98727-e85f-4916-915a-d7deeb86a2dd,JAF-001
d6180780-294d-4853-b152-3e516a6dd4d0,9eb98727-e85f-4916-915a-d7deeb86a2dd,JAF-005
c66408af-1eeb-4a4b-becf-3a19cf0666ea,ba9f04c3-ade4-4ab3-9891-91250d95bc2c,BEV-003
e2e4fa69-31dc-446e-89df-d4ddc69d3190,ba9f04c3-ade4-4ab3-9891-91250d95bc2c,JAF-003
4edbf53f-2c46-4467-996c-2e9e9e20dc35,8588830e-6402-48b2-8923-2d7566c1083d,BEV-003
e89fedd6-4b9a-46b5-8279-1c2ffe0b7406,e12d87a4-eb1e-4d87-b8e3-99ea62133576,BEV-001
611b8a1a-a0cb-4515-895b-da5ac58d0c88,e12d87a4-eb1e-4d87-b8e3-99ea62133576,BEV-004
4eeaa4a5-56ee-455f-b1e6-949549771179,e12d87a4-eb1e-4d87-b8e3-99ea62133576,BEV-003
6cc09606-d80b-43b6-a8f8-f2f94c2d123b,e12d87a4-eb1e-4d87-b8e3-99ea62133576,BEV-001
a6df347a-2f02-441b-b27b-88581440325d,e12d87a4-eb1e-4d87-b8e3-99ea62133576,JAF-002
4b641fd1-9896-421e-a646-4417eb09274f,e12d87a4-eb1e-4d87-b8e3-99ea62133576,JAF-005
a45bb659-5cd0-4cee-bb63-369fb9529b41,e12d87a4-eb1e-4d87-b8e3-99ea62133576,JAF-001
d5bf7a4c-4beb-4532-bda6-b935b5d35f10,e12d87a4-eb1e-4d87-b8e3-99ea62133576,JAF-004
e47a4859-cc39-4c62-ab4e-2fd3367d6427,3013a6cc-d09d-43ca-be44-692cf7b72bac,BEV-001
40f032ca-ac71-4283-9c3b-f1a9f5394b9a,b3b083ad-9aaa-46b7-9a7a-7f374a4a731e,BEV-003
cf283726-7d81-4776-8c09-9fadd4fb82eb,b3b083ad-9aaa-46b7-9a7a-7f374a4a731e,JAF-002
c86ed6e9-558b-464e-9530-a7fdeacb9b14,b3b083ad-9aaa-46b7-9a7a-7f374a4a731e,JAF-004
8974eced-495d-42c0-8100-8d3e70cb1c58,bd590ac1-885f-4a82-81e4-2e1f89c666b4,BEV-005
66088de3-d31c-4be6-b6f3-d3a7258414bb,8f22b7d9-fc06-4d6a-9946-42a894d798af,BEV-005
be37b458-de10-4abc-b05f-9766a30ed5f3,f641704c-66aa-487a-9d6a-704d95bc4119,BEV-002
3298e796-266c-4a43-9411-ffdd7ac7387b,f641704c-66aa-487a-9d6a-704d95bc4119,BEV-003
2595b4cd-bece-4c19-b4f5-3dea7f719233,f641704c-66aa-487a-9d6a-704d95bc4119,JAF-001
d57f9a24-1165-42a3-b726-91394800770e,f641704c-66aa-487a-9d6a-704d95bc4119,JAF-003
98a8737b-2519-4b07-a800-cb75cc68ce31,8eac8582-c1af-4049-84d4-535d1a5785dd,BEV-002
46daa499-f0af-4f79-be38-42bde0a5df87,5af64edb-96b2-412e-89e0-1eaa3418208c,BEV-002
d9097fdf-2c8e-47b9-b2df-d0dc04c465ad,0f2751a8-9236-480d-9d36-f5388bcb0d40,BEV-002
a8f6e02b-f078-4243-8ef3-099498991f16,0f2751a8-9236-480d-9d36-f5388bcb0d40,JAF-002
0c417122-b0ae-430c-b654-60c7b93b97be,ea356d73-b527-4597-bb5d-775b9455f673,BEV-005
1becc280-177c-4082-a727-90082b0ba852,ea356d73-b527-4597-bb5d-775b9455f673,JAF-002
9ebf0c91-3223-416c-a92f-e637537f0deb,4c0a0347-c45c-49b3-aab7-306f0755bb87,BEV-001
8f8d532a-b770-4b5c-be8b-8ffd822a2406,4c0a0347-c45c-49b3-aab7-306f0755bb87,JAF-002
83ea48b7-c007-484b-a9bf-35bb36a6c945,702655ce-614f-428d-8bdb-79c61f13c1b2,BEV-002
be8c762e-510f-4942-8b79-c4adaf68a5f2,6f890ef4-141e-4c7a-8a51-be0e97395013,BEV-005
1d21ddad-aace-47a6-8907-bbdeb76d5ec3,6f890ef4-141e-4c7a-8a51-be0e97395013,BEV-005
373ac07f-cc5f-4582-841c-5d16cc494ec3,6f890ef4-141e-4c7a-8a51-be0e97395013,BEV-003
cf856f37-fdab-4f24-bc74-d0bc9d396905,6f890ef4-141e-4c7a-8a51-be0e97395013,JAF-004
7c15c57e-6b1b-4f80-9155-e1958bee80b5,6f890ef4-141e-4c7a-8a51-be0e97395013,JAF-002
c54f4a8b-6868-47f6-8ae5-c33b4f12a7e3,6f890ef4-141e-4c7a-8a51-be0e97395013,JAF-003
7721100b-b888-442c-a0e8-867ca7cfb0e2,31e4a5f5-5336-4caf-be03-b51e473f2ace,BEV-004
2937425e-e30a-49ec-aae5-006ced85ff0a,31e4a5f5-5336-4caf-be03-b51e473f2ace,BEV-005
9da63fd1-57bb-4c8f-8cbb-7be8935453bb,31e4a5f5-5336-4caf-be03-b51e473f2ace,BEV-004
6bec9c38-9519-431d-a101-f255c7500e51,31e4a5f5-5336-4caf-be03-b51e473f2ace,JAF-003
220a69c2-9ac1-4f12-ae1b-a8546f47f5bc,38586467-8cf4-4fa6-a913-a569325340e0,BEV-002
a5c42210-fea0-41e8-9e19-d55a95a30480,38586467-8cf4-4fa6-a913-a569325340e0,BEV-001
9df472d4-2a14-4401-9c3e-88bd98c090fd,38586467-8cf4-4fa6-a913-a569325340e0,BEV-001
adf86d77-abfb-4b51-8317-d20ffa5fb616,38586467-8cf4-4fa6-a913-a569325340e0,BEV-001
71e08583-4e56-41b4-a221-8f183ec2f7c3,38586467-8cf4-4fa6-a913-a569325340e0,JAF-003
9bdc4dc4-18d0-497f-9e02-fc522bac6e45,38586467-8cf4-4fa6-a913-a569325340e0,JAF-002
5edd8837-e591-4fba-af09-a427be4f6544,38586467-8cf4-4fa6-a913-a569325340e0,JAF-003
dbc49722-231d-42a7-a980-e81ee36fec23,38586467-8cf4-4fa6-a913-a569325340e0,JAF-004
450b1957-8e0e-47d2-acdf-ceb82b127579,7515b3ec-9666-4c9c-8b7b-4a8045f8b83c,BEV-002
b7c06234-79e2-4d2e-9b53-bc2d71dafdc9,7515b3ec-9666-4c9c-8b7b-4a8045f8b83c,BEV-005
ec217910-9a92-46b6-84d8-17ed821f4e2d,7515b3ec-9666-4c9c-8b7b-4a8045f8b83c,BEV-005
1b6c5268-493f-4c3b-896f-8446e106e462,7515b3ec-9666-4c9c-8b7b-4a8045f8b83c,BEV-004
eec42e84-5926-4f8b-ab6f-0b9ee0e969f8,7515b3ec-9666-4c9c-8b7b-4a8045f8b83c,BEV-003
d46f1387-91ce-48fc-9cd3-e6cccd64e52a,7515b3ec-9666-4c9c-8b7b-4a8045f8b83c,JAF-002
754476b7-48e8-42ef-9f03-ac57c2184c33,7515b3ec-9666-4c9c-8b7b-4a8045f8b83c,JAF-002
519277cf-c89e-4c26-8c2a-21a8d536a483,7515b3ec-9666-4c9c-8b7b-4a8045f8b83c,JAF-002
c2288a2f-51da-460a-888e-ce2c2cf3c32d,7515b3ec-9666-4c9c-8b7b-4a8045f8b83c,JAF-004
9f768b8b-4668-499b-b90e-777909cfb77f,7515b3ec-9666-4c9c-8b7b-4a8045f8b83c,JAF-004
9273ce95-b9c8-4d37-aac1-e05a9a6c0e38,957b3527-3ae6-45b3-b1b7-7bd94dbadec4,BEV-001
2f6a29e3-eeca-4765-a546-057e61fe5bd7,57aed71d-cefd-4f5c-b186-c0e5ecc972d3,BEV-003
53352a63-93ae-45c1-80a2-9bf70518ce0b,57aed71d-cefd-4f5c-b186-c0e5ecc972d3,BEV-002
aa86ae78-8839-4a38-95fb-fb7663ae19dd,57aed71d-cefd-4f5c-b186-c0e5ecc972d3,JAF-004
ca1ffc30-da29-429c-8f76-eff764f19bd5,57aed71d-cefd-4f5c-b186-c0e5ecc972d3,JAF-004
33acef1c-d76b-4da2-bbf2-19d3a5a1d64b,bfefdfc6-af6f-4d8c-a3b3-843a76e12b93,JAF-004
f9998de7-4447-4172-83a3-a6bb3e49ea97,bfefdfc6-af6f-4d8c-a3b3-843a76e12b93,JAF-004
c93a9153-fa3a-4d60-9446-2402f398c5be,b0a2cd4c-ccf5-418b-90c7-06478d812563,BEV-002
514b9ec4-9945-4785-810d-9422e090f092,b0a2cd4c-ccf5-418b-90c7-06478d812563,BEV-001
ca5a810e-1844-426e-9d72-89cdd8d6d298,b0a2cd4c-ccf5-418b-90c7-06478d812563,JAF-001
86479267-f902-4d34-8a69-20b86cce7b04,fbfd9c59-2739-4296-9946-773f580f3dee,BEV-002
34840d4c-f950-41ee-a9a9-f7b0ceafaddd,2e5991fd-5122-4af9-87d3-1818d6cd7d42,BEV-003
95ca5b8a-e6be-49a7-9d1b-1a2580e56380,11e79b78-1e7c-495f-94fa-28a1199d0ad7,BEV-004
bd724b23-2047-43ca-9e3a-235756db9bd8,11e79b78-1e7c-495f-94fa-28a1199d0ad7,BEV-002
fd6bb841-e4de-4853-a3a9-c2aae4bab0ad,11e79b78-1e7c-495f-94fa-28a1199d0ad7,JAF-002
db7044f0-7c99-49c1-aa0c-e82d0935f14f,11e79b78-1e7c-495f-94fa-28a1199d0ad7,JAF-005
c9d71455-5848-45de-833d-a3d207af2ea9,2b81c12a-c8eb-4c19-b80d-c40106532ae1,BEV-005
731200f1-2b69-46e0-9d5b-c76632ea2e7e,2b81c12a-c8eb-4c19-b80d-c40106532ae1,JAF-005
e6dad0cd-140c-4d10-b0f3-1e8abb7b0272,267b04b4-cccc-4f90-b8f6-32310a922a60,BEV-001
cc5679ab-81f1-432b-a015-8e8e2c446549,267b04b4-cccc-4f90-b8f6-32310a922a60,BEV-005
c3b9a28f-e202-43d3-ab9a-037593f00841,267b04b4-cccc-4f90-b8f6-32310a922a60,BEV-003
0217f6fd-7e50-4c8b-b973-533fd86c2698,267b04b4-cccc-4f90-b8f6-32310a922a60,BEV-005
13c6c692-a689-4831-80d7-c428772814a3,267b04b4-cccc-4f90-b8f6-32310a922a60,JAF-002
c0ddcaab-e31d-4fc3-a456-d9a0ec55379e,267b04b4-cccc-4f90-b8f6-32310a922a60,JAF-002
d15e50c6-613e-438c-be6f-94ff6b636010,267b04b4-cccc-4f90-b8f6-32310a922a60,JAF-005
cfd634ff-4448-4668-8f91-0fab53cb17bc,267b04b4-cccc-4f90-b8f6-32310a922a60,JAF-001
6c4106ee-988b-494a-9b94-c40ed0a5ed6e,f1117090-5054-4012-9f1a-0f5ce6201d6d,BEV-002
72d14940-78ff-4fc5-aef5-8e99fdeeef07,f1117090-5054-4012-9f1a-0f5ce6201d6d,JAF-002
a4a8fb6d-4537-4550-9036-707db9345c20,f1117090-5054-4012-9f1a-0f5ce6201d6d,JAF-003
376f9ca8-3b7c-4ed2-b0c7-d002744fc059,fe38afc7-714e-46c0-b07e-5fdf147ca98d,JAF-002
2ea2c0b3-6e93-4b24-a467-f9633b0e2f82,8ba7e04c-4941-4685-8bb6-5a9d9ca048b6,BEV-004
40ffc020-868a-47ec-b0eb-8f56dd712e4f,8ba7e04c-4941-4685-8bb6-5a9d9ca048b6,JAF-002
860252c0-c727-4911-8452-dd16911bcff9,6f954350-58dd-4ee6-bf3b-7c5e582fd15b,BEV-002
6db0b9e5-ec99-49aa-9828-1c2a771c8afc,cde0ceb4-1c19-4857-bbc1-3f1ff57b019c,BEV-004
4ed16b2a-0006-41a5-b54b-9a52df33a705,cde0ceb4-1c19-4857-bbc1-3f1ff57b019c,BEV-002
eb0b2e4a-ea40-4002-9557-1499f35d3cf0,cde0ceb4-1c19-4857-bbc1-3f1ff57b019c,BEV-005
6382fda3-55a1-4c97-aa2b-5214d841c2eb,2c5bedae-018a-4f28-a4af-055339870aa7,BEV-004
8b56103a-d0c1-499f-b337-def56a2f80fe,2c5bedae-018a-4f28-a4af-055339870aa7,JAF-001
11261803-4487-4ec8-87d2-80f0f0152907,40a946ea-57aa-4b49-8b00-f9a3149bb836,BEV-003
5331c23d-b9b9-4266-bb92-e3053f1c67c6,d38a521c-2bec-452e-8c7a-e81d3b334058,BEV-003
2a21ee30-1480-436f-aabf-62d70e5fdc5d,d38a521c-2bec-452e-8c7a-e81d3b334058,JAF-001
ae8caa50-889f-4d63-9c9e-b7da9ea040ea,95d19754-ed7f-48e7-b6b0-4e3b9d9aadcf,BEV-004
6e7a89d3-a0d1-4667-b8db-f9bee77db9fe,75512f58-c264-463d-b678-6c8a89476ec3,BEV-005
2a3ef9ec-e462-486e-a7c2-a5cd8d12a951,75512f58-c264-463d-b678-6c8a89476ec3,BEV-005
3969a7bb-e2d3-45a9-99fc-07a6343c8b13,75512f58-c264-463d-b678-6c8a89476ec3,JAF-003
8d3efa40-d3ae-4ac5-8d37-bc5c1face3d7,75512f58-c264-463d-b678-6c8a89476ec3,JAF-005
c36e3767-052b-4038-99a0-a620a7bafa6f,eb1ea3f1-c0ee-4170-ae66-18b4b46c57d3,BEV-001
7c70092f-59b4-4ca7-9a7c-e881108e30c3,eb1ea3f1-c0ee-4170-ae66-18b4b46c57d3,BEV-004
5338c47c-3e31-4c1f-a1bb-cfa05cf82a3d,eb1ea3f1-c0ee-4170-ae66-18b4b46c57d3,BEV-005
3a56887b-5a17-480d-a59d-743b24a3b2c5,eb1ea3f1-c0ee-4170-ae66-18b4b46c57d3,BEV-005
2edb5fe6-2422-4e9f-ab29-ebaeb572901d,eb1ea3f1-c0ee-4170-ae66-18b4b46c57d3,JAF-005
4cdf971a-0270-45f7-b044-7bbfa7b30323,eb1ea3f1-c0ee-4170-ae66-18b4b46c57d3,JAF-001
baf92590-17a4-4a97-b6d3-61bfcf1c40f3,eb1ea3f1-c0ee-4170-ae66-18b4b46c57d3,JAF-003
60110acb-2f89-4bfd-b856-b7925b5a85f0,eb1ea3f1-c0ee-4170-ae66-18b4b46c57d3,JAF-001
0f174b91-aa1a-4c0a-b737-9c427b69aed1,8a6c6616-07b6-4e20-a19a-3689ed444fa2,BEV-002
98162f64-4461-4bdf-9455-d9477dad8e3c,8a6c6616-07b6-4e20-a19a-3689ed444fa2,BEV-002
d118c33b-3b7e-4dc4-89e7-63519f598bfa,8a6c6616-07b6-4e20-a19a-3689ed444fa2,JAF-001
318b8e92-525e-40ce-b122-8b9939378530,8a6c6616-07b6-4e20-a19a-3689ed444fa2,JAF-003
ba834678-4fee-4d7d-bd13-0bc79a131d10,ed586a18-320b-404f-8a66-8d29fcbd583f,BEV-004
12d8ce27-3a69-47f4-9cba-d5cf1929bae3,df2fe2eb-733f-409d-bd03-1e8e39340748,BEV-003
fdc5d509-2bbe-4e29-8e63-2fe0f4168b25,2a53ba25-791d-42a2-9429-2e95959cb789,BEV-005
e791c48d-f02a-42af-a669-009e7db15d9a,9f31296a-3343-4e39-b469-9fc748a3843a,BEV-001
609c704c-6b45-46cb-8718-60651966d79f,9f31296a-3343-4e39-b469-9fc748a3843a,BEV-003
a15d1bd2-b4df-45c8-938b-099ee508c49b,2218c832-861f-4e39-b4fb-9c37ad18dd07,BEV-003
c348bef9-8ac5-45eb-ac80-40f9f6e70652,2218c832-861f-4e39-b4fb-9c37ad18dd07,JAF-001
09fe41b1-c2dc-42fb-8d23-81277a1ca1f3,6f7f4098-f80d-4012-a6d5-04cf164da4f9,BEV-004
4f0b2844-76ed-4e65-a531-c9176509e061,6f7f4098-f80d-4012-a6d5-04cf164da4f9,BEV-004
3e070d26-f2f5-425f-bc1c-33388fb32fc6,6f7f4098-f80d-4012-a6d5-04cf164da4f9,JAF-004
19006e79-bb43-45ab-838b-9158965cf190,6f7f4098-f80d-4012-a6d5-04cf164da4f9,JAF-002
b9f0f717-4c1e-430f-99df-2ce27305d825,45a9cf72-bc1f-4b1d-8c4e-bfbd9966fcf6,BEV-002
8adfbfa1-ba70-47b7-be67-bab612ba9946,45a9cf72-bc1f-4b1d-8c4e-bfbd9966fcf6,JAF-005
8efbe00c-11ce-4722-9a5c-6767adba1e73,2cee024c-2c00-4d89-bce4-647c3d0457ce,BEV-002
a2d3bef4-3188-44c8-ab76-24c947bf2250,2cee024c-2c00-4d89-bce4-647c3d0457ce,BEV-002
ffc347e7-80d7-4a0c-b782-ebf97de581df,2cee024c-2c00-4d89-bce4-647c3d0457ce,JAF-002
3fc100df-9578-4754-b725-b7dfd80e1706,2cee024c-2c00-4d89-bce4-647c3d0457ce,JAF-001
4691ae6f-fd2f-46f2-84eb-4f5c11e263d8,ea22cd36-765c-47ec-8e0b-8cfb71361bda,BEV-002
77ee8b61-2fa6-42ed-94e7-8de463eb62dc,91e83f7c-a0b3-4ff5-a2aa-10923a21b589,BEV-002
f3f7f1d1-8e7e-498a-bb4f-7f444e204c37,91e83f7c-a0b3-4ff5-a2aa-10923a21b589,JAF-002
ac12d42a-f5f4-48dc-902a-40bb266b86a5,969565cc-2b20-4f09-8372-6596eb4dc611,BEV-005
cf460df1-5c53-4269-abe8-d673dc8113e8,7f42c2b0-6969-4357-a9f3-d0d2afaae839,BEV-002
8dbc641a-68e6-4225-adbd-d4ff059e4c7a,4169d2d5-be34-4f94-a418-f8892f478968,BEV-003
0cd5117e-f181-4730-a4f7-52cc9897e6a6,0cadfa78-7d7c-4abe-885b-78150440d1a3,BEV-005
de43219b-81af-4afc-9f61-cb2a61c5e832,11b35e34-7256-4e4c-b841-e5459e3868ed,BEV-005
630d20f9-4c49-4a39-8d80-b5c03f2b570b,11b35e34-7256-4e4c-b841-e5459e3868ed,BEV-003
a0ad1cc0-b285-4983-af4a-bb9b4c0d229b,11b35e34-7256-4e4c-b841-e5459e3868ed,BEV-004
81eb91bf-d5e9-4718-acba-482a40d277a8,11b35e34-7256-4e4c-b841-e5459e3868ed,BEV-001
55f3256b-1f49-4144-81f0-d78338ac8499,11b35e34-7256-4e4c-b841-e5459e3868ed,BEV-005
9bca4d5d-81ed-4ad2-a875-3a372951f447,11b35e34-7256-4e4c-b841-e5459e3868ed,JAF-003
e16da4b0-9cb9-411b-82a5-7e2adfc30fa6,11b35e34-7256-4e4c-b841-e5459e3868ed,JAF-002
a38e86fc-2dca-43fd-b70d-369582ee9d7e,11b35e34-7256-4e4c-b841-e5459e3868ed,JAF-002
84664969-e667-4b02-91fd-f81061db48b3,11b35e34-7256-4e4c-b841-e5459e3868ed,JAF-002
37332778-d091-47ec-9f56-fdcc801db117,11b35e34-7256-4e4c-b841-e5459e3868ed,JAF-005
34631814-e10b-4439-a25b-28c1b67ae8cd,03e8ae77-76c2-496f-bb4c-d0fb311a405a,BEV-005
4ee48daf-7a8b-454c-8136-146845b3494f,03e8ae77-76c2-496f-bb4c-d0fb311a405a,BEV-004
447c5305-6588-43f5-a3e8-1c284d5d8005,03e8ae77-76c2-496f-bb4c-d0fb311a405a,JAF-004
aca3cac8-c281-4c89-95e3-c8991abe0c4c,a1333247-ff4d-4e6a-a48c-2dbfc679b17a,BEV-001
05e20f06-c4b3-496b-8ca5-2f48fdd9067b,59545005-af7f-433e-a026-751ae5d02c29,BEV-004
ac35e238-8ded-4da5-9388-10a21f93a897,b67ffb42-60a0-4fc8-970a-605dfc9befe9,BEV-003
aca0aac1-0378-47fb-9421-de235a7d810b,8de976c3-a3ee-41c1-ac5f-b9de9599f6bc,BEV-001
1af06e3d-b78f-4210-9498-9303325b590f,8de976c3-a3ee-41c1-ac5f-b9de9599f6bc,JAF-001
51b8fb0c-00b9-47f2-87cd-1c67f2ab4d3d,316911fc-8469-4295-a713-934610f2c869,BEV-003
27f594f7-86dc-458d-a709-933cff90f43e,139fb19c-43f0-49c3-8382-0c6691601edc,BEV-003
0bd12c69-94a2-4dc7-b828-0da9d0bbbf5d,67a5d9be-4d07-4201-8bbc-a3af74b90189,BEV-003
c579edf2-e074-46ad-adc3-90ffe350c61e,67a5d9be-4d07-4201-8bbc-a3af74b90189,BEV-005
6f28857b-378d-49b8-9a91-01d76194fe20,67a5d9be-4d07-4201-8bbc-a3af74b90189,BEV-001
fcda138f-e408-4688-88b8-f31c321d5e2f,67a5d9be-4d07-4201-8bbc-a3af74b90189,JAF-005
6c048257-b6a9-4c4c-bbc0-5a8c0ed8cbd9,23739f71-4c7f-45a1-9fe7-7bc0b1b49544,BEV-002
40b39b8b-ff11-4424-9a76-edaf70531361,ca5ca5ba-aceb-45bf-91b7-096063605746,BEV-002
9fe924b8-0594-47a5-99e4-e7dc13a043ff,8ef8e51c-01f3-4e71-a454-40d78aa0631b,BEV-005
a71d241e-7fa7-4d93-b0ae-ce746af290fd,8ef8e51c-01f3-4e71-a454-40d78aa0631b,JAF-003
6f4159dd-4436-4b62-b526-21c44690fc1f,8ef8e51c-01f3-4e71-a454-40d78aa0631b,JAF-001
c3d3b2a3-ca1d-430e-8357-54f92f63472d,8ef8e51c-01f3-4e71-a454-40d78aa0631b,JAF-005
feb17269-3ac0-44e0-ad58-4002cc60cdb1,2d87a1f8-90eb-48a8-b562-eb5a7ae58ad9,BEV-005
c452f882-08b6-4375-8dd4-72af037f5574,2d87a1f8-90eb-48a8-b562-eb5a7ae58ad9,BEV-004
ffe2f9bf-0198-420e-9592-d18967ed0053,2d87a1f8-90eb-48a8-b562-eb5a7ae58ad9,JAF-005
6a83bf89-7f4d-44a6-91e4-244f7263b40b,2d87a1f8-90eb-48a8-b562-eb5a7ae58ad9,JAF-004
46ee62a0-c337-4d72-84c7-b74b6baa3629,4ff29a27-1f75-4bf4-9a59-21cb5ad9ae80,BEV-001
50f64300-b6b4-4445-9c62-f150aaab1518,2ff8e6fd-e76f-4a46-93a6-928e59ee702a,BEV-002
07564df1-0979-4870-bccd-d414ea008c14,2ff8e6fd-e76f-4a46-93a6-928e59ee702a,BEV-003
cfb1becd-b657-4a59-a598-99fb5872f779,2ff8e6fd-e76f-4a46-93a6-928e59ee702a,BEV-001
fa1ad6db-8dd6-4252-af43-81fece28946e,2ff8e6fd-e76f-4a46-93a6-928e59ee702a,BEV-003
17593a75-a83c-405a-8986-f56bff3c2594,2ff8e6fd-e76f-4a46-93a6-928e59ee702a,BEV-001
ea69e49e-f743-434f-9e9a-b7323d58430c,2ff8e6fd-e76f-4a46-93a6-928e59ee702a,JAF-001
eda40720-087a-4212-9146-94c7e4761ed9,2ff8e6fd-e76f-4a46-93a6-928e59ee702a,JAF-005
b5287cc6-cf40-4520-971f-d772a8a61cc3,2ff8e6fd-e76f-4a46-93a6-928e59ee702a,JAF-003
1dde1787-863e-4c58-a8e6-186952eef375,2ff8e6fd-e76f-4a46-93a6-928e59ee702a,JAF-003
565df08c-e33f-424e-89b3-e05109071a15,2ff8e6fd-e76f-4a46-93a6-928e59ee702a,JAF-001
e3c0056e-513b-4a6d-896f-d9ee58f03b7d,a883fb12-a845-4b15-a5e0-2d8ad2bb770d,BEV-003
cb785322-278d-4953-baef-b7a327f6efa2,a883fb12-a845-4b15-a5e0-2d8ad2bb770d,BEV-003
940f51dd-b173-4a32-bbfd-6094344fe92b,a883fb12-a845-4b15-a5e0-2d8ad2bb770d,BEV-002
1070d9ee-2f2a-4878-8ce7-b27ea6f6cf60,a883fb12-a845-4b15-a5e0-2d8ad2bb770d,BEV-002
f830e522-f6a0-4af5-a460-76acb5523d2d,a883fb12-a845-4b15-a5e0-2d8ad2bb770d,JAF-002
254d0529-93dd-4ddd-8758-8c1c5dfe0f31,a883fb12-a845-4b15-a5e0-2d8ad2bb770d,JAF-005
6d9d145b-37e2-4cbb-8dda-e24e5f7786ae,a883fb12-a845-4b15-a5e0-2d8ad2bb770d,JAF-004
0204409e-1e4d-4c6c-8f1f-2fe4ec0a178e,a883fb12-a845-4b15-a5e0-2d8ad2bb770d,JAF-001
7f991b73-e0ee-4f0c-84b2-e61b65b910bd,9bf519d4-dc57-4250-8719-f2dd5e11e78c,BEV-004
e3407928-d20c-4c3e-ad23-14e0cabb18a2,ff115e55-08b0-4e4d-ad03-8816474c60bb,BEV-001
31650d7e-51cc-485c-8f09-7008c0c7ac06,d880c940-f1d8-467e-9781-c83c81d355db,BEV-004
0f7c4b2d-d909-41ec-865b-e4b9effa03b1,d880c940-f1d8-467e-9781-c83c81d355db,BEV-004
04d38e15-d2ba-453d-aab2-8b530555ed58,d880c940-f1d8-467e-9781-c83c81d355db,BEV-001
36dac05d-a603-4db9-b590-b8535f705eb8,d880c940-f1d8-467e-9781-c83c81d355db,JAF-001
60aed81c-8544-42f7-808f-1d19d591bca3,d880c940-f1d8-467e-9781-c83c81d355db,JAF-004
7e4f972e-fde6-42f1-a4ce-dddac10ce2ed,d880c940-f1d8-467e-9781-c83c81d355db,JAF-002
008fb5ca-3e66-4742-9ef8-051506d6aa94,5de07342-ecd2-45e0-9756-61d8f7a29364,BEV-001
88a7d810-234f-45c8-b8ff-779897d61ae8,2cb594c8-eacc-416c-8ab2-46d4d441641d,BEV-001
053db177-3d0d-4116-9b5c-0f83f6fbac33,2cb594c8-eacc-416c-8ab2-46d4d441641d,BEV-001
e23f3ff9-fa06-441b-81fe-2dae31b29c64,2cb594c8-eacc-416c-8ab2-46d4d441641d,BEV-001
b90e22a6-b41b-4790-8d03-db19412b0b44,2cb594c8-eacc-416c-8ab2-46d4d441641d,BEV-001
c90c65c5-e097-466e-accd-fbb95ec4a020,2cb594c8-eacc-416c-8ab2-46d4d441641d,BEV-002
481d974a-6654-4991-819c-2589608e1334,2cb594c8-eacc-416c-8ab2-46d4d441641d,JAF-005
b1169daf-5966-4eb7-9723-265cc209d6d1,2cb594c8-eacc-416c-8ab2-46d4d441641d,JAF-003
86e43ccd-5200-48f5-bcdd-82fd9f2d7971,2cb594c8-eacc-416c-8ab2-46d4d441641d,JAF-004
5bd15268-7827-4739-b0b1-442f4ae427b0,2cb594c8-eacc-416c-8ab2-46d4d441641d,JAF-003
f982d6e8-4354-438a-8fb5-02fb0b590859,2cb594c8-eacc-416c-8ab2-46d4d441641d,JAF-001
a6229fbd-585f-47c5-b0ad-d3cd11967916,283fb5c0-2a4c-4991-8482-bcb7119a834e,BEV-001
57526d0e-a3db-401a-a23b-979234b1dd51,283fb5c0-2a4c-4991-8482-bcb7119a834e,JAF-003
f7e34c0f-aa7f-4a5a-aa61-f821c3bb7289,a8e2268a-cc11-44b1-9c89-65a4fe2e985d,JAF-002
6740d9ef-19cd-4adc-905b-de794d5f3231,a8e2268a-cc11-44b1-9c89-65a4fe2e985d,JAF-004
c9f9aed7-fadd-4d1a-869c-85a40789876c,5e2597fd-800f-4fea-a512-2cab4eb1cf07,BEV-002
9f8be70d-9057-40b1-9b04-e7d7c872b9b0,5e2597fd-800f-4fea-a512-2cab4eb1cf07,JAF-005
d16d3163-cba7-4d72-9972-4c4a734e7c2f,76f9af15-a696-443c-8873-fa033837d9e6,BEV-003
0057838f-4ab2-4208-8778-3aa6bdbff206,76f9af15-a696-443c-8873-fa033837d9e6,BEV-002
74eca0af-84ae-4f23-a89f-a8cc93e5ca4f,76f9af15-a696-443c-8873-fa033837d9e6,BEV-001
1357904c-4686-4c7a-9ea2-fd334758ba57,76f9af15-a696-443c-8873-fa033837d9e6,JAF-002
03fb1785-cdb1-47ea-93de-9750a329c442,76f9af15-a696-443c-8873-fa033837d9e6,JAF-001
2e78a5b4-1f70-41f7-b051-9c9a37490005,76f9af15-a696-443c-8873-fa033837d9e6,JAF-003
5dbbd0de-86a9-4840-9a7c-dbac1edd6432,0d1ee7a7-ef75-4a73-95f9-6102e58c3706,BEV-003
b81275ba-9dd1-46e8-b40f-ee79e6120cfb,1cab992b-1f74-4f89-bae3-901bf828714f,BEV-002
926b0b51-cddc-4e88-9026-c335f7f13f07,1cab992b-1f74-4f89-bae3-901bf828714f,BEV-003
07ff85ff-354a-47f9-b2ec-7105546b815c,1cab992b-1f74-4f89-bae3-901bf828714f,JAF-002
0bb12ec3-066a-43f3-8012-900512a8831d,1cab992b-1f74-4f89-bae3-901bf828714f,JAF-002
40036fd2-9a9e-4d21-a61e-8f633910a4c7,0c94b7cd-94fe-46de-91f2-d0d0873f772c,BEV-003
c177b1ac-ecb2-49f3-896a-983e1f5c5137,0c94b7cd-94fe-46de-91f2-d0d0873f772c,BEV-003
959a8431-4171-4cba-96b4-79819a293638,0c94b7cd-94fe-46de-91f2-d0d0873f772c,BEV-001
a777640d-c85f-4c70-81d4-8e2329f67119,0c94b7cd-94fe-46de-91f2-d0d0873f772c,JAF-001
260c5613-972f-434b-b5e0-f7dc872c4b91,0c94b7cd-94fe-46de-91f2-d0d0873f772c,JAF-001
01bc73f0-8a12-4d20-b17f-c648eef02cb7,0c94b7cd-94fe-46de-91f2-d0d0873f772c,JAF-002
e106ee97-7e3f-4293-8d4d-5b4c6d9fd3aa,c3acd77b-3b8e-4bcd-9d01-c323452192b4,BEV-003
1be0b0a8-3bb2-4b79-a8fb-eb3e13ad84db,e763a3b0-a9e8-4640-a188-dd58131f9963,BEV-004
3e73af0c-b46b-49af-a3c9-02f04cbb05f7,930193bf-f342-40a6-bd78-87772634e171,BEV-005
4b64cc1a-1f35-48c2-bce0-0fd43ba372d5,930193bf-f342-40a6-bd78-87772634e171,BEV-002
e4cc91ee-2045-4681-bd3c-716fb605fdf2,930193bf-f342-40a6-bd78-87772634e171,BEV-001
616675e2-a818-4e14-8323-6c5b16ff0b5e,930193bf-f342-40a6-bd78-87772634e171,BEV-002
8eaba10f-aff1-4d45-8605-d139e2efebfe,930193bf-f342-40a6-bd78-87772634e171,JAF-004
0264ca96-99cc-4f69-b23d-1af64c806b0b,930193bf-f342-40a6-bd78-87772634e171,JAF-004
f35272e6-ee2b-4773-bea8-87a2f7aad55f,930193bf-f342-40a6-bd78-87772634e171,JAF-002
e87959cd-8174-40fd-927b-f4d03d5fd1b3,930193bf-f342-40a6-bd78-87772634e171,JAF-003
1c5ab4dc-e772-42c9-bfe0-348f559b9d0a,ec86b863-8e1b-43c8-8663-f27d42c99aa4,BEV-005
38cb2957-05b9-4e8f-8aaf-0aa2e16058de,ec86b863-8e1b-43c8-8663-f27d42c99aa4,BEV-002
9d449aa7-da78-4d47-8967-35eac5fe7d9b,ec86b863-8e1b-43c8-8663-f27d42c99aa4,BEV-003
b0cab96b-73d3-4e70-aa76-ae5292d17f1e,ec86b863-8e1b-43c8-8663-f27d42c99aa4,JAF-002
bf103cae-af11-4fc5-aca3-8544fa6c8240,ec86b863-8e1b-43c8-8663-f27d42c99aa4,JAF-002
06ee6c13-4cb2-4909-a986-1e210cf4fa44,66c9a40b-db2e-4dab-b814-8ec32fb73f26,BEV-003
0319642d-7133-46d0-bf0e-6831e7feff1a,2af019e4-f277-4df9-b379-bb9ae920782e,BEV-004
3a912071-a95e-4c9b-9d0f-0bb0bdaa001e,2af019e4-f277-4df9-b379-bb9ae920782e,BEV-002
36923083-29d5-4d0f-9c05-0494dc549e9c,2af019e4-f277-4df9-b379-bb9ae920782e,BEV-003
47621b8a-df71-4baf-aacd-2fa8f39122cf,2af019e4-f277-4df9-b379-bb9ae920782e,BEV-004
22f8097d-8d30-4b67-916d-a9e6c337ed7a,2af019e4-f277-4df9-b379-bb9ae920782e,JAF-001
bab264fa-14a1-4c27-a59c-323d24321b9e,2af019e4-f277-4df9-b379-bb9ae920782e,JAF-002
12d5e6cf-14fd-4550-a2ad-8cab31f4c849,2af019e4-f277-4df9-b379-bb9ae920782e,JAF-005
2258d6ae-71da-43a9-999c-1d58531f4f35,2af019e4-f277-4df9-b379-bb9ae920782e,JAF-004
d59f2a38-7422-4064-ac46-9dbda4cb112f,17cad394-24ed-4c70-80cc-b9f13d5cecdd,BEV-004
da8eaaa1-8c8b-4b2c-8c4e-fd995c25a663,17cad394-24ed-4c70-80cc-b9f13d5cecdd,BEV-004
0dfda0ac-825a-4f55-8823-ed352f9afe49,17cad394-24ed-4c70-80cc-b9f13d5cecdd,BEV-003
fdca8439-0779-4c53-a6e2-cfa2ad29b32f,17cad394-24ed-4c70-80cc-b9f13d5cecdd,JAF-001
03a37dc5-d581-4d87-86f0-7069f681531b,17cad394-24ed-4c70-80cc-b9f13d5cecdd,JAF-002
d1c605cf-d431-45ec-abb5-41a189362e68,17cad394-24ed-4c70-80cc-b9f13d5cecdd,JAF-002
352fa15a-fc9a-460d-8dc3-a599521817c4,ca489b17-aa81-4aa8-970b-bd674359f019,BEV-001
abea7687-6c11-4572-8a83-2cfba49c9a21,ca489b17-aa81-4aa8-970b-bd674359f019,BEV-005
7c5bf941-080a-4afd-84fd-e5782b30d83f,ca489b17-aa81-4aa8-970b-bd674359f019,BEV-004
9f95cbe4-3364-44ae-b0ce-e30a4b09b824,ca489b17-aa81-4aa8-970b-bd674359f019,BEV-005
344ec857-1d5c-4acd-9978-f0a324f311fb,ca489b17-aa81-4aa8-970b-bd674359f019,JAF-001
5e6d74e4-8846-4b41-a01d-77857904945b,ca489b17-aa81-4aa8-970b-bd674359f019,JAF-001
142dd16e-1307-429f-b476-afe94e88b67d,ca489b17-aa81-4aa8-970b-bd674359f019,JAF-003
d3fb5e0f-6971-4234-9d5a-7c06bba6949c,ca489b17-aa81-4aa8-970b-bd674359f019,JAF-003
436efdc1-2f1b-4dc9-af2b-bf28a376c9e4,17574053-6db8-4074-8e0d-7f29aa9f1027,BEV-004
dbbd4d73-76cd-46fd-bf57-509d22c8bc5d,564d5332-c792-4e9a-b202-e65e596a62af,BEV-004
88587f93-8c9d-499d-9eea-34cc467d41f8,427402bc-01da-4080-9aba-20f918afea95,BEV-002
a26cda31-f423-47ff-9212-92d5e4410545,21c0c45b-8ad7-472c-b64b-56a4e31d88dd,BEV-004
0563907d-7127-417c-b238-2954b1299196,7740a134-c3dc-4f5e-997b-05f1eeba5148,BEV-002
9287faa8-536c-442e-bb0f-34fbfe30b742,7740a134-c3dc-4f5e-997b-05f1eeba5148,BEV-001
e31c5001-ecf9-43f6-a7a8-90ac502dead5,7740a134-c3dc-4f5e-997b-05f1eeba5148,BEV-004
ddde37e4-af31-4ac1-a49f-7c3d00724cd6,7740a134-c3dc-4f5e-997b-05f1eeba5148,JAF-004
e078f1d4-180a-40ff-8e06-15c3f90e06e2,980418ed-9cd6-4f4c-8b1f-c56528402a5f,BEV-001
001e149c-8948-4178-b239-9a9cec403b50,c2f5d321-7898-4b85-a834-c5133efe2889,BEV-003
a6297250-4255-4d38-82a1-b5f934e68543,ef6dba82-8cf9-4c06-aff9-2a716dc7f834,BEV-002
21fe49f7-019b-4457-acf1-416180bf1bf8,ef6dba82-8cf9-4c06-aff9-2a716dc7f834,BEV-002
97ddbd9f-15d1-4366-8025-b616f963f252,ef6dba82-8cf9-4c06-aff9-2a716dc7f834,JAF-003
3657746a-1b35-48d9-b3a2-861ffe9609cf,c0db78d8-da4c-4303-9e20-d19a081b815b,BEV-005
ceb58264-7bc6-4abb-a280-857ae4169524,77799d7f-1a3b-4f42-8bf0-2fe0d1c54acf,BEV-005
315f1c92-cc16-497a-ae4b-b61f697b8398,e6ac75aa-1753-4fb5-b61e-4f24e9d046c9,BEV-002
79a93a3f-4d84-4fa5-8e1f-a935f7f45ffe,e6ac75aa-1753-4fb5-b61e-4f24e9d046c9,BEV-003
0f6bf4fc-0cf6-4551-9bad-a84b2723aafa,bb5107bf-0ebc-4e60-ade5-18e582957eb3,BEV-005
b001e195-fa8b-40b3-8dcc-78a2626909c3,8a941eef-a2fe-4670-a84e-861b7581ab38,BEV-001
4598dbe4-0856-44e1-9247-8607243632a0,635b9aac-65b6-4e39-858c-e86a40bbb3e1,BEV-002
8c243e83-e620-4270-938a-f94c80dd4bfc,c9352114-7e6e-407f-af3e-eb0d143f9da3,BEV-002
470abd35-f9db-4436-9fe1-10ce4912b0d7,3b4c08a0-59ca-45f3-afbe-78ffa48b91b0,BEV-001
71884102-8112-4c63-9f64-7ae50fcbf1b9,9494baac-e42d-4890-8008-40c44bc48fcb,BEV-005
0b3ad185-4077-4d71-843d-c42c06ed555f,197acb5c-4f26-47df-b1df-c4cb6035fbc1,BEV-004
4c7edd04-50d0-4f1d-9046-a3fe61d9b1fb,7c4136b0-d852-4962-8964-4311ee2c374e,JAF-005
30ef6283-83ad-45dd-bd58-b530244046a6,7c4136b0-d852-4962-8964-4311ee2c374e,JAF-003
3edf2511-997e-4f00-a70f-65e5622daf08,7c4136b0-d852-4962-8964-4311ee2c374e,JAF-002
6242d1a1-2abd-4990-93a0-ca88a1e6e9c5,3b1e1fcd-a60d-4046-ab77-5f9bb01d4ae5,BEV-002
09ae5462-eafe-4681-97bf-54e2fbba2b71,0f6a2b90-2d11-4ac2-ab6b-6bf9447d1505,BEV-004
9f8117b9-db49-4cc7-9409-3be664548202,0f6a2b90-2d11-4ac2-ab6b-6bf9447d1505,BEV-005
029f21a1-ede5-4ecd-a339-2481e56afe8d,0f6a2b90-2d11-4ac2-ab6b-6bf9447d1505,JAF-003
c535f8da-182a-42cb-aa9f-ddf119901e50,0f6a2b90-2d11-4ac2-ab6b-6bf9447d1505,JAF-003
253107ed-71e7-4b23-be0f-82b29717d45b,0f6a2b90-2d11-4ac2-ab6b-6bf9447d1505,JAF-002
17dfbfbd-981e-4bb4-a6f6-b974e246461e,ac835131-b311-40a6-8d4e-0740e04e9472,BEV-004
d9d462c0-1ddc-43d4-b5b9-a4524d53620e,91f423e3-9bb9-4bf9-ae1c-8b8442360f71,BEV-004
cead4948-0573-4850-9584-3971c40f3741,b0616816-6361-4d4a-acbc-ebbf8e172a1f,BEV-002
5eb4f905-d24f-49fa-847a-c13e9322b16f,f4e6e19a-9e67-4f1c-8f81-3a90aeb1f097,BEV-004
e813a39d-da17-4d7a-bc35-f4c45ae30917,67ddd132-cecc-4d71-936e-157187262c02,BEV-005
8fda812a-d172-4e35-8737-d70ce67c9d84,67ddd132-cecc-4d71-936e-157187262c02,BEV-004
c416f0bf-b795-4cf1-b308-8b68f8206f9b,67ddd132-cecc-4d71-936e-157187262c02,BEV-001
7ba66b32-f8bc-4c75-a2e4-7ce6dd326e35,67ddd132-cecc-4d71-936e-157187262c02,JAF-001
aafd5dfd-da08-46c2-a70f-1cbda7553c16,67ddd132-cecc-4d71-936e-157187262c02,JAF-002
51ec7d1f-cf9c-4f8e-a5fa-24c6520597c2,92a49498-864f-4696-aca0-6fcdd5c2ef48,BEV-001
e41acd01-ef12-48f8-a76b-0f7482a7e022,4e5d9524-83ca-453f-ac89-49725c568eab,BEV-003
35ddb3d7-339f-4f8e-836d-0ec4200e5e3f,8c93d4f2-6cb3-41e4-ad58-b550e0c91885,BEV-004
c6696c48-6734-45a8-8672-d9cddeb7a60d,81fc0afd-9b38-4018-b22b-29c4dc9ec99a,BEV-001
3b86b508-7691-408c-a96b-ccb240472ad2,dafa493c-8bfd-48e8-9289-9c4b06778e16,BEV-002
87a07c4b-e24a-498e-bf4d-0e7f31ca6d67,def795cf-37d4-46c3-8d4d-71835be64cd3,BEV-005
e9e97b5c-0753-4958-bf81-7c866bfeedae,78b387a4-6e1f-47de-9918-ae1a6563d432,BEV-001
4ff71acc-3c32-49db-982b-92e8148d9aa0,adcd82cf-2e31-420e-a1bb-b2b48ed60a23,BEV-002
67c9265b-d510-435f-ae38-21a290c80067,adcd82cf-2e31-420e-a1bb-b2b48ed60a23,JAF-003
5535eb48-e357-42f7-a447-1fbd6dc31a7f,ec0b39e6-f99b-4266-9232-7f7fce465a95,BEV-003
673682ad-1f9b-4e7b-b01a-a3047be1d617,fd06151b-5ac0-49d8-8433-04140a12d191,BEV-002
47a203c3-3389-4cb8-821e-4ae7987956cc,f661d296-07ff-4235-a5b7-4331d240829f,BEV-002
3aa26cd2-3419-4a59-9581-73984322288d,26e57540-179b-49e7-96c1-d785dbd47cf7,BEV-002
c889e9b5-e458-4ba4-804e-156c5fe5e5bf,26e57540-179b-49e7-96c1-d785dbd47cf7,JAF-001
2cf5a8a8-079c-4c25-9e8f-5333de94d02e,d6f10b3f-022b-4a05-afbd-9cfa17f8d729,BEV-003
07108c03-1a26-42cc-83e4-4df571cef8a9,74d1a89f-7768-4147-b1f1-7a17076fa97f,BEV-003
8fca124a-440f-4915-ab76-ddbc311acf69,c0c7a88d-4d16-4f37-a407-0bf4b9dda166,BEV-004
4ef87c6e-827f-4041-b9c8-bf114abcfa13,c0c7a88d-4d16-4f37-a407-0bf4b9dda166,BEV-003
aadaf32d-f83f-41f4-9e5e-cf80638a4611,f5955d87-59cb-448e-b70b-0cfed6146077,BEV-003
74582ba5-2c8a-4a76-8ef8-9c4851e5d385,65c360bc-8707-4a06-8fe1-1b85ea26597f,BEV-005
5642d8ee-b29b-4801-8b85-d3fa9223bd70,1e37c9a9-6ed0-4ef8-bd09-9bc3d378b7a2,BEV-003
cab5884b-af2d-4c7e-b4d5-1e962a98f3d5,9118b350-e128-4a3e-aa44-cba4b93b907a,BEV-001
262caeda-26ee-40c8-b397-a710e602b1d7,8cc5765c-a5ca-4808-8ca6-923ceff319a5,BEV-005
f4955896-4743-48bd-87d9-714391bc2e9e,6119e4c7-16a7-458b-95e2-2e09d72d9d40,BEV-005
268794b0-4b71-457b-8d0a-d5ca2c65d6b3,f962733b-506d-4640-aa23-e05b6dd0bc10,BEV-002
b4899a41-6dca-481d-b959-dbe5e98cfc47,f2cf775e-309e-4c6a-a913-a22128aa4c51,BEV-005
5d6b5ae8-c4f0-454a-bd77-271d20d139ca,fc766239-3d3e-4688-9097-c6e58226e0f0,BEV-005
76831332-2602-4fdf-a8c1-6d36573ea6e7,fefcc913-6d11-44b7-88a1-31bbb300cc35,BEV-005
7f27fd04-df1d-47b0-8473-5488b9318f92,8b5d68b0-967e-435c-8c50-d8e2f37a3e75,BEV-003
5fe4ba7e-bd29-48aa-b918-6aeeb7f9986c,2590d73d-0de6-4858-bc7f-bf5c058293b4,BEV-001
89803a9e-deb0-440a-a4d0-293be4a0dccc,a135177d-2dc6-46ae-8918-717996377206,BEV-001
d814b200-5385-455c-82ef-df3bb1d72019,a135177d-2dc6-46ae-8918-717996377206,BEV-003
3eae53ac-f648-4388-b5fb-64b8d438e40f,f9066d64-19da-47b2-b71f-3c62a51e272f,BEV-005
cedf75ff-99ae-4ba9-9260-b09bdb265131,6e4bcc32-ea2c-4257-a5f7-281bf74ff20d,BEV-005
c949178e-7c79-49c7-9638-d67d8835be36,8aa0ed73-a6ce-4bdf-910d-70b60d8da337,BEV-003
cca44caf-064b-4975-a33b-c4de49485a61,17f29c19-c19a-4f89-8649-707f5146870c,BEV-002
49af0105-5f7a-4ba9-9bd4-5db632bff763,27602a70-3ee4-4645-94c1-37d2f10a300c,BEV-003
cd9b4570-9056-47a7-9682-5378318eec92,27602a70-3ee4-4645-94c1-37d2f10a300c,BEV-004
30e70d70-4f4d-4f4d-9f68-c70181078577,27602a70-3ee4-4645-94c1-37d2f10a300c,JAF-003
a60e94e0-6e6c-4201-8dfa-a2faec13172b,27602a70-3ee4-4645-94c1-37d2f10a300c,JAF-002
b7212e80-e47a-414b-bd4a-93ef78b809cb,27602a70-3ee4-4645-94c1-37d2f10a300c,JAF-004
c94e7f38-b4b6-434d-a54f-af066eb483a1,76d6a48e-1fd2-4098-8653-c06fff210a4e,BEV-005
4793af7c-e441-477f-98bf-8e9ecc80f222,76d6a48e-1fd2-4098-8653-c06fff210a4e,BEV-005
b87e13a2-6f29-4d28-8e21-1e37d686e1e2,14c358e3-cb62-49e4-93c1-92f671588a00,BEV-002
bdf9fd5b-c2bc-4864-bee8-741d68c84c6f,836f75b1-9083-4c49-a4d4-feaefa1e9de4,BEV-005
997b0ee3-9bdf-419b-828d-bfc9ad4a5843,5d1474c5-ec46-4c73-b51e-ade447f5bf3f,BEV-005
49e73a39-9b57-4a25-8964-acfadc272ae2,a39fdd25-cc40-4af0-a4fe-ebb8eaf47f8c,BEV-001
019f122f-f661-41e1-bfc9-f843e2a86889,5dab3696-4a5f-4a3d-a9aa-953649a349ee,BEV-003
39228ecf-b190-4f57-a7b1-8bf5114a5862,23f8fca0-22fb-43e6-bab8-21ff7ebed6fc,BEV-001
027293ad-f9e4-4c93-9228-e3e867beed47,4b367f57-c813-4d47-8b5f-e143928e9165,BEV-002
b46cfd12-e33d-478d-ab9c-52e7b4ae19b2,5afefcce-14d5-41c8-a771-df7b4ce406e6,BEV-002
ff8264ec-9900-468b-b70e-05a718b36f2a,5afefcce-14d5-41c8-a771-df7b4ce406e6,BEV-002
a469571b-3624-4b8c-8d50-3375885c76c3,51f69bea-22c8-4707-b337-7097685be7a7,BEV-004
8c35ad7b-aa69-4952-80a6-61d081afabc0,9db99bdf-21bb-48d2-a6aa-5671f22cff28,BEV-001
141ca94e-a06c-4b71-86f6-a9dd88eb54b7,611ba018-1dea-4db7-b5aa-91b7e4d17ffd,BEV-004
9d9a9a87-ec9f-4289-bc02-73848e362b2f,0c16b0bd-4ba5-4d14-ae5d-2c852e831a8c,BEV-003
1509bffd-0ab7-4399-836b-4abcb8e401e7,0c16b0bd-4ba5-4d14-ae5d-2c852e831a8c,BEV-001
7faf445e-6866-44d4-9da3-a9f112af6756,0c16b0bd-4ba5-4d14-ae5d-2c852e831a8c,JAF-004
65a06da8-872d-4c05-b47d-f8798ca390ac,19ec34b6-a9e9-4a4b-80fb-a38c63103760,BEV-003
c8371bc0-c812-4ded-a799-8f6592ec4814,dfd87362-20a7-403b-8ed3-dbcc2836bb11,BEV-003
3c6c1a69-6ca2-46e4-8ba5-30d79e399c5e,d88cfa60-b374-4916-b0f0-3e6b3a335a9e,JAF-001
91290516-2aac-4a01-b3e2-2f6676894bef,7989a5d2-de29-47b2-af86-2d09e622cbd6,BEV-003
d7f92c2c-6060-424f-9139-5f047f24fe46,8144e5ea-6417-4ccf-bf43-ae8d36dc1117,BEV-004
c70f337e-fb0f-4d5f-967c-edebe8647d44,6c92a711-c6e5-4cd8-8415-c6808c815a1b,BEV-002
10f93727-620c-48da-947e-ca69cd4b7677,450886ca-5321-4e3d-ae30-5e7f19fb7998,BEV-004
50b4080e-05ba-45d7-8b02-f8c9e6679860,450886ca-5321-4e3d-ae30-5e7f19fb7998,BEV-003
51ab7e00-a170-4fe4-9130-1a69b7e09e15,3d5c7b4a-209c-4018-9d59-abea07a6f924,BEV-004
640ecf36-6aa9-4f6c-997b-2981cde6c7a3,93b3e362-0aec-4908-8818-b0e93639c3ba,BEV-004
076a97e1-11ef-41cb-bcd3-5763fb0440d4,6071cdf3-cf58-474f-947f-dced732251e3,BEV-004
44ced6d4-f1a1-4aad-a2a5-9df3f7cda8f1,871ea900-437f-47d0-bdb2-1ed2ebb56646,BEV-005
ee6be0bc-9b24-4542-86f6-882897bc43b3,ff9bfff9-551b-4444-ac08-76caaa6fc387,BEV-002
325599cb-61f0-4e59-befd-9518845f5b52,ff9bfff9-551b-4444-ac08-76caaa6fc387,JAF-004
1d7ceb7a-f6f4-4d60-b32c-786cde84ebee,6c772ec1-fb0e-4248-92e2-72372594ad27,BEV-005
92158539-c7be-417e-81db-cd5e02cd560a,31d1f2fa-589b-4ba2-80dc-533a44dfb3aa,BEV-001
6fa9b95e-8d9f-49ef-aef2-010ec755a89f,92158906-4c32-4ad8-93b8-1b00e4c637ec,BEV-003
f4d5ca55-a434-48da-9b1b-8d12ddda8489,79a6a397-b67f-4ce4-bff3-625c66ea03b6,BEV-004
4088a502-8ff2-48f3-a547-c497b555d2ca,e6438507-6c9e-42c8-9c5c-b47cd4bacdae,BEV-002
120bdb5e-dccc-4d3e-afff-5cc774984548,fb74e018-fa36-40e6-b885-cad70157a06d,BEV-002
cd431d88-1a80-4d53-8bb2-b6411ed6542c,2b38f6ff-d73f-4375-bdc5-52f1a6d9f993,BEV-005
b96a934b-44d6-414b-9804-3a67f5575703,385efa34-3316-4fc7-b351-0747dc95ff5c,BEV-001
6ced434e-775a-44dd-a448-45428bcefc8a,76d6f86e-4a8c-4553-af5d-bb960ff50d82,BEV-001
bc413f39-1bfb-45cb-920c-0e06d210e775,c0eff1d7-aed5-4dc2-98ec-33302229ba5d,BEV-003
3acf8bcb-50aa-4e03-ae01-2f5565a78c96,92c6056d-5018-43fa-9b27-147495573fa0,BEV-001
8a554726-41b2-469f-98af-4d34818c5d0e,0750a1ff-6f89-4b49-b48c-026af1a4f3f1,BEV-001
bb2286bf-d4c9-426d-ab71-ef2c75711a9e,bcbafe47-3693-4086-942d-ae95886e8481,BEV-004
9b8043c8-c8ab-4551-a8eb-0f8622fba06c,c0e4db7c-aef0-4f90-b5d1-a30747183c0d,BEV-004
c27c95b2-adcf-475f-af39-873737b6b855,197387dc-f013-493c-902c-2f8bfce9a50d,BEV-004
b8476a7d-fcf4-41ae-9d35-6152216da73f,f57661f6-2e04-47a6-9c7f-2721c1009ffe,BEV-003
3458d0f5-1c0a-4422-91d7-373f0e923655,93c89cee-c9bb-4328-a5cf-3354ea575249,BEV-003
0910e3b1-f004-48af-808a-18d97d535651,93c89cee-c9bb-4328-a5cf-3354ea575249,JAF-005
259ee0fa-f7a5-4ba3-af9d-da4ed339f853,93c89cee-c9bb-4328-a5cf-3354ea575249,JAF-004
cee7f798-ad13-46a2-a5c4-f4892ea6c844,93c89cee-c9bb-4328-a5cf-3354ea575249,JAF-005
0b070ad7-a046-4620-b793-89f965c976e7,91794d5d-74e3-455a-b1d0-8eb433820d93,BEV-003
b2400ba5-d9ea-4d14-8d4f-0a46737923a3,6dbec937-e5e7-4722-a1bb-8018b903f2f1,JAF-003
843897f9-c8bb-4083-b9f8-76f7c0051ee6,03b9e6b4-cb9e-45ec-84c7-77dc1629e51c,BEV-003
91bef260-2493-49f1-93fc-8f1874d86bae,24055dc8-0192-4fc7-ad73-e2c9fbdc0967,BEV-002
5097a872-156a-4668-bcbe-6a3d20fdc16f,c6c6f2ad-381f-4631-a225-433cfd3e1386,BEV-003
51a7e915-1ff0-427e-b622-88334920a054,9be851ff-9096-451d-bb9a-3f032af59734,BEV-002
8384598a-8c67-4184-a9ec-abd6c6f96341,2972e58a-9f90-4552-aa23-2b16fb1856c4,BEV-002
7cb68297-95e1-45e8-a163-998d6b0b28e0,9118c49a-9cc1-4f18-ae2d-3201cc1a8d3a,BEV-003
d0917016-c6eb-4941-8d33-03129ff5cf4e,75892d21-048e-42e5-8577-6066daeff7f6,BEV-001
b14b2058-2529-4692-9bf8-05541ef76ece,11ea3a19-dabc-46cd-b84c-014b2f4ffeb2,BEV-005
e9c479be-aaa7-4b13-99f4-c2bd326aa6d3,11ea3a19-dabc-46cd-b84c-014b2f4ffeb2,BEV-005
8705bc17-097d-4dc0-a203-d04b3a5c0a47,c6b3b99d-fecf-444b-8686-baabd3781104,BEV-002
c5bb1999-c637-4df7-b194-969afa0c35b7,76471c78-9c47-4395-bbc5-a3e8be5861b1,BEV-002
73ef5d83-db63-408e-995e-8b81b2149dce,168a5b88-3b32-42e0-9719-e42170c8bd79,BEV-001
7972c2bb-ec64-43a7-ba4d-285fd0b9a412,168a5b88-3b32-42e0-9719-e42170c8bd79,BEV-001
f071d2a8-3a01-4abf-b4c8-0ea2bfb02826,015dd017-af71-4f0e-86a6-483c3c06132d,BEV-005
ad7fd0cd-bffb-47d6-9105-8077d02dfb5f,543459e2-7876-4e43-99ee-ff406c39386c,BEV-003
38c98bfe-5e1d-4f3d-82e5-b2bcc66a5c31,4bc73235-6557-4e46-b9c7-2267c3473c07,BEV-004
65fea1c2-55a2-474a-8068-39786e0ab012,f096a73e-c34a-4738-b913-2363a6444fb6,JAF-005
44c135c4-2ad2-43c6-b257-2780bcd387d8,f096a73e-c34a-4738-b913-2363a6444fb6,JAF-002
015c77b7-cae7-4c1d-b23b-b176be725d72,8444515a-fc53-4863-b8b3-6b74d73de66f,BEV-001
7bc7a0dd-f3e2-49fa-a1b3-16fa11b2377a,1ac4f5d8-f40c-4b9e-9071-cfb18fdf95b1,BEV-002
5e27fd61-f24e-4c91-8104-8b0b868ce0fc,7c7907b5-f864-4d39-9055-2c909cfc4127,BEV-002
3b4a2a64-4bc3-4a09-828f-2583c316c827,2f051cd2-5fa9-488e-b092-fe1dbd8b1f9a,BEV-004
c93a1970-dcab-4cca-b7a8-090c1c4d739c,2f051cd2-5fa9-488e-b092-fe1dbd8b1f9a,BEV-004
348ca11d-b319-4bcf-8fe2-76e1a3a5d1a1,2f051cd2-5fa9-488e-b092-fe1dbd8b1f9a,BEV-004
fd2b686e-c6e6-4411-a5c1-c12d453209a7,2f051cd2-5fa9-488e-b092-fe1dbd8b1f9a,JAF-002
86b18f83-d6c7-4a34-ae14-13f94f2a2a06,55fd780c-482a-490f-997d-333be8a339f4,BEV-001
2085fd0e-f6dc-48cd-b8ad-b12e95410bef,91d913b6-4343-43a0-8f5c-b1050fafbf13,BEV-005
71a6a277-8bf3-4568-992b-43e6ab87421e,5ca4c93f-5ccf-42f0-82ed-525cecb95a2b,BEV-002
6d1bf422-465b-4977-8f5a-9b3384f2ae25,5ca4c93f-5ccf-42f0-82ed-525cecb95a2b,BEV-001
b414d713-13bb-4836-9cff-44b2b4d4bd3b,5ca4c93f-5ccf-42f0-82ed-525cecb95a2b,JAF-003
7bffe33c-0817-49b3-8210-1c24b17e35e3,491c2dd3-d095-40e2-9ba1-bdc0a1a7886b,BEV-004
7e3694d1-80f7-4186-931a-2f50e45d8697,a5ee6086-4cbb-43fc-872f-3a737d75ebd1,BEV-001
f7464b9e-2ad5-40fc-9ff7-184c3e358be5,a5ee6086-4cbb-43fc-872f-3a737d75ebd1,JAF-003
43511533-dbe4-4d16-9f2d-27510d7cd819,a5ee6086-4cbb-43fc-872f-3a737d75ebd1,JAF-004
3f6d13e3-488c-44d5-95c9-d2388f04e9b6,3b6cd0e0-ba96-4662-b8cb-c7d301d3a648,BEV-001
680cb594-3b4d-4806-9599-935989f36559,3b6cd0e0-ba96-4662-b8cb-c7d301d3a648,BEV-002
4f548acf-71ce-4687-828a-2b3d308b646b,816adef7-bd8a-472b-8c66-a3eccf1b2bee,BEV-002
8e3debf4-7085-457e-8a7c-7aa74f4bbcca,816adef7-bd8a-472b-8c66-a3eccf1b2bee,BEV-003
6bf441ed-5c3d-4814-9be7-82fe157d3585,816adef7-bd8a-472b-8c66-a3eccf1b2bee,JAF-002
081d507f-d697-4517-86c9-e3f216c5573e,7da3cbb4-5506-4c5c-a96d-885ecae7e940,BEV-004
ae8b3942-dc69-439d-b481-d2d04d531498,d6afc494-ef5b-41b8-8981-b20fd90ec2ef,BEV-005
3f339cdd-078f-49ce-9957-b86054eec771,d6afc494-ef5b-41b8-8981-b20fd90ec2ef,BEV-001
e851a7c1-c124-4c5a-b6f6-6ab4358f7910,557e2a50-972e-4f6d-93d7-1c0089f66524,BEV-003
28da7cd3-d45d-4143-a981-9138db76cadc,00135f8a-3676-42e6-aa26-604f7ceca585,BEV-005
0e35de9a-4d72-4930-81ac-57052b59bd46,00135f8a-3676-42e6-aa26-604f7ceca585,JAF-001
5b3bccc7-5479-44dd-9751-ecdf3fc1e429,9eb68050-cacc-4204-851d-565280516f6f,BEV-003
6ab34cb4-c9c9-4021-be27-76857adc158c,7a218754-f9d0-4230-bfbd-0faa579c182f,BEV-001
35de8a63-a03d-427a-ad69-e38ff462c02f,2060553c-84f2-45a5-9666-f01c77167fd9,BEV-003
20efb9c9-279f-4c28-a63d-5a51162d168c,6d8a3b6b-e416-4246-818f-ec8e65db2b94,BEV-003
592329a2-d7e3-4a74-a8cc-558d001959b6,51f0bfff-79b8-492e-964b-b367f2885b24,BEV-005
6568df5d-93d7-4745-8ff6-d8ea27f7ba94,51f0bfff-79b8-492e-964b-b367f2885b24,BEV-001
b13b1757-321d-4b6b-8116-40280b320a9f,bf366939-028b-4a15-a910-5c9182f71861,BEV-005
8d5636a5-74bf-4ed7-8449-42bde89bcc65,eb730685-d453-420e-b66d-6304fe331a2c,BEV-001
bff537b2-f86d-4ffc-bd37-d52d2705e0c5,eb730685-d453-420e-b66d-6304fe331a2c,BEV-005
caff92fa-46c3-4133-905d-388ec2bb4044,eb730685-d453-420e-b66d-6304fe331a2c,JAF-005
4c0f1f33-5a94-440a-aeac-0a09c52bf402,85502a6a-90cf-4334-a234-70b2bdc66c9b,BEV-005
1f5abe51-7c53-44ac-88b4-15faf6e86d58,85502a6a-90cf-4334-a234-70b2bdc66c9b,BEV-005
aaf3d7e6-2b02-4c27-b4a0-809c0dd06f88,85502a6a-90cf-4334-a234-70b2bdc66c9b,JAF-004
16e93435-500d-4368-bb7d-39ce523b760e,82abbcd0-1128-4d1a-8b01-ca63b64b9875,BEV-005
845d8472-9ef2-4e19-986e-667139310b0f,aac09282-7bf3-4f58-b86a-5e2c2239f588,BEV-001
bdd42991-28e5-4015-a9f3-bbcd8987c1ac,bd19430f-69ca-4905-9a8f-8868a331dc44,BEV-001
46137696-e3a1-44ee-9bf3-9f9cf1fbc9e4,d9d78ff9-2948-4c56-9b87-4cd2b84d615c,BEV-002
0cb02d4b-80b3-4b80-b938-8bcf0f08b03e,a937ec5b-1e0b-4b83-b1f4-17a058803842,BEV-002
531d2bf1-f7f6-4ab3-a9ab-280e07c408d4,a937ec5b-1e0b-4b83-b1f4-17a058803842,BEV-004
471c7c9b-c93f-4358-b0df-0bc2d3d7a6ea,32e43f8e-265f-4dd5-bde4-91f1443a80af,BEV-001
f3817901-cbf5-4002-b809-e1e398f4b9fc,08f172fe-e7ab-4636-9ca5-b65e9bf6ba28,BEV-005
a1c835f7-f948-423a-9a20-445f80961e0f,41fcb29b-47ae-4695-bc5b-9af8f5bfc545,BEV-004
31631efc-9959-4946-9f5a-4e125526d045,5992b388-1d03-4614-a676-fdb4b27869a5,BEV-002
fc7434b2-458c-47e4-9e6b-ea037951361e,4763a89e-12bf-4b56-814d-43fed42cac44,BEV-002
8c49db5f-3e4b-4c25-a7f2-7b8b469bd815,45d9aec5-f25b-477b-b375-7c93e3054045,BEV-003
f7dc9ee0-f057-4d61-aa66-7286b9803993,e2cbd431-458b-4bc4-b6c0-d33f15c0bbfc,BEV-005
4838223f-842b-4c56-b1d9-a529ea4ee74c,fba8b333-d079-442e-bd85-a8c5848c68b8,BEV-003
e78932c1-b3c9-4205-aabe-4e374c87fa71,7305079b-9256-44c9-a71a-ac2306c5c179,BEV-004
bb63c286-0e7a-49c5-8fd5-8d6c78702b15,8521e0d2-4363-4e24-8bd6-5ee51ac577ae,BEV-002
a109917a-a7e7-4221-997e-9daad7efea43,91124d51-287f-431c-ba56-2b0b123e92e1,BEV-004
019f84c9-64d6-4dda-b58d-bec6f5115d55,01960856-46f1-4964-a0df-1d2b8745c65f,BEV-005
4d7cde1b-4a31-4c64-ae37-db01b4bbd634,01960856-46f1-4964-a0df-1d2b8745c65f,BEV-004
276dd370-c8b8-4b35-b2c0-f42b7b83bb4a,5e91dc74-ff96-45d1-b600-f2ae941e874b,BEV-003
e8c13ca4-7295-420f-a8aa-4640a1fff9b6,55a890b1-e779-4d8c-96a8-f778d5253e5a,BEV-002
77558b83-e177-4920-9a77-0f6fcd4ea3cd,f5d5b559-200a-4981-a9e3-37ad5c4606aa,BEV-005
2af6c159-9bd3-4d8f-85e9-3ff133279fa8,f5d5b559-200a-4981-a9e3-37ad5c4606aa,JAF-003
953c0aab-700c-4ff1-9a31-abcef8491aa3,c55793ab-c361-4330-9990-4edd41dd61e9,BEV-004
e0c4c5de-3a85-4d7d-890c-d2bc2a27a32d,a29d94ff-2519-4df8-9e68-83cc071b96d3,BEV-001
a9050d12-a24f-48a8-998f-341a4193bb7c,3b6e45f3-f2d7-4d5e-8034-5ed45b5010e0,BEV-005
ea0a6749-aa44-48a6-b7e5-edce575d78cb,c04bde43-cf18-4b00-8e5c-aaca0872d898,BEV-003
840a1d3c-cc78-46d1-add8-7066dd581d4a,8a171f8e-b3a8-45f7-bdd3-30d08f6eb263,BEV-002
3867b937-8943-4013-8dfd-88de5c4ac380,f90834bd-6b05-45cb-aab0-3eecd1f39647,BEV-001
6d136aa6-eae3-4083-9d1d-4150afa65062,1d9dcc84-27f8-4f8f-bcbd-b89af2068854,BEV-004
9d1fc81b-ca46-449e-8cc8-fb870d1c2f56,14d507b5-8654-4514-ba1d-92b081c64689,BEV-004
8916324e-707e-447a-9012-7cad57d11c2f,295296ac-693f-4054-b257-a5062b2adce7,BEV-003
f49f6dbc-83c0-4b43-8467-b4bb0aeba4d7,0480a92e-40b2-4ff7-8941-e8b567740e8a,BEV-005
fcd55248-3244-4a80-bc13-29b66d070764,f01b7398-a047-43ff-a16d-e25577b230e2,BEV-003
918d558d-e636-4ac5-9741-65619c879988,9e8da449-6ad2-4fd3-8c8d-e3586ddd1994,BEV-003
bf31f12a-99c4-4843-b4a8-9ca343073341,a08e133a-15c3-41dd-b5d9-a2695f060768,BEV-003
039fe3de-5c70-411d-844e-ca9364ed854a,a08e133a-15c3-41dd-b5d9-a2695f060768,BEV-001
8e81d68e-2fea-449f-a8b3-dc2d9c7bc5a4,bef3ebe6-9ab6-4d70-af50-d83897967c1e,BEV-004
48c31672-8a9e-4493-9f2f-b2b5ca15b779,a3d59841-1aef-40ec-93ef-ae44d9804b52,BEV-005
b4e2201a-02b0-4dce-9c9a-7c260558bef6,5cf7661d-a27c-4fa1-90d0-96999e219f3f,BEV-004
e6748f39-c209-4ebf-aaa8-d165cd0db3d4,5cf7661d-a27c-4fa1-90d0-96999e219f3f,JAF-003
510493fa-3354-480d-9330-0aff6e7a2bc3,5cf7661d-a27c-4fa1-90d0-96999e219f3f,JAF-005
29416a5b-8e9c-4399-995f-7e5d850055b1,5cf7661d-a27c-4fa1-90d0-96999e219f3f,JAF-003
f1e3832b-059d-4214-8d90-ea98284f1e26,564bd674-78b0-4411-b08d-190869770c65,BEV-003
4a2e493b-6a90-4979-8800-7f2714f52031,566bf8a1-84b3-4154-92bf-70643cb7b52b,BEV-005
1f350052-2685-40c2-a197-eabd9ad06ba1,ae1919f6-4716-413a-a9af-91a6ad5a21a2,BEV-003
63b9a70a-9ec2-4af7-8c4a-03e79ba33a18,bbd2e14c-0a70-4e9b-a2a8-316c4c9b3f26,BEV-002
b31c6601-4287-4007-84e4-3d4a1dc6e7e7,efe93ef9-5fe0-4e72-abab-dd7b45946987,BEV-002
3fa69f9f-a2ea-40e4-987a-6d09cdf52bc9,efe93ef9-5fe0-4e72-abab-dd7b45946987,JAF-003
dd70093a-7cbe-40c5-923a-60c8400a10a3,efe93ef9-5fe0-4e72-abab-dd7b45946987,JAF-002
b441fbe7-3fcd-48ba-a4da-ab1150a365c7,efe93ef9-5fe0-4e72-abab-dd7b45946987,JAF-005
0e752b5f-2456-4425-8262-5c74c9c3a673,135ca7eb-e8fc-437d-87b1-651c8a8702ec,BEV-005
28b17abd-482f-48ea-a090-ad052e5bb36c,135ca7eb-e8fc-437d-87b1-651c8a8702ec,BEV-002
a196aaad-e87d-4356-87b3-7fc0c8e8b318,135ca7eb-e8fc-437d-87b1-651c8a8702ec,JAF-004
1d01cdc1-a19e-4afe-837f-6cf87bd766da,bc3937c7-96d5-4037-b407-009532fde7be,BEV-004
d4b49ee1-b0c8-4f29-b7ba-0304188de150,b01d161e-4b92-4ce9-aafd-5fe5c2f6134b,BEV-004
99262b43-ef70-4f95-85d8-a5e70dc727a1,6ca6a152-a85b-4ed8-8684-57dead7ecfc8,BEV-004
2871368c-2c50-4544-9fcd-caab4c444968,c2a277be-131e-439f-bb2b-8fa27c11b864,BEV-001
09e74e22-2b11-464e-a330-b287bcc9dd45,d363425e-773c-4a3d-b0da-f9988a96159f,BEV-005
41c0adbb-3f4e-4d37-bf7b-42c545d1c0fe,5b702a4d-3780-41c6-8291-b427df844412,BEV-005
a7cc0066-12af-485a-aefc-9f72fbcf3c59,e53dce12-e456-47ea-92cc-218fc25655de,BEV-005
68841603-0929-427f-b69a-a389791132be,d4f77b00-cfdd-469f-bd13-97e1e3cb6d63,BEV-003
57f308bc-9c42-491a-9b72-e5a2e0de3e53,d4f77b00-cfdd-469f-bd13-97e1e3cb6d63,JAF-005
1ca3d638-7eb3-4fac-befa-1885a652dbcf,56987728-8d0e-49d6-8435-741f3fe57dc6,BEV-004
5d36772f-7abc-4664-8dad-2de4dbe1b488,27443f0e-02e7-4be6-a6f7-166bd0e34032,BEV-001
d0e53816-e2cf-4a17-9e0d-d846ee00d499,304ced8a-548f-4298-8961-e67f03808d78,BEV-005
88091b3d-5c6e-416c-ae1c-fcf526e84c16,c803c2da-a007-4f56-92e9-a393d9c976db,BEV-003
4626d140-72fd-4d92-a918-c76ee3e76ac1,c85510c8-7bff-458b-97d5-1494fc8ed399,BEV-003
b625569a-4003-4d8a-a17d-319d27bd4558,8019e840-1339-4a38-adfb-b2e7de778830,BEV-004
454ca344-646c-4c75-868a-e72f4b53162c,3a6d336c-6193-4b52-99b1-f1e77b74fd60,BEV-002
975a21ba-da05-46fd-a148-898df3be5b40,387f9671-ae08-48a9-9079-38bba7aa26e7,BEV-005
04162241-48d9-4f33-a995-f20501fcfda2,c40eba68-7182-4201-80ec-1d5b97354d23,BEV-005
635811a7-9123-4158-ae41-ae93e790df18,683a7c72-a5ee-4ba7-8f0c-32d4ffe4a48d,BEV-003
d1cb14ca-7f36-4a9c-967e-0e2bdaaa5d4b,f8befb2b-ae50-4e38-a5b0-1e96620d98d1,BEV-003
33a5ee43-7539-40a6-b18b-4c2c6b8a0d9e,a0376200-2e70-4471-bedb-fb0b3efd2053,BEV-004
d968f95a-1c30-4829-9d49-71156342ac7e,c5636847-b13e-4a33-9f5f-926d6c5817a3,BEV-003
0ea08849-7b85-4364-be52-ab9cc919072b,8ef0a452-0884-422b-b73f-ba9675c69c1a,BEV-002
277265d9-d2e2-4739-af6d-2aeaf2b5ee4f,c523d49e-9234-4c06-a3bb-878ec06ccd67,BEV-001
f6cba6dd-6ab6-49fd-a5ab-a23a4da72fd1,fd86876e-5d45-4d55-bb2b-6815d32d40de,BEV-003
c3dfcd86-051d-43a9-87bf-b62b33bbaca7,fd86876e-5d45-4d55-bb2b-6815d32d40de,JAF-003
c35bd3da-40e5-4969-abf3-3a729c083600,ea09f7de-9676-4ea4-ba16-98f20fb208eb,BEV-004
0ce1ee84-6e42-4cf8-913b-8ff1e29cca6d,0519fc26-20dd-4289-b8ce-b929f1db85ce,BEV-002
c6683ee2-0e81-41cd-99d4-7c0cf5513705,0519fc26-20dd-4289-b8ce-b929f1db85ce,JAF-001
5129f83a-1c1a-4eed-bb27-0983581ba8f6,814c47ad-7beb-4e42-8d4f-b1acab24a4a7,BEV-005
2aa39abe-fa35-4b9a-a37f-e95f110e4174,a033c773-9913-42f7-8354-d7b00de544df,BEV-005
b83fc850-ae6a-4d18-b83a-4a2f8e602963,7e3d3472-736a-49c6-be95-2f5ec565601e,BEV-003
71b38d0d-fb98-4774-8c77-f71d920006e1,7e3d3472-736a-49c6-be95-2f5ec565601e,BEV-003
c3124616-9933-4e22-b693-c4d030a1a03b,7e3d3472-736a-49c6-be95-2f5ec565601e,BEV-005
b576cf83-4e11-49b8-a92c-27b57f2d48e5,7e3d3472-736a-49c6-be95-2f5ec565601e,JAF-003
15dceb93-5233-415f-9c1d-fb3a8d1c9b3d,010da8dc-2fcb-4135-be9c-b4515aaee9f8,BEV-005
893ca156-1e01-4eb4-9b63-4896538e8b32,01b18876-bffd-4620-8868-a5a73c8f5ead,BEV-005
909ba879-cad3-43d3-ab10-34a401b04c92,35777d34-beae-40fb-8bc2-4a5410a03cdd,BEV-001
e652dbbd-c0b0-4c5f-8a48-12ffb7c92b5f,ef3654a4-29a7-42b0-9f85-79a3eb9f0474,BEV-004
19626a02-01fe-41d8-b469-2a82c6b5c06e,ef3654a4-29a7-42b0-9f85-79a3eb9f0474,BEV-002
90a132a6-b25e-4f74-a780-162202356f7c,f20c4146-ca15-4f1b-aa8f-6fee69d8e7cd,BEV-004
38cbf6fe-ab56-4973-9589-e9ee129f1cb3,f20c4146-ca15-4f1b-aa8f-6fee69d8e7cd,BEV-005
2abec069-6bba-4c22-bf52-15d5916c718e,09b8eb25-b4ce-4293-b5d3-0dad51c3e106,BEV-004
936e2f79-5855-4991-8e0a-a2e7242bf0ec,9b87e3e3-6789-435d-a033-76ad5979066b,BEV-002
5f758ead-ea76-4c81-97f2-7a186fc16a17,e17fd803-0599-4fe2-b3fb-118831167eea,BEV-005
3f06ebb6-7236-40b8-9510-a58aebc9f745,6daa9bbf-7e25-4e90-864b-4ec9a989f340,BEV-001
ea5ab7e9-e84d-47a8-9fc7-30c2313e1cb7,d0fea59d-cad3-49fc-a3f7-b1aa66fe1183,BEV-005
9298f6cc-4e23-450a-a4eb-8db53f9674f0,d0fea59d-cad3-49fc-a3f7-b1aa66fe1183,JAF-003
6b7bf057-cb96-485b-a61a-a1c93e230a8d,d0fea59d-cad3-49fc-a3f7-b1aa66fe1183,JAF-004
d7536f00-18b9-441c-bd07-235beec549ca,556f8a61-960e-477f-9119-f6f6f8c6f875,BEV-005
1c5a7092-12e3-430b-af36-eb9a7d884c5b,3a35944d-f348-406d-a305-35885c32d651,BEV-003
6e7b734f-d8d8-415c-8c45-15ae9d79d0e9,65431e9d-cd4a-46cf-a345-765a2172b77e,BEV-003
b18f096a-b3f4-42ea-a854-44d0ee5fe48d,e168341c-1c2c-4836-9917-6d6afc821b25,BEV-003
41fb01bd-7e4f-4527-9e72-481442af6353,e168341c-1c2c-4836-9917-6d6afc821b25,JAF-005
8469f757-24a3-4ca6-aa61-a239c9da95f8,e168341c-1c2c-4836-9917-6d6afc821b25,JAF-002
35bc4cf5-3e39-4586-a2d4-437a7ac3ef25,2a9f329b-3087-4ea0-8829-635e5718b5af,BEV-003
95be2662-dfb2-4033-b30c-0fdfdfb75894,d1cda8e8-5754-48a3-b861-6d02cf936201,BEV-001
e518f4ad-6b35-496c-b1c5-397c93f40684,d1cda8e8-5754-48a3-b861-6d02cf936201,BEV-004
789412a0-bc9f-4209-862c-1a8934aa2bc8,d1cda8e8-5754-48a3-b861-6d02cf936201,JAF-002
940bcd8a-3503-4a4f-a964-ac179e1712d6,2fb8ced9-aa05-4ee8-bd67-987fb8e052a1,BEV-001
ad1c9787-6f2e-4719-91d4-0e10c0aef6c6,8cea2d65-1ab3-4cfa-affe-5ec856410afe,BEV-005
e5843526-b7d6-4f68-abc8-416f5ae133b8,036947b8-b72a-4bdb-a976-29e40b532a92,BEV-005
74bb5921-7e16-4c28-8fcc-7342267900ac,9737a5e1-a6c1-4f99-b65a-9819aeb6345d,BEV-004
f7d23ef8-993d-42c0-95c2-cd0e7e8076d2,e38c3496-4f65-402f-b239-8e9ccc84bdd9,BEV-005
d55882bb-fb4a-41a5-b0bb-c03c7db84aa4,a763f259-a17c-4cc0-853c-260aa60ccc2e,BEV-001
594e6d7d-48a7-4a21-b9c7-c62cac351142,3e71e1db-4a14-4a70-a82e-f095ec8c46ca,BEV-001
d896e685-d62a-435a-87c1-2ec995b9e044,98c79ce9-8178-47c1-9d58-049ca902d62f,BEV-005
56d0b7ab-c9cd-4b3a-ada6-1067f8468c00,3fefde64-6dc0-481b-b46a-8fad5ab16e7e,BEV-001
561941bb-5208-456a-880e-b85b680f2923,ff36a4ce-2080-4708-aeb6-b13342f356d1,BEV-004
78a717b0-1772-498c-a93e-27b056a64601,eeef9ea0-ba7f-41bf-ac4a-414156f22a0e,BEV-005
813f6882-293e-4c3b-ae0a-71621be5a214,eeef9ea0-ba7f-41bf-ac4a-414156f22a0e,BEV-004
1d2b0430-3c8e-4176-b264-ac926e716c25,02ae9d0a-606d-42ce-871a-5316c7ae92ac,BEV-002
b03f447e-f3df-4650-b277-f4bf778cc810,02ae9d0a-606d-42ce-871a-5316c7ae92ac,BEV-005
aa8a9705-3732-4912-bab5-3d21f73045e3,d348b289-e33d-4e26-bb27-e0a8ccf37fd2,BEV-003
78ce6384-d52b-4c96-988a-32f038724a67,11436f0f-c5e0-4235-84cf-206ece000662,BEV-002
2ae401cb-82e8-428d-97d1-340f54b9b627,1924739c-2123-4808-80d6-457163219b97,BEV-004
72dce60e-d5e2-49eb-a673-1427c52049b0,750d5c45-f355-401a-8e2f-6858d97629dc,BEV-002
00c5daac-074a-460f-ba14-fcc5e58dc201,d9368d3d-4a53-4551-91f8-7390ae21313f,BEV-002
c2426927-c340-4513-bfbf-7a942f304642,d9368d3d-4a53-4551-91f8-7390ae21313f,BEV-005
ba6e06bc-be0f-4a08-8105-271a2240bbc4,c9777b03-619a-4d31-9db9-2214b9f43c0d,BEV-001
c27d37e1-7fe7-4e2f-903e-7ee786cec6f0,5e19f2e0-c9fb-4c32-b6d7-27033a457215,BEV-003
c8f6c21b-3423-46ef-a73f-70d440dbbd3a,5e7e0862-f6d1-4351-88b8-36d111442d6e,BEV-003
3259888d-ff26-47a4-805d-f2e1a3837857,07e92f09-a233-49c1-bebe-11e74daae813,BEV-004
5e413f6f-f084-47ed-a74e-e296db72e8ee,07e92f09-a233-49c1-bebe-11e74daae813,JAF-005
5e87804a-8f45-4f97-968d-28bf2f1d52de,7129f475-ab9d-42b4-9935-b0387bf82f52,BEV-003
3dcd9633-0d22-4d38-ac68-ed5a14ea997f,7129f475-ab9d-42b4-9935-b0387bf82f52,BEV-004
c66ca00d-e28e-465f-b8f5-88bea9d440b8,7129f475-ab9d-42b4-9935-b0387bf82f52,JAF-002
1ccf8b96-72e8-4bdb-9144-f58663a8e776,7129f475-ab9d-42b4-9935-b0387bf82f52,JAF-003
b3b12afd-0998-407e-a039-33907a9c82ff,491da533-0b7f-45f4-b4fe-6e2c759b2ef0,BEV-002
608b64d5-e69d-4d78-a3ab-655d8b866d60,491da533-0b7f-45f4-b4fe-6e2c759b2ef0,BEV-003
0e319ede-fca6-451b-b925-3f0f1b4f85c4,c33f0c66-afda-4648-a16d-5ae91bf7c8e1,BEV-002
2840ce2d-cbf0-4def-b5b0-52b85f7e6b67,25be1f6f-f988-403e-85ab-59aed2e0eec5,BEV-004
358c3dce-93b9-4ec6-9eef-79f573fbbd52,a5702112-5ebf-4d95-af53-e6ae87192fe4,BEV-002
469a5b5f-af37-4094-8182-c475aa3c9e51,a5702112-5ebf-4d95-af53-e6ae87192fe4,JAF-003
f8d6d1a9-6333-4a59-b6a0-310f6d2b0c54,dee60cb4-3cda-41b7-9f92-1d822328cfe2,BEV-002
4732de8a-9624-4965-9961-39c0c4bc6d8c,527cdce0-d462-44b9-bf8d-631806680d47,BEV-002
639dd430-7334-4382-b2a7-ff53176ceb47,527cdce0-d462-44b9-bf8d-631806680d47,BEV-005
f78cd163-e835-4602-be4b-1958dd2a5097,c61c2a79-2691-4f9b-9f3e-9ca71895b6ff,BEV-002
85085a54-1060-429d-987f-02abf0816f87,bba1b51e-8b3e-4b75-8fef-f5e8063bc9e8,BEV-004
00defa30-abbe-4145-a35a-a67f6a6168d3,d87bc165-ef7b-4e4d-a64f-b97640b3486e,BEV-001
7150d539-5f8a-46f3-b404-d9727380a402,d87bc165-ef7b-4e4d-a64f-b97640b3486e,BEV-001
91639aee-a510-4211-b086-76ceb7f338a2,d87bc165-ef7b-4e4d-a64f-b97640b3486e,JAF-005
48b3bfba-ba7a-454c-a559-38342454cd80,f484de90-6ec5-415d-8e95-8c17b0664b14,BEV-002
4d769042-fb4a-426e-93b1-570de1d5aa38,f484de90-6ec5-415d-8e95-8c17b0664b14,JAF-002
14b80ac6-cc26-4248-af32-d0cfe05d9203,e7a382f9-60b7-44cc-af17-c17b60fa5ed2,BEV-005
efc8d556-6751-4d81-9672-967cbe7ffa18,35f17804-47d7-4511-a4ec-c5298ec514c4,BEV-002
8f25d6f8-6a34-45ab-bdf5-24b9e4af1e44,35f17804-47d7-4511-a4ec-c5298ec514c4,JAF-004
e5a117f6-80ab-4c4a-863c-61b780ee3be6,4d0d309b-8580-4306-8eb9-827ed0c9da18,BEV-003
415dbc1e-3c3f-4bc5-80ee-63e91622742f,4d0d309b-8580-4306-8eb9-827ed0c9da18,BEV-005
10ac239e-8651-4a0b-9a94-31ec875fdd6f,d41604c5-e522-49a6-8f47-5f19e8f29f52,BEV-001
e0bf95fa-bcea-481b-977c-79de78f46793,9d5ee16d-6812-40f7-bd2d-821f6a10158b,JAF-001
ff20ea7f-4dd0-4f0e-bf3a-1ea76d0543c4,9d5ee16d-6812-40f7-bd2d-821f6a10158b,JAF-003
8c4e0fc5-9c9a-4fac-becf-f6c53ce179a8,5d2da5f2-398d-41e8-99d9-67238b9906a9,BEV-001
fd49740c-0193-4d92-babd-eef58a56712f,dca42329-97c9-4342-b2bd-c88c80031fea,BEV-001
ff277346-9c5c-4ab6-ae0a-bcfa97662ff7,dca42329-97c9-4342-b2bd-c88c80031fea,JAF-004
e30e0eac-2ed9-4240-a286-60854d326e33,66594926-63bc-4281-94b7-7ecac5c9c0dc,BEV-005
cc6db7c6-40f2-47aa-8c0b-89f92887fe30,746803b6-7413-4d68-824a-17a394ad9e80,BEV-003
94b03464-e4fd-41fd-a7ae-5984b01fe191,746803b6-7413-4d68-824a-17a394ad9e80,JAF-001
eb8b8f46-0fe4-4bfb-8939-13d7e8921e49,80b6727b-16c0-4e2c-91ae-57543ee80720,BEV-002
1ef83fbc-8bdf-4291-811e-5d46c71b6752,ddc50221-68b5-447b-8f32-101093ee4d40,BEV-002
87125926-b67d-422f-be87-04eb44cebf33,5fbb9bdb-87c4-465a-b939-b5d5a8a6a149,BEV-005
636d2a5d-85cf-440e-9860-809af1fdb64c,5fbb9bdb-87c4-465a-b939-b5d5a8a6a149,BEV-002
51ede07a-3020-47a8-8681-35db61201e44,5fbb9bdb-87c4-465a-b939-b5d5a8a6a149,JAF-004
7e0df45b-564a-4ad5-89ed-6f0f5e6d6d51,5fbb9bdb-87c4-465a-b939-b5d5a8a6a149,JAF-004
a63bef98-f851-42de-a633-017a80efcdad,5fbb9bdb-87c4-465a-b939-b5d5a8a6a149,JAF-003
d9062cfd-5550-4c37-8063-d94e1172ff7b,79748b37-e863-4ade-9560-764e40e80fcc,BEV-005
7e27507f-965f-4b9f-8e98-8bc2e0d69bb0,274e6415-7ff6-4e65-aa6e-64c4f0ccf904,BEV-002
86a58692-4541-43d9-85e7-501ee518d3e0,e3e2f528-5f3a-4977-bae4-0c74cad4f744,BEV-005
ec41e148-57e5-41fa-8c12-662ab5b89b52,09a8829c-0ec7-4c47-b203-374117f000f1,BEV-005
7222ab17-0430-45c2-b456-a3dd923bbec8,a9712f0a-2ee3-404d-ba0f-d2499e9d453c,BEV-005
158ec7be-44ff-4671-bd18-125f7d942dba,02f55a7e-9041-45d7-8518-1ea4b1d5ea60,BEV-002
ee1f1a67-aeff-477a-a8da-76383ae4ee8e,02f55a7e-9041-45d7-8518-1ea4b1d5ea60,BEV-002
5efdce1b-efc5-4321-8f7b-ba79849973e7,02f55a7e-9041-45d7-8518-1ea4b1d5ea60,JAF-003
36b1c536-d75e-4b56-bf62-eab28fa58ddc,02f55a7e-9041-45d7-8518-1ea4b1d5ea60,JAF-004
2c2715d6-8e2e-4ab2-9a2c-65b88ec461b5,02f55a7e-9041-45d7-8518-1ea4b1d5ea60,JAF-003
98c9c96f-1137-4014-9c73-638abe8d6db7,3b0e38e3-8b75-44c0-965b-1a5c08f7df6b,BEV-003
8cf40623-541b-417c-a8b3-6afec986fa29,d28e8e3f-1d26-4e49-8c5a-612c792c6447,BEV-004
4f23cfd8-f2ec-4fb8-b319-99a399ee3b50,949eb516-5756-4dad-9aa1-150de69ab630,BEV-005
2483227b-50de-407e-905f-90f6902aa56f,e6a6e39a-32f8-46df-9964-394044770a66,BEV-005
da10b7e8-4914-43b6-b3ed-3ef5298b2756,fc639227-0595-4fad-8102-c85b793e8f9d,BEV-004
0c578d81-d94a-4f54-bb68-63a2218d7b6e,b5982769-45a4-4c82-af75-a3c398b1bc9d,BEV-001
58fb3709-e2e0-489b-8ab8-65f575df3b06,cfd0d986-3d42-4d06-80c1-ff4d52e82f25,BEV-004
d27779b0-1450-4c68-bd85-5e0bbc66fb34,49eb0a92-3b66-4559-b4d6-40121bf7a7be,BEV-005
6cebff16-4b54-4911-9f9f-0743cfa080e5,e17ba339-c5cb-489a-820b-d01586c905fc,BEV-004
74581053-bcc8-4d14-9b8f-f249ff55d3fb,3479cea6-d887-4530-b4ba-a9d56e3cb686,BEV-003
2661966d-592b-4d1c-978b-91c17d85e37d,3ca3e277-42fd-49ed-95c3-0180654d60a6,BEV-005
b6968c4b-a050-41c6-a539-bd59398777ea,bf42da98-75cd-4138-9601-e4a4a8d02a80,BEV-003
c42bed6c-097d-4629-a2fa-f92e739d6ef5,f9b0d9b5-6327-4d8c-a8c3-4e3b36b4d7d2,BEV-001
31666e78-77c3-4e19-944e-c149a0bab7ce,ad85ed9c-17b5-4906-b307-480b19737460,BEV-005
f4718790-9689-442f-a296-5b5ca85f7378,2cac2b1c-fff6-443f-beef-b39c8de6f3b2,BEV-004
96712110-ff9e-418f-a073-7dd0af4d808e,c7040560-e316-4f40-b3fd-f6865399b411,BEV-001
b78623a3-94e4-4780-bab2-bbd3706d02e5,62658813-2b5b-4861-83cb-5aa966afb30d,BEV-005
73afa6fd-4652-4c64-9b39-800cc68b0e6c,dcf1f3b2-f68c-45d9-a3e7-266b1a8b83dd,BEV-004
02e05e1d-525f-4475-b109-b4d985e34cf8,a5225758-3c35-446a-9ceb-98018230de4f,BEV-003
c2615025-516f-4cd3-a378-00553aef3019,15065dd1-bcb5-475c-a0c3-efdd3b862bcf,BEV-005
f30b7b60-f098-4d94-8ec5-3334c9ceb354,53068af7-9e2e-4fcd-bdde-fba3424235c0,BEV-005
a2a901d9-22fd-4d18-bdd7-81d24e844731,13cd49a3-bc9d-4a29-864c-63402d6266b2,BEV-004
da089e79-cb61-4209-ab15-5845e209cac7,9be9242e-d1de-4011-8c4a-ca278d6cebf7,BEV-003
fa63c3a8-3b8e-403f-b406-17cccc81b203,9f250694-0015-484d-9468-a2ee5c750c39,BEV-003
211f1b7d-7759-4f94-bc78-d497be5d306d,9f250694-0015-484d-9468-a2ee5c750c39,JAF-004
290d7fad-6c9f-45a8-967a-7721e18cd67b,64f8d18e-02c0-4c35-96bb-905a9e959905,BEV-001
a6681741-c19f-4525-81a2-3704417d5ffc,64f8d18e-02c0-4c35-96bb-905a9e959905,BEV-003
2d2f1388-b806-4cfd-9b5e-1936d561439d,f5bfa045-cd5e-4444-adfe-4aecb0dc5a04,BEV-005
be92b9a4-4869-413d-9001-25674e6db0ff,c9d43eb8-a53c-46df-a56c-f3e13f3039d5,BEV-004
fcbe4a59-616d-48fb-b284-29c034f5d78f,c9d43eb8-a53c-46df-a56c-f3e13f3039d5,JAF-004
154fbf66-d700-4750-84a8-a4d75085013d,5661f4ab-3aa3-4dc4-b7c6-2e28d2772f7d,BEV-004
b4c4777d-dec9-4dd8-af96-59a7a605e6a9,1afd6f8a-40af-48d8-b31c-02a06392226f,BEV-001
b116896a-a763-4940-b102-63011908c951,cb56f57d-04c1-404a-b74a-e4bc6c30d154,BEV-005
2dcf1050-9df4-45af-b16b-7d5bbc26b6b3,cb56f57d-04c1-404a-b74a-e4bc6c30d154,JAF-001
e92d43bb-084c-46bd-bf36-89da21a1c1a9,ea9b0f11-e082-4de8-b2fb-3ec3590e54c8,BEV-003
dec34ca2-c5b6-480a-83ae-cbfa9a5a371d,3c436fbb-24b3-46ec-850c-c4a1e3eae272,BEV-004
ecd8676e-f901-4cf8-bd3f-4c3cba5175b0,cd484381-a5fc-4d25-aa7e-52a8d61e4b9b,BEV-005
ed7f1dd5-cf5a-4269-a5f3-9fd2d9a5a0d1,e1f64582-1a44-46b1-9c25-25132aadca8c,BEV-005
67499949-0c25-45d9-a73e-e87d31e628ac,9c720e87-455d-4eab-9c48-900e81a48267,BEV-001
a3af5119-9a09-4351-99dc-b1dbe87b424f,4d79f44b-a88e-4f88-b997-1c6418ac6cac,BEV-001
f8b7dcea-6bd9-4fbf-90e0-aa2fda36007f,6afb7dc6-2ec6-4ccf-83fd-acf56a9a9d94,BEV-001
5bbd48d4-9cde-4e24-b89b-08be6ddab062,c0e4c00a-e9d2-4f67-bd15-4145dfcdd148,BEV-005
4cd335ac-b7e6-4cd4-b247-5f5ad3961b45,92567c56-c922-41cc-a54b-95db84b29113,BEV-004
2e3510cd-3853-4064-8200-056733ebeeec,5076a7ad-9ca5-4453-ac10-31ec454a6d73,BEV-001
101fe095-3417-46c3-8599-2c40d9b29860,964791ea-970c-4c4a-ba14-df806dccc953,BEV-001
5943842c-04cc-496f-bd79-c4a1ad94eeb6,be136895-49f6-46d9-860d-e908b16427dd,BEV-001
4c03393c-7c0e-45f8-8f79-ef453f28f820,50603b0d-e6b0-4c66-869b-6c78f9df2e17,BEV-002
e3fde53f-5fc0-4019-b9dc-86f2a232f730,43eb32cf-1104-4989-b9f5-95f3841536dc,BEV-002
42dfa2f8-c4f2-4950-8ba6-dc80604d743c,144b0513-1242-40d6-8b5c-00ac4e2b0392,BEV-003
464ba727-801a-4665-b8ba-93344b836079,17a9436e-2263-436c-bc06-1632aa79ca1e,BEV-005
b25e5fe1-e28a-410d-80bd-d818d11e8fb9,478034fc-e326-44af-8567-7a1c9634c209,BEV-005
79ffe45a-7073-41d3-888c-fb11e24faf90,478034fc-e326-44af-8567-7a1c9634c209,BEV-005
18b60f66-080f-409f-aba1-56883600fcab,ff370423-d7be-4862-b418-00b583bc9391,BEV-004
15d8ef45-7c2f-496c-9afd-b946680d2f2f,878ecf4a-2a43-4f17-9e71-6c88d1bbf64b,BEV-001
7cfd9299-f77d-4a75-857d-395947e8bf73,878ecf4a-2a43-4f17-9e71-6c88d1bbf64b,JAF-001
c02203ee-c062-4d9e-9432-5ffe19a723d9,5fca381d-c0f0-4412-b4c7-5be12bbad5c2,BEV-001
d080514c-e1dc-4341-a464-693f2eacd269,5fca381d-c0f0-4412-b4c7-5be12bbad5c2,BEV-001
3b832d5d-a385-4c44-8b0b-b3d979c85570,5fca381d-c0f0-4412-b4c7-5be12bbad5c2,JAF-002
c1abae2b-abaa-453a-8711-1d2b551c49da,5abdfe6a-496a-4ead-a961-355a377d11d3,BEV-005
0aaf722c-278f-47f9-93eb-e31b2ac628d7,c6801723-f10b-484a-baa1-2686cd0354e7,BEV-001
5b2ed248-344c-4e57-a5c4-a62541f84acf,6a90db52-f293-4639-9942-d7d0ad7909dd,BEV-003
cef6092e-d257-45b7-8af6-87342b0af8f5,6a90db52-f293-4639-9942-d7d0ad7909dd,BEV-003
621e087c-f067-448e-89b2-6100856cb172,26bcbbae-c6fd-4b5b-92c7-9d2c6b9d9824,BEV-001
000f7293-cc20-4a0c-adb3-2a2391e182a1,34d43bf4-6d6f-4deb-8def-05b4d278f787,BEV-004
47f4be98-d122-4979-8000-6e97279a933c,bf0d69a9-7836-4b07-9301-41b2653d6c86,BEV-002
1309ffdd-d3ad-499a-8cbb-99aca5800410,8fc13857-9aaf-4a51-9462-e44716fd4f0b,BEV-002
878b437e-0414-4741-b9fe-98d5f612e13d,8fc13857-9aaf-4a51-9462-e44716fd4f0b,JAF-001
e8d6572f-ab80-49ac-9b78-40d843876f3e,17107628-134a-4472-a645-c4c154bc5fd1,BEV-005
a4b9e5e9-0ded-4979-8eab-8d10b736f09a,6efee508-882e-4cac-b56f-aceef911b0ce,BEV-005
454cb09a-c90f-4692-90fc-4ae2dd18654b,19916c1d-1286-4092-be35-36a2742a895f,BEV-005
7bc8a69d-1550-44d8-8205-a759c87cb603,0dbc0e0f-c8b7-4bf2-8421-5362c4b4964f,BEV-003
3ce3f83d-2312-4bbd-8123-9ff70d28a5d4,2a143ebd-82d4-4cec-9a89-a6220fcc2682,BEV-005
2ee979ba-ec43-4df4-b44d-07aa477fda30,c2fb0f91-0032-4538-81c3-9a424789590b,BEV-001
e062ef0b-bae4-41bc-8236-b013d2324516,c2fb0f91-0032-4538-81c3-9a424789590b,JAF-001
3ac3bff2-50d5-4f0c-963d-74778a40c81d,c045c610-2e8a-45b9-9b26-0ffb0b0bb4d7,BEV-001
92786634-d2fc-46d7-b8a1-a6c0c0029ab3,7d0fa2f0-922e-49ff-bd7a-2936675420fd,BEV-005
53ce91af-cc5c-476d-8530-823d89996863,77cd170a-8f09-4335-80a0-8ecb55b8c413,BEV-005
b97d46a8-0e9e-4f34-b1f3-42cd398f3c40,1b2b0182-60fe-4630-9779-35be8aecdcdb,BEV-005
eb160b48-92d8-4c90-a7e8-e98aaf1e8e90,06bfd371-4c8c-4424-8990-7deeeadb4d8a,BEV-005
eb2ff5bf-462e-4416-8b42-57a70c102efa,c8fb7907-8801-47a5-ac42-1ae31493c625,BEV-003
93b4893f-47bf-44b5-8186-56d380166dd8,c8fb7907-8801-47a5-ac42-1ae31493c625,BEV-002
532b304e-a9aa-4240-92ee-47ef99b87c44,c8fb7907-8801-47a5-ac42-1ae31493c625,JAF-001
657180f8-ea25-4a10-9167-adf499e81829,aa81e5e6-6c44-457d-9ee8-5b2f8dbe7764,BEV-005
225dd30f-b96d-47b1-9e30-ad7eb4e44b78,65dcfbe2-2f3a-42e9-9720-8697dcc94d1d,BEV-005
aadd037e-c30d-4af4-a793-8ccada4ce7d7,a6baec37-c511-4ba7-9a30-c0a8253b11b6,BEV-005
42da0a47-4a47-4026-bb1e-f4f1798b0bfb,a6baec37-c511-4ba7-9a30-c0a8253b11b6,BEV-003
3cb18f4d-c893-4f60-9dc3-e50a1e10676d,a6baec37-c511-4ba7-9a30-c0a8253b11b6,JAF-002
2241c7aa-87a5-47e6-92f8-ae52786b4962,4daefd1d-ce0c-483d-bd5d-8c908ea38b04,BEV-005
ac3af98a-08a8-48e8-90a7-bb9640da050f,81cc2fcf-a27e-420e-88e3-1e6bdcf55c1a,BEV-002
73eb637f-9b78-4730-9197-6bbece747c35,9cd79933-6435-495a-8f67-8c251ece944b,BEV-004
97b64446-2d2f-44bf-8fdd-14fdabf9e864,618526f1-e56d-4c03-a0ee-a8a8047f5e7b,BEV-002
439eeb2c-fd7b-4d43-91a8-f13494546c9c,791e52a9-45c1-4ee6-bdb8-c9e183c94f2b,BEV-002
eabee1e0-665e-48a6-9238-65d3563012eb,791e52a9-45c1-4ee6-bdb8-c9e183c94f2b,BEV-004
24fb22e4-a3e7-4e89-8f4d-840628a12c0c,791e52a9-45c1-4ee6-bdb8-c9e183c94f2b,BEV-004
8a4d409d-46b1-481b-9c44-160c31b664e7,a7ed7a27-baee-4fda-be2f-d110ff522196,BEV-005
5fcd9712-4c7c-4532-94cf-4d99df1b8960,45deb66d-71ac-4373-b034-25fedfc33593,BEV-003
debf2939-c431-4e8b-ba58-bd81ad902647,6dc06e9b-2c09-4637-ac8a-2bcef3fa1fd2,BEV-005
e95a393b-7e1a-47c2-a7e7-b7da076c29a7,7ea1b105-b620-4392-94e2-daa68bbc5743,BEV-002
a014d143-e16c-4f29-bad3-9fdc662bfb0e,809acaa7-1b6d-4d88-bf54-fd64eb3747c7,BEV-004
a5769977-0165-4ac3-a9e3-f1163d6f07ca,b7015ab6-9519-4280-9d04-14bca8daf7f8,BEV-004
6b97dc22-bdf8-4f7c-a907-f132a6427674,8e12bf88-5684-44b0-94bd-df41f4096c16,BEV-004
63838938-190d-492e-97e9-7cb97f09cde2,4738b2c8-57a2-45e8-887a-40548dcaf10a,BEV-005
f7af147e-1f64-4612-9c5f-fffdd7a30fe3,d4cb1f49-25f5-4b02-b507-8a532e609e5a,BEV-002
00657e2e-3e81-4819-b510-b44fbd2d003b,d31484f2-89d4-42d8-92f6-c1e24ba155c1,BEV-004
76c80d44-683e-4584-9e4f-981c67aca9d4,08906030-8bda-4e87-95ce-e12a1bba667e,BEV-001
13509ca9-3e72-48f7-8664-32209f82d6ba,2d94df59-cca2-4972-9bc8-70a50e2a70d9,BEV-004
9ff3b655-edfb-4ed6-9270-6b5e003137b0,ada0c462-0dc2-4f6f-84ec-a49a47f04d0f,JAF-002
6c8d3af2-adc3-4cdd-b5f8-249ca187a6c7,ada0c462-0dc2-4f6f-84ec-a49a47f04d0f,JAF-002
da3b4459-72b1-47cf-950f-c604b7541a8a,00b08006-bcf8-4751-8e5e-d1865eded5e2,BEV-003
a0a0e7c9-1bfc-4c03-8c3b-a47d26d4ca24,21d69cee-cdd6-4c88-af39-6fa8a9095ffd,BEV-005
ae8dd3dd-6229-424f-ad20-cfe6f359c427,57b895b4-c5f3-4947-b085-183b71fc600d,BEV-001
6d7dcb03-e9d8-44c9-a0a6-ba62d2082ade,57b895b4-c5f3-4947-b085-183b71fc600d,BEV-005
12e33cf1-a42d-45cf-a096-d0639f1492d8,48fe1abe-902f-4a76-9a2b-62540f886f2f,BEV-002
5d27a1d0-6fb8-45ea-abb4-3346b5358b4c,19f4dbe6-4257-4a6e-8c5d-32e392558385,BEV-003
d627634c-12e5-419a-85ee-feb455a73f79,817ff624-96d2-4feb-909b-c294245aff28,BEV-002
6ee78e2d-3762-4e7f-b826-9c5463bd54c4,7fd57de1-dab0-4df2-8dda-3747e79d51c7,BEV-004
cf9dcb28-febf-4cf6-87a3-5ed3bc44c42d,5144a34d-1fcd-4cbc-b598-f5d6283c30f6,BEV-002
abd32fc0-496b-4b51-846c-ddd069732626,199dff5a-83aa-436b-bb91-a1368b199e97,BEV-005
9f7ed7f2-f3e7-4726-b6ac-9876ae01255b,79c7c4d9-093b-4ed5-a806-ed9805590df7,BEV-005
2b76bfd1-21b2-4c26-a8bb-bdc6275e69d4,36bf1f09-41e2-408b-badb-90be8b1830c7,BEV-005
a4457e0f-a9d6-4a09-b0b9-86a98f8e4e3b,35b62fcf-3835-4618-8d5d-a5bc04dcbf54,BEV-004
e937c248-0f64-4d18-aeb7-188639a9d694,f37d2ed8-805a-4591-b10e-21aab3b9c812,BEV-001
0d4fe5ae-c388-44bf-8293-ed2f66bc3e57,46f011b4-f82b-4b8f-b1ba-b4e4546577a9,BEV-002
cec3b038-0012-4b1a-a199-732cd578188e,46f011b4-f82b-4b8f-b1ba-b4e4546577a9,BEV-001
7da72f5c-3827-482f-97ec-624ce2efe7c5,02c801bb-81df-4e08-b7aa-1edc6c2d197a,BEV-005
ff7b63d5-48ab-45dd-83df-eea21fc6e6fb,5321ba09-4c1a-4ba5-9d8a-18ab1508f650,BEV-005
0771ea41-5ff7-4ff0-a3f1-7b9dfb3bb24a,1ea13fde-971b-49a6-9a40-1f6217d10596,BEV-003
2c78a0c9-e292-447b-864c-51d370769830,1ea13fde-971b-49a6-9a40-1f6217d10596,JAF-005
41f0e135-ca2a-4917-b835-11b6e2d28286,9c3c56d1-69f7-4a19-978c-77e58ec1a506,BEV-001
782f1a0d-ab7e-4457-b213-1133a77936fe,d9b48e0b-7d02-437e-bb2d-21a3e2e8ada1,BEV-002
afef4abf-ccdb-4175-9e76-e6b7ba277db8,d9b48e0b-7d02-437e-bb2d-21a3e2e8ada1,JAF-002
081da796-5c54-40cf-893d-fc1af68153e7,d97bf4ec-7b0c-499b-9d47-7de3905e7a16,BEV-004
d58a243a-9ade-41d1-86f9-35d6c3f77238,edb15305-a4cc-4c25-b6b9-743fefa4ea51,BEV-004
269687c2-4d4a-41e7-a88d-6d87231d805f,5d5f2340-0a58-4ba8-9a9f-9102e9ec85e5,BEV-001
fa4e88b3-abea-45c8-8ab7-79f0d83ee86a,8abe649b-b9e3-44fa-8d55-1cef15f67ecf,BEV-003
6d1101f2-b498-4e93-927c-ffde892de381,16e688b5-bd81-4f7c-b98a-c5a905d6eed2,BEV-002
a42d4f9b-8c54-4ad3-82b9-1f8b6dffbbca,b567acb3-4598-4381-9d20-767e3bec8670,BEV-002
4bd7c67d-3b8e-4b38-a8d1-68eab9587030,b567acb3-4598-4381-9d20-767e3bec8670,BEV-004
be67ba99-5606-4cd3-8c47-6a3a85823652,99fe596f-5fc0-4923-adf2-be3eec3eeebf,BEV-003
f45f1bb4-72f2-4306-9609-fd3354bbed62,99fe596f-5fc0-4923-adf2-be3eec3eeebf,BEV-005
e3d7ed08-0bba-4a72-9b2a-50a05c08b029,2d77cfba-68cd-4674-89ea-38af36ed1997,BEV-001
0b62e934-60e7-47e7-9171-8903eb0e3aaa,2d77cfba-68cd-4674-89ea-38af36ed1997,JAF-003
3723946c-31be-4fa9-b35b-b8ddf46b7891,6240e0e3-eec8-4aeb-a57e-0fd7a6364028,BEV-001
9940a682-62bb-4715-8bc4-ab1ee6cf8cb2,a1f0318b-ec60-49e7-9754-b72c67a080d5,BEV-001
ea094fc6-a4d2-4877-957e-a3d227e40f35,0f251ad1-7ec5-4b6f-b91f-30e8696e18b9,BEV-003
f5a27bd9-37be-46da-a0ab-28297b8c20e1,a0c17c98-9ed7-4aa8-bd56-b159ed7ff93b,BEV-001
02ac9b00-7c81-41b2-bf8c-72e1eb789371,25042e70-f020-43fe-88b7-1ea9e3e597a9,BEV-005
6287bfac-85cf-49ea-a02a-974e414dbce2,c33c6302-4b39-4174-af11-3e2be3795d57,BEV-001
71484261-e1f7-4ac5-9aec-7e7855e0a89c,c33c6302-4b39-4174-af11-3e2be3795d57,BEV-002
b1462c70-ed4d-4ee4-987c-739a72b63040,c33c6302-4b39-4174-af11-3e2be3795d57,JAF-002
f6db5475-de1a-4d2e-b3ca-19c370267350,8d95cf7f-825e-4edc-9176-67ace2ddb72a,BEV-004
faa6370d-dead-451c-b54e-6b06c6bab7c2,8d95cf7f-825e-4edc-9176-67ace2ddb72a,JAF-005
1be160dd-b842-4194-9147-1cffe1999bdb,bd6665fc-7c54-4aa0-bb41-f1e088e00554,BEV-003
f397a947-03de-4b7a-a508-f9f56270764b,447fd1d8-ba59-4fb1-92f8-57452fab8b7c,BEV-003
177648b2-d02c-41e9-94f6-6fff26ce0dde,447fd1d8-ba59-4fb1-92f8-57452fab8b7c,JAF-002
bf884327-ca58-4d62-8b0b-0a7a7aaa27fa,447fd1d8-ba59-4fb1-92f8-57452fab8b7c,JAF-002
27b67a59-c675-4c6a-8c01-75c807518fe9,01f8bc02-d61d-4231-be9b-7ad28df45ad0,BEV-001
bf8851d1-a494-4962-878d-ba9516b9e435,0603e10c-d973-4f02-8170-8e428dbf4b1f,BEV-004
c8a363cf-7511-48ff-9b87-8f531e0ae51b,0603e10c-d973-4f02-8170-8e428dbf4b1f,JAF-004
2143b0c7-c766-478a-9dc0-11f30a94376f,306ba7b4-de17-43f7-b4a7-a15157410e47,BEV-001
f22b768a-d415-4039-8543-1d4ebbe72c77,40069465-c182-4944-8c0a-1cb48e5b3ed8,BEV-003
071cff9a-3018-43c0-a844-b95433b262bb,40069465-c182-4944-8c0a-1cb48e5b3ed8,BEV-005
a1f93851-510d-4c8b-a8bb-e204e87d4ce4,18fb54d3-7230-4686-979a-749106a4af9c,BEV-001
31e3643e-8dd3-41f7-a6cd-650f75332b79,112cd1b9-eacd-4f1b-94bd-ebd4dedea8a2,BEV-003
cd904548-7a13-4e34-82d9-84f44a400a61,112cd1b9-eacd-4f1b-94bd-ebd4dedea8a2,BEV-005
dd3b974a-88dc-49b0-8575-5749216a8857,f76a8777-272b-4731-8163-6292cb578883,BEV-004
130d123d-8a64-4913-a784-b758702f6381,f76a8777-272b-4731-8163-6292cb578883,BEV-003
d21d154c-57b6-4726-ac3c-4daf9262a442,f76a8777-272b-4731-8163-6292cb578883,JAF-004
a592ab66-c4bd-4c8c-8271-fd000141746f,f76a8777-272b-4731-8163-6292cb578883,JAF-004
03c3bf47-f86b-4e4f-8fa5-7dc7ebba8988,8cfc5f7a-e127-41a8-9f58-c46b4c569db2,BEV-002
38943612-e7c7-48b1-8dcd-3ba4be38609d,6475b1bf-8666-4a82-84a0-4d2ee273e376,BEV-004
ff4bee0a-2531-422a-a702-45b132f45ce9,3b7c40f1-e57b-484e-8bb6-0aaa54bc16a3,BEV-004
be4de6fd-365a-4146-b1d5-85a53f604f1a,3114bbcb-0f73-41dc-98cc-2a152720b1a1,BEV-001
5444e0f9-984a-4342-8f9b-7b2ed58e3f49,fb8e561d-8c55-47af-9513-966d78ec9013,BEV-002
c8a4c96a-e4e9-4be8-8030-30b5f5d14fb5,fb8e561d-8c55-47af-9513-966d78ec9013,BEV-005
e82b56af-f7b7-42fb-aa7f-8272a0b943fb,fb8e561d-8c55-47af-9513-966d78ec9013,JAF-003
845dda0e-f7b7-4bc0-aeb3-54cc90460b9c,fb8e561d-8c55-47af-9513-966d78ec9013,JAF-001
c059009e-92ea-4810-b1dd-284d5d76e62b,950a0b44-19bc-41d8-8eb7-05f93c5cecea,BEV-005
8f88c394-b230-4211-8757-56674022be54,950a0b44-19bc-41d8-8eb7-05f93c5cecea,BEV-003
05c686b9-d8a1-4a4d-ac53-b488a3d2fc61,950a0b44-19bc-41d8-8eb7-05f93c5cecea,JAF-001
ed6adc12-0b8d-4f90-ba6d-9a2c106965d8,6e811bb4-39c6-435a-8f3a-97e6de11adf8,BEV-002
b0e2f953-d00a-46b4-be06-f5ba347cc198,cf257238-02fd-46f6-89e5-eeb1b4ffef81,BEV-004
d0e1bb6e-addb-4b95-9b6c-49024150566f,a447f906-20b6-47e4-896e-24b4b602177b,BEV-005
c3b4eba1-cd65-468b-aedf-67f1fae2d7c8,f40121e7-5942-4a91-b8c6-9eb0a6249ed8,BEV-001
db6e3a30-19d3-4871-b558-3859ee4c978d,f40121e7-5942-4a91-b8c6-9eb0a6249ed8,BEV-003
0a798c8d-eae4-4f1f-b52b-4b9c3f2c8b22,f40121e7-5942-4a91-b8c6-9eb0a6249ed8,JAF-005
e02ae83b-ecf5-4ea1-bddc-31498cf559d0,dbcb9f1e-4bef-4d2e-a58e-78c16843c9b1,BEV-002
2f385c49-ea88-4c8f-875e-a5eec165dcd9,074ead35-eeb2-4f40-8743-e893aeec4f25,BEV-001
ff2686a1-a55b-45c7-8a8a-faa3e3da4627,41f5be9d-f29f-4fc3-8ebb-2973a140c9eb,BEV-001
2152dec7-e427-4465-9837-d2aeb276562d,d80f718b-c4b0-49f5-a781-8eac1d153f66,BEV-003
65e438e0-e5c8-48e0-97ed-9486a9f0498a,4375643a-8460-41b3-9709-8b2b30fcaa1c,BEV-003
58711d8b-6125-4474-93dc-35448c5286e8,4375643a-8460-41b3-9709-8b2b30fcaa1c,JAF-002
45c929de-7abd-4c7e-b6c1-3c08339bf1cb,d12211d4-f464-4e0a-a1a2-c831ca27722a,BEV-005
2172bb1e-5935-4c13-8bc8-97acfc850f7b,d12211d4-f464-4e0a-a1a2-c831ca27722a,BEV-005
b8ffbfcb-00f9-4a7c-bdb2-6e920c16ff48,d12211d4-f464-4e0a-a1a2-c831ca27722a,JAF-001
9d29d0b5-365b-439f-b7b5-391df6c2e641,d12211d4-f464-4e0a-a1a2-c831ca27722a,JAF-002
021ee9ac-09cb-4df5-b945-c5ec6f5bc342,d12211d4-f464-4e0a-a1a2-c831ca27722a,JAF-001
b7eb9a42-12f7-4a6b-912f-865918e29cf8,3ccf33a7-008e-4649-bd68-8f5a63dd5d5e,BEV-004
4a71d328-0ff2-49b2-90a7-c21fac8a2fb6,5fa1f54c-d659-4e0d-84f8-a14008217b3c,BEV-005
cecf753e-7f78-45e5-9059-4b64354aadab,beeec27a-6b3c-4024-9635-4e4fa8ac3e96,BEV-002
a7da939d-d822-4d18-afb4-0635b4184970,b6a1b1a8-7f5a-425f-a976-31bc18354492,BEV-001
fff0d28b-9949-4c64-8f33-d4fdb3421665,f7eb9e32-96ef-4e21-8c8b-46889e323b47,BEV-004
dcf876d2-9e0c-42fe-9ff3-48d3c3292afd,fadc6649-f7d7-463c-a359-75753a512a88,BEV-005
58f1c21b-c142-4e7d-bb1c-f47c09950620,fadc6649-f7d7-463c-a359-75753a512a88,BEV-001
9affd305-9e06-439e-ab3d-b212cf8141b9,5be59e20-d1d1-4560-9d01-ef667c9f00c0,BEV-001
ca95b9c0-5481-4d74-b4d0-e3a4f774f88f,e78d9e99-412a-49ef-ae20-b53ec93e5e14,JAF-002
4a0eab4a-abed-4df7-988f-c4e9faaf9729,f7c08474-bf2f-4eb9-8ed6-9c4f08155de0,BEV-003
df9907fd-e529-4a2f-af85-23e01911261c,016d6958-2048-4982-b2fa-c762ff9d2ec3,BEV-005
5c12b800-bc07-47ed-aa88-31dfacd6d6d3,284ef1e3-385d-4438-b3a1-ca56b72dbcf0,BEV-002
011b202d-3ea4-4022-82ba-3613ae3f3e1f,430ec332-b3f4-49a0-afa6-e55659533c38,BEV-005
510f007c-8490-449c-9e7e-0bf021068f8c,4b31adc8-fb12-4c01-ab84-639aef42616c,BEV-001
17ad1b9c-8675-4b84-b4b4-c90f619fa3e7,bea97033-aafc-498a-b37d-1c80e02915b2,BEV-001
981ee2ae-03de-4ae2-99d0-26036a25e0b6,2af21b7c-153a-49ec-96a7-e7f8e5077747,BEV-003
f138586e-53da-491c-9ca0-55f88b1b2d9f,7f250d01-1d88-4372-867c-90d67671cc8d,BEV-005
2a1d34ad-c4a3-44b3-b8a3-feb15f1bec53,8724d8dc-02d2-4afe-bec0-ea070e7484e4,BEV-002
3ace1f79-03ad-40e1-96c0-4130db78d2df,8724d8dc-02d2-4afe-bec0-ea070e7484e4,BEV-003
1044911f-4961-4307-8dd4-70c6c1e40ad2,7b7fff24-5833-429c-8d0f-26108f97d736,BEV-005
30ef74c6-e932-486d-90f3-c640c5a5e8c1,884acb82-6c3f-4baa-98f0-de227e8c299c,BEV-001
937ca5e2-7daf-4205-9884-d7bc19538648,9fe166e1-04fb-45e7-b2b4-3a9e5a1ec3c4,BEV-002
70c459a4-6c1b-4572-9d02-5f291df8668e,70a2e771-5bf3-4167-9da1-928380e5f625,BEV-004
aca82535-c225-4318-9f79-67e5aec19986,8ee72e8b-5469-42b9-b1d0-8e77da9c7d89,BEV-004
450da26f-2516-4764-a94b-3161a6e2ad26,c4dbe304-428a-42d7-9f55-26a3804b2498,BEV-001
023bd083-9c21-4343-a271-8a549685b082,4878a0f6-c2e7-4198-8433-0749a4f4438c,BEV-003
514448d4-451d-4cb7-96e9-428e7890a289,b7dd8ee5-2996-483c-907b-9eebdbc7f41c,BEV-001
3d55c1ab-93af-4841-b75d-49d020731b21,b7dd8ee5-2996-483c-907b-9eebdbc7f41c,BEV-001
d354a1fa-d2c3-41e9-81cc-0dfdda46d0b6,1bcf2b03-10fb-4dc1-85d4-1d20fcbe6ed1,BEV-004
96d35726-5393-47c8-ae50-a284cbcb51a2,1bcf2b03-10fb-4dc1-85d4-1d20fcbe6ed1,JAF-002
5ee54d98-276d-4f11-b291-c7393634c960,ad752e43-dbf9-4165-869c-06a3c0638c5a,BEV-004
be25886c-9385-4a5b-bb80-ab403de64972,88a36fae-2457-413a-ae0d-98512068fc53,BEV-002
53bb12b3-dd38-4613-8e97-592f9e2e38f4,44325ee0-05db-44e6-af3c-0e56dbcbf673,BEV-005
bd931d70-7877-439a-903e-382b8d165667,44325ee0-05db-44e6-af3c-0e56dbcbf673,BEV-004
ef2f40c8-dad1-48e9-8719-50d45052440f,b00aea2e-aa61-4ee0-a434-84da573b5516,BEV-002
ffdaae53-84af-4363-aea7-709b0fecc280,b00aea2e-aa61-4ee0-a434-84da573b5516,BEV-003
5d9a7315-7db3-43c0-843b-07e4e6172677,b00aea2e-aa61-4ee0-a434-84da573b5516,JAF-001
2ea556b4-9de3-45eb-a167-d939155c854d,b00aea2e-aa61-4ee0-a434-84da573b5516,JAF-005
2ace7c29-80d1-44c9-9f0c-b7826fa5d87b,6e3f764f-178a-41d3-a6e0-e8c2b1bad30e,BEV-003
3065e260-eaf6-43cb-aa5e-e1cc82f61110,a27ee66c-94da-4020-a23e-420cbe9ebbc8,BEV-004
33560ff8-9ec7-464b-b68a-eccc9136d903,30c9d596-7072-47b6-bdca-9f89b3bf0a76,BEV-005
0b01349b-9536-4cde-b845-7550bc521814,71a50224-6977-404a-8c5b-bcd6acb43ef1,BEV-004
cf1ba128-9784-4d27-9525-4129d6f6f969,d5899754-91f0-4a4f-ada8-7b7260d61fca,BEV-002
5b3304e2-3567-4b51-a691-afa82b843a16,796697d6-b62f-4c5c-925f-af3781f1f5d3,BEV-002
e7b7f399-60cf-4e9c-8d4e-8e075abc0681,991c5db2-7102-497c-b902-a482e2a84533,BEV-004
4e9bb2dd-4572-4cb7-99c3-4bc47f77df2d,8f15d0bb-c29a-459b-8043-ec795898d8ef,BEV-005
b336c9c8-f9e7-43f9-b63c-c7e8c984f807,f203ff6e-bb68-4e0f-9492-9e5f1244e2fa,BEV-004
803a7619-4607-418a-a72f-4eed6d11de6d,fa692e3d-31dd-4c37-b532-49b4a6be7192,BEV-005
db1ca4e5-938c-4cb8-8a0c-ac4bd6573011,fa692e3d-31dd-4c37-b532-49b4a6be7192,BEV-004
b240ecb8-7a9b-4ac0-8fcd-52ca3cfb647f,fa692e3d-31dd-4c37-b532-49b4a6be7192,JAF-001
625b9bba-6441-4687-b328-834f3cc1d424,e3a77418-21fc-498d-9fbc-a73531db9236,BEV-002
a907b732-2b68-4659-80b0-3837a19010c2,a0d524ff-27ef-4b02-ae8f-44991f334161,BEV-004
3a8e963c-547a-4a9a-ad17-691fa7355521,331de939-6125-4581-ac7e-111e02f95aa3,BEV-001
33a71929-6ea3-4758-87eb-6f46a44da484,69bc8f93-97f4-4d08-b1a4-f668de230b15,BEV-001
1b639e72-5ddb-4ce1-bb2c-5b064ae321a7,94d15530-3179-45cc-bb61-167f2ce5478a,BEV-003
2f5e78e9-4f81-40ec-8210-a57102b00e9f,cf1b3057-8883-45c5-b32d-cdb544f80c74,BEV-004
7ff99a04-619b-4118-a8d0-ea8c7a374195,cf1b3057-8883-45c5-b32d-cdb544f80c74,BEV-001
3a520c73-f871-4073-92ba-f853f3078e40,cbb36539-360a-4021-a786-2c9269ce36a2,BEV-001
2f04b10b-1fcf-486e-a21b-0bf122789caf,cf9d5f0a-625c-4b48-9d5b-071001148c61,BEV-003
73b7421a-f27a-4145-b7a6-15a5cdef0679,cdcefd14-476c-4371-9028-0b8c12a5b68b,BEV-005
35b3bba3-0fa7-4193-8546-17760b57f0ea,cdcefd14-476c-4371-9028-0b8c12a5b68b,BEV-002
4cc2260f-4004-4728-84d7-272a22ba6ad8,c2f04ece-47e7-4206-adf6-e8d1b6722b61,BEV-001
9085130f-ed33-4695-9932-79e991efdbe3,252d8707-e0e4-441a-aca1-ba965f22fecf,BEV-004
8a6fb918-71fd-46fc-bcd8-67fb7d99f749,28a8f914-23d1-4075-88c1-d28c9bc0e752,BEV-002
cf387593-ddaa-4dad-9487-94f1fa75a59a,464f0f06-16f5-4391-9e7f-d39620728752,BEV-005
aee372db-97b8-4433-9083-d20aae84b5ae,4b9351a9-241b-4602-8083-eb98118c0eb4,BEV-003
b64116b9-5f3d-48f6-9d34-12501d6ed0ad,008bbe67-3970-455d-9b7b-ddba00cf603c,BEV-005
d7cf30f4-c943-45d2-b191-61f8e735aade,e9088dc9-df13-4004-be81-ff6f5cd73735,BEV-003
a5b472ed-112f-4a20-adf0-5d4bb48d6eec,721212d0-e3c6-41bf-92eb-1b07b466d4a3,BEV-001
a70b4c70-eab3-4211-a143-5e8b2659598e,41839e61-ede4-4ed0-9df8-be8c8427409e,BEV-001
a1517e65-5232-4d65-8850-2e528e3df9e1,6a3a29d4-2a67-42a5-ad77-31d23218485d,BEV-002
fe048b79-01bf-4564-8752-a5c9f7e27ac6,540b8eae-2212-444c-9df5-fdf00d2323bc,BEV-001
cf847061-73c4-46ab-b7ee-4574c75b3b79,540b8eae-2212-444c-9df5-fdf00d2323bc,JAF-002
a1124711-f000-49e3-aa57-3f9085902db6,fccb6030-56cc-4ee8-984e-05e6d9980c44,BEV-001
eca57f84-1479-4ec9-abed-0d2814e60749,3bb597d6-74c3-45dd-bc51-26fc0a3023f0,BEV-001
97692df2-656d-491f-b6e2-263f7a0ef590,8bb587bf-599f-4dc2-a8a1-649f48b6ffb1,BEV-002
2dc9c17d-9f6b-42eb-9001-7ea18a557b2c,8bb587bf-599f-4dc2-a8a1-649f48b6ffb1,JAF-002
57dea0b6-81ad-4a20-bf4a-35b23e26ceec,08bc4517-9b9f-4354-83ea-9af7db1368b6,BEV-003
d2681a45-42fe-4403-b2ab-97eaa83c375d,41e8d744-0ccb-4e36-b675-99fd205ca845,BEV-004
4e512327-3611-41c2-9386-1a2d4e868d59,361d6614-b342-4e5b-9729-2460a7033666,BEV-005
ef3528f1-3175-431a-8cc0-a0d4f07d4a38,3e06e5c6-273f-4154-88f0-f868cf3c256c,BEV-005
b985a37a-8504-482c-9f92-f2d9135cfc0c,3e06e5c6-273f-4154-88f0-f868cf3c256c,JAF-004
ba42ee08-fb2a-48bf-bf76-3319c451b2c1,3e06e5c6-273f-4154-88f0-f868cf3c256c,JAF-005
20afc69b-238a-4f20-a459-5b5a98410d4c,0e3eeaf4-f18f-4148-be3c-611eccb5f59c,BEV-005
71354d4c-3acc-4252-b3ed-3ca65c8e8564,fa7b9375-caf6-4a95-84d6-1335464c90fc,BEV-003
70f079a9-16e7-4e43-b210-9cd8f62da95c,c6563e2d-f5be-49c3-a431-29f3dead80eb,BEV-004
5b10acec-74ff-4dc4-be0b-fb844bd9cad5,a8019a21-b275-490e-93bb-6d8d4c693da2,BEV-004
6a959714-f7ee-473f-ba00-92e5d1604966,a8019a21-b275-490e-93bb-6d8d4c693da2,BEV-004
767be301-1269-418b-b0e1-0dec89513b4a,aad2dce3-3b7c-4771-bd58-95566bf26e5d,BEV-001
f44aeb89-91f4-40e0-abb3-fe4e9134d1cb,4d1c54c3-86c2-4181-a352-ab7123f32027,BEV-004
85d9b871-0933-4203-869e-cc23ab93dd7b,20a99127-73e9-4f7d-af25-242b9699f5aa,BEV-004
759ddc86-ff0d-458a-9516-2339b46484ea,20a99127-73e9-4f7d-af25-242b9699f5aa,BEV-001
adc73fda-981d-4fe8-8489-e029fc6d705c,b2733bb1-1404-486c-8c29-932b26b1125e,BEV-001
3c8c833a-6ba8-46a1-9c86-ded46681d2a8,b2733bb1-1404-486c-8c29-932b26b1125e,BEV-001
1cfca7d5-9de8-40d0-8a96-10af7ed10d08,b2733bb1-1404-486c-8c29-932b26b1125e,BEV-005
cff25374-0f38-4f39-8720-8e3da3464afb,b2733bb1-1404-486c-8c29-932b26b1125e,JAF-002
d995a509-0428-4e02-a03b-f7f5aa41bcc3,b2733bb1-1404-486c-8c29-932b26b1125e,JAF-002
d206878a-2d64-41f8-8ca5-cac22012a271,37d6edab-53aa-4bac-8837-fdc4f57b6511,BEV-005
3ac6ea90-5964-43ea-904f-ba1beff58be8,ade777c3-c438-4c0a-ab28-060cc685e636,BEV-002
53e3bf6b-ec23-4938-abab-07732459d85c,ade777c3-c438-4c0a-ab28-060cc685e636,BEV-003
9d72f862-9445-4f3f-9cde-0deebdd137d4,2976c018-6935-488e-a21c-4dfa578a25b9,BEV-002
7319eb43-c72d-4e36-8a67-49b8a66fe436,f818708d-9124-4015-81c5-88b238f0d0d0,BEV-004
4e5b502c-6135-4397-9047-e8a7a371fc80,be243d3e-7a2c-48b7-8715-305616c74df8,BEV-003
046f0376-0d77-42a2-ad7a-cf802718043d,ccf0f70c-38d7-474c-91e4-6c94be3e83dc,BEV-004
56fa34a0-86f3-42c0-9527-dc8ceb57b7e7,a87baed2-86a8-4316-b037-2938403d0665,BEV-002
f228f032-10a0-41f6-bd7d-589383b992f8,8f14c3ac-4b7b-49af-90b9-c1590b96bb0d,BEV-005
f827aed3-c0e1-4ac5-8629-773012f664e2,1ab20a2f-372b-47d9-a284-8b0177579008,BEV-004
61daf052-d33b-4896-9822-f3785beaf537,2f1f4c64-965b-4a08-a512-4c0867edc1b6,BEV-004
8c34e6bd-1a71-4e14-963b-cb2ad19af46e,bde8e087-8b52-47aa-8bd3-21e5cb5737db,BEV-002
df72018d-0a78-4f0d-b555-73416ff4c13e,23e6b812-8fd2-4608-90ef-bba418d85a2d,BEV-005
1eed30a3-2072-4aa7-a5e6-90659232afa5,8666354b-7683-4c7b-9d28-a5fe197948ab,BEV-001
da56316e-c64d-4051-9b1b-fd4bd1ac7e5a,8666354b-7683-4c7b-9d28-a5fe197948ab,BEV-002
c5106994-7162-462e-9d44-1fbdede344ef,eb311c9f-d6a4-4527-8364-44c3b5ce9263,BEV-004
8d734018-863f-4f96-88ea-4d2b37fb6fb2,6f9cb23a-ffcd-46db-b680-e405977809de,BEV-004
6dff7a84-1c30-43e6-87ac-1ba3be7cf1b3,deb3d85a-3f73-406f-9617-754c734ad9e0,BEV-005
acfb9c08-108c-4869-9380-d44241d1579b,e31de2df-04b1-4185-9790-0cee8d49accb,BEV-005
381de167-0cfb-430f-9c1a-aec75456f9da,30695f9e-3d89-4fc1-bea1-764c7460c396,BEV-001
c1c8fd58-8424-4053-8c64-a883c72527a0,86218e87-1ac5-4e0e-844e-7ce6bc0f5fdb,BEV-005
c48395db-5cee-4ac1-95c8-1a541259d628,7b945b5b-3444-4ddb-b4b7-e27b65d239e1,BEV-004
5b855a8b-1bd2-4837-a3f0-9e238a8ac837,e3935f91-78df-4501-9adc-753e9146355c,BEV-005
7158e656-540b-459f-9a42-794bd1367036,e3f367de-7f5f-47dd-8518-f5a5b5162692,BEV-001
56cd6ba0-2fee-4685-8e96-07c45a5414e6,b8d93894-0479-48ba-a274-4e7adf668950,BEV-003
6dc613dd-0543-4a4a-98fe-81fab1c76fe0,b010ca51-642c-4786-8c62-8be48363a7d4,BEV-001
a801b9f5-5f85-4b32-aa9b-e5defeadd89f,55441666-7988-455c-a307-c6ac74f562cb,BEV-005
45333a39-e5a5-498c-830f-1f958f22f9a3,fd24ca88-f073-4137-802f-b62c2ae35dff,BEV-002
fe3bb547-2381-4232-9cf0-b06d035ce203,450ff9e1-86f9-4ad7-94d3-4436d75782ba,BEV-002
bb488075-098a-4375-8385-c9303fb58c71,fe29ee2b-eb3a-4ced-b767-2f755b5c14a9,BEV-004
c5f621a4-bf19-4cdf-893d-ceed172f7179,b5521e79-4e0f-480e-9b93-26ab7f8523ea,BEV-002
bb13e84a-146a-45aa-879a-6db444f336f2,e4e09a02-a025-4428-af48-b70772dd7e36,BEV-005
47ce4b35-4f23-4d0f-a6d4-b80e0d7fb17c,6dfa9eca-d6ef-49e3-b091-5ee501b393c8,BEV-002
e482d744-693b-4f2d-b5d6-4395c4e011d6,7574c090-298c-4237-bb99-3ea6a2de8cab,BEV-001
0a402848-f2b2-4ed2-a965-0f44968f78a8,f27ff63f-95bd-4a43-bf76-fb35d372ba0d,BEV-004
958e8ec5-1564-4d76-84b7-21ec02725849,aa7b6872-9531-41d8-a505-8b70502cadda,BEV-004
ae316684-aa64-491c-96e2-afebf3cf82c3,aa7b6872-9531-41d8-a505-8b70502cadda,JAF-003
51a6c602-91e1-432f-9e2a-b6b09b4f7510,e7ce47cf-76cb-44ff-831e-cf8016101ce8,BEV-001
f7a877ad-26fb-4f54-a83f-1e5a085f55da,ace58b09-46e1-40bb-b1e1-266231397f24,BEV-005
61ef7c14-e7d5-4c1a-8b1a-560234b1e591,8ee53c3b-b3f4-4ff8-8b2c-6e7b92016470,BEV-003
d952213d-2f6a-46fc-915c-aa72806b8548,75ded8d2-1ed2-44fc-83da-f2b37e48e192,JAF-004
c7cec4b3-045a-4fb7-8055-68688ddb1976,75ded8d2-1ed2-44fc-83da-f2b37e48e192,JAF-004
d65955e2-f350-4541-880f-bbd431798bb2,72da7a6c-3722-46bb-ac14-bd7a63ec3657,BEV-003
ff36eb54-4fad-4a8a-85b2-db271ca71cc3,4f1f3c1e-3ebd-436a-877b-026306facb1c,BEV-005
4f586d3b-7243-4b3a-bd13-54dc72712546,4955b03e-b6b1-4514-8ead-9994a687a292,BEV-003
57e7d158-ee14-4d3a-90e2-91a9bf826471,15f188ea-8548-4227-940c-c2a7b4528992,BEV-004
0c90e89d-53b3-4add-8938-99b31bfdb4a4,0e8c5275-6799-4c26-9746-f963c1ee3cf1,BEV-005
4b526a67-9e5b-4bc5-957d-9f46bd31ad45,8978bd07-6614-48d6-af4e-270096db19ff,BEV-003
40784ac8-0237-49b5-afc0-9c440c6abdd9,080487cf-07c1-41f4-9a7d-678cf96bf927,BEV-001
3eeb2bd4-e7f2-4263-8964-952a38261e4b,2eac9596-fd10-477b-bc71-cc332936d6c3,BEV-002
c0e3a960-b18f-4578-a9d3-63980e2e7205,8ab8bb2e-5fff-406b-9dd3-a71c99ebe013,BEV-005
a088d7c8-b014-47ec-b3c5-93d5105e8126,b857725e-726a-4943-9029-afb86708bd13,BEV-005
a4b18cb1-c569-48b4-b763-7dde1fb668f7,64503740-238b-4181-9510-033adc590c87,BEV-002
235fb3f5-a3f7-46ee-9fc7-b877aabb4b05,64503740-238b-4181-9510-033adc590c87,BEV-001
3cc19c67-ce3f-484e-b4a9-e90bbae0fe71,63f3dfd0-506e-4779-bb01-11721c9de69a,BEV-003
30b0ec2a-7e53-40b7-8b5a-59f372c70c12,63f3dfd0-506e-4779-bb01-11721c9de69a,BEV-005
fbff6c15-e871-4427-91f3-7b46c9d7ec05,88c9f953-133b-4017-b1d8-330a3f9a1765,BEV-001
0fa1966d-ad13-46f0-9937-fc50af527dea,d335826e-fa74-4099-a474-297203116a9d,BEV-002
128b5978-7662-4a32-ac13-5e2e915a7a5a,d335826e-fa74-4099-a474-297203116a9d,JAF-003
1fff9e4b-750c-4fc9-93c1-ff455914b805,2b1ede27-94af-43dd-a65c-f2c72eb88083,JAF-001
21609f3a-5cb9-4f91-9971-ac62f9f9d923,7d25134e-8fbf-48f0-9345-c62b45ff244f,BEV-003
21ed0c17-20ad-4009-98e1-bd81601f37da,7e0e227a-9e27-4371-b6d2-974967aedaac,BEV-002
253ffc60-23e0-4088-abcf-b0796cf1644f,2017886f-5c02-4912-abbe-9b01605ad519,BEV-005
08826665-bce4-4c4c-b5d6-1b9dcf2e3a44,e9d38de5-3f21-4169-bd92-ad8cb6e84e00,BEV-002
77b11e13-d65b-444b-a836-5285b938d2d7,950e5482-24b2-41de-ae28-a675599c6d8c,BEV-005
595189fc-fab5-4064-b734-b6c63055f007,596278c4-2bd4-47ba-89e9-9d9ab1a8c551,BEV-005
94fa84b7-92d8-494e-adc8-4839fc6ca8c9,08b3877d-216f-4612-8e93-0e8d3e32d2fd,BEV-004
16e3a665-3677-44e9-8529-52862dc4d467,52f9929f-f34b-40f4-9df4-5b03aced0f6b,BEV-003
e454d7d9-32fa-4bb9-a466-0b6db6fbc9f7,726d4569-3335-4145-807f-8f4bbec1b60e,BEV-001
3d64431b-1653-4460-b5a8-19e29fa02041,726d4569-3335-4145-807f-8f4bbec1b60e,JAF-005
f27b4564-9977-49e8-8654-41f6fdb1cbcc,5b4963a7-6534-4960-9284-b4a5de0f6994,BEV-005
88673c42-8ace-4869-b131-d75d0db61fac,8f001248-e9a5-4deb-b3fa-92446ae9c80b,BEV-002
89b24a01-899b-4dff-b74d-e7ba6a5cdcd5,ae9b0c29-587d-4750-9940-159775f89b1c,BEV-004
73b3b063-b289-4b07-a6cf-0f8df6d33d69,fd67e8a2-6a6e-47bf-a2a7-c72b4e8221ec,BEV-002
d8d90d76-b414-4140-beed-6e8d5b5de7d0,71819881-7aa5-4248-a5f8-3110a0222fff,BEV-004
5cf14c36-63ed-401a-bb73-8f5ceb77f455,c9313431-e3fe-4d4b-a173-92e05515ad84,BEV-002
14c4fcb1-9ad3-4be1-940b-b152a85b1a9f,e9ce00cf-b223-42d7-8cc5-7175d36cba7c,BEV-003
8b21890f-c90b-4a89-b3c0-630ef17f9973,e70ff3bc-44e9-4c75-a2d0-b0bfa75b4c98,BEV-005
72abd199-5d82-4bdf-953b-4cef152d3fe2,b1ae34a3-6163-4f46-88b5-4d13b736bb1b,BEV-002
8131e8d0-82fb-4138-9ced-c263a68831e8,a9b7b50f-6194-4d5c-8b9e-0d8db75273cb,BEV-003
6a71d0ba-5ba2-4cb9-a744-1f972293936a,6c6dd97a-d2fd-44e6-b0b9-130962b19201,BEV-003
322c7ed2-0378-4af2-8a3f-3572c58c3e60,8eb55269-1de6-4c2d-baa2-1b96ccd4c45c,BEV-002
f3c0e9b7-3714-4235-99a1-b82dd9ed0b19,b96a927f-a9e5-4133-8286-2381b1942c17,BEV-002
7701b725-6046-4820-89c4-212249ad8e66,1e9e1388-1649-4511-98e2-70abd43b4c76,BEV-004
4ac877af-c1eb-43f8-8ecb-544d88b005d6,8a89650a-adf4-4209-8f65-247105af0477,BEV-003
6fa364a8-8a4b-4156-b836-9649be8c485c,d5b6d4e9-0ba4-456c-b890-33a096e044fb,BEV-004
c0b02102-bfc7-48d0-ad4c-00d02952f24d,2d2504b8-a6d9-484c-ae23-0e2f802181e2,BEV-001
d3a66211-580f-47b0-8fce-8d66ddf07262,b7f6cfd1-b5a2-4239-8216-6a137b356618,BEV-001
a7fc94c7-ee0b-4ddd-86b8-6af1e38efdae,d634067d-957b-4cd2-8d56-c61912d4b6dd,BEV-003
d55390f1-b55e-45e0-a53b-5a7ecafa84dc,a7960c27-5d3e-4b05-824c-e627faaee00f,BEV-003
c4882c5b-43f2-4a33-bb06-095c0a7a47bb,24c1c213-f6a8-470f-94ba-d5e704919e2d,BEV-001
bd8d8b7f-0b78-4d05-87f6-884536059a4a,bab712c2-ec26-4c8f-9106-cb8d0e4f2c40,BEV-003
3cbc9d51-663f-4c69-a335-3b0a0e0c62e4,bab712c2-ec26-4c8f-9106-cb8d0e4f2c40,BEV-003
f22eed2a-3986-4c11-bdb9-846ea87c438c,e266a678-2446-45c5-8aea-53adb5110b36,BEV-002
abc689f1-00ae-41a4-ac0d-8d1b11396011,7a6f5214-371d-4ffd-8e67-08c45a518c51,BEV-005
b30ca60d-8a2f-4f38-a4d8-ac605a2481da,1284265a-8b51-4ad6-ab4c-6d12aa7fc59f,BEV-002
5acbcf32-a327-444e-824f-afbd657350ff,26699c4b-e65d-43c9-81f8-a3d34e1fa565,BEV-005
f8f47c5c-c781-4dc7-9a57-896622673eda,26699c4b-e65d-43c9-81f8-a3d34e1fa565,JAF-001
fb396111-2471-4913-a3fb-d8a8de481f2a,a5b43593-c491-4796-aa1a-faf58c381872,BEV-004
ec1a0249-c222-4105-82e4-f910455f2277,8dd9ff4f-f0ed-4e56-9147-53dc53c2cf86,BEV-002
13fd6d95-2a8a-4e11-87af-abf8839973ea,cf6adec7-8a78-49ca-b955-a2647d1d3df8,BEV-002
1adad8d4-54de-4136-aa57-7dc131d38bb5,cf6adec7-8a78-49ca-b955-a2647d1d3df8,BEV-002
a7c61511-e829-4862-a2a8-aa83a6134a18,163ee686-e110-47f0-b7a1-06c557e9de23,BEV-003
0c7149d0-e605-4098-bd8e-f4c0120a1f02,a71c1ec2-048f-47f9-a3e2-2903f78def25,BEV-003
6371606c-66ed-4f0a-84e5-2db7dc6d493e,a71c1ec2-048f-47f9-a3e2-2903f78def25,BEV-003
4eec81a2-c542-409a-9a63-418cf360ab01,63655d89-1466-4a9e-8b7c-58287351eea1,BEV-004
2f559cbe-6b81-456f-a03b-954bfc2f95fa,142a51a0-3613-47e0-9333-d75f2905ca82,BEV-001
2b595914-1380-4122-b562-01effdba0c36,378d62c6-cb24-4aa3-8dc9-a8c0cbbb2dd6,BEV-005
fb841c2f-b937-4637-a5c0-e33ad924afb4,378d62c6-cb24-4aa3-8dc9-a8c0cbbb2dd6,JAF-001
f152989a-d95b-4fb6-8de4-1f7bb7acdbc7,11ace2ca-d2fc-4711-a15c-4aeff45e1038,BEV-003
b0df0ff8-0c88-4b05-ae6e-ae6412ba915a,13b8a5ce-bd56-47ce-8f09-25aea9ae61c5,BEV-005
90db44b7-59a8-483a-be73-5a4ee117186b,72b12e2f-7a28-4f31-91b7-cf31990acff6,BEV-003
39447843-06f2-4eda-9b51-843800b70bcb,511de2dc-0927-4417-bb6c-11d99ef44f2f,BEV-003
0ea9ec9d-82ec-461a-a558-5f50c93e9533,0e5fa6bb-390e-4cdc-bf11-e95f9c64e3fb,BEV-002
c29ea19f-7422-4952-a060-c2aa0a6426a0,f939da5f-6d82-490e-a8d7-f5b82d89257a,BEV-004
ff563d9a-8ff8-4631-909f-7a5fdf777b40,20b9b2a4-3710-472f-bc5f-52fc9a6dfc95,BEV-004
04f9c2bf-52ca-4c07-80d4-3fe609ec2ca3,512be63e-e16b-45e8-a2b1-d09a0d948806,BEV-004
a40cf8be-c091-4ef3-bc39-b949224ac20c,3a626e9d-f879-423b-9e77-4af6640e671c,BEV-004
732cb547-5521-485c-80e3-4eda66ea16e8,3a626e9d-f879-423b-9e77-4af6640e671c,BEV-003
ef143832-7cfb-49fc-a6c3-ff389e081b24,3a43b069-2603-407e-a5ec-8a759a7a6a3b,BEV-002
5ee6b572-1d61-4b40-954f-8e8ca9ed917d,ba2ef3c6-c9ad-4bae-b43f-9badad4d1fb9,BEV-001
e0e4dcc7-03fc-47b0-a8f5-2c8851788e21,415383ae-e57c-443c-9744-f543d669c9a4,BEV-001
b6f12b60-7c34-443b-a1da-a52f47330fca,901fdeef-a880-4a0a-9536-916a8974591a,BEV-003
a420b10a-8f52-4bb2-b417-c27443fda866,e53e1ace-25f8-4627-8124-13e18d358c4a,BEV-005
bed5b66f-da9f-4351-8135-8158f5a5ad87,a6e4fe27-ad34-4790-8dee-e72e06e17e75,BEV-005
ecc44f5e-95c5-40b1-9289-6c244fa7b558,ac1bfc2f-21a2-4581-bd12-b0353558d0ad,BEV-005
56f395b1-e1e8-4f80-b088-8e899e7d96af,e0fc1b10-15e6-48ae-bef4-39cadf102155,BEV-005
0cdc27c3-4171-49e5-89d0-e241ef152559,e0fc1b10-15e6-48ae-bef4-39cadf102155,BEV-001
158d2170-e8c3-4179-8a9a-2707948df73f,585381d7-e2ff-4c9a-9131-b2b657ce3ab9,BEV-001
0be76aed-36d0-4222-a482-15eb82ea4156,585381d7-e2ff-4c9a-9131-b2b657ce3ab9,BEV-001
ec2fcf9e-150a-4e1b-a0b2-a7b6e706776c,585381d7-e2ff-4c9a-9131-b2b657ce3ab9,JAF-002
b308d7f7-2913-4f19-84e0-8f7fef119b86,22c25878-6e7f-4366-a0c0-94892a89f861,BEV-001
5d946ac0-4396-4055-be72-3feffc4fee5e,72052c27-1546-480d-bc62-621afe33e9f8,BEV-003
b315fe07-a18c-4758-b9a8-824f3a815246,73324142-892b-4ec4-b89c-fc42be39b520,BEV-004
c96ed2b0-77a9-450a-9f98-cd026d39ab5e,676114d6-22a4-462d-a5fc-5c3796ff2c09,BEV-001
a23d3d0f-f9ab-4bcb-8636-52d01756dcd4,421fa44f-7ad5-4cba-8860-bc1d14d1b449,BEV-003
edbcd0ce-e011-4d6c-94c3-4bddce3276c6,a9bda6e5-6145-4782-a225-13e3ab825f07,BEV-004
71314419-824d-428c-a880-8622648037e6,6c646419-2f6c-4710-8566-6423b4b3df52,BEV-005
65184c63-7a1f-4acc-9842-2ba77d8eab6c,6c646419-2f6c-4710-8566-6423b4b3df52,BEV-001
c3a24311-d5af-4c28-b2bc-d875f24aa9f9,b3199a22-1300-4824-bbd3-3d32a371e16d,BEV-004
8081c465-f8a7-4cb6-b435-a0bdcde2ad3a,8361bcc3-87c9-4564-b703-70cfcbd0dbbe,BEV-003
caf2dfb4-ebda-42c0-ad2a-8413e156c37b,8361bcc3-87c9-4564-b703-70cfcbd0dbbe,BEV-004
396d834c-bdf9-41f8-8c52-515dcc38b85b,8361bcc3-87c9-4564-b703-70cfcbd0dbbe,JAF-003
2361fd0f-1840-4a7c-8db7-cb42354e5fcb,35aa6964-414c-4f69-b7f7-39f98a37bb57,BEV-003
b75839bc-c933-4057-94bc-e83db32bdd1f,1e38a763-a7bc-4b45-9268-b3c14c50848d,BEV-005
f09ea5f1-4a39-43f2-9d51-5e74b8563275,e75e141e-7fe4-4e9f-8f7b-0cc8953fa6b6,BEV-005
5cb1754c-7f11-4205-9950-0d5daa3b2c58,430b472f-bc9c-420a-8e40-926c80187753,BEV-001
a2c1ee75-e350-45e6-940a-35401dfa1bd1,7a499b08-384c-4808-a147-6255c195edaf,BEV-002
0ae6e495-6cb3-4187-b50a-bbe4cd172f72,68ff868c-bdb8-4d89-b850-93f11847f3e9,BEV-002
caa804fa-cd36-43d3-a9e8-194c2f747a57,72c4602e-9bca-4b98-abcd-aa12ff4d0c7b,BEV-004
52419383-3b39-43ff-913c-c0841e777a6c,82e3c7e0-f337-44b3-846e-9f7ef2d72a5c,BEV-001
f183aa11-fd92-4a76-903e-f05103f60246,09b03d32-14fb-4b27-8ada-e3ef2ee2b2bc,BEV-005
913a3368-8d1c-4954-8401-9e6d01b2be5d,237ab15f-2aa0-4a5f-9b5e-08fa0c9d65ba,BEV-001
bcdfebbd-0e88-41c1-92d9-c001fe07c1af,237ab15f-2aa0-4a5f-9b5e-08fa0c9d65ba,JAF-001
9e1f887c-86de-47c9-8665-4bb5968bb612,80506a45-3ed1-4922-81c7-221e55a0d4e4,BEV-001
ef123d4a-1f80-41d9-953a-76396e07312e,ad4f63ba-e3ca-4a2a-b056-df85993e88e3,BEV-004
19fe2003-54b8-48a7-a587-390115642265,c4c39c5b-ef1f-4866-b109-51a9aa2323f8,BEV-003
e3694b5b-a636-4e43-9fb9-fbbc4bf1fbea,c4c39c5b-ef1f-4866-b109-51a9aa2323f8,BEV-001
5be6c024-f62b-4599-9a8b-dc87962a6b72,95fe4ab2-8154-4160-bb0b-9f43756414c8,BEV-003
c40fddbb-fc31-401d-ac91-973b08e22a32,95fe4ab2-8154-4160-bb0b-9f43756414c8,BEV-004
af95bb86-b6ce-47d7-b0c2-6196962161b4,95fe4ab2-8154-4160-bb0b-9f43756414c8,JAF-001
99e4f9bf-5504-45e8-af9b-27b6c58f6223,95fe4ab2-8154-4160-bb0b-9f43756414c8,JAF-004
3149e750-65e5-4f99-97de-d8445af57c6e,68c755b8-7d42-468f-90b4-ddb8fd8d3b30,BEV-005
5a033cce-b7b3-4524-b6da-74cfe6bcfca4,68c755b8-7d42-468f-90b4-ddb8fd8d3b30,BEV-001
7a40bf9b-0005-47af-94dc-e0ad41eda185,f89377ae-e5b1-4523-ae6a-ae664f66e2f4,BEV-005
9760b1bd-f359-4cb6-aa44-4c25f2defc5a,302a9eff-26c0-48f7-98e4-4c58ba7c0591,BEV-001
e5bc2a47-4ce6-467e-b74b-4c58ee4b6417,92164efc-81b3-4b85-a3cb-9536e2046cdb,BEV-005
769b3fa9-9d15-4bba-a9cf-c1ed6c6b75e6,92164efc-81b3-4b85-a3cb-9536e2046cdb,BEV-004
b49fcfd8-69f9-4c43-be40-c24b0050aa33,92164efc-81b3-4b85-a3cb-9536e2046cdb,JAF-001
ea6be02f-d90e-4595-971f-8e98f0b2a362,b0695685-7869-4ab1-88b7-b68b850fd9f0,BEV-005
bb8befc3-68ff-4207-805e-8f985aac1d69,e9cfc259-26c9-44d1-b4e1-b01bb4dd4d78,BEV-001
8ad1d40d-20e4-48f8-8ead-6ae7bb46bc9f,4be20b4c-c071-497e-94cd-52e06e4a297c,BEV-001
1709320d-0a0c-4779-b6a5-017b41318e02,4be20b4c-c071-497e-94cd-52e06e4a297c,JAF-003
46d8be0c-07e8-4678-9d14-531e51117088,e69340e9-4955-4639-b03c-dfe4d6c3efc1,BEV-003
ccbfdbd0-da87-4ce7-aa64-fa674b81ae1f,6627eca9-58fe-425f-b212-d7a4414bea3a,BEV-002
0b253bf1-55e1-47f6-9f55-74869f886019,76f87fed-ebf1-4cb1-b160-8c55f698f814,BEV-002
9cbeab44-4584-4c81-832e-6659e541bb3b,70181e5d-585a-44f1-86c4-902eb231737a,BEV-002
7bfe1c1e-2042-4c8e-8df8-a421011e973c,9b4220cc-0e70-406d-8355-7b7bcdea4630,BEV-005
e4f3df66-0675-47e1-b9ab-624585be8c58,1d2fb5b9-d5f5-400b-beb0-47e71f16de65,BEV-004
8d5ccf69-ab1d-4797-8d45-2523f66e32b9,397dca19-c5c9-4402-835d-e0a66d3301aa,BEV-003
958a3dd9-49d0-4cce-a8aa-d180fdd8068f,b81ff413-a323-405e-bdf7-8e225dffdeec,BEV-001
311c0ccf-ba28-420e-986b-3ac3b049d2a9,73f21c9b-eb35-4faf-b10e-88139a60e968,BEV-004
aafe820d-febc-4618-8dbc-b62559ba6a43,d8871b37-bc5a-4d47-8bde-c1530beed87e,BEV-005
771755d0-525c-4ff5-80a9-d1aaa6d48483,e8897c82-57b4-465d-a08e-d6035e14d59f,BEV-002
56a4554b-656e-404e-ab44-b626f62a3b48,66ff9fa8-69df-4d06-85fd-a378dde87b10,BEV-003
020995c3-8287-456a-a4f5-055a2524e81f,db811219-33f7-4cf1-a4b7-4a14522968f2,BEV-001
b328aa22-2c64-4ba0-b519-575aa8bcc572,a737ff23-ea9a-4b32-85df-dcbf95c46c96,BEV-005
910a5d4f-0925-4517-a26a-fe806b2eabdf,a737ff23-ea9a-4b32-85df-dcbf95c46c96,JAF-002
c7313a9b-df8e-4343-9b6f-599ca48326b6,4fd53a43-870b-4ae6-889c-45b1a9dc8e95,BEV-002
d46752b1-96a1-4792-a3ba-12ff27adcb61,7b5a97e2-8c8e-4faf-b32d-03b4e3f99c11,JAF-003
1da1474b-6116-46f6-a2f4-7269a51322f2,8fbf0486-eb95-401d-8c8e-0f924d2f624d,BEV-001
6b8819ef-7a64-4753-a439-535c3c75fc32,8fbf0486-eb95-401d-8c8e-0f924d2f624d,BEV-004
80aae293-c355-4c8a-b8d8-2a55de47cd63,5cb6090e-e058-44f1-9141-5cc987286e8c,BEV-003
efb318d5-01b2-426a-8fa1-22edce89156a,4fd0cc62-afc7-415e-91a4-15816da13ffc,BEV-002
1fcad3f2-8d5d-4763-ac84-b4da4240aea3,4fd0cc62-afc7-415e-91a4-15816da13ffc,BEV-003
9b45c1dc-af59-46fd-8c52-f2f43016583a,999a798a-40ab-48ce-a1a1-80bcbd4436b9,BEV-003
c345f392-f82f-4ef2-8959-c9f790b6fbe3,cc851b35-ebf0-4974-bf66-ce136bc08068,BEV-001
19be8e05-bb5d-4c03-8c1f-b30d3c5f36af,cc851b35-ebf0-4974-bf66-ce136bc08068,JAF-002
c5689183-6739-423e-b4e7-998c8cdd6313,cf0fefc2-0a61-4af8-b5fd-3fb3b7c3fb23,BEV-003
31cf29d9-c617-4448-b5b8-5896721be699,cf0fefc2-0a61-4af8-b5fd-3fb3b7c3fb23,BEV-003
f4662a44-56b2-401a-bfda-673e7e779675,f1b34e47-ba62-4e8d-b615-505a7ac19da7,BEV-003
909356f2-f7a0-428a-84b1-b699d890e6d5,deb699fe-bca1-497d-bf5a-0ce796c7c5cc,BEV-002
f170fa6c-c91f-4d84-a731-b9c7d4a3166b,5d06073e-241c-4af7-97e6-23ef6af58e28,BEV-003
df0f7e5d-7e4a-4524-b47a-daf66403976c,5d06073e-241c-4af7-97e6-23ef6af58e28,BEV-001
46b50e57-aba0-41fb-85fb-c51090c7927c,5d06073e-241c-4af7-97e6-23ef6af58e28,JAF-005
21fc8931-e284-4ed1-9ecc-6a5114248253,696f479e-8bb4-45b6-ac67-fc6bca9cfcb2,BEV-002
5fc99ddb-1ee0-471f-9bd6-0fc06c2f6b24,e1af9a84-f874-475f-b277-2448c5662e84,BEV-001
fe8fb503-f910-4929-883d-e31dc02fc082,bd505c9b-4029-44cd-b3f9-29ffc8fea80f,BEV-001
7a62ec80-498c-4e1a-b384-42ca50a86b75,f36b56b3-9f57-480b-81c7-a9dcce4cf9a1,BEV-003
dd2a1f34-1549-4864-91a6-124c209f871a,0e9061b4-4b80-4a61-ba63-02a06fd0c6a2,BEV-004
acefaf7d-8cd3-4cd4-ac71-e902137ec45d,274c270c-c87d-4cf3-9687-593f06a8f055,BEV-001
f879c476-edec-4e8b-b62e-ba19dc3dbdb1,6f95c49b-e602-467e-92e2-383c363c451d,BEV-001
6fc8d792-69ad-49ed-b6cc-c9ca4977daed,eefcb387-bb32-48f4-ba43-c0520bfc8174,BEV-001
3d11a5c3-1711-4784-8005-8e6c5a4da429,55d85522-d0f4-49dc-a442-564879451af2,BEV-005
2587350e-abfd-406d-a478-c87a030f5dc7,55d85522-d0f4-49dc-a442-564879451af2,JAF-005
7bc3531c-6d96-4699-ace7-bbf011e30fa1,d74d6016-a261-491f-9863-03997d55d6d4,BEV-001
b7606000-9193-46ad-9338-bd022d7528a8,42c57480-e1ad-4212-9302-8f436e2fe26e,BEV-003
f2965332-6a95-4f8d-b4e8-592dedc35384,618822da-65cb-4d6d-9ad9-492218503b5b,BEV-004
2c8eeeeb-a8e2-425d-9678-002a7ccfc050,618822da-65cb-4d6d-9ad9-492218503b5b,JAF-003
cb482a17-cab2-42f0-a010-099efa04c1d5,263bdbbe-c52e-4598-9da0-467ce0760da8,BEV-004
0e44a8c8-6c33-4898-8b53-9414dc0498d6,14187e91-61da-4fc2-870a-292acf258fc3,BEV-001
9e697505-7709-49c7-a517-9b8814b2961c,c46a2d3c-3fcf-4db4-a5aa-4d7c91467aa4,BEV-002
72bd8670-07b1-4266-90ac-433a3b874e0e,25a183d4-2918-4e35-841b-4de8bc03200a,BEV-003
8657ed49-5f5e-4945-8081-d530b6247330,06aa2510-9ce0-47a4-8fd5-406b424a371c,BEV-001
11e5cd80-2238-4a83-92e9-acdbe521728e,c204a7bb-dea3-4cb3-8d7c-e168f55c2d68,BEV-005
814872c8-d61b-419c-ac16-11f7c90af3a2,f48acd76-9eed-4bf9-93da-abf751587e54,BEV-003
4f430f19-2479-4966-876e-5bb038669809,cff81700-5b55-49a7-9f03-2f317b05c29c,BEV-001
0786e2ec-4962-4b52-942f-98c3afbaedf8,5189907b-2e45-45c3-a3dd-ba76668062ed,BEV-003
703d3cba-73cd-4b94-b958-6b782a8b3a15,1cd765ad-8636-4e74-9b5c-a01e6fb6c96e,BEV-002
679ab7c2-70d0-4ba7-a38f-2878f08d6fed,b59ecb16-60df-4d6e-b08a-f3588b7be6d5,BEV-002
e97af678-057d-4a30-8dfd-b846d0017d05,9a2f943d-0792-428d-92fe-87e6af65b131,BEV-002
d6b68561-8192-4faa-82c4-0754e9c07491,75bbbede-4bc9-421e-9e32-a5c033d7f9b2,BEV-002
0d273543-a7d4-4f39-991e-9c1efefe32d7,2b8b1e75-ca73-4f9c-bf9e-582663cd3d24,BEV-004
c109702b-6194-4ae7-a6f1-3cec7ec437c0,55bf517a-1b59-4633-8021-1e0e8ba4289f,BEV-001
ac0db61b-d9aa-4ef0-964c-7d2cdea983b8,57144cdb-e3d3-423e-b1a3-990c073475c0,BEV-003
a806bf2b-c3f2-41fb-98cb-1a6acaaaa6e2,09d808a7-14a8-400c-9e32-1bddb553d882,BEV-003
7cf73c5a-f3f1-4d07-9118-7072ff6aebec,08a0d4b1-70e4-4534-b6b1-5048fdb500de,BEV-005
a4c15889-ff8f-4b29-91fd-3e3fbe68777e,7154ecaf-1833-4c51-95c8-c57f0a196d75,BEV-002
78833e48-f4b2-48a2-8b55-c0e45575e69e,6ff319fb-2822-42f9-a53e-8f6215b21842,BEV-004
b53a5bbd-3334-4fb5-a53e-f7ce54290bae,5154cd3e-90b5-4408-8b8e-4b72c36d0887,BEV-005
8052b277-1641-47b3-8623-fa96ddaf6c05,5154cd3e-90b5-4408-8b8e-4b72c36d0887,JAF-004
85a32ca0-c590-4c21-96e3-259caea87916,4c00a083-1df9-4e25-a4ff-3fefd85fdd67,BEV-001
b9a7b6a2-2973-426c-9e07-077222c9647e,dd24877e-d9c3-43a5-80a4-e351cbde8bbc,BEV-005
a45ae576-c961-46ec-a32c-e2aef9999940,dd24877e-d9c3-43a5-80a4-e351cbde8bbc,BEV-002
a6864cde-aa94-4118-97df-e1e64559d32f,dd24877e-d9c3-43a5-80a4-e351cbde8bbc,JAF-003
c462f18d-77c4-411f-8978-e666b1d7383e,6e18d878-0128-4f2b-96ce-504f7336610b,BEV-004
e4154fda-42d9-4ccf-bc18-fb81383a5a17,3498152b-6006-4fd9-b8ca-e06de991955d,BEV-002
f8d77044-908b-4023-be36-0ad27edc2059,aa04a850-df93-4b66-a54d-6c1b009e54eb,BEV-005
97d0f47c-4fe9-437e-a6f9-33c2a99eca18,cc0d6126-76c6-4d13-bcf9-320d15e671cc,JAF-005
7d44cfb3-e2e7-4b1c-8237-ded75a1b08e5,2203211d-2a9a-46e9-b360-70e9660480dd,BEV-002
85eb5b93-f767-44f3-9485-4ba7785fd088,0f20d82f-4424-4c15-b7c6-fa447ac2ad0b,BEV-001
f0b5c9d7-731c-430f-9dad-bb5824036719,da91742b-3a73-4867-96a8-5f844c070ff1,BEV-004
031e3dd8-acac-49b6-8102-b0ee333ed150,fd199e78-bc7c-45c6-a27e-5fdab23d7eab,BEV-003
7bfef290-d5f5-4452-88f8-3bdb06c90d84,4921fa9f-c0bc-4545-8a80-0c4fe41ff19e,BEV-002
7013b215-7e7f-4bbc-9f63-411abab51b85,49502490-9a1b-4bab-a577-5c759b069710,BEV-005
69d293a2-15fb-46a1-9b82-9c2d7156f4d0,66dd487f-9ea5-4426-8107-7495ce5666c1,BEV-005
542a14a2-8f50-4e33-af58-eae116f4bc6c,66dd487f-9ea5-4426-8107-7495ce5666c1,BEV-002
733508f0-c0de-4cef-89a2-1451e570435b,66dd487f-9ea5-4426-8107-7495ce5666c1,JAF-001
d76a6e75-6432-4a3b-bf66-387732bfc943,2b703eb2-38e3-4d3a-b221-8d5676487070,BEV-001
51b181e4-d2c7-48d5-908c-ef0b11cbd70c,bcc7f345-e27d-4df7-90a8-03e3957af206,BEV-001
90d90172-6dec-4a2a-88bc-89ff64e2745a,30dc6aa8-5875-45bd-a5a1-ccf7c64c64d3,BEV-004
d28c22bc-f453-49c3-ad01-11686f58bb9d,06c9774d-ea50-4dbb-98e1-31103b9b04c2,BEV-003
9f2f8859-f1c6-46d6-b6fc-3a1ed928c4eb,2da52c67-d8ba-4667-b7b6-1d629048b1c7,BEV-002
3a6c7614-ef65-4bce-96a3-132fcb5af4cb,ac39b8c4-6e22-4500-b1e9-c3136d1e6839,BEV-004
0b9d54d7-2ffb-41db-bc62-fb9b6dcacec2,8dded15c-0952-4383-b12a-05330958d1e9,BEV-001
e2a938d1-5dd9-44f5-966b-a8d1ab77d705,f2bbe035-5f6b-4458-8115-f3927894cac3,BEV-004
70d996be-3282-4f36-9685-0914d1a8c91f,dff88749-08ff-4f66-99a8-e6a01fed0795,BEV-004
7de93d4f-8d01-4d4e-9d35-fdc93689a7db,9803b55b-40d0-4a5b-a2b5-c61d5d3a310e,BEV-005
9da5f451-c761-4ccb-a6a2-5751191bb77f,0a3d7f9f-8bcb-41d2-8a0f-f5860f87e338,BEV-005
18c1cd37-079e-40cc-b4ec-2db944f37a47,1729cc36-94bf-4119-b3da-ff34b2e85086,BEV-005
b8208a93-4846-45ac-a667-efc5475a5a8d,1729cc36-94bf-4119-b3da-ff34b2e85086,JAF-005
fa6cc40e-443e-4f5c-ac93-1a730f1256ec,a47ce97e-0995-49cd-be77-1a916e8b7deb,BEV-001
49399c6c-4ca7-4acc-9f29-c552572bf436,aafb9418-9826-45d1-b502-95355b2ccab3,BEV-003
2ca7ba0e-2328-4bcd-b11e-870ae977e7df,280032b2-9d9d-4cee-b2ab-f12f686da447,BEV-003
b0937c85-f789-4cd5-b267-ac8f725bfa71,18bd0a78-1dd3-46de-8fb1-d96909484819,BEV-004
5fb8c537-a9cc-45f4-9e8b-e65770331b1a,18bd0a78-1dd3-46de-8fb1-d96909484819,BEV-003
e007af7e-bbe6-4221-9232-86a73f22b14d,d8c7e1a2-4589-42c3-a6cf-c8db5796d87a,BEV-005
0f86ab22-8f78-424a-a546-d1b8f79bd1a6,f638ae20-e3e8-478f-b2f9-941b0023edcb,BEV-003
1951b1b5-612a-4912-8981-61e1b80edd1f,f638ae20-e3e8-478f-b2f9-941b0023edcb,JAF-004
b9174300-741a-4c12-a92a-edcb1dfd2b01,c1c300ba-5488-4659-aeda-0e47f19bb98b,BEV-005
819ecec9-55aa-4b74-ae19-66e03f299b81,0e8e73ec-f101-42d0-a4a0-29f0e3df1ae7,JAF-003
0740753c-df91-4fb3-9303-3dbbad3192c3,0e8e73ec-f101-42d0-a4a0-29f0e3df1ae7,JAF-002
93ad7798-4444-4ffa-a46d-ae93fa74eb14,1a74a5cf-5dfb-484c-81e8-71c71855a3fc,BEV-003
af2ef4ac-de58-43f3-b002-c70e84959e17,aabeb25b-8609-4052-8226-be4e89565528,BEV-003
d8653b2a-5d92-4986-9303-938354598468,2d6282bf-48d1-4cb6-96df-2fe008fd494a,BEV-001
559d173b-c5b6-454d-9406-285e00c108eb,badea469-b127-4f0b-b57a-d3cd88c2090d,BEV-005
5c5fdc9c-548f-4c1e-b465-2325a5d0fbb0,d12d5518-91b7-42b7-baad-39bdb42069bb,BEV-005
a2cb33a9-0c3e-48a8-bcae-2568bd0c7912,d12d5518-91b7-42b7-baad-39bdb42069bb,BEV-004
babf4010-eb4e-4e28-b8a8-7cd64eab43ba,d12d5518-91b7-42b7-baad-39bdb42069bb,JAF-002
4784df59-b262-4e2e-adf8-eeecfc5f30e1,08f3fde8-fa6b-4aa8-a117-7bf8043cd698,BEV-003
ddf23850-af33-42a3-8ff1-be9fca494ae9,f13c9a49-de58-469d-8dfa-4495b83ce881,BEV-002
67a99e8e-a501-44cf-b422-1daf6eafd9f8,bca44a70-352d-4f32-8040-a8755a9ea339,BEV-005
681d4911-b196-405b-ba8f-13ceb285c3db,bca44a70-352d-4f32-8040-a8755a9ea339,BEV-004
d4c5d36a-f10b-44bf-972a-bc0312bd7c2e,538e6ed7-eeac-430b-ac2f-ad7349656737,BEV-003
f7ce00b4-bfb8-4095-b04f-0fdbac4e29ab,34026cfd-e350-4bd1-9ead-bb4de09fafba,BEV-003
7f623b47-ae2d-4c1b-8c39-80f4f3a6b6ec,709db157-dbd3-4ff8-b207-031fdf1d35bd,BEV-001
db2582e0-11c0-4169-9632-00ec8dd933ee,0d1ebd85-64c5-469c-a068-8ab79254745e,BEV-003
49bbbe5e-9a2f-464e-972f-58626f4efcec,841c9da1-8deb-4dd2-9b77-d7e535e456f6,BEV-001
6af510ab-dd23-49e1-ab9e-7230ca7809ea,841c9da1-8deb-4dd2-9b77-d7e535e456f6,JAF-002
ab89e0e0-c996-471a-8118-f6985c0c8abb,841c9da1-8deb-4dd2-9b77-d7e535e456f6,JAF-004
94db52c6-d601-4d29-853f-3e7a60d38038,7bc6660c-9aa5-4e62-be9d-7fe05d41d745,BEV-003
0165981a-de53-4bd4-a796-231703141cde,e65fff3d-70c1-4a31-8771-cd32befda9ae,BEV-005
00b2dd25-29d2-47b9-9e14-0f0d6f8d574c,a4fdd6f2-4b45-4f7a-89c4-952dc6c1d8bf,BEV-005
b2c98162-b7e5-44cc-87c1-364711d93a86,9c8b1387-0a09-484f-bbf1-8713e189dad5,BEV-004
0eef9238-346e-4c92-b49b-e6b5218fae49,8e7b75f2-956b-41cd-942a-37d92123bc56,BEV-004
80ab652a-795a-45b6-808d-1a318deb0ce8,8e7b75f2-956b-41cd-942a-37d92123bc56,JAF-004
b7bae9f5-8db4-4dbf-a5fa-1a16446e4b23,21e756d7-daaf-4131-acdc-ef86ad2a220b,BEV-003
0cc9da9a-8b33-4980-8520-548ae80b8e12,62f05eac-24be-4b3a-9528-b2b424019b72,BEV-001
ec59651b-2e04-41b3-9da2-dbead22dc513,e52a9ffb-dc4f-453a-8883-0c7c964f575a,BEV-002
188e34bb-c208-4e9a-824c-c0c6b6350353,b2509bed-ff83-44d7-8272-11149ca3d8cf,BEV-005
cd1fad98-4f05-47a9-8af1-758b82c90aa0,106983c4-b75f-43ca-9b23-422da067f00a,BEV-001
d790771e-f419-4ddc-a81a-62a170795066,106983c4-b75f-43ca-9b23-422da067f00a,BEV-003
91f2bd49-a4b4-4f2e-a9ca-5f7c3c06b094,6ca16470-900f-4001-99bc-75be37b3e65f,BEV-005
3ffef4fe-8587-457e-b89c-55550e0c6a48,26e1f8eb-db6e-40f4-9328-12b35abe6110,BEV-004
8f97bf6d-a610-4e8c-b26c-4bb2c57ad43c,8addaf90-2c21-45e6-91ed-15ae4712ba7d,BEV-002
359694b5-f038-4c65-a3a0-043bfb45c87e,21ecec0b-8403-4ecf-af17-e28c247a39ba,BEV-003
5000612d-0bec-4fb9-b642-b9001429dd8d,b4e0a04f-ce45-4c5a-a1c5-c00fa3bc9770,BEV-003
5b845434-4347-46ee-89a1-256fa5d98827,42a96147-a12c-4aa3-bc06-abfb7a0569e6,BEV-001
913dc686-00ca-4914-96b2-b6f0ef4d1582,a35f63cf-aae8-4080-87e1-beebe0d93c42,BEV-001
802cba75-9032-40f1-b88b-a9f7194a680c,5746772f-ee5d-4fe5-bc70-d65db886fc83,BEV-001
bedeb63b-098c-495c-a3d1-9df916835f40,de640d9b-f147-4279-9850-47625b281612,BEV-005
89ca4824-29dd-4945-b639-c520e7629ab5,2d98403c-36de-471d-80a9-0b0222b8734d,BEV-005
475f34f4-3fbd-4593-b987-142f803d67df,eb4744fe-c9d8-4750-a18d-da35a800b991,BEV-004
6b9853a5-b167-4331-ac3e-87cf17a6cd67,8b663bcb-33a0-4be8-a525-3bdf761a6fad,BEV-002
b10af0f3-1fea-47ab-b8fe-1ac2ee63fb1d,6f56e4b8-c77b-4545-b208-c833a5044a6f,BEV-003
dcaddf11-52c7-40a2-a95a-aa22c4c810dd,a7466019-17bd-4174-aba2-69f9af0280bf,BEV-001
0f9c7f05-ccf5-4ecc-9263-d4ab952cfc41,f7419287-f862-4fda-8c4d-b7db3d1577b5,BEV-002
0de762d0-5d1d-4b02-8ad1-bde6496e64ff,f7419287-f862-4fda-8c4d-b7db3d1577b5,BEV-004
93506e2d-02e3-4755-89de-35e4cdb4f3d4,8f8e1e90-84f0-45ff-b2af-60cb200bbc8e,BEV-001
94413212-7ce6-4ed0-81da-dd2b1c29f11a,b69fe417-b78d-455e-9759-2c900de99fcb,BEV-003
fa90284e-9879-4054-9365-429e0b9c2668,d40b5bd9-7253-4ccd-9cff-3574939a130a,BEV-002
388a2cab-d398-4114-b663-1821459f03f3,e44b9628-6eba-4561-9a1a-dea80a46d41b,BEV-003
b5bd6816-9016-4e0c-98c7-555ddde4b714,8586e449-ea54-4499-b6d6-b0ba03a0abe2,BEV-004
9fa5d526-e43e-4750-a14f-b82e35af8878,4bbb7251-a2bf-420d-bf26-039c3b2f229e,BEV-002
7a49c568-da58-477c-a098-484218d29238,4bbb7251-a2bf-420d-bf26-039c3b2f229e,BEV-002
cefa8672-3e22-4b2a-bf76-7f021261822c,4bbb7251-a2bf-420d-bf26-039c3b2f229e,JAF-005
0c844fd0-9daf-4aa0-992d-fab9cdc5cef3,b9a73b0a-7f65-4646-a099-93b586b5d41f,BEV-004
a7016368-7117-4ec4-affe-4a206bf8acff,71c01749-3908-4175-adbb-faea9fc83dfd,BEV-002
88c2b8fa-1479-4165-8141-29a913762bfc,f7177a86-5c49-4e55-95fd-f592819d493a,BEV-002
bb09a874-8ae8-4e05-bf04-97b919f26cf3,c8eb2266-189f-40b9-9b3d-75755caf1da0,BEV-003
041042fe-a5bb-4930-a132-6a0611c84303,c8eb2266-189f-40b9-9b3d-75755caf1da0,BEV-003
4304a31a-a1f4-4c58-a249-e4b2322ca951,c8eb2266-189f-40b9-9b3d-75755caf1da0,JAF-005
a20bb9b3-1509-4c03-bdea-6f892932121e,c8eb2266-189f-40b9-9b3d-75755caf1da0,JAF-003
c968aca1-cb3f-4e05-a6f3-738d4cd9b0ff,5e4f2f56-581e-4cca-bd09-a46d60851a29,BEV-003
852cccb0-0623-493a-a67d-7356c0978011,388955ac-bae6-4503-bbda-257ce75ebfa2,BEV-003
f4512674-3048-4a98-91f5-1f6d0ca81e80,0be67a87-c9ef-4c8f-9649-fa2579c4cd4b,BEV-001
d8f6ee42-bf67-4126-9871-ad482cc28d70,2a95f077-15f1-45ad-a331-038bb5b125a1,BEV-003
d9781a53-79b7-4e0b-a5a9-3853a8ddbeef,2a95f077-15f1-45ad-a331-038bb5b125a1,BEV-005
2d8fc428-060e-4819-9433-44ff8b131b98,37df2f75-30a9-47f1-a84e-3c2f2bbdaa25,BEV-005
3460900e-203b-4adb-b0da-dc221f825407,37df2f75-30a9-47f1-a84e-3c2f2bbdaa25,BEV-002
f8401382-6028-4a80-bb1e-ed8026e47bd4,37df2f75-30a9-47f1-a84e-3c2f2bbdaa25,JAF-004
5163cdf9-80f6-4daa-bde5-b51619a36df3,ca8ac146-fa48-488c-be1b-18fd246a404b,BEV-004
4c83d02c-73b7-4183-9223-fb087f627372,e8b685f4-008e-4b19-a3dd-709f0b5c587f,BEV-005
d91bfe55-c0ed-406d-8d15-f642fca65e5e,e8b685f4-008e-4b19-a3dd-709f0b5c587f,JAF-003
2448365f-e441-42c3-a702-9ec73c7c82de,5787955a-5e38-4588-aca4-d8681adb1435,BEV-004
f8a16f19-f8a2-47e6-897c-cc593169501a,4bc0e0f2-7d71-423d-a415-b27687e1f835,JAF-003
f2e6e1a9-aad2-43b6-b3ac-ed2afae50d90,4bc0e0f2-7d71-423d-a415-b27687e1f835,JAF-003
5fab492f-bf7c-4c80-b699-3ca7112d81af,bb51c707-45b7-4842-b3e1-e673b54c4ff7,BEV-001
856260e1-85d6-4e06-a68e-60a1c4a0e7d7,b9c7c7c3-2061-4ec8-bb8f-68a9bc54f0b0,BEV-002
420fdcc0-5b89-4435-bbde-8827ea4c8d62,b9c7c7c3-2061-4ec8-bb8f-68a9bc54f0b0,BEV-002
64c89215-44ab-4a2e-a55b-52414c972d5e,6bda3896-6e77-4f15-be47-60cd10886bed,BEV-005
3a33acab-02dc-4152-b167-46b949015f83,57dcf20c-fd33-4c16-8a44-75ba3d184967,BEV-005
c0d04b57-bd35-47a3-b73b-498a05215310,3301cfdf-ea57-44fe-9ab6-aecadbbb8f94,BEV-002
6b26a687-4933-4b7e-a7e4-93b4531ce1c0,df62b22a-c6da-4c8d-a510-17e09992fe2e,BEV-003
dc01ba27-5912-4961-b870-4a5a74dceeac,c7c6a8fd-49f7-4d8f-8995-f6915d7c1a57,BEV-001
24d03bb9-04f2-409d-b4b0-2cdd38d29075,8398e68c-4995-402c-b9cb-c512823b9638,BEV-005
4b447771-2631-4362-bce0-9261b92e5c58,8398e68c-4995-402c-b9cb-c512823b9638,JAF-002
59f7b2f0-27c1-4597-ab42-e65766ed03a5,8398e68c-4995-402c-b9cb-c512823b9638,JAF-003
8f4ab7b2-4d89-4ccb-867e-4e0efc9ae4c4,8398e68c-4995-402c-b9cb-c512823b9638,JAF-002
c7da6945-e7b3-4098-80a7-9f2b3af22ee7,acc2c8c5-71f6-44d1-aaf8-0e7ef6bde929,BEV-005
408a2e8a-437c-43fe-8af3-5390a3460ce4,865d0f4e-b254-48ff-8528-89c3e08aa91b,BEV-001
e5d19182-cdcb-4fb5-99ad-31ce0808b107,2fcdd882-5fc4-4584-a806-d7798fc87869,BEV-003
0baf46b6-2c35-4684-9c39-b19eca53b8e1,2fcdd882-5fc4-4584-a806-d7798fc87869,JAF-002
ed91e1ed-d1f0-4e94-984c-823eb5d1205b,5927cf6a-b06e-4768-b85a-68fbea729280,BEV-004
0a46b2d1-6492-4da7-b66b-4028a85dd1f8,86fe6577-ae80-4a8f-85b2-c4a5f8d897b0,BEV-004
ffaa8d55-46e2-4516-8bdb-04f1521aa420,5452e466-851c-41a2-adb4-03e3c79b2269,BEV-002
2fe03d50-8d44-4369-8d2d-d7c9ced06474,1dca66e1-a126-496f-94f7-0ca638dcdb8a,BEV-001
539aeadb-6de2-486e-9dfa-e1e910cadd42,8abfde9e-4f24-45fe-b595-6b1784a6f3df,BEV-003
b2d2a862-eff8-45c1-b22e-bc43e1fbfae6,7894586c-06fb-4d35-90b7-860a9bddb497,BEV-001
f9d130f6-7af1-4f2a-aa29-dcf6bc91afd1,4158b001-e553-493a-930f-cf4b07dc2861,BEV-004
015dd937-a5f8-4951-86c2-da8c77055342,311c0f97-1ccc-45da-8c61-1b77ccd17f08,BEV-004
f93cc7d5-d841-486b-a344-e92d4b5662ee,5907d69d-7329-4bcc-9815-c1dd90938733,BEV-003
e0706bf9-b489-4896-8a38-2f3de6884a68,5907d69d-7329-4bcc-9815-c1dd90938733,BEV-003
84e95131-9e05-4a66-9984-58a2b37adf28,5907d69d-7329-4bcc-9815-c1dd90938733,JAF-005
5dbb3ed7-d091-48f8-8768-8c96f625a825,8642be8a-bfb0-4ab5-8731-33f90f1935f5,BEV-002
be3f0910-f1cd-4a7d-8384-9172f18c9c66,8642be8a-bfb0-4ab5-8731-33f90f1935f5,JAF-003
0196bd75-2761-4970-a1e5-85e2323473dd,e320ea9c-fd15-470a-a2d4-51211652e26c,BEV-005
7a1f80e7-a05a-43ee-a75c-fac56e67b037,ff21d64c-3459-4954-942f-eed93ef8cffe,BEV-004
40d6dcb3-38e9-4a00-92ef-0a54465610a2,37ca61a4-6dce-41c3-8f4f-e389ad6c5667,BEV-003
bf1a834c-eb84-499f-9ee3-f9eb55c68e5c,89d535b9-99b4-41c4-8b4f-87eb188a4ebc,JAF-004
9840d734-03c7-41b0-b67f-a18170f0c01e,58118d00-9715-4a5c-80b4-64dd9680433b,BEV-003
5dca3a19-dc10-4695-8a57-de625f7a69c1,58118d00-9715-4a5c-80b4-64dd9680433b,BEV-003
cbe093a0-be51-4144-ac5c-dd7a63a49a4b,7d19a06c-0153-4dea-99ef-0de9043d8632,BEV-005
e5b814bc-b8fe-4f3a-96fc-a49aa1cb208e,0b03c7aa-20ee-4d31-a6e5-466a8ceb6f6c,BEV-003
5e862614-6d0f-46c2-b4bc-8ab6689492e7,f6a1c4c3-39b7-488c-98d9-4597ec11f2b3,BEV-005
20fe4b0f-e722-4aab-a538-577cae9dc8e3,b3df1be5-d129-4528-a412-57a9aef1c2b4,BEV-002
400ee84b-c37f-4c55-b188-22c568b404e3,65374baa-9ffd-4020-b8a0-16834e7d89a8,BEV-005
0c9e5080-2080-4213-babe-06d19643be40,4e2cbdac-8d62-41d5-8db3-c751e5d7d869,BEV-004
9eb36ab0-2454-4c36-a661-991043026bb6,4bf12800-750d-4db3-bca1-b11d165ce87d,BEV-002
b12b8d48-9cf7-46f3-9df3-41cc4eef1a8d,be9a6deb-1d54-4139-875e-a45fe9bb21b0,BEV-004
f727832b-8c96-4138-82d9-c8574cd30350,3ed4be0d-467f-4683-b8ad-626d6f40e9d8,BEV-004
91e3da09-5e25-4745-b1db-79fb66b339eb,e94c3770-b0ad-49b3-bffd-684a6f221490,BEV-001
20bb3118-aa83-4cd7-9a86-6cc4f8c45b1a,4ea15d31-eaa8-4cd7-b239-0892523fe8f3,BEV-005
9ace6b78-2e4b-480f-9552-16c595c9bec2,548d5c28-0647-4e47-ac4f-b3adbb00fd82,BEV-004
87306caa-8917-41e6-898b-459667d48247,4eaebd4c-4af4-4920-b2cc-d456cb36f243,BEV-002
30c1c121-d428-4253-a7cf-ded8482dabf9,baee7e3f-d460-4e43-8e0f-fc6a0d07e528,BEV-004
d6e52280-e77d-4bf4-8e43-c1a7fb990bdf,f378c628-7428-4210-a0af-4bbd0778824d,BEV-001
301d4fae-bca6-4aa5-b5ce-29fbfc67a08a,f378c628-7428-4210-a0af-4bbd0778824d,BEV-003
c379f2a6-4036-4634-b741-bac06dc088af,f378c628-7428-4210-a0af-4bbd0778824d,JAF-001
f5df8770-5803-4b3e-8336-5be9bb98c65a,789bf449-cca5-4994-b139-bf9cdf9fe82b,BEV-002
762b5ad3-f78d-41e2-95c2-1e08f0d51a6b,8d6e6cb1-ddf1-41da-9fc8-9b22d7bd8910,BEV-003
c1f253a4-6fee-4086-b126-06119e571fe6,d746e8f9-cef3-453c-9169-ef427038e4eb,BEV-001
53fb542a-1630-423a-a1c2-b98987a75545,6aa4c643-4ab2-4c91-90c5-950276a2585f,BEV-001
c39c1119-7612-4aa1-93bf-9369a2008eb0,ba60a359-9a74-4c0b-ac1a-75eac6e8e5c3,BEV-003
2e3d7a57-264a-4fcc-ac2b-f0e0fd365021,135b53ca-9d31-4399-b4f9-0412c57c9d7c,BEV-002
f4a2a6dc-8433-4eeb-af10-bea6c447ade4,20f5cc5c-c9df-4ec7-a7d2-ac6a8e328367,BEV-003
1158816c-48b2-4f32-aad3-3713ded8a633,be556f39-1d0e-4743-ac5c-7a5b1f467c1e,BEV-005
036f01c4-534b-493c-811c-b3fc9b979da5,11953e78-3187-4788-9fc0-93b8395f22fd,BEV-004
225b88e6-6fe8-4dca-ad35-39fff79da080,11953e78-3187-4788-9fc0-93b8395f22fd,JAF-003
c18b95a0-75f0-4e89-92a3-053bc683dc7e,adaa0332-e301-48cb-96cc-31f52ede9359,BEV-002
32a5d1c4-c0f2-4f9d-94b0-66ce69899afa,9b7f7c98-4184-471b-bfa6-b602a505a3a1,BEV-002
9972f47b-f9ff-49d6-b58e-df5e590f6544,ba6328df-171c-43ee-b397-add2dcf2aba8,BEV-001
138c07fc-91a0-455b-8444-08912122beac,ffa55a78-70fe-4096-a5dc-0b10a1fbeae7,BEV-005
414088a0-7e0d-4c09-bec2-f69345e80fb4,560df201-46cc-4a5e-b4e2-94bf6695802a,BEV-002
8f63f97f-14de-4e84-89e9-ca3ca740bb96,560df201-46cc-4a5e-b4e2-94bf6695802a,BEV-003
e66b1589-a161-43e6-8ff7-f1fc781eac48,560df201-46cc-4a5e-b4e2-94bf6695802a,BEV-001
6aa9e1e3-5d6a-464b-a3cf-328bd5264ed6,560df201-46cc-4a5e-b4e2-94bf6695802a,JAF-001
dc17d4d5-b9f5-4d47-b2eb-4d3e525513fd,560df201-46cc-4a5e-b4e2-94bf6695802a,JAF-004
79d103f4-dc53-44f8-a960-5de36d50a7fa,dae75046-16ff-48d1-8641-62d09088bf5c,BEV-005
858a793f-8c53-4df4-8d3e-6a3cf54221fe,dae75046-16ff-48d1-8641-62d09088bf5c,BEV-001
6ed87dba-ec27-4ba1-a34c-7e6268ad9c70,608b29e0-5de0-40fe-95ca-3485db42cb56,BEV-005
7c26f948-c076-4fb9-9ef2-d7db66c898ef,2827ca19-f86c-488a-a8de-d036be0caa66,BEV-001
be24554f-3a5a-443e-9622-92b33451e91e,6af3bdb3-7d58-4903-9bd4-f82480071fd3,BEV-002
07f83770-def1-47a5-98f0-1d0a7528cc8a,2307d491-fbbf-4e08-8878-e8a0b6cf8d31,BEV-005
76269e58-42e0-4bf9-bc1d-04fd5398129f,3ee3d43f-e135-4d83-a9aa-9123fde33877,BEV-005
14560c30-91f8-4669-81d9-e4502bbed556,53161cfd-e941-4242-83ac-ac0fa3ccc9b6,BEV-002
4889fe0f-a289-4206-9efe-c789b4befc87,53161cfd-e941-4242-83ac-ac0fa3ccc9b6,BEV-004
a25b3864-ba73-4eaf-8ab8-93f748060e68,f3cf0036-2782-4485-96a4-57980a581c9a,BEV-004
bf27ef1b-2c63-472e-9a12-27b362c2ede1,f3cf0036-2782-4485-96a4-57980a581c9a,JAF-003
bf48059a-d0f7-4718-898d-d7bb0fc2ddfc,68e62187-256a-408a-80df-f820c5f2872a,BEV-004
8365845c-4692-4fba-a426-93ac10432b83,873acf4c-e6f5-4e85-b5a9-017c70cc865b,BEV-005
bdf547cb-72e8-4f97-b1e6-cffcf6185e64,4c7b0d98-6867-47a1-9c2c-11415f30a26d,BEV-004
9d75b807-3c1d-4571-aaf8-66b56c8fba87,58d7276f-5dfd-4362-a95f-57e8345f40dc,BEV-004
5e0a51c1-c594-4019-9c56-79a51ad464e0,f40e5f53-c329-420c-8ca1-a5d1e6c6ef08,BEV-004
8384cb96-8871-4f14-9153-66cb55a9cf5b,51320dc2-22b7-495f-8897-23c29d1ea482,BEV-001
b204542a-159f-45e3-a641-de25e7e729ce,adfb5c93-ffcc-4592-a511-822e4116807f,BEV-004
099a05af-77d4-41c9-9bb0-e1a8e523fc03,6ce387d8-9846-459d-b67b-64d8af83e386,BEV-002
260333a9-136c-462e-9013-cf0047fd5d9a,e25fdfd5-966c-4f50-bf89-dceb35eb6beb,BEV-001
54fde117-8f8b-4d89-b498-5d2a34952fd5,9bb02fc9-9b4c-43b4-830c-eb1eb9b104b2,BEV-002
b4652ef5-1659-47f7-89f2-2702e17a5a5b,4a7b8f33-c8be-4f68-8769-82f978b6eb5b,BEV-001
f8a756d7-08cc-4c70-8c4d-7cbc934783ed,4a7b8f33-c8be-4f68-8769-82f978b6eb5b,JAF-002
ae0650b7-3e77-4e4d-9c11-c5a6eb7ea56d,4a7b8f33-c8be-4f68-8769-82f978b6eb5b,JAF-003
a70f9e9b-237f-47ec-be14-4ba40e2eaa96,c85d35e1-369e-4dd3-8282-013468032a74,BEV-002
b03a6c66-b6b1-45ae-98b8-53dbe50f6442,a7692f48-fe62-457b-a778-f87bd3f04e4d,BEV-001
05205089-2fcd-4987-8bef-3d35ef390557,a7692f48-fe62-457b-a778-f87bd3f04e4d,BEV-002
abb24a26-a0a6-4910-a462-83930be1555d,a7692f48-fe62-457b-a778-f87bd3f04e4d,JAF-004
4bbbfff3-c6af-42be-a563-e365d17353a2,d0667be3-d917-4d96-82f2-730ee260863d,BEV-002
76ba6b44-c734-4171-8e47-67491fae346b,4ffce632-ccb4-4c9c-b579-788730f34ccb,BEV-003
9bd14dbf-5e0c-4c93-bc03-a20ad3921775,596be87e-49c9-4847-a5e6-8c113dc6db0e,BEV-004
3020c336-74e3-48d0-b867-b483b2d68021,9b6597a0-ac4b-49ab-b72f-527878bc8168,BEV-002
67cfc41c-7a0d-42b1-a373-2e23279b33ad,45c98df3-63e3-4629-aca9-a871f23bc6b9,BEV-005
4c6a92fc-7b05-45a6-8049-1c15bbe0ece0,6f2fe5f2-f17e-4a5a-a8e2-e8106f653efd,JAF-002
dc5452f8-de77-4eab-811f-a66d34224947,6f2fe5f2-f17e-4a5a-a8e2-e8106f653efd,JAF-003
eaeb90c8-5315-4126-a1fb-af614073300c,29d66722-b30e-4b55-9843-9f24ead6c092,BEV-005
b13a4dcf-2546-4208-aeaf-292056bc8b78,557d8535-3d2d-4fc6-bd13-1902769bd89e,BEV-003
561572ac-0132-4414-b04f-6975b16d8634,4f83e00b-8c83-40da-b07e-425b5e6ffb0b,BEV-003
18494180-8a44-4220-b728-77781721a71f,4a3ab745-a935-4c41-a045-4cfbe92008f9,BEV-005
95777b19-9065-45d1-90b4-dde8952cec8e,419dd3b6-9dd7-48a7-a3ac-ac36f7a99950,BEV-001
f7c62990-ed64-4b14-8648-c792369d00c5,db358ac1-e839-4edf-9635-b334a2e5f7a5,BEV-001
697194fe-7ae4-4c54-925a-ac07bfb6de69,db358ac1-e839-4edf-9635-b334a2e5f7a5,JAF-003
a6c3e149-5e2c-4b94-8ffb-a56df859715b,c179105b-ee49-4fd4-a431-94e331cbe2c4,BEV-005
db82aa13-357c-442e-8ec5-0c06f8973ae0,280cafad-934e-4946-8a40-9ba23d877210,BEV-001
76bcd16d-b8f7-4492-8950-dde8aabbdc13,0c49d90b-19b4-4db2-8989-e9302e56c22a,BEV-005
3d8ac19f-949a-4cce-8ed4-07063d595843,0c49d90b-19b4-4db2-8989-e9302e56c22a,JAF-002
56558696-cf42-428f-87e0-0b0675a48608,e8529c37-7086-401d-8078-c528a16212d0,BEV-003
7dc514a9-ebf5-4a59-84cd-0655ecddd6fd,26243a14-e416-4051-a0b2-c4d8349a1761,BEV-002
34c10b72-e866-4477-98cf-62230cefd52f,d37ea0b6-e671-4eeb-8d34-a6afda3b25b1,BEV-002
f129e6cd-637b-4e15-9e71-43e3b8fdaf9d,64252492-8e9f-4543-9d6a-c670bbd70a9f,BEV-005
b9911fb5-dee5-49ad-b4e4-daae40270df0,64252492-8e9f-4543-9d6a-c670bbd70a9f,BEV-002
ae87998a-db31-4288-ae7a-c3e6aa5eeac6,f6e216b4-4d1c-4bb7-b6b2-db89f9f932a3,BEV-002
b2b62c9f-0450-4851-91b6-d0dca748fd12,743dc939-7756-4b63-ad46-e6c5c8df5d4f,BEV-005
4aa561df-c49c-4d51-b024-f48b08560b2b,f7d0765b-89b5-4a06-ae3c-5ea9fc6718cd,BEV-003
9e02f278-b949-4e7a-953f-992b3a85b8ee,c56951a4-5d80-4e8d-bc8e-416e0d567e39,BEV-004
ce08e3e0-b4c4-4f76-b6db-6f9a9c674c70,c6322416-cc84-49f9-aca5-418da328f2cb,BEV-002
a05d7fe2-24e1-4806-a0ee-2e707e6237be,c6322416-cc84-49f9-aca5-418da328f2cb,BEV-005
7498d573-13f1-4fb9-a8f1-54d4b728e750,f987cc66-dbe3-449c-a100-359185bef832,BEV-004
5f1ac9de-4f6c-443f-be14-b4e7987245ce,85ef9b8c-f8f7-4025-a1df-9050b7944d71,BEV-002
2126aa3c-351f-4cef-9750-9e2239b3b99c,32fdcb80-2162-4466-9ab5-7805eee92306,BEV-004
f79ee97b-e96a-4f9b-ae80-9d85bece2db3,2598f24c-f937-49f7-a250-87066617acb1,BEV-003
16495dee-d5b9-488b-b31a-d4e426594ef5,556511c0-c549-4e6e-8890-fef4110accc4,BEV-002
a5bd4c0a-9c62-4044-b71f-2a350b480747,556511c0-c549-4e6e-8890-fef4110accc4,BEV-004
f50d9b71-bc13-43cb-a47e-175976255753,556511c0-c549-4e6e-8890-fef4110accc4,JAF-001
7ca0736c-89ca-48b0-b7cd-867006ff4062,e0bebebb-b0e8-4177-b9a7-29bee5ca94f8,BEV-002
bfadc5db-4b19-4410-9f74-ba4fc010f638,fd09e0f1-0292-4206-8adb-3f4388ccec8f,BEV-001
8bbbcd93-3361-4468-adfd-f2b88709f37f,fd09e0f1-0292-4206-8adb-3f4388ccec8f,JAF-003
62c8bd76-62d9-43d2-a6e5-1f65b3d73be1,22e7e18d-4038-4d35-95da-eb92534779f2,BEV-005
632cee04-197e-4dc9-902e-2f462194d15e,22e7e18d-4038-4d35-95da-eb92534779f2,BEV-005
7a2974cb-1151-4280-9432-da64f13c23ac,22e7e18d-4038-4d35-95da-eb92534779f2,JAF-004
a3098b8e-ddc1-46a7-bb2c-161399569fb8,4ce9d559-07fc-42a2-8bae-6398509e55ef,BEV-003
dd71a41d-4e84-4d26-ab84-1c8610e588d9,619b0bdb-fc0f-4f8a-b666-3c73f6d1b026,BEV-004
869bd141-4a48-4fff-bf11-d8c156cd2b03,04d87fe9-cb06-42a2-8f18-7e7f117ed7f2,BEV-005
a32856ce-3957-4634-9d0b-ead234596251,13478e1d-4cda-4d97-9022-f7f490d90e1f,BEV-002
c1c165a0-0b16-46b8-b74c-eadbf13ec2a6,bcf912a2-dcb1-4190-9e4d-c2aa9a34bd68,BEV-001
0322f0e2-fafb-4f72-a265-67b611f96574,8e94a6b0-b162-47c1-834b-eb65adaaf72d,BEV-002
d09f5ac4-02d3-40c8-992b-8147f64d5af0,e668929e-9fc3-4217-97b5-c31962631197,BEV-003
39f76c1d-9693-4963-bec2-0036ea66da5c,e668929e-9fc3-4217-97b5-c31962631197,BEV-004
6592c956-e725-4179-b8de-a8206c854d5b,1d377104-0fd4-4846-ab1b-9c88642cb8db,BEV-005
01f2a6e9-e6b3-4eca-91f7-31603e0369d5,3a6c4d9f-08ef-42b9-abb5-30eec63aa800,BEV-005
585adc96-e4a8-407a-b97c-32bf4d92bc7c,cba08a81-2aa9-4610-be4c-df7b0d16c1f9,BEV-005
e9168583-8ba5-44ac-a217-0412f266320e,0e35f278-cfbf-4ca1-be76-d54aeda66a00,BEV-001
3f6f4057-a646-4b47-9b5f-2e11eda057d8,fb758575-65fe-45cc-b33d-9aac7a2d9b11,BEV-004
41cf08b7-5cd4-4caa-ad76-fe64a7a9b6be,8938179b-a1c3-4b4f-95d3-6dffd18816ae,BEV-005
27a46014-0118-4f51-a917-b1dbfcec0db0,de115c6c-0b28-4527-a77c-a9f3ad6a27b7,BEV-002
2033e819-81f1-405e-b5cf-08d3cdce5d4a,2d4eeedc-7154-4222-90ca-b3d9dedb5c85,BEV-003
4d1431c4-c699-41bb-ab27-a991b2c9ee58,a7672d69-d84a-4f69-801f-bce433a71716,BEV-001
cda1d133-0793-407c-935a-d363637c7fa3,2a6a0fee-17ae-4a33-b20f-b33682515dd6,BEV-005
fb7d8d1b-598d-45ae-8a4c-ad1173532531,2a6a0fee-17ae-4a33-b20f-b33682515dd6,BEV-002
823c9e44-255b-439c-8b37-50af60c78e6d,eefe61b5-95e4-482b-9228-4c0af897d5d0,BEV-004
bcc27943-3853-46aa-95fe-946016fb1249,545af44e-b7bd-421e-93cf-7e201c81c83d,BEV-005
55c1e08d-ade0-446f-b281-1ceabc98e695,a6c54823-b024-400b-8248-c2d4d5e6e72b,BEV-005
8cb4b43a-d969-4d31-97ff-ca94b9d86ef7,011b76de-423d-4cdf-b823-95f54c45c2ca,BEV-002
6b8e42d3-dfa7-42ff-bf7a-3a32addd7fca,9f89c593-ff76-4a77-82a4-bd70bdf808a9,BEV-003
92076af2-6767-41f4-92ec-39ca121eec75,70a015f0-2083-40f2-8601-31edf5d838d0,BEV-004
582a9413-97aa-4643-8917-8846fb8dc6c6,167ee834-cd05-4f4c-81f7-2af1d71181ec,BEV-004
19a2683e-94e9-4f16-9a67-d49df478d231,89369dea-5b0b-49cf-8d70-eed2262615b4,BEV-002
f3c4782a-5a70-4405-8149-a783b2ac43b7,89369dea-5b0b-49cf-8d70-eed2262615b4,JAF-004
58df9b87-bd12-4bd1-a782-9dc7333a1e84,be4adf51-6246-4d5b-8cca-a8e63fbcf51e,BEV-004
431a261e-9908-478e-8261-bd3c8e546581,7fb726e9-3b99-458a-a323-fe4c47cf1831,BEV-002
b7581613-da7b-490d-9738-fce1678038bc,f767afb8-9784-46de-a060-a30216cb74f7,BEV-004
6cc5f27d-3648-4282-a956-d35a518932eb,9eece581-7982-40fb-aa01-d20493031684,BEV-005
2df730f3-0531-491b-912c-f78916d7263b,9eece581-7982-40fb-aa01-d20493031684,BEV-005
9d287fd3-fc87-43b9-b98c-d3cb77e14463,9eece581-7982-40fb-aa01-d20493031684,JAF-002
56493fed-3ad4-4920-aea5-bb5e532d3b83,9eece581-7982-40fb-aa01-d20493031684,JAF-003
a9a8ed7a-41fe-426f-b317-f3b8751020ac,9eece581-7982-40fb-aa01-d20493031684,JAF-003
4bd52c8a-958c-4494-84d3-93f165a73c2a,3af1b874-c5c6-4248-b89f-15989ebe0c81,BEV-004
bbaf1411-48f1-418e-a464-05fb159c3017,e43be0b9-84b7-4779-aa87-fec55ba57884,BEV-003
57fb3ad0-7c9e-45fc-b36c-ebe98bb54fd5,7603c7d7-dc6b-41f1-aa53-303419cade87,BEV-004
7edf44d7-5295-4bdd-a01d-6e4cb59d0a09,6d4f9efa-2abf-48a3-a0d2-04381d997daf,BEV-003
57229ca8-6ac3-45ca-8505-ea45f092b613,404e41df-e87c-45dd-8a16-a8f14fa9e78e,BEV-002
9f2af6fc-4e60-4a9e-8b32-1301a6e378fd,d5b23f49-3f62-4e8a-b863-4ff9117deaef,BEV-001
60c6f770-e2fd-4ab6-887c-d2706826144e,8d8ac90d-4507-448e-8c29-29d0e283fea6,BEV-003
9db061c4-b579-4526-a78a-aee07b986108,b9dd0235-2ed7-445f-a7db-5e194be5ceda,BEV-002
2428973b-adee-42fd-821a-573dc2db4652,bb260359-61ff-41b7-9601-90f9dc3788aa,BEV-004
249d5779-006f-45da-ab8b-110f325d1fe6,282bdb66-bad2-4c8a-b9d7-a80cc07fad05,BEV-005
f418d9a8-49fe-435f-b8f1-a15db9fb449c,1c41cd22-93c1-4d7f-b677-29dd3093d513,BEV-002
be945d0f-aee9-4584-9673-c9f165a3d439,3d69f850-b6b3-49a3-a911-e23d8d30a482,BEV-002
6d9318a3-c9e0-4431-ad1b-0b8ec0987276,01949c92-0a07-4940-9748-7f68652cce57,BEV-004
16d13fff-e10a-4737-a508-e3a637893871,907acd85-b47f-43b0-844c-e651436a5c2c,BEV-001
8c3f6afe-75c0-4be8-8ca3-da0b310af043,8e8d28a0-4873-432d-a902-9a918db54558,BEV-001
940c05ae-9a3b-4035-8135-ddd679ce9dac,8e8d28a0-4873-432d-a902-9a918db54558,BEV-003
10ac9cd2-b206-4976-9b85-a4cc534b72e5,43c052fc-53d2-48fc-b9b7-db1a9397f442,BEV-003
06634b3c-e628-4613-8b4e-880e8bf48345,da6ee49d-ce5c-468f-a2de-f39b8e5dd1a0,BEV-001
6bd9a3e9-3ee6-4ccf-ad36-9e2d0b54cf45,0e994569-45b4-43a9-b515-46f7e0f18050,BEV-005
454b51c7-2aed-4f7a-984b-59c579b0499e,85685562-05be-4503-b316-66cfdf661943,BEV-004
b1de0ac1-0347-4e97-93a8-e074d60ac03a,845219bd-256f-4eb4-891b-248cd712de15,BEV-001
a19635fe-d37c-44c3-b214-e2423a0da0de,cc9f1246-b8c4-4dbe-bc27-44f6a6c3c64b,BEV-005
1207d962-169c-45e8-b15e-5eaac82be30f,cc9f1246-b8c4-4dbe-bc27-44f6a6c3c64b,JAF-004
50ae5369-1094-46bb-92e3-0949a307a96d,17d6298e-a9dc-410d-8a7f-ea2057ed7ef5,BEV-005
abfffae4-1b09-44cd-9631-3ae0fd5b2a84,f2466e4d-f3c9-4487-877c-4ca8fba81f9e,BEV-001
e3ce764f-1bbc-46dd-9c54-f112feac96d6,9ece6382-aac8-4294-bda4-0cf9d51abf94,BEV-005
285aab8f-70d0-4be2-998b-eb6b39b4e768,60c93176-2865-4285-b709-6cd8cface9da,BEV-003
bbc4a8e3-f310-4a4a-b45a-6d40c463397f,60c93176-2865-4285-b709-6cd8cface9da,BEV-005
c79e9f1e-6829-4e9e-8fef-c14b39ee2eeb,60c93176-2865-4285-b709-6cd8cface9da,JAF-002
ff788f95-dea3-43f8-b56a-c6725ca4be2a,60c93176-2865-4285-b709-6cd8cface9da,JAF-004
d1ae279f-31f9-411e-9182-3c04648a2a74,f20c0451-066b-45f0-94a2-a39d030bbc63,BEV-002
7d775b2b-eca9-46e2-9264-c0cd5dcd6ad4,66a304c4-c8a0-48dc-9c1c-d067808b3deb,BEV-005
66e7644a-60f6-4555-bbc8-394894c9991b,ec5e907e-4dd4-4a40-85b5-8d6a44616359,BEV-001
c66a46b3-3d92-42da-a23b-4a5357ff4fc4,2e7d5e89-c3e8-4aef-834c-8537e7230ee3,BEV-005
0aeb0b5d-0d4b-4511-9c72-452f76474a2b,4fc1048b-b592-4fc5-92ba-42196dfaf538,BEV-004
d6169aa2-1f4e-49d8-9217-68cce344812b,ac52a52c-92a4-4523-8ecd-f9eddc891788,BEV-005
97348fea-8a76-4e19-b1a8-13ff6d456ae7,f558f618-9bd7-49b2-a9f8-f040f509202a,BEV-004
1c4b1193-324e-41bb-a107-65606f112e56,f558f618-9bd7-49b2-a9f8-f040f509202a,BEV-001
2fcada8d-2e5f-4704-b01a-7d34e36fadb6,f558f618-9bd7-49b2-a9f8-f040f509202a,JAF-001
a1012dd9-e79a-4d39-8682-937b64d319ab,04313345-ce8d-49a1-923a-895335a8f3b3,BEV-003
7c22d8f2-7b67-4889-b6e0-603a78e01d4f,cf81d009-5d8c-4d07-9d58-277375d2551e,BEV-001
6c56fb27-d21f-4456-8ad1-723f62e815a1,9803a99e-26f1-48fa-9f3d-852ff0e11cad,BEV-005
fd5bee96-ab98-44df-a4d7-ccab930c241e,7ad446af-8649-4d18-b1ea-6968c60c7d99,BEV-005
00eeb59d-328e-4427-827c-c7183a8f45a9,ffe676e0-f27b-41b1-bb69-0bede539aca2,BEV-003
620254c4-2add-498b-9215-c2ace3dbe636,6f359444-4c61-4ffd-8d39-733d2dae0210,BEV-002
73a51a18-e120-47d3-adee-8ac37190ac86,37dd0273-da96-41e8-8d73-5ed5e56c382a,BEV-003
81ff7062-fcb6-4f27-87e0-0f17d4d24117,2e0c4366-6d65-4f22-881f-1f35c96e722c,BEV-002
36d06c49-35d6-4a6e-a73e-e5a3b5e063aa,7ecf22ec-989b-43fa-ad75-80af5fe9e7df,BEV-001
c9182b21-151e-4079-9f4a-663db5d99fbe,8adf5106-1f29-42e1-bcb1-795e17a236f1,BEV-005
12c8948f-bca6-4ab3-beaf-7017efe19c66,87af8727-1854-4e62-b895-ca5da590241b,BEV-001
eef3956c-c0a6-43f6-82c4-b6d8cf1807dd,047518b1-147a-4d35-9ecf-04cd4609f391,BEV-002
9204a9c4-90fe-4c69-ac2e-46dbd41a8478,575377c4-2c15-4319-9005-1a38ac784d39,BEV-002
26bde4ad-4017-441b-bd40-cc0e27711a89,76ef7c4e-a563-49a9-b271-17dd4ecc6eee,BEV-001
33f0c7b8-4f8d-443d-9d5f-4e9391481eac,76ef7c4e-a563-49a9-b271-17dd4ecc6eee,BEV-001
8a529eca-4445-49b9-9de0-e3bfdda79b17,f7a79cc5-204c-4e4a-bf67-3c04a67b778f,BEV-004
310e89c2-3540-4704-9cc5-4f1f2349946d,d95599f9-83f3-44e6-9cf2-7a99826ec07f,BEV-005
d0805c36-a3e4-43ca-a626-2007a38b812b,10e0a996-08ca-4671-bf94-346bdf8734a0,BEV-005
73527a6c-96ed-4ba1-897b-254e1ddb5911,b7adac92-35e7-48f0-a789-681a45dd1246,BEV-003
99c4d260-0a18-45d4-aa50-45879af55bf0,29f18c9a-e885-42c2-928c-cee9288c5c76,BEV-003
021c2aac-3333-4e6d-a08b-2c126a6fb493,29f18c9a-e885-42c2-928c-cee9288c5c76,BEV-004
71e41c26-6405-4c26-a228-f6c32dd83d50,29f18c9a-e885-42c2-928c-cee9288c5c76,JAF-004
e8e11138-8647-4b7d-9ef4-547e4706a740,226bcd6a-9868-4a63-b401-a050d401df6d,BEV-002
16bca2fa-f4e7-44d5-baaf-d075f223382d,234e8914-298d-44e1-b698-a4f849f46f2a,BEV-001
50a89d44-0d67-495e-9919-711a9ce6b54f,33dce55e-a445-48ef-9d81-4d191206f72a,BEV-005
369446b0-788c-47d3-8506-a9ce8e2a73ae,33dce55e-a445-48ef-9d81-4d191206f72a,BEV-001
d71764f6-51ea-4e90-af5d-c36e4cb58017,33dce55e-a445-48ef-9d81-4d191206f72a,JAF-004
82066a95-c192-4109-82ef-54ac5b3eb538,33dce55e-a445-48ef-9d81-4d191206f72a,JAF-004
dfff939a-177c-45bc-af0a-882504f0e475,d31679f0-b30a-42a7-91d1-91b27747ec84,BEV-002
cb811586-f8a4-45bd-84a6-d30cf45e5b03,2662d985-4428-4049-bce6-189534684f45,BEV-004
24f8a092-f2d1-4abb-a995-061ec83b5cb2,2662d985-4428-4049-bce6-189534684f45,BEV-004
dbabe41f-cac5-4c2e-9e7c-0904e06ccfd5,2662d985-4428-4049-bce6-189534684f45,JAF-001
0f31b482-0694-4941-b40e-d73b13a69f61,cb078923-bd30-4636-b1a7-d5c0704d4ef9,BEV-002
6947bb7b-de8e-4d0a-8713-bc34bca33a6a,b8cb822b-8613-4466-b463-c6fcc1d5c44a,BEV-004
1578289c-2a8f-457a-bb69-92f14fda9a8b,6c015cff-67c4-4889-a2f5-63cc8dcdc29d,BEV-004
d25225e0-bfe7-4233-a3bc-910957fe49e1,3122ce1a-9ba7-4290-8206-e984e32cd390,BEV-004
78b006da-3d39-4d02-b2b7-455c0c2a53bb,3122ce1a-9ba7-4290-8206-e984e32cd390,BEV-002
38ba3a7e-e41d-4b9c-b6e6-704d2d68a2f2,00878c74-4dbe-44b8-a211-4b6fb01e50b6,BEV-001
6fda420f-e063-4b8d-bc7e-582448781149,f55b2705-5ce4-42d4-95e9-78def01769e4,BEV-003
c19bfd02-3cd7-475c-9d2d-9eb9bb9d8854,14d4f73d-6db5-4f14-a17c-1d2aff596245,BEV-004
752a1379-2108-4abc-afbe-8dc5dc5bc317,fedb8879-6e1c-47b7-9f23-4b193f8e205d,BEV-005
ee63fdd2-9a39-4498-ba5a-2a9308aec42f,ee2192a5-e9bd-4856-b851-41253f9b3a2f,BEV-001
5cd061f3-d628-4541-9880-30d1ebc1bee5,2da72007-4919-4e5f-b1ea-dc9f0837fbba,BEV-005
5fed0866-1aeb-47b8-8445-d8953e842ace,97ed1330-4fb1-4d28-bf73-5eadda7d98a4,BEV-004
fdd319bb-4d59-4844-8a13-b49503fd3327,3aaedae5-5cd2-4058-a395-695e7950138a,BEV-005
a1757c6b-bf47-46da-b83f-e16cacad4303,fff22faa-d18f-47e5-bbc7-e8eb6c0bc54e,BEV-001
767ab3c0-9fd1-4d14-b616-3145ade24c4b,af8e2564-374f-40e5-b7ea-709db7099c14,BEV-004
6164bae5-5e4d-47da-90d7-f41d9381bdc3,1d81c562-bcc9-4103-ac81-d97ef5d89298,BEV-005
0e472f3b-bf88-4926-ac77-0dfdb811a7cb,967db86d-8706-42b3-9452-00406f6ae122,BEV-004
ab08a5f0-27f6-4bc8-b22a-47e421205c7c,168ad7b9-1a87-4007-bb18-348daa14d135,BEV-005
5cdc7171-1338-4919-9327-ebbf243e0744,8a82bf50-951c-44db-820d-3517f8be8ce3,BEV-003
546e5f00-dd66-46a5-b60e-c1ab7fe8625b,fa36d882-6c81-43a8-a072-5c30c0fa9858,BEV-002
c400bf60-3eba-410d-8868-a5b0d8fc0187,4d8e9b68-443b-4aee-96f0-438bb692a98a,BEV-004
4864f135-a18c-4603-a927-ef6cc1e436cc,ef47d718-0524-4349-b532-fa5a6bc2d458,JAF-005
d1d2b135-7398-430a-a62b-5860b305f03c,ef47d718-0524-4349-b532-fa5a6bc2d458,JAF-005
fb6eb8a4-3e5d-4c4d-8e7c-bfbacc394c60,ef47d718-0524-4349-b532-fa5a6bc2d458,JAF-002
184f2502-5698-421c-816b-569accc0c52c,7d7a61e9-a45b-4550-94df-810c89b76299,BEV-005
ad55f0e8-5c66-48e3-b8a5-56de695dde84,7d7a61e9-a45b-4550-94df-810c89b76299,BEV-003
377d6200-c166-4566-bc89-62225f075f04,7d7a61e9-a45b-4550-94df-810c89b76299,JAF-003
714ce87f-54ce-48f8-875c-5fdf2f17ca60,7d7a61e9-a45b-4550-94df-810c89b76299,JAF-001
6473ee1d-5ac2-4b06-a19d-3614db6e85d5,7d7a61e9-a45b-4550-94df-810c89b76299,JAF-002
e87cd635-c9ce-4ef5-bcf0-c08647dc1a48,a2006318-c959-44d6-9598-3a7ff3aca0c0,BEV-002
da1faede-a9ff-405f-aa5b-c07f217821c2,c4ad5907-0cf9-4156-8276-4a76136e429f,BEV-002
d7f201cf-9028-403a-a1a2-373e9324af89,670722fe-2d46-40e5-ad80-9019545d0c1a,BEV-001
391f51ca-c3fc-41b6-8551-ade7d88defc8,670722fe-2d46-40e5-ad80-9019545d0c1a,JAF-004
676d965b-bdbd-44cd-b9d6-c1476e429366,5533742d-135b-44c7-88e7-fddeba63f522,BEV-004
f29e4f6f-6361-48a0-b4fa-0338b44f3656,e445d7e4-9277-4fc6-8a85-4e7f52f4d24b,BEV-004
1d58eeed-01ad-4332-ad8f-e2bf212854f7,e445d7e4-9277-4fc6-8a85-4e7f52f4d24b,BEV-004
8a8e0223-ebc8-40ae-a178-5f94bbc82d13,e445d7e4-9277-4fc6-8a85-4e7f52f4d24b,JAF-003
90d21926-6867-4733-876c-35f4afa5aaf6,e825623b-931d-46dc-8bdf-3b1e31a289c0,BEV-002
5f71aea0-8117-4c8f-8f44-921dbbe6de13,1be07b53-6234-48c2-85d7-c34db62ee627,BEV-004
61a7d9b8-cba1-4faf-9256-cfcd919f10b7,ca351007-af8a-414d-ad26-4897814ad350,BEV-003
86421693-dec5-4ab3-bd20-7ddcd35b1b56,ca351007-af8a-414d-ad26-4897814ad350,BEV-005
2d572f16-64b0-4300-b12c-3e729947b681,ca351007-af8a-414d-ad26-4897814ad350,BEV-001
b7fd4b52-8504-48ce-bfc3-79a2c9606091,ca351007-af8a-414d-ad26-4897814ad350,JAF-004
27709391-cce2-4fca-85ed-2132112cd8e9,b5c81c0e-c7df-45c5-9382-3a5ef2d4cfc8,BEV-002
44f14d13-3b74-41ac-85b7-dac21833cc56,77a5671b-bea5-4a67-99d5-a561e5c9f6c6,BEV-003
aded612f-ffbc-479b-a766-85f08cbe9a5f,e352094f-b69b-456c-b526-981b6454634b,BEV-004
6f6e7826-29aa-4b62-bc3a-56668a8d3a74,e352094f-b69b-456c-b526-981b6454634b,BEV-001
35ad0a8e-43e5-4cf5-bc9e-02bab9b939fa,53c47587-422a-4ee4-a6e7-a3f19abc7c9b,BEV-002
2642b7e5-4048-4ed5-9a30-60124658faf9,6dfc9438-c71a-4b90-9cb5-9fcc040c39d1,BEV-003
abfc56c2-07eb-4a0a-879f-e2d414658a27,6dfc9438-c71a-4b90-9cb5-9fcc040c39d1,BEV-004
3adbdbd1-06db-4259-8c01-5a9f4100e5b3,1dc81fd5-ddce-41f9-8a36-1356bfcabfa5,BEV-004
4c80c8ac-5636-4c9f-be35-956cfdc111ba,7b9d1006-c2a4-49bd-b6f0-20a058d5b6ea,BEV-002
d9a3037c-4798-486a-bd7a-ca3d34e6a5fe,33f50d3e-887a-4478-99ec-5f7238a7a32f,BEV-001
214997ac-e61a-4b76-9883-905c99d006d0,b687e3c6-5637-4039-abdb-041469d13b8c,BEV-005
4e95c8bd-2439-4a20-b022-dce84791da58,d7cd7546-a2ba-4b4c-abfc-ff15535f177e,BEV-005
c99777e6-4b44-4fcd-873e-37c5a07f4e8b,7dc65cb1-00db-4634-b756-3b73d9ce8624,BEV-002
6576f237-85c2-434b-84e2-190ae17726f5,e7377f6a-b632-4008-b47f-c06d9476e011,BEV-001
2225f3f5-6a08-4423-bd44-0024fd1d155f,e7377f6a-b632-4008-b47f-c06d9476e011,BEV-002
72179011-2fba-489f-b258-e4e153d8a706,726b182b-8a20-4dac-b1a4-5577136e8b01,BEV-002
777a0f03-efa6-402f-828b-032e9c8913c7,c78479c1-8f5f-4d72-aedd-9e9eea35243c,BEV-002
1d1015f7-fbb1-4a31-b9e0-6b521635ae13,0ef09bc0-cd9f-4139-90d5-317d1c1a5b23,BEV-002
fcefc850-53ac-4229-bbba-0b9dbade7d01,15e56bc3-cffe-41fe-ba08-5077f4a57dcb,BEV-001
691e1c84-1a9c-4af4-b0ef-e3dfbe7f7ce9,c7c9bcc8-faa5-44ba-b555-11606af6b4ba,BEV-004
a7d673e1-9730-4045-8da9-60dd201d5f37,4e1768e3-edde-41a5-a8a9-9fdcfa3e0110,BEV-002
4a16315d-d831-45df-843a-de419195376d,aaa9c9e4-c29a-4cb1-a72c-978400159160,BEV-001
50a268cf-a6b6-4c85-8880-b49055545c2a,be6c2b5d-3ad9-4b7e-8853-689029802819,BEV-002
71ddab0d-9ebb-4dc1-870d-02d4da45cf7d,be6c2b5d-3ad9-4b7e-8853-689029802819,JAF-004
38baab9e-16b1-4a8d-b015-68c2a976f1bd,91cf1cd7-0aee-4aa8-aeb3-76a99de66406,BEV-003
5e94385c-5bee-4269-b20d-64764c508233,e7405327-9234-4a09-ad61-a03076e884a1,BEV-003
b40ac285-f2cf-4f33-b886-9989674878de,e7405327-9234-4a09-ad61-a03076e884a1,BEV-002
e09322fa-dfa8-48c6-a022-acd52a0b7199,e7405327-9234-4a09-ad61-a03076e884a1,JAF-002
dfb34392-60a8-4a3a-9c07-f1e7eed7e940,23bad04a-3b57-47e3-b846-b43a89aabe60,JAF-003
e1d4d04e-9050-49e5-9723-3d3a25c4bf02,23bad04a-3b57-47e3-b846-b43a89aabe60,JAF-001
bb33652f-d3e5-4ed5-b242-ba46ad75434c,26222778-7c81-481e-b575-a4381bc2ee28,BEV-003
b8ca7478-2fe3-4f41-9291-e31169c12fc8,981d7f2c-928a-4d53-b982-9f0fb6dfcc40,BEV-005
b9722e44-9e32-4597-a368-0342a48fa233,9e9b1155-36e8-499c-b5b6-727fa7ddb860,BEV-001
0eb9f694-8db5-4b9c-b6e4-cd360e3451e1,44c30fea-d832-4607-93ab-b6548c82167a,BEV-003
fdf8dac1-1ca7-4ed3-a163-e1d6ab5228ec,f4430b1b-334f-48db-b4d8-b3d0a2d56733,BEV-005
f30508fb-0965-4166-8c69-f19bbe55b24a,f17997b1-ee68-4310-859a-01fe636b15b8,BEV-001
549a2056-e159-4a9f-8089-2a107e6154b5,0fb92630-7e3e-4ed8-bece-afa1a39d8253,BEV-002
0805be7b-70f1-4749-a88c-29a8d823fb04,6d027d8a-4cc5-4e19-a1a2-46893ea6c27a,BEV-001
ee01c27e-8a2d-41c9-a30f-8a6b40c0ad7e,ea03675e-1522-48ad-863b-54fad6b698fa,BEV-003
1aee7c05-ef54-4961-aa14-7ead40abbdca,048e6110-0ede-4776-833f-9d8094ae13bd,BEV-004
dc959282-42cc-4375-a867-3e881300af7e,815d3c70-a32b-4d14-a894-d842d950b987,BEV-005
115c4642-c423-4b3f-9ad7-60c0f01a80b3,57b1f31a-c3d2-42e5-91ab-e5ce87487bca,BEV-001
b02ec8f8-8ff6-4bb2-8fea-838b640681d6,abc06226-23c3-400c-88a8-54817fd853a8,BEV-003
8f94b3b6-b4e5-43f9-bdf3-a37174cb30c0,60c03dfb-7986-4582-9d3a-3b9f1dcda3f5,BEV-005
ea5ada09-8d61-4299-945d-90c63cab3b92,867192d9-8ddc-4329-b88f-ed04e570cc26,BEV-003
a5a1082c-3a3f-4a05-8f34-44bfee0a2216,052ffc1d-2179-4aa1-b57c-9b4a8130a28c,BEV-001
e57c1270-ea5a-4fb0-96df-e0dfd57d0c60,9ab56680-8777-4576-b191-7b9964eb79ac,BEV-004
30ea0eab-dbe8-49ad-aa91-e2b84aebdc56,9ab56680-8777-4576-b191-7b9964eb79ac,JAF-001
09059ab3-309e-4e1d-8e1f-573dc93d5603,ff54fcc2-42dd-4a5c-b940-2a7ef62748e6,BEV-005
fd6787cd-f8b2-4cd7-8272-e429adc58bce,90ed6ae3-c61e-4a4d-a143-ddea6383eb66,BEV-005
8e3f2c0b-eb8c-4a73-803e-1bc6f72971f2,2088b2be-3e11-4220-864b-13cba9088dc5,BEV-003
7d486e0a-52af-4644-b203-3d6ca338c8fe,2088b2be-3e11-4220-864b-13cba9088dc5,JAF-005
aba45bcc-64ca-4155-a1b6-252606090c69,8a1440bc-f98e-4a04-aa2e-fbf84ab3b247,BEV-003
d2b8e483-7ba8-4896-9820-e7787d5b2929,fac52542-3c7e-40a3-a66b-88e815d5f95b,BEV-002
6d138a7b-359c-4791-a425-749a4620bab9,fac52542-3c7e-40a3-a66b-88e815d5f95b,JAF-003
422fe4b8-903d-477d-bd1c-71fef8f82f1c,d0b0b0d6-64e3-4bac-9ead-b2b50563021c,BEV-001
b9b8544b-122d-4d12-81b3-6ff337581e02,8a6dd812-a06b-4a7f-af87-342f5e026536,BEV-002
9d921624-1a68-493e-b967-8f2eec3adb7c,c9a345e7-723d-4a18-8689-989aeea4cbbc,BEV-003
39e5c2f1-5fa7-4fd8-bf85-48fd8c1be228,2645fd27-adb0-4eb9-8f89-3f6aa2fc0b86,BEV-005
21a0b171-281a-44bc-8d21-b3bc3066d992,66761fa4-5956-4580-ab6f-e7a3763e5cee,BEV-005
9b1c7529-c5e0-4ef3-ad8c-b0af240bef2a,d3de3b3d-65ee-4c86-8c98-8096bd645f56,BEV-005
2c93de10-179c-4ab8-9462-4d1f6651b346,d3de3b3d-65ee-4c86-8c98-8096bd645f56,JAF-001
e4b7401b-59be-4b89-b034-9f359d4d21d7,02513bab-3615-4dd6-ad8a-149e287dbd54,BEV-001
548a3ea7-507f-42ef-90c9-4b39f21f3425,02513bab-3615-4dd6-ad8a-149e287dbd54,BEV-001
5b9b8ad9-31c9-461b-ab0d-605847781f59,42666463-21d3-4b90-88ec-9a5e68457317,BEV-005
45f9bafb-e692-42d1-abd3-a17e81dec079,1de82f49-f75a-435a-8fae-68b87b25549c,BEV-001
adcd4a95-be58-47ca-ba70-33726f573f7a,b0936988-02bc-4254-a75e-f828719cf13b,BEV-001
629791f2-aae6-4905-9620-e0950266b733,f3e533aa-b3d5-42d8-8202-40abbb3c7a01,BEV-002
88d2a89c-68f0-4dc7-9abb-4c0f6785adde,da0bd95e-fb14-487f-911d-dce065fe82ea,BEV-002
fae90fd5-eac3-4ae7-b127-299a04984ac7,9c29e7a4-73bb-4a82-b318-a121c7546b77,BEV-002
d2efd592-382a-4cfc-9552-4c5d83ed4d49,9c29e7a4-73bb-4a82-b318-a121c7546b77,BEV-004
39d88306-0b37-4ccf-91c2-fc600777d7d9,9c29e7a4-73bb-4a82-b318-a121c7546b77,JAF-004
370a8f54-5999-4ea1-b5d2-b282afa6e442,21d0fcbf-0c77-47b2-82e7-406c519d9704,BEV-001
7680dc81-fcf2-4109-86d0-49f2b5c4692c,f0704387-1a68-4799-b604-9c7e7173675c,BEV-001
995ed262-afdd-4244-9813-c04816be7550,f0704387-1a68-4799-b604-9c7e7173675c,BEV-003
05c5ad90-e1ff-4cc6-bd2f-ce8d5bfa5ba0,8271f6c8-12e6-4eac-9901-679ccb148720,BEV-004
9a3b4c1e-da10-4fb7-b84f-61e48d91e9a3,bdd88c7c-5935-460d-bf4d-f4bd5c7565fc,BEV-005
415261ea-25f5-477c-90a9-a2960a925597,639f4f09-a17d-49e3-86dd-41aa9e95f484,BEV-003
df5a329f-c068-4ba0-b5c8-bb9d29c0c1a5,a3559425-a874-49de-9a54-933512afc34c,BEV-001
263c93e6-a8fb-422d-bde9-5ea126f47167,a3559425-a874-49de-9a54-933512afc34c,BEV-005
64e5ddff-8f0c-41cf-91ac-2426ef047c08,15148b69-6dee-47ac-9dff-30f44e5c140b,BEV-003
d32887d8-1077-450e-860f-791cfe585c86,15148b69-6dee-47ac-9dff-30f44e5c140b,JAF-001
7eaef4ad-a5ed-4fe1-aba4-d8cf45926d0c,15148b69-6dee-47ac-9dff-30f44e5c140b,JAF-001
5c8cf35a-5ce3-4551-bad7-b8bc0670c1ad,15148b69-6dee-47ac-9dff-30f44e5c140b,JAF-003
431367db-af92-446d-afd5-30e9cb072482,2d8a2979-085c-4604-97c2-f28b2ca9b671,BEV-005
83f69f0b-19c2-4727-a4ae-e49db1bb9fb1,3f894b53-1874-4d3e-8a88-ad242b8e06b0,BEV-003
66988687-a885-4b30-80f3-1b1496db4025,2a04a9da-ef62-4bd5-8827-4971ca4c83c6,BEV-003
6276eaec-aaa7-47a5-b38a-d91f17c0dafc,25a35618-faab-4082-80e6-164506043382,BEV-002
90f4b2d8-9b29-4d18-ba73-1dfcea4774f1,b7a97c3a-b03a-4678-9118-8e2f7a06e724,BEV-003
34c467dd-31f3-4226-afd7-339e2ee3dfde,37e67073-353d-4523-a533-6247661c9abf,BEV-001
1dbd1a59-1736-4f55-9b59-5e2653e2f029,ef3d7d62-06c0-422f-b46c-991fc99b9d07,BEV-004
f9267fee-39cc-4198-820a-12b8667125c1,c656c4c3-3234-4df0-abd8-33290790f796,BEV-005
660d5777-38b8-4fa2-9a84-592c9ea0a1ec,99a2f895-18e3-422b-8094-484628630df8,BEV-005
eaf22d2b-881d-4b41-a3c5-65e697898a09,a7d1137c-44f5-4530-b6ec-3d73c78bfebd,BEV-001
2088aaf1-aa22-4adc-ad2d-41c46d7f7830,a827ffe7-1fd3-49b4-8d4a-3b747800c927,BEV-003
7b85f499-6ce0-4f7d-aa01-72c90ca6a6ba,fbdb9ab2-0efb-4f2d-bb19-813e00a9ed51,BEV-005
57741d45-9c71-4e13-bbce-2ef9c152dd6b,41ec493f-5e30-4ed3-add5-ebfc4b2d891f,BEV-004
aa2b973c-b4fa-4ffe-bef2-14a05c70a027,8ef2aa0b-cdc8-40a6-8412-b22eaaaa1ad4,BEV-005
299a1c66-68e1-4792-bb10-2e0f4f2fd06d,ae097a3c-a0e8-4dc4-8689-febf632df38b,BEV-004
244cdb41-6103-4d09-b780-889b770ba269,ae097a3c-a0e8-4dc4-8689-febf632df38b,JAF-001
60a4b127-96bc-4404-9ba9-d4dbaaceb4fe,9e198683-12cb-43fa-ae38-466ce4919eae,BEV-005
61b9043a-8a93-4a5b-8f53-c4dd606a0bcb,dfdda56c-e409-44bb-91b3-f3c3f40752e2,BEV-004
c8cdd661-f740-4c3f-81ca-97c52632518b,2423b64f-d999-46ce-9148-761975500a7c,BEV-002
620146f2-9b0e-473a-b634-d26325e131a6,2423b64f-d999-46ce-9148-761975500a7c,BEV-001
57941ada-0534-4b03-aca6-033f43398c7b,6dd21c79-c19d-429e-8012-d29fca07e83d,BEV-004
b0e84c79-12ff-4b1d-a856-22ee614fe30f,4e3815b6-ea3f-404d-95d3-e88d8c07e1be,BEV-005
d554902e-7c49-47c9-a326-b65a106b5a92,ffdaf6b5-180d-4716-ab5f-a9d4eecb7cec,BEV-004
14e5df6f-2b56-4939-9211-2086403ee2cd,8a2e5e87-eb22-4bc1-9c5e-e38f6f05dbba,BEV-001
12cfe8d1-fa73-4c92-95d8-7db1633164f8,4b8d3097-e9bb-4e7f-bf90-52a4c36ccf53,BEV-005
0fc88ff9-4b66-4f24-8f99-3b1117338e73,ac0cfa77-9836-4941-914b-de8929939b0e,BEV-001
1198d904-980e-4a14-bccc-337ceddbdd4b,ac0cfa77-9836-4941-914b-de8929939b0e,BEV-003
821e1568-b9b6-4130-81a3-898bbf91902d,ac0cfa77-9836-4941-914b-de8929939b0e,JAF-002
98567c81-30fb-42df-b79d-01c2b045f61e,ac0cfa77-9836-4941-914b-de8929939b0e,JAF-004
a1d0bf06-79d8-4f1f-b4db-6b45cc8ab1ae,8807436a-2474-41e7-94f7-3f728df0f185,BEV-005
80d5b8ae-dcbf-48d1-9d4a-4a6afd0116f5,8807436a-2474-41e7-94f7-3f728df0f185,BEV-002
ba806160-3094-42b5-8d84-e3e3414d5431,ed4cd6a6-0fa7-4aa2-b972-a2a09982e18f,BEV-005
628c7bec-115a-4f3d-898b-aa7ad7e41fa5,253361de-783e-46b8-98a1-cd6eeba22abe,BEV-001
a273c1de-4601-42f8-971a-27355ffef1cb,8254eb84-e167-48e3-b7b2-17930f416730,BEV-002
d8b2dc4a-ee54-48fa-a6e5-cfc880fbbab1,f41aeed8-ee6b-46fa-ae73-adaf0c39a027,BEV-004
cb3f2f15-4e1b-407f-a2b2-4de3a2db0da8,f41aeed8-ee6b-46fa-ae73-adaf0c39a027,BEV-005
e954ac61-3b92-4962-b558-3a3876ab33d0,c5afde1b-fda3-4f2c-b94a-c8e3e2ffc97c,BEV-005
887e376e-9b09-4e2b-9da5-54975f548128,6d45cfc3-5c42-4a0a-802c-84001d7474dd,BEV-005
81b1b59b-b298-49ee-a797-ea9129678db3,8a99f219-3546-4185-a823-c374d39e4249,BEV-001
a5f3b725-1548-4515-b4e6-4edfe2452129,8a99f219-3546-4185-a823-c374d39e4249,BEV-005
f99b494a-bf81-4dd0-a267-c4df9159503f,92345edd-2357-42c2-929f-029db7f9445b,BEV-001
8eae41e9-d416-46d3-8e83-885a7a4c1c5a,c235a8c1-aff7-451b-ad25-5eeac8b70305,BEV-005
81634e4c-bff1-4701-830c-67f6cb0e922f,cd8d2bd1-7856-4737-b2c1-cd643a2bb22c,BEV-002
c15c8126-56c8-45a4-ad9a-3ecab70f40c4,fd29459b-c8ea-4ae7-860f-e4f08e444f92,BEV-001
878eca51-d67b-4650-8b90-2e6cab29fdfb,3adb6f10-4e53-401d-8c56-34cf0d46bf4c,BEV-001
b176174c-c5b4-4c27-91a9-62f67244569c,dc1f38e3-94a3-4bef-a8c4-523c0a8acb71,BEV-002
87c2a5fb-1f1e-4350-9aab-e0d857686b10,1b4ee4bd-f51e-40c9-b1b0-17f5d2946bb3,BEV-005
ebd35454-eb78-4cc6-b637-bc0f78297fdb,624c59d2-e9ae-4f05-ac2d-d14bb9b1a2db,BEV-004
5154be8c-9492-4046-a35e-835648aa515c,39579d29-0a25-4e12-acaf-f207e44c07db,BEV-003
4fc670b1-8f8c-4a1f-a719-df24def22b1f,7cdff90e-0f68-44be-8769-cbf99d1e5bcb,BEV-005
5ded7e77-a210-4cf5-9507-78ba7b35f1c0,23044f44-dc4c-48a9-b588-8a2b2f0fb797,BEV-001
31f70e54-3dbc-4ff3-9c83-6a702befb6ad,5109a58e-6b99-4909-b2bd-aeb84931da41,BEV-005
c3e08131-5b66-4171-b881-d352ef295262,886ad44f-849f-4032-adbb-755d49d13038,BEV-002
52f57a5d-976a-4442-8d2f-e637ffb2517b,80328c10-988b-4264-8981-d346d20f6d91,BEV-001
5236dcc9-e071-421f-8c84-c1b0ddf0c144,b00143e5-26ce-49cb-aa44-1b463e72ca3d,BEV-004
7897ecae-65c7-4300-b1e8-3b41cccfe878,2de1914d-98fb-4a5e-8245-7f0b72285523,BEV-002
5b5e9e14-5472-4047-9676-f2a5791a73e1,2de1914d-98fb-4a5e-8245-7f0b72285523,JAF-005
b09798a6-9246-49f7-9b13-bdb48db8ba49,2de1914d-98fb-4a5e-8245-7f0b72285523,JAF-002
4ee1dfb6-8da2-444c-9462-275b4375f914,2de1914d-98fb-4a5e-8245-7f0b72285523,JAF-001
83b8822e-ca75-42c2-a7cf-ad24e4edfda9,ae771942-2cfe-494b-8392-7d58dec55f7c,BEV-003
7fe798c2-aacf-41e8-9565-b413d8d076ec,08b412f5-34cc-40d1-a689-7c7ef27c0ed9,BEV-005
042b6981-d23a-4551-83ae-d57c2a597227,d3d157f5-cc4f-4a61-b036-c86da921c0be,BEV-002
506a52ea-6fb6-45ed-b992-fea8f516477c,e725b133-be7b-4199-9307-e86a183c9d16,BEV-002
d73b0bd1-b8a3-4647-a3b7-48c628300cd9,5d62371b-ac0f-405f-a4c1-7b58fc7c09b8,BEV-005
14328e30-c6f4-40c9-9ba3-c3dd10d00244,298315e6-46ea-41bb-9ecf-a701637c7ed6,BEV-002
83c300bd-50c5-4f67-be20-c1a533f55a06,b4f53d67-d156-4996-98e5-092ef62b58e7,BEV-004
0a3bdf4e-4448-4ed3-a816-40ebf69d89d9,145d4598-9c2d-4416-8ae7-a32c7b4c2c9c,JAF-003
f211fb81-a02b-4d87-bcb1-16be516b1e33,145d4598-9c2d-4416-8ae7-a32c7b4c2c9c,JAF-002
ca7717e0-791c-497d-8da2-b465705c2d9d,85f7b915-4ef6-4f63-b344-25665cca3ac9,BEV-003
8e8b2e72-862d-430a-9b73-284deb4e3ea3,d22bc1d5-7ec1-4653-b771-96e8e3b1e357,BEV-002
5a5afabb-26dc-4d45-84c0-dc8f98fee334,9fdc9e9e-e59e-464f-a957-c03fb3d9d7d4,BEV-002
a904d1ed-ef2c-47c8-b179-447b870f4557,43983066-cc9b-4638-a33c-93eba94fccf7,BEV-004
745d892d-fc1a-4350-9269-9341e7b48b7c,a2dd9575-51ac-46e6-b2bf-db0aa57a80f6,BEV-001
4324484d-a39b-4c4f-af7f-303ca840770c,5d13b179-59ac-47d3-a2bf-7773f362af08,BEV-001
93c4c0e2-93b5-453c-aa11-0d6504eee408,3be1167b-c034-4a0a-abba-38aafcf224d1,BEV-001
4100f502-3bd5-4651-b54a-0ea93bac9fcd,5ea026b7-110d-470a-a46e-46e176afea19,BEV-001
36af565c-a378-4ee0-b430-e820a015708b,aa44badb-bc82-4af5-b54c-5a0c26a8ed01,BEV-005
4aa4f995-f039-49d8-9e6a-7a48d08b32ce,a8a6fe93-7674-47da-9778-f0a04625eb74,BEV-002
4ea7d412-8312-4c5c-8390-b66e9ac100f4,cc58dd04-d792-4e4d-833b-c09ba379568a,BEV-003
f105cdb6-867f-49bb-8fd0-4fb3cfd3c330,3d248d22-41c8-4d98-b086-2a53cc632843,BEV-005
4b308366-c546-4db4-8599-92e7c38947b0,b51b6c85-7550-451c-9d1e-983efde6e3a3,BEV-004
0e95e092-7535-4422-b4eb-901f5726b42e,41dcddd4-8626-4e22-a3df-ecb3be232fb5,BEV-001
ae120389-19fe-4f38-af0a-9f0f04a69c3e,0635f1d5-e6f4-485c-b714-6bbaf4dacd16,BEV-004
52681f64-8e13-4a07-aa14-216a1598d33c,286e43a5-52a1-4d05-bc6a-e5f91a92f012,BEV-001
5e01a995-dcdd-4904-9992-c9b09ddb36ad,fc981fc9-e850-40c6-9384-51f9afafb45c,BEV-001
96e2be78-df2c-4448-8123-e1b983d94b51,eb30a15e-d62a-4b2c-8c31-2b24e0771dc3,BEV-004
fd35dd7a-ffe8-417c-b2e4-63b0e0245f4b,eb30a15e-d62a-4b2c-8c31-2b24e0771dc3,BEV-005
f09e82e5-a616-42ba-bd5d-583115c12825,86a8fa8f-47ae-4a5a-bc99-407f30f6be5d,BEV-005
647d6ce5-9129-4a19-8d92-44b1ecce2042,86a8fa8f-47ae-4a5a-bc99-407f30f6be5d,JAF-003
d40d9286-170e-4603-bdd7-1731f6767b20,213294c5-2a47-4474-942d-739b8e1f503d,BEV-001
d5c4ea4c-68ec-4469-9e36-a04db1c621a3,213294c5-2a47-4474-942d-739b8e1f503d,JAF-003
7fa85bd5-9181-4fd1-baa5-74c118390a0a,a2031cdc-38ed-4055-9984-36a4ff372737,BEV-005
4343c39d-b437-42dc-a632-8452eff9fe42,dadc0db8-3121-4d4f-a1ac-de3593cb94ef,BEV-003
386a28b7-6ea8-427e-ab08-9c8a2a8450fd,019275df-d169-43b2-b5d9-413e09e373f8,BEV-001
d8e30079-3aec-459f-8a95-e37531a05175,bac604bc-d006-4ba6-b1bc-ba6eb12c8585,BEV-002
14b86225-bc1c-4aa1-922b-aa33bdc4e4ee,bac604bc-d006-4ba6-b1bc-ba6eb12c8585,JAF-004
bf106fb9-99f3-4ddc-8370-57865f6f38f0,8c5e9221-5cde-4055-980e-102dd37d7fa3,BEV-003
4bfbc7b7-2c5d-4556-b1ba-24f28427cf58,3062abae-7c9a-4753-a91f-060ed97a14bb,BEV-002
b4828e34-eb2f-48c7-aac2-b699c1845a29,3062abae-7c9a-4753-a91f-060ed97a14bb,BEV-004
e5c70804-4f3a-4562-9730-4e946b8d00e8,cb398631-3724-42ff-9a8a-17395044d9c4,BEV-003
41ec023f-016b-483c-8829-28b3427e419b,b4564485-78e4-421d-af9b-249b3da6738c,BEV-001
83571e98-3eb1-4c8d-a68f-46d46e25860d,1f1965e5-eed9-497d-a6e3-67fab70be07a,BEV-002
47bdda81-c9cc-4f1d-8f03-136e7fa8f2fe,17e4cc20-c5fd-4cda-993d-dfabb85827e0,BEV-003
6ff63b39-781c-4f82-8c77-13d413ffc1f4,b62a91fc-1b19-4aa9-9ef1-101fdebab61c,BEV-003
2253b03a-cb22-4eff-b001-0069ca292d37,de978bea-eb63-437c-a173-aeb468084ded,BEV-001
76219e29-34e2-4d05-9a81-df34afa99e4f,de978bea-eb63-437c-a173-aeb468084ded,BEV-003
f0b0c15c-c895-4d24-b34b-0dfb1dbe69ab,91741f15-bc99-4178-821a-51c24de489f3,BEV-005
6fdb1f54-d17f-49e8-9491-866dea8951af,46e8e5dd-a2b1-48d2-8000-d6b94f88d5d9,JAF-001
be1e15eb-1ae9-41f5-83cc-d9a419a29340,46e8e5dd-a2b1-48d2-8000-d6b94f88d5d9,JAF-002
9dfb9afc-9a6d-4a2b-abf7-6e9a09d1d097,46e8e5dd-a2b1-48d2-8000-d6b94f88d5d9,JAF-001
b4fd6cfb-e586-4e5c-9951-5e78d1f5c70d,43041241-0ad1-454a-9140-1674109f2814,BEV-001
3a853f76-0325-416d-b998-89f166f5e30a,fb842ca6-9610-48d1-998e-976a35482926,BEV-005
2c2ef416-549d-4762-8c07-05f654868f0f,9034e165-5a83-4980-bb0f-6aab90c2ebd2,BEV-002
bc106134-2b0c-4b7c-b82c-a534c1cadf52,4db9b6bd-20bf-4237-ba5e-ef898f97b266,BEV-002
5ec130d9-c963-42b8-9c49-68ecd78a34f5,ac1078f3-472d-4d35-b3eb-8127ecae0ceb,BEV-005
32a06e6b-3a27-48a3-a80c-557547c6d17f,76d4ec07-dd46-474b-988d-f1601714b8ea,BEV-005
cce3f5a1-c7d2-40cf-a52b-d82b8749f617,af4d3cb9-2b09-4835-8259-c1b700987564,BEV-004
474f1ef0-e585-4b5e-bb59-314e1c61e907,e7ba634f-057e-4064-ad79-d47eec87c32d,BEV-004
b9c2b0a2-99aa-43ed-9680-4975d4ab52ed,6b6a3d67-f673-4713-9151-bc3066ef081d,BEV-004
bb5bcf26-918c-4318-b568-c4a05b5b2e61,31f381c9-680c-4c6b-a21e-9de7333fc289,BEV-001
a0135f56-6b48-4cb9-bc6e-caa28cc45f2a,90069046-0fbf-4e9b-9a9c-66f2bdb61aa3,BEV-002
b2bc83b0-70bb-4c81-bacc-d52e107bfd66,90069046-0fbf-4e9b-9a9c-66f2bdb61aa3,BEV-005
1744f7a9-3102-412a-81fe-416a13faad9d,881f7c73-c699-4ea8-b0b8-6ca9d1f7feeb,BEV-002
cacb492b-822d-49a6-aee4-b9a28ba27885,3588ad04-7774-47fb-82f8-357bc00cf843,BEV-003
0502b791-34af-4e4a-bf5d-38fb9e1b02dc,b959d879-c155-4068-b354-18959c84c5be,BEV-004
6c7dbfde-216b-4dd8-a000-543d0bbfc525,d14548a9-9faf-4975-bd23-722143d5ea30,BEV-005
fadd9b1f-5476-4f41-8715-2ffb22639160,d5e56a88-d4c0-4a84-b561-cc4191411acb,BEV-004
fc1df04e-7ec9-4415-bd61-9023d7a70ef6,d5e56a88-d4c0-4a84-b561-cc4191411acb,JAF-005
34d53182-cd39-4973-8849-237a12193519,d5e56a88-d4c0-4a84-b561-cc4191411acb,JAF-003
e05fb096-fa26-4c6d-8377-36ff0294141e,3791c4bc-1e90-48d2-9a30-136a2e57476f,BEV-001
f2b9e1a2-2c07-4eef-805d-a4e7cee7d93a,3da03d22-6619-44d6-bdc2-eeac7a4614a4,BEV-002
df90aed7-d0c3-414f-9c1d-a71cf7a2c181,976dfa0f-4f68-49af-a8b3-5aaaa742bfc8,BEV-001
1c6446e8-39fa-4c63-a0fb-d3512e34c91a,976dfa0f-4f68-49af-a8b3-5aaaa742bfc8,BEV-001
8296aa91-2022-403f-b16d-7f44609f09c4,976dfa0f-4f68-49af-a8b3-5aaaa742bfc8,JAF-004
a4b9b66d-176d-4e09-a1a0-cf09e06cdc57,976dfa0f-4f68-49af-a8b3-5aaaa742bfc8,JAF-002
5c586b3c-fdc3-408b-b283-9641c50bdf44,a38a6236-d2c8-43af-a438-adf672369e19,BEV-002
7b348938-e7fd-4aed-a861-d35f4264d198,a38a6236-d2c8-43af-a438-adf672369e19,JAF-004
c0ccb28d-a0a3-4307-a6f7-04684f27f162,c22931ac-de8f-4c48-9399-dff640f1b118,BEV-002
8c7d65d8-fa10-4fdf-8a51-86cb95e106a4,c22931ac-de8f-4c48-9399-dff640f1b118,JAF-005
7bab4d17-b2e8-4f38-8c08-e340c378cf08,6efab894-365f-4491-bb82-18433f09857e,BEV-001
36ef8250-1915-422b-9c19-af1a1ac4b2f4,5d2e8171-3913-45eb-9525-7ead066f8845,BEV-001
8c4dd66a-d013-47d5-9907-c5d3c97c0d10,5d2e8171-3913-45eb-9525-7ead066f8845,BEV-001
2fe80ded-c9c6-46fb-a66b-2ecf36d60bd6,e1b45f7e-6177-4990-9372-758e66935d95,BEV-001
92193bff-8008-469c-8c3c-afae2fe25124,4a77aaf6-390b-4b96-b925-9b0ceb6ff145,BEV-004
eb9e2328-374b-434c-9705-091f83ebec49,4a77aaf6-390b-4b96-b925-9b0ceb6ff145,BEV-003
0cea2cb4-d56d-42d2-b4c8-c06f6159a626,4a77aaf6-390b-4b96-b925-9b0ceb6ff145,JAF-001
da4d85fd-bbb2-47d9-b510-5a7601d8afe7,becd170b-683d-4b8d-bce1-b42754a3c158,BEV-004
52212386-f6ef-44eb-bede-371f3b17fe0f,becd170b-683d-4b8d-bce1-b42754a3c158,JAF-004
55fe3ce1-5580-4818-a2b7-290805bde10f,0fe2ed22-46da-4d42-b88e-1bbf051b10df,BEV-002
9cb7aad8-10e7-4c90-8a18-39c9d8b829c4,0f0644a6-fe2b-4348-b080-5178b1fe1c0c,BEV-003
d98f6f94-bf22-4f1c-b4ed-cc6fb31c327f,0f0644a6-fe2b-4348-b080-5178b1fe1c0c,BEV-002
acdec3eb-7a25-4059-b3d8-3d8b9aaabe04,0f0644a6-fe2b-4348-b080-5178b1fe1c0c,JAF-005
d72ffe6a-e67a-48e2-af01-3c68474bba07,e7273d1e-d438-4eb6-9faf-cf3bc6082f37,BEV-002
f551e12a-97e3-474c-8a5e-16b9ab9abc1f,e7273d1e-d438-4eb6-9faf-cf3bc6082f37,BEV-003
37d2f64f-a48c-454f-83b7-8d10e81861ad,d31907fe-80dd-4f71-80d3-b442a1297bff,BEV-003
80057967-6e02-4ced-b6e9-9acb72cef7f3,0fe55487-57ee-4676-8857-b150efc42e95,BEV-005
bbceb92d-3f99-4a55-b47b-3b1d02c5ee45,b80f907e-f300-4ea6-a749-0ee34dcbe6e3,BEV-003
fa9ba66b-4af3-4ab3-8aa2-3ef785d87a32,b80f907e-f300-4ea6-a749-0ee34dcbe6e3,BEV-005
7cbc9f43-7122-4da2-aa58-8ce641b5f962,b80f907e-f300-4ea6-a749-0ee34dcbe6e3,JAF-004
8eb1fa84-9514-4972-a8db-208239943a78,d894d6fb-4545-48f0-97ce-cdf9a5cc8e9a,BEV-005
c51c1dab-4b9f-455c-a371-86eeb8ea99c8,98a54ef2-d9dc-495b-867b-ceaf46699a47,BEV-004
6e8d85a8-e0eb-4db5-81ef-d016e8a6ea0c,2cecb886-e8f1-4e44-9a4f-6b66b680f936,BEV-005
bc9f27a4-fbef-4a50-bb91-756776a1f76d,ce7075eb-735d-4f99-b8ba-1cc4b9e4dce4,BEV-004
d38ccfd0-592e-425a-9b5c-9601509a65b9,ce7075eb-735d-4f99-b8ba-1cc4b9e4dce4,BEV-002
ed697d07-4b0e-48f3-9631-2315dcb9ed42,ce7075eb-735d-4f99-b8ba-1cc4b9e4dce4,JAF-003
20f21177-a3b3-4af3-81a6-1018c6beae00,852806d1-ca50-4cdc-84c5-af464ccec60c,BEV-003
1b0f6702-1684-4fe2-b294-7a284363ddb9,641859e8-3035-449c-b5b4-207db7118b49,BEV-001
9e50dafb-1e2d-4c92-afc2-7ae121bc55be,c54b2a19-b56e-46c4-a32b-b856ba08072f,BEV-005
216cf347-6e95-45ce-be99-586ec0a5d088,c54b2a19-b56e-46c4-a32b-b856ba08072f,BEV-002
f4a877b9-bc31-4bb0-9f43-b0e143435c5a,c54b2a19-b56e-46c4-a32b-b856ba08072f,JAF-002
9381fc49-8f3a-4e41-8377-532ecc560c55,c28090d2-ba15-426c-be99-7ab69b51a65b,BEV-002
b6e7f231-9cc7-489c-a43e-4c8a16b1dba4,f69811d0-8a80-4a6a-b3c9-9e5cf8dc8ba4,BEV-004
bb68af8d-792d-4699-ac5f-3ca0f3fee9e9,7be4b736-f7c1-4559-a488-95a441eb4833,BEV-003
33ffd20e-faef-4af2-ac64-15a6795263dd,7f5ec099-820b-4795-9977-1d51a18e85b1,JAF-002
f446fd2f-b2de-4959-b2be-c21b5cd3e052,167b86a6-bf17-4a55-8e04-a5ba8af8d4e4,BEV-002
ab69b0c3-c381-42d3-a946-eba3a52ba3e4,9f25c337-a172-4c4c-99ca-067a30e43a34,BEV-004
520f5c6d-c6d6-429f-8e48-39335a125e44,63b21f3a-4806-44d7-b420-9c4cdf3382ce,BEV-001
546c15c9-5ba1-4214-ad6b-8c66555a1d53,63b21f3a-4806-44d7-b420-9c4cdf3382ce,BEV-003
f223e111-80dc-4f41-b01f-d85044829c13,3f4ac84f-f43c-4175-8eb9-ce81d85fb94b,BEV-003
d62861ed-2044-4a43-abc2-3d6a5dfab431,3f4ac84f-f43c-4175-8eb9-ce81d85fb94b,BEV-003
424d7753-a3e0-48a9-8209-cc8e1ecf5d30,2cbf25c3-8e5c-4635-9d79-af33a3d5c44a,BEV-004
3ba8e4e6-dbae-4dc1-bd0c-f54d5e362698,2cbf25c3-8e5c-4635-9d79-af33a3d5c44a,JAF-004
76262782-9741-4f24-ba48-973739dbfc34,2bb147cc-4f54-4a7d-b17c-db799d059f3e,BEV-005
0e118cc4-811f-4bd1-957b-2b4bd2bc966a,393ff31e-554b-4202-8343-33e5c6e6152f,BEV-004
d98db158-ca49-4d9a-acb7-6c2a1fabe27c,b7e669de-8115-4611-8cfe-425d83219a52,BEV-005
c78d2fd4-e00b-4d2e-8af4-833d199665f8,8595df9e-6d36-4b7c-99e1-8df40cd220d1,BEV-001
a0d83e9b-afc6-4230-8c71-5cd1a5922a4f,96513ba5-a4f7-42aa-8234-2621dfaa0823,BEV-001
ce93ae8c-ac6c-4aa9-815f-51dbbd1b45bb,96513ba5-a4f7-42aa-8234-2621dfaa0823,BEV-002
c9134801-3f1d-40e1-816e-a58ea2569610,96513ba5-a4f7-42aa-8234-2621dfaa0823,JAF-001
9e846915-64fa-428b-ac29-e5e613fc9e29,232134e0-8e0f-415b-a4b6-dc91edacfa55,BEV-005
72d7d288-dbcc-417f-bc1a-d0fecf0e2234,232134e0-8e0f-415b-a4b6-dc91edacfa55,JAF-004
803f4e0e-1435-453a-b7c9-2787a731559c,376f38eb-e760-49cc-8c48-26350fb2984f,BEV-004
75d39ae7-363c-4767-8ff4-18ec7cf401e9,31ec12c8-d3f9-436e-914a-2085867fae9e,BEV-005
322ed26e-c51c-4a87-a66d-249eff4465e9,4d831a4a-094c-4597-a634-ebb65c20db6c,BEV-004
5dba2ba8-267b-4d62-a5e7-35090b14c74c,7872db96-cf05-4a7d-823d-eb8c3271e36f,BEV-005
3c4e4d40-5da9-4648-a0aa-98feb90ee389,7872db96-cf05-4a7d-823d-eb8c3271e36f,BEV-001
11500b5a-1d28-432f-8b74-f0f2f8634be8,102ba793-d1d2-4ad7-ab8b-70650fb1a7b4,BEV-002
60604e46-2bb9-4736-8c62-7f16192122d1,4f43d016-11aa-45d2-ba25-5db610bc4052,BEV-003
63450817-45e7-432b-b378-1f944bbf1289,d7e55410-195e-45d8-8b69-f04eae373a12,BEV-001
f1a6b5bf-4ada-4bd7-b59a-7eb454231a34,3f4701d4-85e4-454d-bab4-67e9f118621c,BEV-001
ace184af-ead8-4ead-b5cd-4ae8b47192b4,479ec619-c79a-449c-b6e9-e1bc9b10d211,BEV-002
9d8eeef5-5189-41df-bb19-a0877f7f6858,b2a6b99f-8cd6-4c7a-8edb-2de9143573f2,BEV-003
5d9cc585-b820-45d3-9cdc-b49fa6b838dd,37a95ad2-a480-44d8-832d-ba1997e91261,BEV-005
e6e52549-d1d1-4e86-b2ea-d028886f6e04,28030efb-49bc-4058-adfb-e6ffa158ec2a,BEV-002
1f5c30f8-0fda-40bb-a373-45e8510c70fb,e315ad44-ddf3-48c3-8db1-3177dfba0618,BEV-005
ba6f1e4b-0b3e-4451-ac43-61b625123e4a,e315ad44-ddf3-48c3-8db1-3177dfba0618,JAF-002
a0b0ce4c-0277-4909-a1fd-2a04fa594f0e,c0170a8b-4852-48ee-bbb5-6c7a1a1725b0,BEV-001
2faa53b9-fd1e-488d-825c-bb9b1d5d4649,6163d2ab-1e4f-47d9-93fc-28349c414b33,BEV-005
7b4b583d-363c-4375-a427-8143526ecee9,138dee36-63a4-4f0a-8aca-f196ae716758,BEV-001
40641f74-b6d0-4650-b0aa-174cef581952,5931ac8f-1d68-4703-85b2-1df5959dbae7,JAF-005
55c68735-c4a1-43cf-b63b-cc1585550e90,5931ac8f-1d68-4703-85b2-1df5959dbae7,JAF-002
213dfa84-02c1-437d-820b-040e4b89304d,779eb28a-938c-424c-9aa2-b040b2d283e2,BEV-001
a59d7b79-a62a-4895-b187-1bf96979cff0,d8553129-7fa7-4e5b-9574-cec0e3642ed3,BEV-005
23235ad0-d4f2-43be-bcf3-e909cf70ea27,7c17991e-5bf5-4357-8ba7-6aff58d33d58,BEV-001
31973ad7-25c8-447b-8df6-e31191d24047,5e5267ae-0137-4358-932d-452c64ca1ac9,BEV-002
7401dae2-60d5-4486-b9df-94488bcafb72,cc55add9-ec90-435d-9972-9b6868059f44,BEV-003
4672a27e-b5a1-4772-98f0-5f7fd24c1af2,2edb44cf-0d95-4cd7-bb4c-d19c266abb2b,BEV-001
6847b3e9-e64d-409d-b24d-c218caa38056,fae9257b-709a-4bdb-a168-7d2838aafc77,BEV-003
6cb5a3f1-ec9d-4e63-baa0-c6c5949344a6,bb8975e7-f014-404a-9e23-0c2c7a782d91,BEV-005
fa84c748-3847-4308-93da-38c982770668,d4c4019c-1f40-4592-8444-e50dda5cd021,BEV-003
e1f580db-92c7-4b88-9980-b165991bdc07,d4c4019c-1f40-4592-8444-e50dda5cd021,JAF-004
2261f2e9-2624-432b-ae39-447fc2f9e51d,191a17e6-e9c5-41c0-a46b-85b964f488de,BEV-003
b57245dd-5e9e-4205-ab21-bac049191eb8,a038c084-0b27-4aa0-a0a1-e90c481931ff,BEV-001
3d45e9e9-be02-44ae-a4bb-93714a19e226,990cfe9e-a9be-4e6a-82a7-c8e9d7f8c560,BEV-004
7e17b1a9-9f2a-4f68-8b20-cdedc3c77300,3798a43c-b307-497b-ae34-c9242f821ea9,BEV-004
e9653e59-590e-48ae-b461-3c1d2994a7b8,3798a43c-b307-497b-ae34-c9242f821ea9,JAF-003
ca0f3285-c96f-4c65-b89a-1c601dcf733d,3798a43c-b307-497b-ae34-c9242f821ea9,JAF-002
dbbbc66d-aa72-4a98-9188-5ebc8ebd024d,3798a43c-b307-497b-ae34-c9242f821ea9,JAF-004
d8d33e49-ae67-423b-8985-1c7b5606c18d,8d2beaaa-f119-45fb-82b1-9aba5634191f,BEV-004
602443cc-5a83-49d9-ad9b-0f04b8047261,8d2beaaa-f119-45fb-82b1-9aba5634191f,JAF-005
03a12f52-e13b-4f6c-8723-a19564582fa1,3ab64a5c-ca3c-4bcb-8a8b-8f05425ff1ef,BEV-003
2fa19495-ecd2-411c-ace9-b754696c824d,85b97792-5f30-4200-9c7b-00be782d5f02,BEV-003
df5db6b3-2b99-460d-924b-76449522c3ee,85b97792-5f30-4200-9c7b-00be782d5f02,JAF-003
d31594bc-d38f-45a0-8615-3a4e1ef7f76e,44a228e1-125d-4329-bb80-d575f996024c,BEV-003
6cbfd412-36ba-42cb-890a-e0c84d568060,1149b388-96d5-4f38-b8f9-7ae03a218460,BEV-005
7f7b1ed9-e1cb-483e-a4eb-933f14f0647b,26542fe5-43df-488e-aa26-4fd59793ea9a,BEV-002
6f92ca55-da67-4379-bc54-0cc8e3cc358d,2ecdf1cd-6c6f-41d4-b751-8477c0103a54,BEV-004
f82494cf-dc0b-4126-a1b8-108ad1c00a00,2206f310-ac74-40de-8a08-4fb59b63086e,BEV-004
0a45df09-f515-4927-b318-829a71648449,2206f310-ac74-40de-8a08-4fb59b63086e,BEV-003
40291cf4-2582-4b1a-bb58-8fc7daf49a0d,2206f310-ac74-40de-8a08-4fb59b63086e,JAF-001
9ca62863-17bb-468e-8147-bbcaf58b0da2,fd5e7cc9-0fb5-490b-9891-504f4f6a5d1b,BEV-001
ceacb5dc-f014-4d4f-ac2d-b67088223db2,fd5e7cc9-0fb5-490b-9891-504f4f6a5d1b,BEV-002
6a0fd2f8-6de6-4a42-aae2-2c0f6c06f25a,fd5e7cc9-0fb5-490b-9891-504f4f6a5d1b,JAF-002
43846aed-24a6-4935-9867-40474288a1ba,ab674fa2-c099-43d4-a9d6-bc3e10af987d,BEV-003
c851ba91-c7a8-4e4e-abaa-b715c4d32ed3,ab674fa2-c099-43d4-a9d6-bc3e10af987d,JAF-005
277b88b9-bb28-410d-b1b9-2fa1cf1df0d4,ab674fa2-c099-43d4-a9d6-bc3e10af987d,JAF-002
ec2cea5a-222a-4e54-bea9-27b7b214d9f8,63ba90c5-da92-4c0b-b489-1b31e66ce1d8,BEV-002
aa4da65e-4d40-4950-967e-5cef7c916f2c,2cd06489-0330-42c6-bc15-729cd276d91c,BEV-005
79912458-3eb6-4b99-a757-9f4daaf93c27,fa18d447-1179-4fd0-bf40-4720d3ccb020,BEV-001
ce10362f-023b-4e18-93b9-2964e159d3e8,db41722e-425a-4f6f-9d4f-9ea4cc363af5,BEV-005
58968875-8a8a-479b-8420-6894d257a46f,19c1888b-d02c-4c7d-a194-f5395282cb15,BEV-005
73b66245-2a70-4943-97dc-74115fb43201,5b067f79-cc83-416e-a2c4-38653a5f940f,BEV-003
da30354f-5fc5-4600-8017-8270ba276de4,d78c6aa1-1125-4dc9-8661-0593ac6bb4d2,BEV-001
f135d853-94c0-4216-a24a-17c99f87a606,e4b09718-459e-4eb2-9654-72ebba277035,BEV-002
4cc56980-7fb0-4ffd-b00c-13bacdef9c52,e819586b-2c8f-4662-8864-f6e4c69c418d,BEV-003
e40ff203-0355-4c6f-a95d-afb63b2175a5,e1ecc544-ea09-499f-b26f-6208207695c0,BEV-003
2daa172c-aaaa-4ad0-a8e9-24e4b0d923d5,e1ecc544-ea09-499f-b26f-6208207695c0,JAF-001
29052a25-87fc-43de-8c07-cb9b91eb7ea7,e1ecc544-ea09-499f-b26f-6208207695c0,JAF-003
91a5e89a-23ff-4789-9854-4df4aaf24caa,64b84f37-9e16-4a9f-abb3-b890f0b29279,BEV-004
e144e338-5d5a-43e8-a668-626b598086f3,07718c9f-cf01-481e-ae06-9a36369dcba7,BEV-001
e3ef8402-8a46-4237-9d61-f4b596f65409,bb8e75a8-6b59-4f00-b527-83225c49fdb6,BEV-002
ce1a6598-4075-4a33-a4cd-07d8d684399a,a9a8d5e2-f612-4775-8cdc-90569ceb34af,BEV-004
5722a002-e3fa-4f85-b41e-9c1cf72ebce6,4dc335b4-f282-40d7-936f-ab8ad1184c04,BEV-001
ad62d666-d36a-4301-93c5-69e04ddb95ea,4632562d-5490-4a70-81d5-d9471bde3072,BEV-002
0dd69911-b42a-4adb-b7b5-a79590b178e8,76f62915-8724-47e2-b5de-0bf9936a64fc,BEV-003
4dedc5cc-2c79-4be1-bc79-c941a465412e,76f62915-8724-47e2-b5de-0bf9936a64fc,BEV-002
87681928-885c-4d14-92f2-d215eb790b51,0ed837a9-17a6-43df-834e-1def02d5ceb5,BEV-003
8c36cd06-1f54-4d3e-8b7f-47434719d89d,7d116520-de44-410f-9dec-0d3929199721,BEV-003
fb099fda-d94d-486c-bfb6-d2ba8596e43f,9116ded6-c922-4e9b-974f-bcba541e708b,BEV-003
73103205-5bba-40d2-957e-0e546ba520e7,67e24935-2c7d-4608-9392-72dac747efc1,BEV-005
59b538ff-13ee-429c-a839-ed9a2b9205f6,40609787-2be6-418b-89af-5d2c7634a44b,BEV-001
69cd80e2-61f6-4cab-b2d0-ab87794f2b14,0feacfce-308e-4887-a92f-206bc879410a,BEV-001
b6ae8239-876d-41e9-90f1-8892c778a048,0feacfce-308e-4887-a92f-206bc879410a,JAF-001
1e3f825d-c478-48eb-93f3-fa570fae20e7,f3905af9-2b71-4990-a703-0aece52d1122,BEV-002
99532a1f-8253-46e0-bd55-7228dd1fb2cb,f3905af9-2b71-4990-a703-0aece52d1122,JAF-001
551f534d-9000-461e-80df-7a5b74219c60,69007d1f-0053-4b6d-86b1-7f19a853610a,BEV-003
11e1f0a0-1b06-40e7-980c-4e55ef9451ca,54a74892-47ec-4e1a-a960-5f1c25fe4b9f,BEV-001
61e2947e-34c8-45e8-9768-f647169316e4,7462cb0f-65c8-4fde-9ef6-fce66b328669,BEV-005
d733389e-10e7-4801-a2ad-4f6b1a219d15,6c4d97fb-5595-4f37-a28e-abd292ee7d6f,BEV-001
faf0b2a7-5312-4f3b-a15b-c3a5f40c4fb4,c6753e2e-24f7-46b9-b59d-ae41f2d9fb7b,BEV-005
b3cccd12-35c3-4368-8946-740059eab7e7,5c4713f3-8f09-4d99-bc98-8a18a95c6f0b,BEV-004
4b9bb529-4f31-417f-8633-1debbf3c5f4f,e649688d-946b-4b10-84df-07743141e053,BEV-001
2ee95927-1d56-46e2-b775-c442acaeead1,8bb964f6-3a92-4072-baa6-765ddc133c89,BEV-003
878d6bba-15a5-4b9d-b4ec-e0ee0caa8ca5,45c173d1-066f-4a75-a3fa-bdc2cf88f719,BEV-001
df685ba0-be41-433d-b0d6-dccfa775bfab,940c5e17-ec42-4c32-b206-923be70ff63e,BEV-005
f90abd8d-b7b6-4e0a-a783-d0e5e6f4d7f7,6dc1be7c-95bc-4b31-aad2-077596c5cfba,BEV-002
3defc282-9248-49cb-93ab-87c80178f9f8,0e38c66c-3d77-4f4e-8a08-011f07a09855,BEV-005
7cb0a6ee-9b5c-445a-8d2f-1be65c148cc5,de2c67d9-70e4-425e-85b4-0da6ca56232e,BEV-002
a1fa9631-def5-4c51-a590-353228575305,ae4ed6d4-9ed1-4541-a2cf-a2b48ee064b9,BEV-005
5f477a92-2814-4601-a9ec-38a0742f8560,e9ed06a3-b889-4556-8d18-dd6fe165a469,BEV-003
6b506b20-52f4-43e0-8d2e-b7e7668c36d3,e9ed06a3-b889-4556-8d18-dd6fe165a469,BEV-001
c0900ff4-e3a0-427d-b781-779a6cd07a25,6c4bdd38-4be8-4064-822c-5ec9612851a3,BEV-003
c776c342-6d83-40e1-b9d3-843461d5a1de,e3cdd8c0-ea81-49e6-9bbf-d5e741bf76e4,BEV-002
0059f615-0f47-43a7-ba91-fb6d28638498,e3cdd8c0-ea81-49e6-9bbf-d5e741bf76e4,JAF-003
6f883629-bd38-41d5-b8a9-b7c514132f17,e3cdd8c0-ea81-49e6-9bbf-d5e741bf76e4,JAF-005
af672719-d5ed-49c0-8f0a-17d7bc20cf6c,1c48f666-9a21-4325-ac31-0ad2d2b6aa83,BEV-002
8b749c27-5ae4-4799-8c43-ad8ffb91e99e,5b2c3937-da57-4a18-8ed3-0f33cacaae2b,BEV-001
dd6ec909-5108-45d0-a269-0d4628473141,e4dfd280-218a-4b50-8bac-1d2f4932286c,BEV-003
31419794-000a-45af-ac55-381e8144086e,45b4e96a-1207-47a3-8122-e31401e9cdea,BEV-003
d8ee3a58-80e7-42cb-9959-a47cb229fe05,bb5183d1-459f-4d86-8dfc-ae537cbe3a44,BEV-004
7c7e5467-98f8-4fd1-beb7-d61bf355b40a,bb5183d1-459f-4d86-8dfc-ae537cbe3a44,BEV-004
604ce89a-86d9-4a8f-9e83-b90dd6e6ca64,b52ef856-d706-46fd-a6a1-47035c2137be,JAF-003
563e00cc-3f58-4677-8a34-34bcc7dc47c5,8341d458-4b9d-4c77-bf40-fcf876ddd818,BEV-002
f55f8268-6d71-4b96-99ab-5ed2fc18cf71,10c2d921-c986-42e1-be44-2216e641e2d7,BEV-002
c5e28a35-c42c-4d53-a369-184603ca2e14,dfb258a0-d8fa-4965-83ee-eb93ac59f560,BEV-002
45f669a3-fcbb-4038-b7d5-1005c5edd1bc,cd9bd587-b82b-4fbe-b833-f35a72d4eb66,BEV-004
b1957dca-d850-435e-8d43-b58fa5bc2723,cd9bd587-b82b-4fbe-b833-f35a72d4eb66,BEV-004
e9918a7f-9d8e-48a3-bb12-e58ded0f90bc,995b0e7c-a5d1-40b7-9494-cea11e837286,BEV-001
07c0e05e-5455-4d57-b697-94907a6559f2,ca0c3c96-4db7-4d01-99e7-3e8cc7fd2c19,BEV-005
344f448a-e31d-48dc-9d0f-995ddd76b48e,d3c4ab1d-a8dd-45d1-9143-62b5725a4061,BEV-005
07a4a0fc-c45e-4a84-9454-7ea34bfcc4e6,6f310324-2591-4297-bdd6-abe1f0c5cfcf,BEV-002
596ef2cc-d3a9-45a3-a8c1-8f35064fe75f,4a4cbdc8-75b2-4008-8677-8ab9d40d8ebe,BEV-003
639cb17f-4282-4e0c-98a9-e76a2caba17d,d2ec13fd-603e-4d93-a046-1280b963a251,BEV-005
c0d7b0e2-f778-4bd5-9848-014ff28a3d2c,23858784-ddae-476f-a5ae-7270803d52e9,BEV-002
42a14376-7b27-4501-9a38-494c5673b607,a09bd0ca-7851-4316-b44c-177342dd1028,BEV-001
f3f5a446-f7ad-4664-9c15-3aeb60ac2c12,aa742946-58e7-409b-8c1a-d8011ffdddb4,BEV-001
7627d69c-4573-4a84-92db-2c5568bf3593,e07c16e5-c764-47b4-943a-c71000e8e986,BEV-005
86ac670c-5947-48f7-8d49-9573c0fa42c1,ef5ebc15-1470-4f27-9e41-0fbdc641cf04,BEV-002
72ea4045-e015-4bef-a186-abb1997d2752,ef5ebc15-1470-4f27-9e41-0fbdc641cf04,JAF-001
fec2835e-e3dc-45d9-8b82-25a063c72694,8a90b153-3193-41d6-8d90-26be300ad2a7,BEV-001
59eeb307-c635-482d-9a8d-513446e6d3a3,8a90b153-3193-41d6-8d90-26be300ad2a7,BEV-005
4932c453-f4d3-4e80-b284-144dd75743ff,433df888-7bb8-4410-b89d-c8d42980824a,BEV-004
67e51189-8c68-46b3-a391-55d6b9812da7,0973f7c1-b356-4828-ad66-cc5d523f8ac7,BEV-001
863a21c3-56a6-4450-9b6b-7fdb72889f2e,a803156e-74d2-463f-af19-12561faffeab,BEV-005
8375dea6-b7b0-4318-9709-6fad87cd6b19,198a5893-9abf-44a2-8ddc-0ae9dfe50fa5,BEV-004
80ee5f56-868e-4c05-8670-d8781f93c8fe,e7a0a4be-d8c2-4f69-b5bb-4118f1391ed8,BEV-005
09133fb7-23da-4157-869e-3136028a011f,9a080a04-1b0a-422b-98f2-3fea492e3f63,BEV-003
260a0a01-d74d-4195-a3b0-834aebb0afcb,9773ed1d-39a2-437b-8c17-10153378048f,BEV-001
063f591c-72b8-4573-b335-ecc256570ebf,812bf681-e09d-4c6a-9f3f-a119b6495464,BEV-001
f29d2f66-f724-45c7-a48b-30e3c67400e1,812bf681-e09d-4c6a-9f3f-a119b6495464,BEV-005
7c980278-e25a-4333-99e2-800601a7cbc2,812bf681-e09d-4c6a-9f3f-a119b6495464,JAF-004
65362b25-4359-4714-ad6b-372a0301800f,ba86254e-e961-432a-b8d7-36b189d22b3e,BEV-005
703384fe-60ab-4f7c-9929-f426ba26703f,72d5fd2d-dabd-49f9-9187-5d218ef08e5e,BEV-005
d7f37ce7-0eec-4714-901b-ea31c1633c7a,72d5fd2d-dabd-49f9-9187-5d218ef08e5e,JAF-004
30fc85f1-e401-469e-89fe-19d8dc07226c,d13bca52-5393-4224-a28f-f155c524d718,BEV-005
a2d48498-f728-48e7-9b85-c2684418cbb3,d13bca52-5393-4224-a28f-f155c524d718,BEV-005
02434953-b34c-4642-a626-6b033d4c004d,1dce1e57-498f-42b3-92e1-407656ebb13b,BEV-004
cc3e000f-527f-46b9-b80f-09163c460e38,f99177a7-23d9-4a45-a3c1-be0682d0360c,BEV-001
02dcd069-9400-44e9-aac1-231280b14ef0,35f888cc-a4e4-4038-a270-8a035b569aae,BEV-003
d2630ad8-ecdf-4f84-a061-4f112f0ce21e,8a7ddbb1-4272-4f9b-ab44-0557635a6cb5,BEV-003
ef965d3d-acb1-43fd-95c3-2c47a52ed5c2,28a42c83-2fa4-41a7-a64f-be47d35033c3,BEV-004
8309b8f1-098b-4490-ba66-9ab2138d0fff,83a07fd6-84a2-4738-ace1-e6981aa73f01,BEV-002
a9e31e2e-a72e-4ba3-b6c1-6b7b1a9dd731,b8c24985-f71a-4d95-85cd-ce2777ea3142,BEV-004
dc32eaba-57cb-41f1-92be-0529a7a549b2,5fe697a7-1b27-455f-aeba-3b072e60ce61,BEV-002
766dcf41-9e07-43b8-ae33-7315ac984f33,bdbaa707-5fdb-41b8-8c56-49220ebc9d24,BEV-001
6c2d5bca-c6ab-40c8-9633-29a03cf00787,d8c0e979-aba1-48b9-a500-c4897808f98e,BEV-002
316d6871-bf94-4b6b-9ddc-48c2e8015f4b,d8c0e979-aba1-48b9-a500-c4897808f98e,JAF-003
2e6e56d4-3b39-478c-8667-bda4c8b7faa8,8ee8dd01-3563-4986-9046-0751803648f1,BEV-005
2b1331bd-b4ca-4eda-b231-8675a54a1fd6,8ee8dd01-3563-4986-9046-0751803648f1,JAF-003
806e8042-55ed-4921-8683-9d1f4dcf57d0,48b99c1d-7417-47e4-bf92-b625eef5bf43,BEV-003
6639742d-e9c5-4094-b522-81e361b594db,abde8c5c-126c-4428-be10-03d970d24e23,BEV-005
1dfb9974-06f8-4bd6-ae89-431861da89e4,abde8c5c-126c-4428-be10-03d970d24e23,BEV-005
1df0d835-8a2f-4540-b8f6-4a48e5062386,abde8c5c-126c-4428-be10-03d970d24e23,JAF-001
89236c4b-23bc-4ae8-b928-5453aa1e7cb2,efb44f0a-43ba-4f10-838c-8daae537668e,BEV-002
f8a62cd7-c764-4217-bc07-867e965e30e3,275acc16-0cc3-45a1-a526-5e05523a47a4,BEV-003
62022cd0-2c94-49e8-b831-37edbcc06512,cfa19a27-1928-44ca-9084-5b2439bdca0c,BEV-004
ef533338-cf3c-48af-a040-f6d13c73751b,fdf9ebb1-fb2a-40f8-a33f-2f045922144c,BEV-004
e80a63c4-e1db-4b8f-b6bc-aaf453623a18,618836ed-c6c0-465a-bb91-4fcdb0ba4db6,BEV-005
e653a8a9-5018-4bdb-9fbc-c2650eba3015,5d1a8f36-2ab0-4657-afc7-0dcae0b9c767,BEV-005
fe7bb24d-8afa-44a2-a3e9-92f0a8593c2f,30ff859a-8a10-469f-b70c-edbdfe6a3737,BEV-003
ed65d5bc-691e-4460-9ebe-08598ebea3a2,30ff859a-8a10-469f-b70c-edbdfe6a3737,BEV-001
7d48ec96-aa7c-45ef-857d-68ebd4ec6b63,4747ecb8-7537-4d71-a596-86b1f43aa76e,BEV-002
cda978fc-f09c-4f45-843c-3154ffd2548b,73b13a55-183d-40a9-a2e6-a84b65d280d5,BEV-004
f268f105-f8ab-49a5-a6bf-b7f7f6928cf5,2e2c2101-69db-4d14-882b-492206a1c068,BEV-004
e6eb2caa-7a9e-4c5c-9ef7-cb82b607cb5a,74347b46-0e8a-4352-a048-f3511eab0ae4,BEV-002
d6fcaa1a-cff6-4890-b015-5d2a57601dce,c6639949-1eca-4b43-b3b0-2c6a26de020e,BEV-005
a8f34081-73ef-4083-a7ae-a6d430f45728,419f981a-d890-4e46-a549-eea1395ff887,BEV-001
56bd013b-dfd7-4474-b032-e16cf9ccb807,f3ee8781-7952-48f5-a8ba-3c408d41ede1,BEV-001
468a7680-0798-4aa2-8fbf-bfaddcf8ac2b,300b9e45-996d-4107-abaa-ffd3a5fbb7fa,BEV-002
377e5f39-d441-452e-b8cc-3a571e952870,048df71b-6375-4b4f-b76c-20f542d9f152,BEV-003
14720197-ecbd-4f88-ab5e-ee154b9cb6d6,3583e944-91c4-4425-a4c0-91b23fbb6349,BEV-002
ac638836-638b-4217-8696-0d3d88573e3c,c170e873-5dc7-4b9c-87e8-e88f36de9487,BEV-005
5235faae-eb76-4fd2-846e-092c844396a0,9feb2f78-6e02-447c-b5a0-975ef393499b,BEV-004
459abdfd-e79a-4aa2-8e74-9f2d23985675,9b656690-8863-4335-8ef7-a381090e67e7,BEV-003
c52e5e14-89e9-4fd7-85df-b09228bddbde,5b457c1d-3381-46ff-87fa-407087ad3123,BEV-005
ee4d355d-a7f0-455f-b607-65f11028412d,f4dad4f4-1783-444d-b3b5-9ca053e329b1,BEV-004
6d2059d9-ddea-4692-9e3a-c6e877b07c1c,f4dad4f4-1783-444d-b3b5-9ca053e329b1,BEV-001
f0c468d9-a9d1-4b9e-adb1-b4569bf70e13,f4dad4f4-1783-444d-b3b5-9ca053e329b1,JAF-002
1e0d45de-df8f-4026-a15e-75632fe61d18,5f7b2c6b-1703-45dd-b672-c40bee92e5c7,BEV-002
c2b4262c-a1a3-4edf-a9f5-148cd44e7540,32dece3d-0416-4b8f-ba1e-ddb3443c7592,BEV-002
d1364bd0-d9ac-4ad1-b0ba-c6d8dacbd06f,d6e1d56a-a22d-4d4c-adc6-3a24de8f02ed,BEV-003
a6673910-acaa-456a-86a8-5145c2155d63,8fe88b68-a168-40bf-b0da-1615f40a15b7,BEV-005
2285d892-daae-4dcf-9017-9fb2f6912c69,bc0b0e73-597d-41a1-9e15-791374c54af1,BEV-003
cc7ad500-93c4-4d13-9ec4-f261efb6437a,ec035dbe-32d8-481a-997c-feaefe362771,BEV-004
55cfffdc-b753-40d6-8bb0-64fcc97412ed,d548d074-7533-48cd-9f89-844d5275c87d,BEV-004
9e7f7301-8247-4703-b61a-1c023c970916,401dc949-90b1-47f1-a9dd-52823f8e03b5,BEV-001
960bc7b3-dff0-4332-860c-6a93dd082cf3,401dc949-90b1-47f1-a9dd-52823f8e03b5,BEV-004
e2b1f208-b957-4b0d-a298-9b33f85b51c4,401dc949-90b1-47f1-a9dd-52823f8e03b5,JAF-003
83b3274b-9bea-41fb-b4dd-29aabcc9f079,4e275f64-5d61-4d80-b8ca-3784b0561b00,BEV-005
05493053-16f7-41c3-a145-72417ff57ab3,4e275f64-5d61-4d80-b8ca-3784b0561b00,BEV-005
d1a44803-6222-4d40-8910-d941aacd3832,28065ab7-e139-4adf-a367-e21c50249632,BEV-002
1d43fe8d-cb40-45b1-91b0-606fca70f615,a2d2ec10-0846-47d3-a23b-1068110d7edc,BEV-004
b7b506a0-a837-49fb-9f87-19e6fca156d7,b86f15fb-c630-4eb3-bb1c-a3b42f9b5ec1,BEV-001
fab10f1e-3d71-4ef2-8465-fed159cc0deb,05cacfdd-eea3-4249-84f5-593e3b7ece18,BEV-001
be297039-b755-4d80-9682-3d67ecb6d24c,05cacfdd-eea3-4249-84f5-593e3b7ece18,BEV-005
13d482f9-18df-492d-af64-2e1445980833,05cacfdd-eea3-4249-84f5-593e3b7ece18,BEV-002
7dc41889-0996-481d-94a0-c455236affc5,05cacfdd-eea3-4249-84f5-593e3b7ece18,JAF-005
13dc2c5a-38e9-42ce-8eea-c7d705415092,05cacfdd-eea3-4249-84f5-593e3b7ece18,JAF-005
06dd2601-cf1a-4697-bf51-5f238e92167d,05cacfdd-eea3-4249-84f5-593e3b7ece18,JAF-004
a7cbd4c8-0d44-4f15-8d6a-5118766dfc98,cc860c87-3b8e-49f0-bf93-082282260546,BEV-004
d6d8e864-c219-404f-9b4f-dd840d0af8a4,f8f52acb-76e3-481e-b9d9-7d89b9e4c65b,BEV-003
7763b775-428e-414d-bd19-c1d8ac1cc483,21abd69d-9959-4540-9ff2-5e66197d6289,BEV-004
72602fb9-b0ff-48a5-ad06-82bb388175c8,21abd69d-9959-4540-9ff2-5e66197d6289,JAF-003
9fad7c47-500b-4ec7-9dd8-57946349f976,b07ec5f0-8f37-468b-bf54-926ab5108222,BEV-002
03d0bfea-19cc-42b3-9a9c-13146a345eea,0c5f0c51-ba47-4120-94de-dbba2028c560,BEV-001
160b4016-8193-493e-95fa-4c44f9466953,0c5f0c51-ba47-4120-94de-dbba2028c560,BEV-002
b2e689fb-d2fe-426d-92ed-e4cbf857a970,0c5f0c51-ba47-4120-94de-dbba2028c560,JAF-001
dc127787-7bb7-4d7a-acbc-abee4a82f9b3,22d310ae-2ba3-4293-ab58-a8a4de4ec3dd,BEV-004
628d17fe-405d-4ad8-ad9c-73a0da869291,a9c75331-57a4-4620-99aa-ce0100a278e6,BEV-004
04afc73b-1bd4-42ff-961b-65016430247f,e1610b7d-a4f3-4600-a29f-8bc5d62baf49,BEV-001
fb162418-6061-4d03-9123-2be40e7c6530,c01df61c-ab83-46a2-802a-f20267e5e7f3,BEV-004
50a8a2f1-209a-4133-a61b-15b89e56e3ea,392b9804-b95c-490e-a5ad-7fe71c508e4f,BEV-005
cb6fe324-b7ca-489f-a611-b2c404c9dd3a,9b6b3e4b-3b39-448d-bcab-89d67b0060e0,BEV-004
19da62bf-8bd3-4152-bced-bf55c2475705,0cb31dc8-b28a-4c8a-bac4-f85405b6231d,BEV-005
a87d8b3f-d1fc-4182-aa70-a48b9ded2c36,ca86c762-d838-4ad9-b9f0-431b6dacbfab,BEV-005
d6759404-1d8d-4b1b-a674-53ff9082188e,ba76934a-4123-4080-a9ca-4c31f273561c,BEV-005
55c7d3c5-039e-4e3e-a5db-943f78a48eb7,ba76934a-4123-4080-a9ca-4c31f273561c,JAF-001
217c0d0f-7cb8-4a9e-a67b-47ad4213df3d,ddb3967e-a225-4520-83be-bfaf3421e337,BEV-001
5ec02622-a23b-43c1-a137-b205a82862d6,0894f6db-8cdf-4b71-b25b-73a1865c1f47,BEV-001
c708d366-48d6-4334-9167-8d3ebd5052cf,05a552f5-e013-4851-8525-327e24f4a6a5,BEV-005
78bbc391-6c5d-4a50-85ef-e510e72471d5,6d08e020-10a9-42e9-be00-5f64b514ccb5,BEV-003
d570e02f-1640-40a5-a160-08b02f8e27bf,6e69932f-3fa1-497a-ae1a-b405f53d2f61,BEV-004
4bcb55f1-aed0-4c16-ba11-6b1d18b831a9,48bff530-353b-454b-bcf0-50e186fe4f27,BEV-002
d1da9729-fc76-4326-9ea6-0206fad0133c,0e0dc95d-4272-41c4-9c12-84988235fcf0,BEV-001
df0aa54f-5583-4574-8515-2ea5fd307db9,047661b7-ceb2-4985-b085-63dbf58b8672,BEV-002
58f98eaf-2284-4dab-8094-b86fd3521ee9,4bb33c3e-5f85-4e74-926b-3017cbf50e9f,BEV-004
f4530ba5-8c9b-43f7-8484-f82b59a68ab3,fc0313a5-07bd-47ea-b8d5-1f941faa97ff,BEV-002
381575a2-0617-490d-8a51-230537bd1fa2,a4e5f440-fe62-4634-a43a-284c2482057c,BEV-003
6c75efc9-6b7c-4f03-ae73-8a545a09a3c0,79bd78f4-9380-4808-b4eb-45a63455e415,BEV-004
57f7b3d6-8bfa-427c-92af-07966ce34710,6b9ff92c-482a-4b30-8ef2-64ebf2e2c7b8,BEV-002
0fda752c-1c95-442d-a516-f761bf6b8f18,10c75972-7074-4c12-ae12-d8daca142492,BEV-002
6d1f0996-603c-4c80-9241-299e485f6eeb,df3cfaaa-0234-4a79-8de8-9fb1b7e4ff3e,BEV-004
1f758b43-f837-4b5b-acba-9b3e3d3c9593,293f35a1-a689-4b2b-9d05-820ebf74930f,BEV-005
a43ef242-6c6e-4fd9-80ee-f4cf851891f0,beb2779d-bbe4-44b7-9cd4-80f799367722,BEV-004
f22e4aa1-fd72-4420-9af7-3d9e977becdb,31b59205-455b-422d-b798-af6f23fe59a9,BEV-005
6cb14b66-fa00-48d1-9d6d-fc5e6b30fa97,0617f5eb-459f-4466-86a3-0eb261450eea,BEV-002
f15aac35-512f-495c-a2d7-7edcfe113d29,0617f5eb-459f-4466-86a3-0eb261450eea,JAF-004
1de5241a-0bba-41dc-b495-ec93bd7536bd,6462adf6-75ac-4413-9539-44130e0ecbdc,BEV-003
ecd0b84c-74d6-4796-ae90-2e5b0ad898e4,c12ebad9-5285-492b-ad90-3212e552e251,BEV-001
1d382d1e-1b40-4a7a-b0b9-0caa5f676cb6,63a0dcef-b638-4d1e-a653-4955414999cf,BEV-003
610dec52-0d2c-4982-85ba-8d2e1c33c0fe,dec30763-1c22-4ffa-a6c4-2a89e3452cbc,BEV-003
d1d32f60-120e-418c-b5c1-3682dbce1d0a,6a43b34c-c30c-4f8f-b7b0-6bf8d2de86e8,BEV-005
04ef59b6-fe8a-4916-964c-5470306ec05e,d432b560-7d1b-40cc-a21e-db47775983d3,BEV-004
94833bb1-d0ba-4826-830f-7cbb30755172,babe8083-eba3-419f-8128-027949c71878,BEV-002
b6eb160a-4d6d-46a5-9cd1-9d0b99ffcd11,babe8083-eba3-419f-8128-027949c71878,BEV-002
b391bb05-0cf0-430f-9ba4-d035b0a6feb8,3664acba-d551-4d57-98d6-9fa3606322a2,BEV-001
72a1a163-8d4f-4e32-908c-25808407252d,712eff54-2fb6-4b2b-a3a4-04d5e4441fc1,BEV-004
36a28c4e-e0c1-4607-8b9c-16f7fc06b3c2,bf9d681e-275b-4b59-a715-faa1eb442120,BEV-005
75a4a508-2060-49bc-8bff-f1e3847c8cdc,eb07d1f5-817f-40a0-98e5-b6146983e905,BEV-002
1ca7a338-b9d6-4fd6-86d7-e95136d3a21b,7fd09d09-3f6b-44f2-a006-4975f84ceb51,BEV-002
0b39a344-66b5-401a-8cc5-d93ac6420fba,5cfab2f8-3bc8-46b0-942a-85237bc2b6f1,BEV-002
274b70c3-d751-4777-bd03-c7bc546e8214,10c68b6b-4484-4f0f-b05d-cf5b8d7c3933,BEV-001
a3edda1c-2d58-4913-9fbe-0a217b415aee,daca2a31-5f54-4c91-a0d3-f67a85a0e19d,BEV-001
b7c10942-ea53-4c2a-870c-ad5c1ec63e6c,daca2a31-5f54-4c91-a0d3-f67a85a0e19d,JAF-002
eced428f-30b7-47a9-89da-50966ee06ddc,8ccfdb5d-dc82-4445-a524-9c48315a7d35,BEV-004
fccdbaa1-13ac-4071-ad64-3665da63d21c,4c1f4466-b1ec-4065-8cf2-cc40b6a042b4,BEV-005
629e9a16-9b38-4121-9ad7-4ffdad76d7ff,4c1f4466-b1ec-4065-8cf2-cc40b6a042b4,JAF-004
213a3706-9084-4431-a1c7-cb4370f05793,beab136b-6e52-4533-9d16-35589bc66f75,BEV-005
445ad8e8-c6aa-4be8-a870-654c9a5a26fd,beab136b-6e52-4533-9d16-35589bc66f75,BEV-004
558a7380-dbb8-4016-9847-85e6ba0cb1d4,beab136b-6e52-4533-9d16-35589bc66f75,JAF-005
fc41917d-3aa6-4f55-9f78-305ee82f58ed,d574c53e-533e-495a-88ec-d661272ded74,BEV-005
23c4f2f0-5080-4495-b4f6-483bfd1a7606,d574c53e-533e-495a-88ec-d661272ded74,BEV-002
ef33a193-fbb3-4181-a19e-171d54973bbe,5060c8dd-32a2-479f-be79-3f987548981c,BEV-005
bee3ad18-b2ff-439c-b194-b8bfbcbd5c95,295cad90-4d42-4749-b399-934bb5986955,BEV-004
1a544d9e-bfac-48f3-bb4f-1ebc8ccd5a7e,5067d4cf-013b-4413-bd8f-3658373363aa,BEV-005
7f52a593-2104-4ae7-99dd-578f43128d9b,5067d4cf-013b-4413-bd8f-3658373363aa,JAF-002
d1038960-262f-4869-95d9-ff8cc85ec3ea,511fb853-00cf-4f90-be49-bdde045a3f62,BEV-003
c9f48f8f-357a-4a28-8e08-7b04d7a299d5,78fcb048-7a73-4b03-a381-b610018a7d0f,BEV-003
a827093a-b5ea-4654-b035-b9f5ca313efc,1225c4d2-a67e-4166-bdde-ef0ce4726cad,BEV-002
560cca14-885c-4574-9c55-10c111729180,f5a00208-bb3c-49e7-8ddb-b1387f7531ea,BEV-003
4f820285-084a-4acc-92ea-2ea1ec1d4894,c37cd38a-d589-4ccb-88fc-e5c04e745872,BEV-001
e000bf98-ab18-4278-b632-25276d0621df,873637fd-c9b3-4b21-83c0-5e5fb094d091,BEV-002
203f88d9-e4d9-4bc1-a031-7d8054feda46,bfcfbe88-2de7-4911-9834-f8e009b65eb3,BEV-003
87c84072-db99-40d5-b52d-584b505370cc,932329d7-b00f-48a0-9d7c-25d099cd4b98,BEV-002
3523833a-1497-4c06-a56b-ab2e03de0dbb,8205b406-3f18-47b1-884f-2d306b6479de,BEV-005
23657635-310a-4cc9-87a1-cb1e016f860d,6d67381b-b81b-468d-adca-bcc9761ff6b5,BEV-004
d79d3fa7-08fc-495f-8e49-77c0b86e35aa,61045d81-2e22-40a8-9be1-e91e842c8ab4,BEV-001
262daa61-3420-45a5-bf3f-8ec45e52f3c8,3beb416c-ed7b-42cf-887a-b395dae6c257,BEV-005
973d36ad-4843-420c-8727-2811beb44d7e,c8337fe0-0651-48d1-b708-6b41a23dd05b,BEV-004
edf6d319-0d0a-4a62-9734-ff654f002114,a0640db2-cd59-4087-a1b6-c3fadcaba415,BEV-001
490dd484-cd5b-41cd-8a6d-181454b9be84,457d3321-ed0d-4186-be01-defd22bc8a66,BEV-001
f63b5722-84aa-4a7d-b6c9-0b324b59f7e4,88b4ca64-5ca0-45d3-833c-bb2295eb064b,BEV-003
6fe6009f-9941-4ae3-a980-b1c95e5e0259,2a634fcd-f745-4f93-a70a-c734c988f10a,BEV-003
15325be6-6b2d-4259-8bfb-f4981d32417f,f4c8909c-a4d5-4863-b59b-112d336976ca,BEV-004
e7027eae-be47-4cca-a54d-a78c7fecf63c,3cf461f0-f77b-480a-96ef-658db2209ac5,BEV-005
573c2a49-5a82-492a-a02e-3ceb7239ea41,2cf12d14-6261-4d69-8d1a-6ce8a97d2d0e,BEV-004
f37da195-0664-40f6-b777-6516ed0b505d,2cf12d14-6261-4d69-8d1a-6ce8a97d2d0e,JAF-001
3a14b534-fcfe-42df-92c0-57c0b937cffa,158ba2f6-b464-445f-9ff4-fe1242104991,BEV-005
a9225769-a5a2-42eb-b22a-6eeb12239b47,069907bc-069a-426c-ae81-cfd6b591394c,BEV-001
786066a0-51bd-4cbd-8e4a-7b60bcf4b5e6,5f2cffcb-34d7-4e84-a4c0-9b116822ff1a,BEV-003
51da6552-0e3c-440a-92a3-ec36762df2da,5f2cffcb-34d7-4e84-a4c0-9b116822ff1a,BEV-003
27e32446-d83b-4f9c-9055-97c03994a666,341787f1-29e8-43a3-8017-0aebbb80724c,BEV-004
0bc9f777-cf46-4479-abcc-4479824885c2,1c0f673e-7909-4803-8c77-7a59bc29016e,BEV-001
aef84433-ff50-47f1-ae42-db9fb50035dc,830efd51-18fb-4093-9bbf-56e96b6b9179,BEV-001
d31cb19a-38bb-40f8-a89d-9de4cbe07b02,5ec7d8a7-7d8f-4af0-a868-aa6748e82d02,BEV-004
bdd4a425-ed9d-441d-8312-6b61570962c1,5ec7d8a7-7d8f-4af0-a868-aa6748e82d02,JAF-004
460a15d8-ffef-44b2-8715-edf18d9a6fcd,cd02c185-7d99-49d4-94ae-8ee8a02810d6,BEV-005
f696e4ea-bdf1-4fa9-9777-b8ad43e4d488,c5f46d7a-7331-4911-a73f-9e679fd49cb1,BEV-002
6f4bb965-6d73-4910-8b5e-a873a181c06c,b0a6c272-ee55-4ef9-b203-4dcbb3e38c3f,BEV-001
8d08117d-6bf6-4355-8785-1ef0c459cd1f,8906b7f2-1f5f-4b53-b009-a0cc324f5095,BEV-004
f48fb4e9-6aa9-4d7a-872b-1abb56c2e8c9,433a9467-8d87-4b55-8d1a-d1028faa4d8e,BEV-005
01f32595-e919-433b-9354-2e2b38795176,bcbda95d-15cd-476b-9a1f-3d11adc1a6a5,BEV-001
581fc9e4-c537-4367-a370-098f4ceccf27,503df681-ae55-41c8-aa92-efb8ccdfd4f0,BEV-002
c3eb14ee-34b3-42b4-953f-4b08575aac8d,2ce68885-7fe1-4b09-a70c-b63a075d42fe,BEV-004
9032b615-bc52-4b12-893b-1b0996af99eb,2112e0e8-91d3-4d54-88b3-7a33fd2cdd22,BEV-002
b29d89aa-b4fe-4369-ad99-83f76eb298c0,d0a6d5dd-208d-4ea2-9c74-c93f493fabae,BEV-005
a447169d-61ce-4bef-872e-1fba4eb1402b,735b9212-51b5-420d-bfd7-410ae652e388,BEV-001
ef2e11a3-2531-46d6-9474-5a7908e94c38,ff945b05-6b1b-48cc-b370-568512c16dad,BEV-005
2017dcf7-920b-461e-84ba-991179629458,49dfe272-7b06-4997-a88c-5879c26aeb12,BEV-005
eefcff04-7842-450a-83fc-b47d2434426b,503cff69-81f2-4ad8-97f6-a7e3ce90c7f4,BEV-005
f8775286-bd7a-494f-884a-67439b04bc1d,68ccab8c-82b4-4095-ae90-babc0b6d37a8,BEV-001
03b75cd7-7f82-4369-bfe8-c88a027bf25a,fb811959-6ae2-4e3f-afe1-4f93f28bb148,BEV-005
2648b026-a297-464d-bb8a-f988a29f5ada,844cd2db-2e34-4d69-81a9-9fa5f730dea8,BEV-001
375b1f42-8f51-41cc-862e-bda92e653534,f0feefa5-fbf1-4c1b-b0f3-0147bbdfed09,BEV-004
28453f9d-bc36-436e-8904-dbc4b3c7159a,d2f1f560-abed-4da0-b3f8-229a4c5c13a9,BEV-005
2928e23d-04ab-477c-accb-82895c760994,8659ae16-a1e9-420a-95c5-032893ea1300,BEV-004
72f08a91-0046-4353-b0a5-130b0193ac50,660768a9-a3c6-4503-adf7-641f3e5390f0,BEV-004
28380a85-13e1-49b3-b58f-90b27c6e9fe2,94d0d7f9-96b4-4673-be90-3a4c87ca841f,BEV-004
87c6b96a-ecc7-419c-88bf-96035a70291b,635c8480-c86c-4fbb-bd73-7c2c08fd4e0d,BEV-005
2eccf02c-f14c-4a49-9baa-cccd2bbd81a3,f40fde80-bf42-42a7-910a-2af99982abf0,BEV-002
d711b947-36dd-48f5-a43b-3121b7578b9c,e57a0571-8916-4131-a935-2bb53df3dcd0,BEV-005
5bdf54ea-ed79-4270-8ad6-016f3bb511c9,3f36d518-d1a6-4f74-8222-eb05d81d828e,BEV-001
975bd22c-322d-42e7-b6d1-73121bd55635,3f36d518-d1a6-4f74-8222-eb05d81d828e,JAF-002
fa995558-2734-4631-b077-ba7e627a64d6,c64776b1-cd03-45dc-8348-dd0325054f9c,BEV-002
ce8f1b2a-7a29-4f06-b380-6027835bcc18,c667d18a-ef06-4845-8eab-98025493c4e6,BEV-002
06814163-a324-474f-ad00-3c9d5e824b13,361ad7ac-9be3-4d9d-b8a7-60021311cae9,BEV-002
a3c1fb3e-e6fa-416d-9e72-103cbd5254db,53a82b3b-649b-4cfe-b6cd-3f2d5832666e,BEV-002
fb0af28e-be0f-4ad8-b383-ae9a3dd7fc54,f3a8987e-c558-432f-8dbe-4fdea778bd0d,BEV-003
9be1f8f5-333d-4a1f-8b1c-77748e280410,32084c37-a674-43bb-b3cd-f2f0d682dbeb,BEV-004
11f85608-4005-43cc-8ddc-350162909501,7f79f25a-dfdf-4e53-865f-565520e90559,BEV-002
5beded8b-35d8-4bb1-a56c-a528bacf9d13,bf6122c1-4f9a-4279-b52b-de17378683af,BEV-004
17b2da0c-b33a-4d3c-882e-276b1c9e18e0,c8782710-0989-41d3-91c8-ff2e8eb6790e,BEV-005
03b6565d-7cf3-46d9-a326-f0db14fa6ba2,c8782710-0989-41d3-91c8-ff2e8eb6790e,BEV-003
109ad9ec-625f-4918-b48d-3c3efc0973ac,db49726e-fea8-4e57-bee7-aa63312f2762,BEV-005
88295dac-4cee-4221-a994-9b2e92bccbc4,db49726e-fea8-4e57-bee7-aa63312f2762,JAF-001
b39bc5c0-ea19-4b31-bbd3-019e6af5725d,63d96d06-7ce6-4033-8680-b127f7f0ea81,BEV-004
ab48dbb7-fe95-48f8-a047-2b6e5dd045a2,47301cb1-1f06-4acf-8a10-f27d2b93968a,BEV-005
9c88d56a-0406-459b-b657-a328916dd13f,6c46038f-bf1b-4445-83c2-f3a5813c2bcf,BEV-002
ccc6f657-344a-45db-9c76-dd79c87e8e59,9f35086e-b3b8-43a6-b1e8-c742cf5c99c0,BEV-003
6cad9df9-0195-4a5d-b21e-e27dd5f1f5bd,85b02321-1206-4bbe-a149-e785f93b3d66,BEV-004
4e7d4b1d-ee62-4903-b516-97eeb5caa2a6,8f084297-edf9-4aa0-b982-a716d1c68772,BEV-004
0231cd6d-d54d-4657-9d7a-f809c5f0ad51,498e288a-4ebf-444c-90d3-d9d3a2df72c8,BEV-002
6009ddc9-a03a-415f-aae4-e80233aacc24,f2365fd7-f822-493f-8837-e5c2a3fb4c68,JAF-005
f075b222-021d-4dee-a27e-2dbf4a60bd1e,f2365fd7-f822-493f-8837-e5c2a3fb4c68,JAF-001
79cbf368-7026-40f9-b5ea-19529a8d5894,f2365fd7-f822-493f-8837-e5c2a3fb4c68,JAF-004
b394344e-34f3-4d1f-a63f-b10f964ee672,0967c515-afae-459a-b8e0-150591f94531,BEV-001
ae68ce3e-e527-40ea-aa2d-eb56c0e300ef,517a7e5c-bd2c-4926-98bb-8476d6940ae5,BEV-005
fd8396dc-5b8b-4d91-9973-8db8fe287307,4510a3d3-ddd7-43e0-ab8d-6aaf018b29d1,BEV-001
59b4b28c-2b82-4fd4-b446-8e59bcb8ab84,4510a3d3-ddd7-43e0-ab8d-6aaf018b29d1,JAF-005
582c5e7d-b230-4d32-96e7-7f235b68b9e9,b919cfff-0d9d-4a51-b485-b01e3b123344,BEV-004
b1df029d-c3fa-4681-8ca5-5d20ee9b0393,af728f98-5194-47b2-8c1e-b65699cff755,BEV-004
57b54560-230f-406f-be0b-bcf24108491d,af728f98-5194-47b2-8c1e-b65699cff755,JAF-003
6ba9a3cc-8c72-48a7-81de-5f25b09949e9,af728f98-5194-47b2-8c1e-b65699cff755,JAF-003
8ae88715-a65a-4f18-93f0-d79837219b18,af728f98-5194-47b2-8c1e-b65699cff755,JAF-001
4cfcfa9c-4c25-496e-a607-0984a139eba6,5cb187e5-8dad-407b-bb78-4395fa6d2bab,BEV-001
40417cf2-c3e6-46f9-a31d-e75a841b1b7a,f84a81b5-ab5f-4c92-91de-d91571c2fdf8,BEV-005
552699b5-beda-40d8-80d1-ca58fe4100b4,9ef64945-8ea6-42b7-90ea-421c5691e0f2,BEV-004
c9a528a5-3968-437e-ac54-345363e183fe,9ef64945-8ea6-42b7-90ea-421c5691e0f2,BEV-003
4f1e1d62-efb9-4a6f-93fd-80316337c105,08edd015-6f9d-4974-817e-b792c13d560a,BEV-005
3931e04d-f82e-4eb1-972b-3765be53aecf,f9b211b1-2bde-45d5-9670-33025c222e48,BEV-003
39111956-db1c-429f-ba9e-96c830b518cd,0edb5fc4-2222-4904-9366-582c9bbd4735,BEV-002
d87d224f-f262-4c56-b44f-300aa9721784,67348fd5-0776-440e-8bba-36d76db532de,BEV-002
a784cf53-f8ff-44e2-bd70-e282825dbac0,579ba648-e0c3-4fa4-9c20-f2f7826f835c,BEV-005
fbcf4ce8-fb97-4830-acad-b195ab5191a8,d8e6b07d-9cb9-4d20-9bdc-17111d14f81b,BEV-003
4b9b60d4-f970-4981-bd75-f1deb33bb25e,77b777c5-b8ac-40c8-9781-9fa5b7701c29,BEV-005
91a042df-064e-4a15-a464-79117d40d0cf,872b95ef-5d15-4e24-a814-e352ce26452b,BEV-001
71b0c31c-50d4-4425-980f-99f3a5783f95,0a28bca0-56d0-4e5b-86a6-f7fe5d50809c,BEV-001
9ada8ae5-5ccd-4c1d-998c-02680ac1395f,fbddc352-e7c4-4b73-befa-6a59c64f41c9,BEV-002
f68f8cf3-35f3-4374-8b68-360cdbad174e,a3c022af-2543-436b-931f-10cd614ffa26,BEV-002
7479d5d3-a166-4ea8-8811-f23e4f5a6a7c,27606ac0-737b-4f31-8bea-7647a655a964,BEV-002
1cb796c5-281b-413d-ae30-5eb9429135bf,27606ac0-737b-4f31-8bea-7647a655a964,JAF-001
63f176a6-6f1c-4ea8-b3eb-846497d323c2,185688bf-cf7e-4b13-b100-256c74f6a457,BEV-003
4960e4e7-55a4-4568-bd04-48bd68c23a0f,185688bf-cf7e-4b13-b100-256c74f6a457,BEV-005
9553e7a1-3f9e-4d88-833a-23f44c1cf8a9,f446848c-7092-44e0-bf29-68c412c89fb9,BEV-001
d98e4075-b6fe-4e79-a4c8-4ab881e1e5ca,bd844c7e-b239-4ce9-ac11-65566373c268,BEV-001
e69cc62e-ee0f-49b1-836d-5a50d4b469fb,bd844c7e-b239-4ce9-ac11-65566373c268,BEV-004
1d61aea8-837a-4317-b0fd-021e845b146c,7a2cd2cd-c8ea-49da-bbcf-2e0024d9cee5,BEV-001
918dd09d-0ece-456f-a228-d25d01158ff3,ea35fb63-7adc-41d5-8164-bc2c3739d132,BEV-004
f2a1b8e0-99ef-4e90-bb0f-02074fe5e79e,669158c7-780f-49d8-9980-299aafc88cc4,BEV-003
3368fb24-e9df-4cad-b3a1-5c95fa8334fd,006e9a9d-0164-44a3-806e-9941f61886fd,BEV-003
cda7eb17-b7c3-45ee-b996-f9fbe63fa7da,f75f4b6e-ce09-4583-bcd6-96a27f3ec0ab,BEV-004
81e9c0b8-54dd-42f5-80a5-3cb43b120851,f75f4b6e-ce09-4583-bcd6-96a27f3ec0ab,BEV-002
0f2e591e-48de-484b-97ed-7ec5aa9d5ad2,f75f4b6e-ce09-4583-bcd6-96a27f3ec0ab,JAF-004
5c70e8ba-c5c5-4d43-b2fc-f700cc7a3e77,9446fd2d-fa27-4312-a875-2877919788b5,BEV-002
9d04cfa3-b4e5-409b-a180-ac8c588d2e03,aca35567-dfeb-4410-b223-d5615dd4f16f,BEV-004
78719381-26c6-4a34-a5be-866d85af1d3e,ebd18951-fad3-4ad0-ae2f-6010e1814de8,BEV-005
f40aa136-2441-4303-8223-cc5221e74e8d,ebd18951-fad3-4ad0-ae2f-6010e1814de8,BEV-002
5d2acd67-2990-4452-b37a-d1da5b16e879,ebd18951-fad3-4ad0-ae2f-6010e1814de8,JAF-005
af785127-8771-47c4-8a05-561e96a31f4e,ebd18951-fad3-4ad0-ae2f-6010e1814de8,JAF-002
10827a84-559f-4e70-8571-5e9b6e4f9b39,1211e110-1a92-4c1f-9bd1-a8a4527f77eb,BEV-004
b50afc7a-3afe-4c40-a9d1-29c37882a1ce,c69e01af-cf4b-426e-8a88-45dc755b9c36,BEV-005
816a715b-479a-4f21-9fc6-c6aa73dea0e3,272cbabe-fbd4-4a9c-bbdd-970569cb6b58,BEV-002
b74d0894-9f0a-4723-af45-fdfb2b1431e9,272cbabe-fbd4-4a9c-bbdd-970569cb6b58,BEV-003
7cbe831c-75e1-474f-9726-ca7c714bf6bd,272cbabe-fbd4-4a9c-bbdd-970569cb6b58,JAF-003
e7cabf76-55f0-4ab2-83e8-70a3b190873b,04c81f64-4056-4ef0-94d1-362b9edd4f5f,BEV-004
6304c7ed-784e-438a-b72e-2bd86345eb85,4db61e62-59bd-4646-814a-1696b22bb288,BEV-001
f7f4e10f-b646-4a7f-abbc-4a48d7183394,4e95f39f-2a1d-4a4b-add4-616c5927e66b,BEV-002
2113ef12-5603-4c6e-a424-99c8c9e30e0e,addca330-b73f-45de-9914-5522d919ea09,BEV-005
f14b2a56-6d3e-462f-9bd7-0e2d14787dc1,3ca2e294-10f3-4d89-9ac2-9abc98ef6f1c,BEV-003
9e3b2359-8008-4254-ba0a-076d02d5c7db,d655d186-275f-4411-9a23-2f6d68f97578,BEV-001
428bdcd8-67ef-4642-9d45-f4119fb66989,f6d1a004-6d02-4846-974c-aa48891cf1e1,BEV-001
79740e0f-7646-4421-8b65-33b17b8affa4,505da4ed-218d-47ce-bb62-caadac5da974,BEV-003
1f781607-bf2d-4f37-a59c-526ca94d2dc5,1b41551c-b925-4cf5-820f-b014a23015a0,BEV-003
c2f02929-7137-4488-b24a-819d2ef8650b,1b41551c-b925-4cf5-820f-b014a23015a0,BEV-001
1f9ab633-4a62-4007-a6ab-968cbb82d500,2cf79940-d9ca-4d16-a1f2-d0d36ac929b1,BEV-003
