id,customer,ordered_at,store_id,subtotal,tax_paid,order_total
c2e1fcb7-8514-453c-ab95-66ae3458095d,ce5679e9-296a-4566-ba46-98a3e0a94136,2025-08-18T12:43:00,40e6ddd6-b8f6-4e17-8bd6-5e53966809d2,500,20,520
381f2492-9df3-4af4-9127-ea556d7534cb,0488eb84-da07-441d-ba11-055850946457,2025-08-18T12:45:00,40e6ddd6-b8f6-4e17-8bd6-5e53966809d2,500,20,520
aa18dc79-1efc-44ff-a4f1-239e3f7d6b25,4041ba09-7a39-4b37-9e0e-f39a765d9c82,2025-08-18T12:48:00,40e6ddd6-b8f6-4e17-8bd6-5e53966809d2,1800,72,1872
e8142fd9-4c43-45a7-a943-ead564c2974e,16e8d4f8-2451-446f-a254-3bc68e40621b,2025-08-18T12:52:00,4b6c2304-2b9e-41e4-942a-cf11a1819378,700,42,742
8ed4095f-3aaa-46b1-a4c6-1eafd507b962,191feb1d-2def-4cbf-a8f8-ee3eb3856ea2,2025-08-18T12:55:00,4b6c2304-2b9e-41e4-942a-cf11a1819378,600,36,636
3a8a1f88-63cb-4a0c-bf6f-e0a50974db46,63b14504-d172-4e5e-b0fa-abd9cb43352e,2025-08-18T12:56:00,40e6ddd6-b8f6-4e17-8bd6-5e53966809d2,3100,124,3224
962c2b1a-e41c-4e70-8ffb-be55da866f78,6a0e8a99-d39a-4600-9876-1344b693450f,2025-08-18T12:57:00,4b6c2304-2b9e-41e4-942a-cf11a1819378,600,36,636
9d8d744d-10cd-42c5-8385-4b2a089fd898,3f78077b-93c7-4c4e-8976-f16cb11cfcfc,2025-08-18T12:58:00,4b6c2304-2b9e-41e4-942a-cf11a1819378,600,36,636
109a1b5a-7226-43b3-a769-391c118e2a9c,7d4b9dcb-d4ff-42fa-9c58-5657c61f4954,2025-08-18T12:59:00,40e6ddd6-b8f6-4e17-8bd6-5e53966809d2,600,24,624
7af2b386-f72a-44ab-96e8-f9ec8dd78062,d51ebab3-97b1-482d-9ccd-7368f01000f7,2025-08-18T13:00:00,4b6c2304-2b9e-41e4-942a-cf11a1819378,1900,113,2013
01e5acb6-1fa5-44ac-9dc7-d9c919355770,7e7c62c1-b8a8-4e9a-ab94-81a82d76e3e5,2025-08-18T13:02:00,4b6c2304-2b9e-41e4-942a-cf11a1819378,400,24,424
2ff6a749-b0b6-428e-bbd1-091773ad9997,05fae288-07c2-4e99-a945-fa3fbfa123ed,2025-08-18T13:04:00,4b6c2304-2b9e-41e4-942a-cf11a1819378,600,36,636
99f4fa46-b7f2-4d64-b3d2-647e90cc88d6,1435b563-f156-4cd8-9f3d-6224260e26a4,2025-08-18T13:06:00,4b6c2304-2b9e-41e4-942a-cf11a1819378,1700,102,1802
0598a438-2b26-48ce-a730-a0c7dcdd6725,49c4bc11-2495-438d-9b87-3c395574433f,2025-08-18T13:06:00,40e6ddd6-b8f6-4e17-8bd6-5e53966809d2,2600,104,2704
d63a7abb-6eca-4b5f-9701-111be3f13dad,7e52ce3f-191d-4d27-a0a8-76706fd6173c,2025-08-18T13:09:00,4b6c2304-2b9e-41e4-942a-cf11a1819378,500,30,530
db7f2ba9-cdb4-4f1a-9ae2-a0a107ee3621,40353a67-5df0-44ca-9c10-b42fab44c6f3,2025-08-18T13:10:00,4b6c2304-2b9e-41e4-942a-cf11a1819378,600,36,636
bb50c2f4-9949-4076-a3f4-4f72371bafb8,cc9cb0b1-f5d5-4fbb-ae89-025a80fb57c1,2025-08-18T13:14:00,40e6ddd6-b8f6-4e17-8bd6-5e53966809d2,1800,72,1872
81686bb9-b708-4b3a-979a-87869abc6c7d,f044be50-29c1-40c4-a16c-a1dd1f95d6f3,2025-08-18T13:17:00,4b6c2304-2b9e-41e4-942a-cf11a1819378,700,42,742
94478f8f-23bd-4068-9d92-211e0cd4a631,ab833d6f-87cf-4229-a1f8-707b52a55e5e,2025-08-18T13:19:00,4b6c2304-2b9e-41e4-942a-cf11a1819378,2000,120,2120
b3d07fdd-a12d-4b0d-ada1-f666f980d22d,efc6a229-f984-41c8-b741-83d9a46c5fd1,2025-08-18T13:21:00,4b6c2304-2b9e-41e4-942a-cf11a1819378,700,42,742
a0f8afa5-4e0d-494e-9244-0e7c67071ec6,19d5ac88-a8cd-46b8-9f3d-d5ef3a0adfe2,2025-08-18T13:24:00,40e6ddd6-b8f6-4e17-8bd6-5e53966809d2,600,24,624
2fb7ee12-18cc-4230-9ca2-735644935e1d,8cef9627-37e9-4bad-a5d7-69f87f291c90,2025-08-18T13:30:00,4b6c2304-2b9e-41e4-942a-cf11a1819378,400,24,424
84b9db1c-cf3d-474d-8922-556a989e574c,b08f3b44-9c9f-407f-a89d-961068f5f58c,2025-08-18T13:31:00,40e6ddd6-b8f6-4e17-8bd6-5e53966809d2,600,24,624
31d0ba0f-bd2c-43c2-a169-3afbd7f6d2c1,7528c8de-b892-4894-8892-94a29730aa9c,2025-08-18T13:32:00,4b6c2304-2b9e-41e4-942a-cf11a1819378,400,24,424
8b638643-1bb8-4dba-b898-4a4f6514eaed,1233e680-06d7-4b38-8c6e-796ef158556a,2025-08-18T13:36:00,4b6c2304-2b9e-41e4-942a-cf11a1819378,600,36,636
fbeb2da3-6bec-4ea3-b69e-526cf10813f7,0e7b96a0-3300-42a0-b46a-0376d91610eb,2025-08-18T13:38:00,4b6c2304-2b9e-41e4-942a-cf11a1819378,700,42,742
0108ea71-f73c-44c9-9623-9554d9d788e2,32927010-1d7d-4cd9-a500-593804ff0e77,2025-08-18T13:40:00,40e6ddd6-b8f6-4e17-8bd6-5e53966809d2,600,24,624
b29649cd-ade3-4ab4-8de4-68f07e8d9cc7,c710ee81-7487-44d1-b65f-69a898acaf69,2025-08-18T13:43:00,40e6ddd6-b8f6-4e17-8bd6-5e53966809d2,600,24,624
08d8a269-b914-4fe8-996f-d3790bb73014,6da78127-2929-4106-a298-2b58afca0a92,2025-08-18T13:49:00,40e6ddd6-b8f6-4e17-8bd6-5e53966809d2,700,28,728
f105a9cc-6e30-4abd-a3f2-86cbcd7e1ce8,270b35bf-74ca-4601-91d8-16fe5196ca5a,2025-08-18T13:57:00,40e6ddd6-b8f6-4e17-8bd6-5e53966809d2,2300,92,2392
7c31497c-accb-4730-bc00-3817ac640d76,e5873f83-602d-4424-9c5e-184c56c9d4ba,2025-08-18T13:58:00,40e6ddd6-b8f6-4e17-8bd6-5e53966809d2,700,28,728
c686aafe-f9af-450b-ab27-2e2b0d74e664,f9f4d7f7-6884-4f0c-88d9-0d3432a666ca,2025-08-18T14:03:00,40e6ddd6-b8f6-4e17-8bd6-5e53966809d2,1800,72,1872
acc213f0-6c0c-4877-9600-038a445d5ca7,e50d93de-3e78-4f09-8406-df4f27f26c8f,2025-08-18T14:06:00,4b6c2304-2b9e-41e4-942a-cf11a1819378,600,36,636
4ddb5b85-5087-46e7-ab75-d709c0684fa9,8f06b288-f9eb-454f-adef-47f12b7572d7,2025-08-18T14:08:00,40e6ddd6-b8f6-4e17-8bd6-5e53966809d2,1100,44,1144
5b362096-206b-4c09-8892-e717a70979bf,a768163c-0781-430b-8703-ce1ce473c762,2025-08-18T14:12:00,40e6ddd6-b8f6-4e17-8bd6-5e53966809d2,700,28,728
d4143ca6-9b66-40d3-b33f-acb4214a7b43,c712217e-16e5-4f51-a9f4-055b5176e747,2025-08-18T14:13:00,40e6ddd6-b8f6-4e17-8bd6-5e53966809d2,1700,68,1768
ba9b1866-2707-49d3-bfe9-7dcedbef8e6b,102e02b0-7f44-4058-881f-7896edc964b2,2025-08-18T14:15:00,4b6c2304-2b9e-41e4-942a-cf11a1819378,700,42,742
ee6e7472-a635-4640-a805-2c67eb5bd2fb,ffd40778-a37e-453c-81d1-9a769cac4692,2025-08-18T14:15:00,4b6c2304-2b9e-41e4-942a-cf11a1819378,600,36,636
dd0ad75b-36be-4a58-8e12-7ff3a42638dc,58491188-36e5-4fb3-ab3b-514e78a270a6,2025-08-18T14:21:00,4b6c2304-2b9e-41e4-942a-cf11a1819378,1800,108,1908
1b691139-77e3-4045-b9dd-e3c1b6800a55,3eaef1e6-c145-417b-875b-96a83a8a8dc8,2025-08-18T14:21:00,40e6ddd6-b8f6-4e17-8bd6-5e53966809d2,600,24,624
fa7729db-40b3-4c98-902d-5b847c2d26b6,69731d27-9caa-46cf-8933-d01e29b20043,2025-08-18T14:28:00,4b6c2304-2b9e-41e4-942a-cf11a1819378,600,36,636
4da96ffd-1055-4ed5-a2b2-d678b519758e,69f9f173-1ee1-4ba2-a1be-005dc5f305fd,2025-08-18T14:29:00,40e6ddd6-b8f6-4e17-8bd6-5e53966809d2,2300,92,2392
04d60d0a-7d40-4050-b423-4541f1c39c5b,ce5ac3ba-cbec-4482-816e-1ee6def437e2,2025-08-18T14:34:00,40e6ddd6-b8f6-4e17-8bd6-5e53966809d2,700,28,728
3e8cce23-8ce6-4e9d-95ee-1931ddc96216,4d97e8a1-7720-4190-b326-dccfa2ec4426,2025-08-18T14:51:00,40e6ddd6-b8f6-4e17-8bd6-5e53966809d2,600,24,624
2f34b34f-4e48-4419-ac91-1813c36a9638,1c8233dc-8ccb-4d27-84e7-e00d33ff6674,2025-08-18T14:51:00,40e6ddd6-b8f6-4e17-8bd6-5e53966809d2,600,24,624
8a4872cb-3842-47cc-9c47-dbc88aed3546,a98f640e-492a-445a-8a0d-7d444e98f1a9,2025-08-18T15:00:00,4b6c2304-2b9e-41e4-942a-cf11a1819378,1600,96,1696
50919a3c-7799-4bc7-8d2f-18eacb68ecd9,6939d1d2-fba3-4888-8c53-6898bb73c26f,2025-08-18T15:02:00,40e6ddd6-b8f6-4e17-8bd6-5e53966809d2,500,20,520
07616c01-140e-4dbe-94d1-8c76eade3554,3207b0f3-9af4-4ba4-acb1-6ba8ea25f52e,2025-08-18T15:04:00,40e6ddd6-b8f6-4e17-8bd6-5e53966809d2,1100,44,1144
bd12dac1-73fa-4802-b1e4-e7d9d0e2fa28,254a6b6d-5dcb-4d20-88ce-e2e448935a93,2025-08-18T15:07:00,4b6c2304-2b9e-41e4-942a-cf11a1819378,1400,84,1484
db6e8a45-1173-4db1-bab9-d31151996dcb,ef097aa6-f4d9-4c16-bc17-a7cc87116f35,2025-08-18T15:10:00,40e6ddd6-b8f6-4e17-8bd6-5e53966809d2,500,20,520
1031730c-9f9b-4471-8e0d-b5697b1b1606,d10408ec-2013-471e-b6a9-e3bcf0e25322,2025-08-18T15:15:00,40e6ddd6-b8f6-4e17-8bd6-5e53966809d2,1000,40,1040
86fdbbcd-2a33-413b-8b11-fac0a0ee9dc7,529867fe-75f6-4cd9-b913-543b3d6e583c,2025-08-18T15:15:00,40e6ddd6-b8f6-4e17-8bd6-5e53966809d2,1100,44,1144
9a90d674-2d9e-4bc4-b984-fd2b17363b0b,7863e37d-24c8-4e18-8730-ea7e2a65606d,2025-08-18T15:20:00,40e6ddd6-b8f6-4e17-8bd6-5e53966809d2,400,16,416
c0fcc49f-0f28-46fa-adcd-d672c5d9e426,6a9699dc-eba5-4045-9b96-91504f0cfe77,2025-08-18T15:21:00,40e6ddd6-b8f6-4e17-8bd6-5e53966809d2,400,16,416
ac2b036a-93a7-423d-8b68-deba67627646,b6552330-9932-4624-8855-b5b7aa13d3f4,2025-08-18T15:22:00,4b6c2304-2b9e-41e4-942a-cf11a1819378,600,36,636
6c7c920a-eb6a-4df1-a752-ed1d93617e31,284f711a-5e5a-4929-bb5d-5ddba9a4a773,2025-08-18T15:23:00,40e6ddd6-b8f6-4e17-8bd6-5e53966809d2,500,20,520
247389a2-b4d4-4c07-94bb-f2a5c742271a,5ed25035-4723-4154-823d-a8c8b4c02e51,2025-08-18T15:27:00,4b6c2304-2b9e-41e4-942a-cf11a1819378,600,36,636
709fb803-861d-48e4-ab8d-f4cd9d45452c,fa6de1f2-ff8e-43ea-8da3-98d975b096da,2025-08-18T15:34:00,40e6ddd6-b8f6-4e17-8bd6-5e53966809d2,2300,92,2392
62e7096a-bac8-4b9d-a812-dcb2985a015e,701ab460-123c-42eb-bae0-fbe7a111ebd7,2025-08-18T15:35:00,40e6ddd6-b8f6-4e17-8bd6-5e53966809d2,500,20,520
3e21d278-9705-4448-8ac3-8a7060a04336,0206c59d-8464-4845-9680-9463df25efd9,2025-08-18T15:36:00,4b6c2304-2b9e-41e4-942a-cf11a1819378,0,0,0
01ca1068-4ee4-49c4-94dc-5dc7633db85d,fd788ea1-7f9f-477b-b5fa-9a64962eb7f0,2025-08-18T15:42:00,4b6c2304-2b9e-41e4-942a-cf11a1819378,1300,78,1378
34abbb51-44d0-48cc-964e-6dee9e8c7898,5f2b73d5-f495-401c-82ee-47cf4886bfa2,2025-08-18T15:43:00,40e6ddd6-b8f6-4e17-8bd6-5e53966809d2,2800,112,2912
6ed6e1d1-6380-48e5-b900-bc86f37025ce,6a49a618-20de-4b7a-af94-1b4afeb9a85e,2025-08-18T15:48:00,4b6c2304-2b9e-41e4-942a-cf11a1819378,2200,131,2331
b5080ab6-0ea3-4dfd-af87-a17dd518c1c8,670a79a3-05fc-4a33-8b9d-1b6df80347f4,2025-08-18T16:02:00,4b6c2304-2b9e-41e4-942a-cf11a1819378,2900,174,3074
f40dfbf6-3355-488e-948b-0646874e57b8,8aff4c2d-48b5-4b85-bf21-20ad95d18b6c,2025-08-18T16:04:00,4b6c2304-2b9e-41e4-942a-cf11a1819378,600,36,636
4bd89299-2774-4ac8-8c41-1dc187f570a0,117c9a65-4a4c-494f-8a54-64305d57c551,2025-08-18T16:12:00,4b6c2304-2b9e-41e4-942a-cf11a1819378,2600,156,2756
b26731a4-e3e5-4679-85e9-75a346784886,66dda3b2-66cf-4b2b-90b2-91abe28f6aa4,2025-08-18T16:14:00,4b6c2304-2b9e-41e4-942a-cf11a1819378,600,36,636
160edad0-f402-4992-88d9-dfff80cf4d15,f78c30cb-fcda-4209-9aea-0ae7ce4f7b81,2025-08-18T16:17:00,4b6c2304-2b9e-41e4-942a-cf11a1819378,2400,144,2544
8c57b29d-e979-4d04-8e8e-f699c6500b9e,da9de603-2c96-4356-820d-7c1e9ac4dde7,2025-08-18T16:17:00,40e6ddd6-b8f6-4e17-8bd6-5e53966809d2,600,24,624
55d1b9b8-eb9d-4684-8dcd-82f7cabdf234,8f34cf8e-4ab5-436b-b34d-d43e654c8d6b,2025-08-18T16:18:00,40e6ddd6-b8f6-4e17-8bd6-5e53966809d2,500,20,520
975cde8f-7a83-4273-b02e-44b5bc125b75,33f27548-d085-481a-aa4f-a851fbebe0cd,2025-08-18T16:19:00,40e6ddd6-b8f6-4e17-8bd6-5e53966809d2,600,24,624
b96d809f-39ee-460c-a7c9-8ba10a31546d,15aeedcc-eed4-453e-850c-7f876e54c4ab,2025-08-18T16:21:00,4b6c2304-2b9e-41e4-942a-cf11a1819378,1600,96,1696
abb74e41-0fd6-453c-ba0f-c5134aa6f50e,6a7675ef-2c9d-4e2d-80c0-b5f38fffb6ea,2025-08-18T16:28:00,40e6ddd6-b8f6-4e17-8bd6-5e53966809d2,1700,68,1768
b7970f2e-8054-4a75-bf53-3558e7b99045,07365e1d-9d4c-4185-859e-d5757178280c,2025-08-18T16:42:00,40e6ddd6-b8f6-4e17-8bd6-5e53966809d2,600,24,624
4c6e2fdd-440a-4a69-a049-53f4aac02ed5,1a1397df-b2b4-4791-93d9-87ac9062f545,2025-08-18T16:44:00,40e6ddd6-b8f6-4e17-8bd6-5e53966809d2,600,24,624
1d95fc36-826b-4963-a618-116047813c46,0bc37503-ab88-4833-9b4e-1355bdd20deb,2025-08-18T16:48:00,40e6ddd6-b8f6-4e17-8bd6-5e53966809d2,1700,68,1768
46f5d794-5d89-4114-bfc7-575c2128be68,1826e2e6-ccef-4719-8707-4c18ec953356,2025-08-18T16:54:00,4b6c2304-2b9e-41e4-942a-cf11a1819378,1200,72,1272
f95f7db0-4e51-4c08-bb58-e7324820a25e,795d2b23-6186-4d66-beb4-690083c579a2,2025-08-18T17:07:00,4b6c2304-2b9e-41e4-942a-cf11a1819378,1700,102,1802
e6bf4cbd-de15-4b03-a7cb-0b3a5f3c65df,c5ee9489-e7ea-4da3-9a86-b34c76f6d340,2025-08-18T17:13:00,40e6ddd6-b8f6-4e17-8bd6-5e53966809d2,600,24,624
71ece131-41fc-4854-adee-514e07771e29,1380e029-b899-4413-a8da-0741720a6a06,2025-08-18T17:14:00,4b6c2304-2b9e-41e4-942a-cf11a1819378,2100,126,2226
7f570248-d167-4349-80f9-906b7c9db542,967d3e2d-8b15-4f43-a6b5-d1dd3934707d,2025-08-18T17:16:00,4b6c2304-2b9e-41e4-942a-cf11a1819378,1500,89,1589
c93bfe2b-cd40-43b9-b86e-2234b9d8cb7d,19a91b0b-51dc-434f-978a-177588409f99,2025-08-18T17:35:00,4b6c2304-2b9e-41e4-942a-cf11a1819378,600,36,636
47796f3a-caf4-48e5-baa0-4e0dee19e585,3b47f466-5256-41a1-951c-efee13597676,2025-08-18T17:42:00,4b6c2304-2b9e-41e4-942a-cf11a1819378,1200,72,1272
75d6f110-9d71-4f1b-aba6-9dc715547479,22a4c19e-c3ff-455d-8a3b-d4a9bd6b8334,2025-08-18T17:49:00,4b6c2304-2b9e-41e4-942a-cf11a1819378,600,36,636
0522d282-62c2-411c-aab8-b6833ecc9d74,254292b3-d9f3-4b20-be39-1db058d17bb9,2025-08-18T18:13:00,4b6c2304-2b9e-41e4-942a-cf11a1819378,400,24,424
85995393-3dda-4a32-90bb-ead68ffce59f,5da6ee93-0365-4464-849c-cba666614c05,2025-08-18T18:49:00,4b6c2304-2b9e-41e4-942a-cf11a1819378,500,30,530
5dac0070-e9ff-47b8-890f-32c1a1bdee62,0ea8c796-5c53-421e-9442-830bc190960b,2025-08-18T19:08:00,40e6ddd6-b8f6-4e17-8bd6-5e53966809d2,500,20,520
f4054072-d4a6-4a77-a647-0548931453b9,0815e683-4b1e-4ea3-b9e8-9d06bbfaedb5,2025-08-18T19:22:00,40e6ddd6-b8f6-4e17-8bd6-5e53966809d2,1100,44,1144
af4c848c-50a4-43d8-a5c1-9fb8d84c80ab,285bfea1-4dec-4f9d-a9f6-3b3cb20fdde9,2025-08-19T08:32:00,4b6c2304-2b9e-41e4-942a-cf11a1819378,700,42,742
21af46f1-6946-45c2-8055-9d947c435372,02c02023-75d2-4ad2-89f6-ed2c2e7ae6f5,2025-08-19T08:45:00,40e6ddd6-b8f6-4e17-8bd6-5e53966809d2,2500,100,2600
78092535-2c6e-4d42-85f2-f2a3c00657a3,67f25b4e-183c-4a43-9227-09966e445b42,2025-08-19T08:47:00,40e6ddd6-b8f6-4e17-8bd6-5e53966809d2,400,16,416
63b69c74-22e0-4d6b-b977-edbe3a59f93e,ed5f2f3e-8bef-4da7-b30c-90c3fa5f40ea,2025-08-19T09:01:00,40e6ddd6-b8f6-4e17-8bd6-5e53966809d2,700,28,728
7faa5f57-8bd0-43ea-a32c-26b6cc9cb103,8e5821f5-d035-421b-a56a-6ed02c100432,2025-08-19T09:08:00,4b6c2304-2b9e-41e4-942a-cf11a1819378,600,36,636
9d48b4a3-e89a-466b-8bf9-fd6d5f7c10b0,a5066e8e-de65-4798-9ed5-f6cae5f86031,2025-08-19T09:34:00,40e6ddd6-b8f6-4e17-8bd6-5e53966809d2,400,16,416
9040a456-d74f-4d01-9294-5aa6f38ced0f,36708614-1e24-453b-8593-b03eb1a7c5b8,2025-08-19T09:45:00,40e6ddd6-b8f6-4e17-8bd6-5e53966809d2,700,28,728
5efbb08c-df3a-49f7-95f9-e6c9ba3d45da,41ca48ad-5cc0-4e25-83df-63d166b91a12,2025-08-19T09:46:00,40e6ddd6-b8f6-4e17-8bd6-5e53966809d2,3700,148,3848
2e661e61-cc42-4dc0-8320-cfd48c76a072,9e22e2d2-ef3f-4b75-8aa0-f3ae453183e1,2025-08-19T09:49:00,4b6c2304-2b9e-41e4-942a-cf11a1819378,3800,227,4027
6c7036c0-436e-4e7b-b962-3b6b7b7146c7,547f74d3-e5b0-4e69-a707-74acc44f122c,2025-08-19T09:59:00,40e6ddd6-b8f6-4e17-8bd6-5e53966809d2,5600,224,5824
928c2344-b5f5-4038-9890-10c80d0e5022,ae6e644d-c310-4f23-84dc-5063fc2e2953,2025-08-19T10:03:00,4b6c2304-2b9e-41e4-942a-cf11a1819378,600,36,636
1cc8b021-8162-4d30-b992-dfb8c5112091,189edb91-3f25-4f32-bfb4-64bd4052cb1c,2025-08-19T10:13:00,4b6c2304-2b9e-41e4-942a-cf11a1819378,1000,60,1060
d61ccf5b-a432-4a82-95db-7d5a9fb3b8e8,0abcb3b4-7e1c-4638-a21c-af1df3702f27,2025-08-19T10:20:00,4b6c2304-2b9e-41e4-942a-cf11a1819378,600,36,636
afb11558-fbb4-4c03-ba56-19a95fc65d1c,9094466a-3714-44da-802d-85c2317b80e5,2025-08-19T10:23:00,4b6c2304-2b9e-41e4-942a-cf11a1819378,5700,342,6042
60443289-5881-4029-8d80-5ecac7d4cc6e,b4eb2e6a-e0ab-46b4-8a7a-cb2e92d8e009,2025-08-19T10:25:00,4b6c2304-2b9e-41e4-942a-cf11a1819378,3500,210,3710
43b4b412-a536-4358-a989-c3dd66bf2f55,191feb1d-2def-4cbf-a8f8-ee3eb3856ea2,2025-08-19T10:27:00,4b6c2304-2b9e-41e4-942a-cf11a1819378,600,36,636
0c5399d7-dc1c-4fbc-8f18-299365d2f131,3b0faafa-80d0-490d-bdd0-fe1f13d22058,2025-08-19T10:28:00,40e6ddd6-b8f6-4e17-8bd6-5e53966809d2,1700,68,1768
f7d2e0db-3b95-4ceb-b8d8-b48ed1627f2a,9400a9f1-7dfe-440e-9992-ce7a2dd5b296,2025-08-19T10:28:00,40e6ddd6-b8f6-4e17-8bd6-5e53966809d2,3200,128,3328
5c5e9063-984d-4890-acbb-df47005835fe,62e44a82-c99b-4d04-9abb-f6a2eb97c7ec,2025-08-19T10:28:00,40e6ddd6-b8f6-4e17-8bd6-5e53966809d2,600,24,624
c61b5bcb-b2f8-4137-8275-ab62184d7a04,18e7baeb-a66e-4a7d-882d-355810698bc3,2025-08-19T10:36:00,40e6ddd6-b8f6-4e17-8bd6-5e53966809d2,1800,72,1872
dc6b53b9-5b18-47f8-a4fc-29daa647c6dd,0e7b96a0-3300-42a0-b46a-0376d91610eb,2025-08-19T10:38:00,4b6c2304-2b9e-41e4-942a-cf11a1819378,700,42,742
dc933a1a-a07c-42f0-a16a-81b64ca88019,24ea0325-a7d6-4388-b86c-7b51e5805b26,2025-08-19T10:39:00,4b6c2304-2b9e-41e4-942a-cf11a1819378,2300,138,2438
d2db887b-cca4-410f-9a35-ea978162015c,01a03f19-633a-4474-990e-57e75b98e60b,2025-08-19T10:40:00,40e6ddd6-b8f6-4e17-8bd6-5e53966809d2,7000,280,7280
bf197c4c-b859-482f-81de-53d73b2c6843,167ce993-af12-4071-a5cb-fb3f09045741,2025-08-19T10:43:00,4b6c2304-2b9e-41e4-942a-cf11a1819378,600,36,636
39d98d47-4297-460e-b9f9-8b8c5b0dfd73,b27a07f1-ddf4-4134-9f7d-1b1ac869b110,2025-08-19T10:47:00,4b6c2304-2b9e-41e4-942a-cf11a1819378,600,36,636
32347e0d-5b78-4930-b14a-d2d57535b3bb,5bc5dd9e-3670-4c84-be25-41eace68a711,2025-08-19T10:47:00,4b6c2304-2b9e-41e4-942a-cf11a1819378,1600,96,1696
109a296b-b71e-42c3-8792-1e1644730929,3e5dc535-3e67-47d0-8eed-547c7f51e8c9,2025-08-19T10:54:00,40e6ddd6-b8f6-4e17-8bd6-5e53966809d2,4300,172,4472
61d336f1-8e9a-4a6f-b6c1-622dc48562f3,e9f40ffc-bea9-4cc6-abca-7fe897f37903,2025-08-19T10:59:00,40e6ddd6-b8f6-4e17-8bd6-5e53966809d2,2300,92,2392
2977cf41-0d3a-48f9-a922-2cdfcab6f01a,77b903b9-c97e-44ae-8274-9dea7b101277,2025-08-19T11:09:00,4b6c2304-2b9e-41e4-942a-cf11a1819378,4900,294,5194
e5a4aa3b-8b8a-414a-a0d9-57d9721b3481,0327ed4c-b4a3-4746-9221-3bb172a05c50,2025-08-19T11:13:00,4b6c2304-2b9e-41e4-942a-cf11a1819378,500,30,530
1f50f007-c9f1-4fca-adae-925e4cfec8a5,4b14013f-d7e7-44b8-a287-329bf6e298c3,2025-08-19T11:17:00,40e6ddd6-b8f6-4e17-8bd6-5e53966809d2,600,24,624
fd5f15d1-f731-4612-a712-973ffbc251c3,bbfdba43-2871-4e95-84d9-e2ff45960e7d,2025-08-19T11:18:00,4b6c2304-2b9e-41e4-942a-cf11a1819378,400,24,424
51c7b591-f499-4ca7-94b4-b0b59dd6c122,53dda453-796e-4167-b482-7449bd52694f,2025-08-19T11:18:00,4b6c2304-2b9e-41e4-942a-cf11a1819378,8800,527,9327
ce808239-7651-491d-843c-fa5b704f66bb,899ea741-e615-4f9e-ad30-286f6f306f00,2025-08-19T11:22:00,4b6c2304-2b9e-41e4-942a-cf11a1819378,500,30,530
b8a4b7cb-a742-4069-a071-90410a11f3bc,d0299f60-146d-4716-bc55-eb830a04779e,2025-08-19T11:25:00,4b6c2304-2b9e-41e4-942a-cf11a1819378,1700,102,1802
7ed1e401-dd34-4bb5-b31e-fe99f7dd3457,30380af9-7c90-4e56-9717-61064c5ca79c,2025-08-19T11:29:00,40e6ddd6-b8f6-4e17-8bd6-5e53966809d2,600,24,624
b6148ba6-e097-4970-bf06-92e0c5abbcc0,9c98b2d4-f4f3-440f-b28d-0e1ca7a152a5,2025-08-19T11:33:00,4b6c2304-2b9e-41e4-942a-cf11a1819378,3700,221,3921
1b2975f6-9354-434e-afe4-0676442f62b3,35bb651c-499f-433f-b5af-b793b285e727,2025-08-19T11:35:00,4b6c2304-2b9e-41e4-942a-cf11a1819378,1400,84,1484
be2b5cb5-8d44-494c-ba34-b38ce4fa4103,47ac22ab-9718-46c4-ac3b-e6473f31a413,2025-08-19T11:37:00,4b6c2304-2b9e-41e4-942a-cf11a1819378,2000,120,2120
dfd74f78-9188-470d-8fdd-03f61af12155,cf2dbf35-0461-492d-81bd-a783c553409a,2025-08-19T11:39:00,40e6ddd6-b8f6-4e17-8bd6-5e53966809d2,3800,152,3952
c078ba2c-ff90-40db-9cbf-370779f0dc46,b43ea9dd-823e-4930-9110-31ea0eaa05f3,2025-08-19T11:43:00,40e6ddd6-b8f6-4e17-8bd6-5e53966809d2,1100,44,1144
dd2f1ff9-a150-4dad-b9df-104d310e445a,284f711a-5e5a-4929-bb5d-5ddba9a4a773,2025-08-19T11:47:00,40e6ddd6-b8f6-4e17-8bd6-5e53966809d2,400,16,416
9f16f881-f808-4580-9b1d-5c1055224a2f,8252af4b-fdbe-4139-b9a2-de4ceb670886,2025-08-19T11:49:00,40e6ddd6-b8f6-4e17-8bd6-5e53966809d2,5300,212,5512
089afb31-273f-4bd8-bdfc-e281653e8e98,f7d61334-5d22-49f8-a022-903921239047,2025-08-19T11:49:00,40e6ddd6-b8f6-4e17-8bd6-5e53966809d2,500,20,520
47cfc3c5-36f0-4331-8e18-f1cf01ceb225,89c10b53-36ee-4f1c-8430-7090dbf04a44,2025-08-19T11:51:00,40e6ddd6-b8f6-4e17-8bd6-5e53966809d2,5400,216,5616
c28c7c66-2797-4b4f-a2e6-aa1a3cda58e7,8beae791-1455-41dd-a451-67f75ee83ea7,2025-08-19T11:53:00,4b6c2304-2b9e-41e4-942a-cf11a1819378,3100,186,3286
69424145-07e6-4193-8522-2f70b0274b11,e4bced79-6e2c-4b22-a6d5-199ed87ca7ee,2025-08-19T11:55:00,4b6c2304-2b9e-41e4-942a-cf11a1819378,3000,179,3179
61efaff5-7220-46a6-b936-6aeb2a3d15ba,6a9699dc-eba5-4045-9b96-91504f0cfe77,2025-08-19T11:55:00,40e6ddd6-b8f6-4e17-8bd6-5e53966809d2,600,24,624
96e779c1-c9d2-4321-815a-0f7039dd84db,14dec3ce-7570-4c3f-af8c-e9c0d74cfcd2,2025-08-19T11:57:00,40e6ddd6-b8f6-4e17-8bd6-5e53966809d2,700,28,728
f2bf2a2a-f17c-40a6-8bae-4876a6a5dff9,ab833d6f-87cf-4229-a1f8-707b52a55e5e,2025-08-19T11:58:00,4b6c2304-2b9e-41e4-942a-cf11a1819378,1000,60,1060
829951ef-c1da-4d3a-bd46-3cc78f2f4622,0488eb84-da07-441d-ba11-055850946457,2025-08-19T11:58:00,40e6ddd6-b8f6-4e17-8bd6-5e53966809d2,700,28,728
66d9503c-c7af-424b-a2c3-3868bd07a603,543b48b5-22b5-41e4-8e3c-704fc8f03e8d,2025-08-19T11:59:00,40e6ddd6-b8f6-4e17-8bd6-5e53966809d2,400,16,416
77e59a0f-c387-490c-9039-f777eef52625,adc6b3eb-08c6-47a0-a6ce-19384284547a,2025-08-19T12:00:00,40e6ddd6-b8f6-4e17-8bd6-5e53966809d2,1600,64,1664
b2a4978b-9a27-47ec-8d50-930f20d4b241,b69dd468-7a0d-45e5-951c-ead1fcda2225,2025-08-19T12:06:00,4b6c2304-2b9e-41e4-942a-cf11a1819378,2100,126,2226
89ae23f9-1cff-4af3-9a66-a5fa1965c004,e0df02ff-f788-4191-9881-df0d6c775206,2025-08-19T12:07:00,40e6ddd6-b8f6-4e17-8bd6-5e53966809d2,600,24,624
53a0fd29-ed83-4121-b56e-ab41d52d2da4,e50d93de-3e78-4f09-8406-df4f27f26c8f,2025-08-19T12:08:00,4b6c2304-2b9e-41e4-942a-cf11a1819378,700,42,742
c46dfc98-6a6a-4663-9529-961be574cf91,a3c5ffdb-8383-4846-a0c1-c9bf88ba6832,2025-08-19T12:10:00,40e6ddd6-b8f6-4e17-8bd6-5e53966809d2,3500,140,3640
ee32a159-dfc3-4b9b-99a4-e6a5f2c75844,672a02fc-236c-4c57-9ef9-218b783ce0e3,2025-08-19T12:11:00,40e6ddd6-b8f6-4e17-8bd6-5e53966809d2,3500,140,3640
56d38e46-f5ad-4990-b507-e21d40494208,296a6b8f-b21e-4485-ad7f-18c1262a0764,2025-08-19T12:14:00,40e6ddd6-b8f6-4e17-8bd6-5e53966809d2,400,16,416
4a3955bf-b8b7-4ecc-8c2d-a8ba615d94e5,4d97e8a1-7720-4190-b326-dccfa2ec4426,2025-08-19T12:15:00,40e6ddd6-b8f6-4e17-8bd6-5e53966809d2,700,28,728
e1100b74-9207-48bf-bef2-8539b2fda164,67d2941c-ef55-4f74-9994-431a09ee14db,2025-08-19T12:20:00,40e6ddd6-b8f6-4e17-8bd6-5e53966809d2,5400,216,5616
16ab3142-34c4-479f-b337-109ed455d0ff,5daa5d95-314b-4f5e-8926-8d61c9d4daa1,2025-08-19T12:21:00,4b6c2304-2b9e-41e4-942a-cf11a1819378,400,24,424
4c040bf2-13cc-44da-9185-324039cab5bb,827eed18-8ab1-4e5d-ab00-5d8ac9bb168b,2025-08-19T12:22:00,4b6c2304-2b9e-41e4-942a-cf11a1819378,600,36,636
811727ef-662d-4ab2-806b-47962e410b03,582e9081-9542-4d02-9ed4-d41c93fa8b2c,2025-08-19T12:24:00,40e6ddd6-b8f6-4e17-8bd6-5e53966809d2,600,24,624
1dd3daba-abb4-4bc9-9afa-b4239070b3c3,9d37a85b-84b4-486d-b852-fd896a50fbf6,2025-08-19T12:29:00,4b6c2304-2b9e-41e4-942a-cf11a1819378,5200,312,5512
e2e51e03-c9be-42bd-a2eb-93e2a9476913,631f0e93-e48f-414d-b220-0c466b7fc584,2025-08-19T12:29:00,40e6ddd6-b8f6-4e17-8bd6-5e53966809d2,500,20,520
af73b708-c9bf-40af-80db-61cb0e4281d6,5f22d013-c3f9-44a7-aeba-0975da12ffcc,2025-08-19T12:29:00,40e6ddd6-b8f6-4e17-8bd6-5e53966809d2,600,24,624
986688df-ff98-4d9a-89f9-4b0bdb369066,bacd6bed-844e-4650-8181-7f73dd1352e2,2025-08-19T12:31:00,4b6c2304-2b9e-41e4-942a-cf11a1819378,3700,221,3921
ad4a38a7-aa20-46bb-b249-ca86225584ed,3eaef1e6-c145-417b-875b-96a83a8a8dc8,2025-08-19T12:31:00,40e6ddd6-b8f6-4e17-8bd6-5e53966809d2,400,16,416
e68cd410-f4ea-4bc7-8516-6fa4668ae772,b66095e0-346f-477d-8c25-3b70d4dfab70,2025-08-19T12:32:00,40e6ddd6-b8f6-4e17-8bd6-5e53966809d2,1500,60,1560
cb9b1fc7-40a1-4073-9095-ca8ff51b2b8a,a7cebb21-0f26-4834-8a09-e3269b21a77b,2025-08-19T12:34:00,4b6c2304-2b9e-41e4-942a-cf11a1819378,500,30,530
d59f37ec-e116-4827-b197-80091da3429f,4d6ee3e3-9ec6-4c2e-9552-a75af6d19f14,2025-08-19T12:35:00,4b6c2304-2b9e-41e4-942a-cf11a1819378,8400,504,8904
3881c0fe-c222-4174-a083-37bc9847fc00,c90ea8ef-05ef-4528-bb65-06a8180093d8,2025-08-19T12:36:00,4b6c2304-2b9e-41e4-942a-cf11a1819378,3700,221,3921
1d34c68e-ab69-4e2b-87bc-a6ffaf91aa20,7e7c62c1-b8a8-4e9a-ab94-81a82d76e3e5,2025-08-19T12:37:00,4b6c2304-2b9e-41e4-942a-cf11a1819378,600,36,636
9e1584fd-5ecc-483d-812c-524904be435e,066ca82d-85b8-45e6-b262-bac0bb3c0e21,2025-08-19T12:38:00,40e6ddd6-b8f6-4e17-8bd6-5e53966809d2,700,28,728
ffe85de4-cacf-4e62-8ec5-e746cca3cad9,1bcdbd0d-0e2f-4fdf-a8d5-214d3b49c7e2,2025-08-19T12:39:00,40e6ddd6-b8f6-4e17-8bd6-5e53966809d2,500,20,520
33bf0c98-8c38-40c8-9749-7809834d4a5a,a2388294-855e-4447-a3d5-b3649380d30e,2025-08-19T12:40:00,40e6ddd6-b8f6-4e17-8bd6-5e53966809d2,8600,344,8944
b0d37430-66a1-40a3-a95f-6ef847080f8c,153f6ea8-c8e7-4bfb-8273-72ac137733ea,2025-08-19T12:44:00,40e6ddd6-b8f6-4e17-8bd6-5e53966809d2,7200,288,7488
907383f8-f6ae-4323-9928-0197b19bf5c0,76acc7d2-0fca-4530-89dd-39889b4f3bb3,2025-08-19T12:45:00,4b6c2304-2b9e-41e4-942a-cf11a1819378,1700,102,1802
57580bcb-8d88-4965-a003-773a34465c8c,afdabd06-a2b4-497a-93b8-7bcf582b5d3b,2025-08-19T12:49:00,4b6c2304-2b9e-41e4-942a-cf11a1819378,3900,234,4134
a5e2140a-3ce8-42f0-b0da-4b0df657cd63,ed46daf6-4c46-4af8-a80d-c0cf0b307966,2025-08-19T12:49:00,40e6ddd6-b8f6-4e17-8bd6-5e53966809d2,8700,348,9048
878b3fad-3efd-4667-ad2f-5a7e9bcb3cbb,117583ee-3cd8-4690-89c9-d804aedc86a8,2025-08-19T12:51:00,4b6c2304-2b9e-41e4-942a-cf11a1819378,2500,150,2650
eb82b920-eb92-4d8c-80a3-02d9383823a6,41c59ae8-bcd0-4d00-b8e9-bfaa0ce5913b,2025-08-19T12:53:00,40e6ddd6-b8f6-4e17-8bd6-5e53966809d2,700,28,728
eccd44dd-9211-4c33-bcac-2bbbdad6ce8d,c712217e-16e5-4f51-a9f4-055b5176e747,2025-08-19T12:54:00,40e6ddd6-b8f6-4e17-8bd6-5e53966809d2,1900,76,1976
07976d56-ae41-4950-8d3c-5f97172da152,66975479-1eec-445e-a34d-78b59cc44f64,2025-08-19T12:55:00,40e6ddd6-b8f6-4e17-8bd6-5e53966809d2,5800,231,6031
7d6837f9-a654-4908-b8d1-5ab1b96bfab0,40c889c0-2020-4661-bb9a-564950b1a262,2025-08-19T12:55:00,40e6ddd6-b8f6-4e17-8bd6-5e53966809d2,1100,44,1144
971bb859-bb33-4389-946c-86949fd278c6,83967256-31c2-4fcb-a61d-2378ac6f1ad6,2025-08-19T12:56:00,4b6c2304-2b9e-41e4-942a-cf11a1819378,700,42,742
53b74587-21d2-4bf5-b8c4-9975721a7fcc,3dc87d1c-7942-471e-b947-26b7ec78cedb,2025-08-19T12:56:00,40e6ddd6-b8f6-4e17-8bd6-5e53966809d2,500,20,520
a09925de-0b89-4237-9f06-15e2197e8f6d,2aee3fe5-2eb0-4391-bb79-d4d4ffdd9931,2025-08-19T13:00:00,4b6c2304-2b9e-41e4-942a-cf11a1819378,0,0,0
2df4eae5-5b90-4a0e-91c1-eb33b7654bde,058a019d-da8d-434a-8e8b-621c3b214928,2025-08-19T13:00:00,4b6c2304-2b9e-41e4-942a-cf11a1819378,5000,300,5300
0e96469f-d692-4711-88d8-f86d3a20d6f9,35292459-521c-4d3a-a786-3b68116663fc,2025-08-19T13:07:00,4b6c2304-2b9e-41e4-942a-cf11a1819378,8600,516,9116
67879f2f-f303-47c0-834f-e494290cddcc,b6552330-9932-4624-8855-b5b7aa13d3f4,2025-08-19T13:12:00,4b6c2304-2b9e-41e4-942a-cf11a1819378,500,30,530
e1769aac-d4f4-4585-a581-0f8323c1d804,834105ff-e792-4a6f-be6d-fb89b4d75d4a,2025-08-19T13:12:00,40e6ddd6-b8f6-4e17-8bd6-5e53966809d2,6800,272,7072
76399067-e44f-403a-917d-7ae2c64c46ef,cc9cb0b1-f5d5-4fbb-ae89-025a80fb57c1,2025-08-19T13:14:00,40e6ddd6-b8f6-4e17-8bd6-5e53966809d2,2300,92,2392
5d658a20-af49-4eb6-b37c-56f3251c6410,f8486fce-bc07-4a4f-a6e9-ed6a06ba996c,2025-08-19T13:15:00,4b6c2304-2b9e-41e4-942a-cf11a1819378,700,42,742
35a7c1df-ef7b-4060-9e09-e564e3e6bbd4,51d5c171-5764-4f95-8919-dd46d204df4b,2025-08-19T13:16:00,40e6ddd6-b8f6-4e17-8bd6-5e53966809d2,600,24,624
9396d886-6da6-4c18-81fd-d677cdd6335e,b4624db2-8aba-4c57-a0f7-0f5cb8bf0a04,2025-08-19T13:20:00,40e6ddd6-b8f6-4e17-8bd6-5e53966809d2,0,0,0
e85fc5ab-2c57-4437-938a-07a58a03ac5a,fa5ae382-e7ab-4d94-bdfc-7d689bc335ab,2025-08-19T13:24:00,40e6ddd6-b8f6-4e17-8bd6-5e53966809d2,1200,48,1248
70e76ddd-749d-410a-9b77-04b94af0933c,d33f758e-ba0e-463c-ba18-0cd99108c547,2025-08-19T13:26:00,40e6ddd6-b8f6-4e17-8bd6-5e53966809d2,4100,164,4264
3cf90dce-d620-452d-9f9e-1e5fa7b5c772,3d2423f0-cecf-4060-b105-96b04f2ea442,2025-08-19T13:27:00,4b6c2304-2b9e-41e4-942a-cf11a1819378,700,42,742
97989eb6-4e2c-40eb-ab7f-48248f2f24d6,41653b96-0020-4b26-86da-cb8f9aac99a0,2025-08-19T13:27:00,4b6c2304-2b9e-41e4-942a-cf11a1819378,0,0,0
8bacb7fa-d9f4-4a0f-9df5-668aadf06b38,31d39d83-97c5-4a86-8d98-c9ea5e4d6505,2025-08-19T13:27:00,40e6ddd6-b8f6-4e17-8bd6-5e53966809d2,3700,148,3848
2bbee31f-aba4-4d39-8f25-267076827706,1c4373e3-238c-46b7-83f5-6cf757228aba,2025-08-19T13:30:00,4b6c2304-2b9e-41e4-942a-cf11a1819378,3500,210,3710
7781e3a7-3c85-420a-9ae6-868f45d18143,63b14504-d172-4e5e-b0fa-abd9cb43352e,2025-08-19T13:35:00,40e6ddd6-b8f6-4e17-8bd6-5e53966809d2,2500,100,2600
f1035bf2-2e6d-4de5-aca3-bdf71615257f,96aa3e1c-ce39-4f76-b813-c9b4d59c0cdc,2025-08-19T13:37:00,40e6ddd6-b8f6-4e17-8bd6-5e53966809d2,700,28,728
defc482a-9deb-4be0-b07f-2cadfda10753,19d5ac88-a8cd-46b8-9f3d-d5ef3a0adfe2,2025-08-19T13:37:00,40e6ddd6-b8f6-4e17-8bd6-5e53966809d2,1700,68,1768
24cfa690-5d50-4cff-b1e3-9f2ee5717750,c50959f1-d990-44ff-837f-4062c769ae54,2025-08-19T13:40:00,40e6ddd6-b8f6-4e17-8bd6-5e53966809d2,1700,68,1768
db38197b-b7b0-4c1d-a9c4-f11e6c7d53d0,d6cf7caa-9dd8-48c6-b4ee-5a02f62bb280,2025-08-19T13:43:00,4b6c2304-2b9e-41e4-942a-cf11a1819378,600,36,636
88831c0b-0a29-43d4-be2a-9fb346c5ba67,4da311cb-8e0d-487a-8fdd-4a94529db3e4,2025-08-19T13:44:00,40e6ddd6-b8f6-4e17-8bd6-5e53966809d2,1600,64,1664
ab133235-8f14-4690-80e6-df9beb324893,303bc5db-08d0-4431-b6df-29c80d0321da,2025-08-19T13:45:00,40e6ddd6-b8f6-4e17-8bd6-5e53966809d2,500,20,520
60091f3e-522e-4cac-895f-2437a23ffa3e,0a34659d-f0b2-4bdb-bf92-759aea838e90,2025-08-19T13:49:00,4b6c2304-2b9e-41e4-942a-cf11a1819378,5500,330,5830
5e01b834-fae9-41b5-a458-d9ca8b98ab02,6ffc9798-2bb6-43ca-823b-e9dda0935299,2025-08-19T13:53:00,4b6c2304-2b9e-41e4-942a-cf11a1819378,2900,174,3074
1eaef2a7-3a23-4557-b849-4701cec8b7a7,c0a8be37-975c-4b34-8989-1eb846c63871,2025-08-19T13:54:00,40e6ddd6-b8f6-4e17-8bd6-5e53966809d2,3500,140,3640
ee9f7c8e-6420-46eb-833a-ec6aacb2fc9b,72874237-a564-45ff-95cf-5fb3ab18e7c8,2025-08-19T13:57:00,4b6c2304-2b9e-41e4-942a-cf11a1819378,5700,342,6042
74765c14-ef90-485b-b2eb-0d7c395eeca3,2444fa55-4e76-4e0e-8880-6ccb037e3479,2025-08-19T13:59:00,4b6c2304-2b9e-41e4-942a-cf11a1819378,1600,96,1696
9d2166f9-b03d-485c-8006-251170d34116,72874237-a564-45ff-95cf-5fb3ab18e7c8,2025-08-20T08:00:00,4b6c2304-2b9e-41e4-942a-cf11a1819378,5400,324,5724
b6a41e7f-38e7-4a8c-b4b7-f657cce77ec3,7e7c62c1-b8a8-4e9a-ab94-81a82d76e3e5,2025-08-20T08:00:00,4b6c2304-2b9e-41e4-942a-cf11a1819378,600,36,636
6b8d494a-9e6c-4493-ae89-40f0eab289e9,0f1df561-31c0-417e-909b-4b054c45baaf,2025-08-20T08:00:00,40e6ddd6-b8f6-4e17-8bd6-5e53966809d2,600,24,624
49881beb-ff80-40a6-b9db-50b07bde9a14,49a68f77-776a-4b4b-b668-48e489f414ae,2025-08-20T08:48:00,40e6ddd6-b8f6-4e17-8bd6-5e53966809d2,700,28,728
e6220e57-e71d-4cbc-90c6-361d2296025e,fad2c57b-c35e-4270-8d10-2f067a5ee2b7,2025-08-20T09:04:00,40e6ddd6-b8f6-4e17-8bd6-5e53966809d2,600,24,624
fca44bb0-14ec-4a52-94f2-cd2d72c46a2c,36708614-1e24-453b-8593-b03eb1a7c5b8,2025-08-20T09:06:00,40e6ddd6-b8f6-4e17-8bd6-5e53966809d2,700,28,728
7b78ab10-241f-49a6-bbda-2c3427dd784d,b0cab1cc-6689-4922-a78f-5c6e1c458cd1,2025-08-20T09:13:00,4b6c2304-2b9e-41e4-942a-cf11a1819378,500,30,530
faa38f92-57a5-4a64-aafe-637009a57004,a7cebb21-0f26-4834-8a09-e3269b21a77b,2025-08-20T09:25:00,4b6c2304-2b9e-41e4-942a-cf11a1819378,500,30,530
ef458ed0-b2cd-4662-8ac1-095c38df55d3,4b761c33-8a8a-4dbe-a0d0-fa3261b391ee,2025-08-20T09:32:00,4b6c2304-2b9e-41e4-942a-cf11a1819378,1700,102,1802
61fb9d0a-8dd6-4255-95bc-951f0fd586c8,191feb1d-2def-4cbf-a8f8-ee3eb3856ea2,2025-08-20T09:52:00,4b6c2304-2b9e-41e4-942a-cf11a1819378,600,36,636
dae18587-14ba-4a3f-8c53-9944e1600065,f9c2b37f-2e88-4008-a277-99f35c4760bf,2025-08-20T09:53:00,40e6ddd6-b8f6-4e17-8bd6-5e53966809d2,600,24,624
65a6f113-1bef-47c5-adb3-60cfca1f9d6c,30380af9-7c90-4e56-9717-61064c5ca79c,2025-08-20T10:04:00,40e6ddd6-b8f6-4e17-8bd6-5e53966809d2,600,24,624
3b33d162-42bf-441e-b6fc-77bf91a49021,e2141773-bfb8-4698-a4da-2be4540c14a5,2025-08-20T10:06:00,4b6c2304-2b9e-41e4-942a-cf11a1819378,3500,210,3710
b9bfa6d5-d5d1-455a-a650-08bf36c62cfe,6d883826-0157-47c4-a6cc-cb8134bcc6db,2025-08-20T10:08:00,40e6ddd6-b8f6-4e17-8bd6-5e53966809d2,700,28,728
4315e57b-f2b3-4019-8e67-2636a3aa3673,b06bdac7-cb60-4550-a13d-62da39a1c53e,2025-08-20T10:20:00,40e6ddd6-b8f6-4e17-8bd6-5e53966809d2,1600,64,1664
5ffa281d-3b77-45a3-92ee-04c13cce877a,d6cf7caa-9dd8-48c6-b4ee-5a02f62bb280,2025-08-20T10:23:00,4b6c2304-2b9e-41e4-942a-cf11a1819378,700,42,742
10b23ff2-6295-4a6a-ae16-7dc9543514fc,8c39c27b-eb7a-452f-9581-a78bdf3ed9eb,2025-08-20T10:25:00,40e6ddd6-b8f6-4e17-8bd6-5e53966809d2,1800,72,1872
5d6d903e-33c6-4b19-ad20-12da821b4c1d,53ed5bac-fa7d-4b1d-a73c-6c2b9845c1d1,2025-08-20T10:30:00,40e6ddd6-b8f6-4e17-8bd6-5e53966809d2,7200,288,7488
1b1921d9-282f-4f1b-b644-97d2562b9643,43217606-3354-4bb8-b967-c358331d8375,2025-08-20T10:31:00,4b6c2304-2b9e-41e4-942a-cf11a1819378,2200,131,2331
75f9dfe4-599a-4a6f-a305-da15c96800ec,32927010-1d7d-4cd9-a500-593804ff0e77,2025-08-20T10:35:00,40e6ddd6-b8f6-4e17-8bd6-5e53966809d2,400,16,416
dc8d265f-1528-4889-a8fa-1df243396915,631f0e93-e48f-414d-b220-0c466b7fc584,2025-08-20T10:43:00,40e6ddd6-b8f6-4e17-8bd6-5e53966809d2,600,24,624
42bd214c-b528-4726-a65f-d42da04ce572,26b9f21d-cabb-40f3-b28e-71549d01a6e1,2025-08-20T10:50:00,4b6c2304-2b9e-41e4-942a-cf11a1819378,5200,312,5512
0998c145-5144-4471-9df8-3693e08e3f4b,547f74d3-e5b0-4e69-a707-74acc44f122c,2025-08-20T10:50:00,40e6ddd6-b8f6-4e17-8bd6-5e53966809d2,5300,212,5512
993dd627-eca1-4357-816b-800480e9db8b,e4bced79-6e2c-4b22-a6d5-199ed87ca7ee,2025-08-20T10:52:00,4b6c2304-2b9e-41e4-942a-cf11a1819378,3000,179,3179
3c35f69b-bb93-4b75-974b-29fd3832b23a,01a03f19-633a-4474-990e-57e75b98e60b,2025-08-20T10:52:00,40e6ddd6-b8f6-4e17-8bd6-5e53966809d2,6600,264,6864
253a97a7-7fd0-4b88-a4b5-36ce4712c604,148d63de-77f4-461d-b3ca-5369e9a98e7b,2025-08-20T10:59:00,4b6c2304-2b9e-41e4-942a-cf11a1819378,6800,408,7208
bf630677-3464-4a07-b18a-448373cf4f5a,b51ad0d8-7b4d-4859-8de9-fd9feb62c888,2025-08-20T11:07:00,40e6ddd6-b8f6-4e17-8bd6-5e53966809d2,600,24,624
e56c5d58-d8f1-4899-8db2-24823fa9c0cf,2fac4408-7728-454c-94d8-16b7262380b0,2025-08-20T11:08:00,40e6ddd6-b8f6-4e17-8bd6-5e53966809d2,8600,344,8944
fc1ecef3-664b-4405-be96-cd357ad5dac5,cb969dd8-a609-4b10-b213-d1011a90ef2b,2025-08-20T11:13:00,4b6c2304-2b9e-41e4-942a-cf11a1819378,5400,324,5724
944ca330-eee6-45a2-a15a-8b8a08ed42fa,b01b46fd-8f75-4db5-806d-c5c5980008c4,2025-08-20T11:16:00,40e6ddd6-b8f6-4e17-8bd6-5e53966809d2,700,28,728
e0695f3e-b49c-4b6a-bcd7-a04d334985c9,9400a9f1-7dfe-440e-9992-ce7a2dd5b296,2025-08-20T11:19:00,40e6ddd6-b8f6-4e17-8bd6-5e53966809d2,3900,156,4056
a8fdde8b-ce0c-4973-ad6d-b9a76ae8084f,8f9052f4-d761-416e-8b74-a71f640df0d7,2025-08-20T11:23:00,4b6c2304-2b9e-41e4-942a-cf11a1819378,700,42,742
a4055f84-0eca-472a-8496-f7e32c07789d,7863e37d-24c8-4e18-8730-ea7e2a65606d,2025-08-20T11:28:00,40e6ddd6-b8f6-4e17-8bd6-5e53966809d2,700,28,728
7cedb661-c7eb-4172-9742-8f7f171e483a,6a9699dc-eba5-4045-9b96-91504f0cfe77,2025-08-20T11:29:00,40e6ddd6-b8f6-4e17-8bd6-5e53966809d2,600,24,624
3ae55442-0227-4be8-bccb-e57f287ad157,3b0faafa-80d0-490d-bdd0-fe1f13d22058,2025-08-20T11:30:00,40e6ddd6-b8f6-4e17-8bd6-5e53966809d2,2000,80,2080
66aeafce-5a1b-49c2-b1cc-517662de2243,c0a8be37-975c-4b34-8989-1eb846c63871,2025-08-20T11:32:00,40e6ddd6-b8f6-4e17-8bd6-5e53966809d2,3500,140,3640
a2c07987-cece-4972-a42b-1a360d7eb228,953ad96a-103b-4460-a3b5-14b78403eb5d,2025-08-20T11:37:00,4b6c2304-2b9e-41e4-942a-cf11a1819378,4900,294,5194
ad25a691-6374-4dc0-9449-31c5c1c5898f,9e22e2d2-ef3f-4b75-8aa0-f3ae453183e1,2025-08-20T11:46:00,4b6c2304-2b9e-41e4-942a-cf11a1819378,3300,198,3498
243be783-2589-4b51-94c9-31fefd40e5fc,875e080f-6237-421c-b26b-433b3b0c6584,2025-08-20T11:50:00,4b6c2304-2b9e-41e4-942a-cf11a1819378,700,42,742
93cab149-fed1-4173-9ace-bb6c4535d260,296a6b8f-b21e-4485-ad7f-18c1262a0764,2025-08-20T11:51:00,40e6ddd6-b8f6-4e17-8bd6-5e53966809d2,600,24,624
5875b59c-cf84-4618-a601-2bffd7454ab0,582e9081-9542-4d02-9ed4-d41c93fa8b2c,2025-08-20T11:58:00,40e6ddd6-b8f6-4e17-8bd6-5e53966809d2,700,28,728
cde56914-e6c9-42d7-baa1-648e07137061,1bcdbd0d-0e2f-4fdf-a8d5-214d3b49c7e2,2025-08-20T11:59:00,40e6ddd6-b8f6-4e17-8bd6-5e53966809d2,600,24,624
82534dfd-981d-40ac-bc84-2bc6acb189bd,1a1397df-b2b4-4791-93d9-87ac9062f545,2025-08-20T11:59:00,40e6ddd6-b8f6-4e17-8bd6-5e53966809d2,400,16,416
0ac55e8c-f163-4c38-9685-ff739fca574e,90b6264d-1278-47c8-a418-6498aac365ba,2025-08-20T12:04:00,4b6c2304-2b9e-41e4-942a-cf11a1819378,0,0,0
ec6fcbe8-6416-4c6b-9099-1e5b9e84e953,303bc5db-08d0-4431-b6df-29c80d0321da,2025-08-20T12:06:00,40e6ddd6-b8f6-4e17-8bd6-5e53966809d2,700,28,728
83514f73-27da-4eba-a6a9-b4428f23b675,627b564c-f368-4634-b7f8-d7e1c5ee980a,2025-08-20T12:07:00,4b6c2304-2b9e-41e4-942a-cf11a1819378,1100,65,1165
7590c7c7-aa27-4c48-8b2b-bfa1da518501,6afcdfd4-7162-4241-9932-0cf1f3a2b6e7,2025-08-20T12:08:00,40e6ddd6-b8f6-4e17-8bd6-5e53966809d2,3500,140,3640
3e259fdc-5952-40e9-9342-2ded4a1cb191,d23755ac-d315-4dfd-ae80-4fa042f7d833,2025-08-20T12:09:00,4b6c2304-2b9e-41e4-942a-cf11a1819378,700,42,742
c73f34e4-8feb-4af1-a360-b79f8bc8d305,3934f6b2-65db-491f-93be-76ec718440d9,2025-08-20T12:09:00,40e6ddd6-b8f6-4e17-8bd6-5e53966809d2,7400,296,7696
f9569e8f-e3a2-4ff6-8611-eccf10905c1a,3f1fc492-e8ed-4840-97a0-a56592fdc1d9,2025-08-20T12:10:00,4b6c2304-2b9e-41e4-942a-cf11a1819378,600,36,636
32ed2eec-bc58-46dc-9c77-4f24d79491b8,438005c2-dd1d-48aa-8bfd-7fb06851b5f8,2025-08-20T12:21:00,4b6c2304-2b9e-41e4-942a-cf11a1819378,500,30,530
ab72683c-550e-4813-bf4c-95d4f003ac51,10687c1c-9437-400c-a604-0e19882c65e1,2025-08-20T12:22:00,40e6ddd6-b8f6-4e17-8bd6-5e53966809d2,400,16,416
9f20ab76-c48b-479e-bcfe-dfcdf51ddc1c,14dec3ce-7570-4c3f-af8c-e9c0d74cfcd2,2025-08-20T12:25:00,40e6ddd6-b8f6-4e17-8bd6-5e53966809d2,600,24,624
996622d3-e413-49a3-a3cd-f21727b29d38,0e7b96a0-3300-42a0-b46a-0376d91610eb,2025-08-20T12:26:00,4b6c2304-2b9e-41e4-942a-cf11a1819378,600,36,636
0e98a020-a866-45ed-b28c-5cc054079d42,aa0533fd-252b-49cb-8070-77b5c88b04ee,2025-08-20T12:26:00,40e6ddd6-b8f6-4e17-8bd6-5e53966809d2,500,20,520
9a3d278d-03cd-4114-aa78-1c4e7e66bb9e,51d5c171-5764-4f95-8919-dd46d204df4b,2025-08-20T12:28:00,40e6ddd6-b8f6-4e17-8bd6-5e53966809d2,700,28,728
7b56b33b-1439-4385-a67b-4d43f0d0092d,1233e680-06d7-4b38-8c6e-796ef158556a,2025-08-20T12:30:00,4b6c2304-2b9e-41e4-942a-cf11a1819378,500,30,530
f5838a6e-0414-465a-adf2-31f972df0c84,63af441d-70c7-4c4e-b495-80b967849285,2025-08-20T12:32:00,40e6ddd6-b8f6-4e17-8bd6-5e53966809d2,3900,156,4056
f4251a1b-6973-4e8a-87cc-71aedf2c8ba7,5f31277a-2dcf-4273-81e3-312413596a23,2025-08-20T12:37:00,4b6c2304-2b9e-41e4-942a-cf11a1819378,6800,408,7208
44f96521-fe3f-4530-8d9e-1d3bed611fb8,a2388294-855e-4447-a3d5-b3649380d30e,2025-08-20T12:37:00,40e6ddd6-b8f6-4e17-8bd6-5e53966809d2,9100,364,9464
44a44bb1-c566-4d28-8ec5-fd99d71703de,298ca377-a08e-4e0d-91d6-b0b5aff14c1b,2025-08-20T12:38:00,40e6ddd6-b8f6-4e17-8bd6-5e53966809d2,600,24,624
8e337c6a-9d08-4183-a02a-e2e3a9b1485a,c3f68ead-12e5-4a95-9f20-2c9529a5f08b,2025-08-20T12:39:00,40e6ddd6-b8f6-4e17-8bd6-5e53966809d2,8600,344,8944
7ca66fc1-ad0e-4cff-9e82-428b05b80f83,625c6012-3c16-4c27-ab0c-a8512e488ad7,2025-08-20T12:39:00,40e6ddd6-b8f6-4e17-8bd6-5e53966809d2,5800,231,6031
baf2928d-f146-45f1-80ca-7320eaa54068,8252af4b-fdbe-4139-b9a2-de4ceb670886,2025-08-20T12:42:00,40e6ddd6-b8f6-4e17-8bd6-5e53966809d2,5400,216,5616
5b098d6e-a018-408e-a300-0e12f04a023f,f8486fce-bc07-4a4f-a6e9-ed6a06ba996c,2025-08-20T12:43:00,4b6c2304-2b9e-41e4-942a-cf11a1819378,600,36,636
e7126cba-4384-4caf-80c5-325ea4472f57,187d49e0-634f-4e10-a10c-3b0be7408be0,2025-08-20T12:43:00,4b6c2304-2b9e-41e4-942a-cf11a1819378,600,36,636
24165f44-b37a-4275-b2c0-55a961374eb3,afdabd06-a2b4-497a-93b8-7bcf582b5d3b,2025-08-20T12:43:00,4b6c2304-2b9e-41e4-942a-cf11a1819378,1100,65,1165
1676bd7d-db73-424e-899f-1b7d17062218,6bb3949d-b446-4beb-bcc9-01846e7ef85f,2025-08-20T12:44:00,4b6c2304-2b9e-41e4-942a-cf11a1819378,700,42,742
b6f3ce41-1979-4519-8d11-d5cc848590e2,a4c57aeb-c65a-4a1c-954e-acc7a7ba7c74,2025-08-20T12:46:00,40e6ddd6-b8f6-4e17-8bd6-5e53966809d2,9100,364,9464
84f9e11b-ac2d-44f8-9ee8-9b5055e44b55,05fae288-07c2-4e99-a945-fa3fbfa123ed,2025-08-20T12:47:00,4b6c2304-2b9e-41e4-942a-cf11a1819378,600,36,636
1935dd4f-29c0-4ffa-874a-3f89bf010538,83967256-31c2-4fcb-a61d-2378ac6f1ad6,2025-08-20T12:54:00,4b6c2304-2b9e-41e4-942a-cf11a1819378,0,0,0
b554d74b-b20d-4662-aa84-5997082dc15c,e0df02ff-f788-4191-9881-df0d6c775206,2025-08-20T12:57:00,40e6ddd6-b8f6-4e17-8bd6-5e53966809d2,700,28,728
9c5e001a-ff4b-4aa2-9d72-e4942a0a9c22,2a082be2-fc91-4d5a-accd-200e91693b07,2025-08-20T12:57:00,40e6ddd6-b8f6-4e17-8bd6-5e53966809d2,7000,280,7280
234ac90f-4c74-43a9-bbcb-64c598390f4b,c958448f-45d7-416d-a358-45098ec2a9da,2025-08-20T13:06:00,40e6ddd6-b8f6-4e17-8bd6-5e53966809d2,8500,340,8840
c77ffbd7-c4ec-47bf-99eb-2d77423303a1,cd67e795-f5fa-470f-9a4f-4060d5951279,2025-08-20T13:06:00,40e6ddd6-b8f6-4e17-8bd6-5e53966809d2,700,28,728
a973a7de-2210-4c2a-9efb-1cadecbc7f15,bb9bad76-c7ec-4f36-842c-54c3bbb40467,2025-08-20T13:08:00,40e6ddd6-b8f6-4e17-8bd6-5e53966809d2,600,24,624
c04e39ca-67af-490b-84a0-5417685d0d68,3f5140d0-d9ef-4655-a6ab-69e5e6921143,2025-08-20T13:09:00,4b6c2304-2b9e-41e4-942a-cf11a1819378,8300,497,8797
7163050a-c9a7-463d-9dc7-57f3db22e5e1,c710ee81-7487-44d1-b65f-69a898acaf69,2025-08-20T13:09:00,40e6ddd6-b8f6-4e17-8bd6-5e53966809d2,500,20,520
b7b8f14a-55e7-41aa-a30f-34c34e3ded59,b43ea9dd-823e-4930-9110-31ea0eaa05f3,2025-08-20T13:11:00,40e6ddd6-b8f6-4e17-8bd6-5e53966809d2,500,20,520
9993ff7a-18dd-4b06-a174-4fbdec836ab1,4b14013f-d7e7-44b8-a287-329bf6e298c3,2025-08-20T13:12:00,40e6ddd6-b8f6-4e17-8bd6-5e53966809d2,600,24,624
a6561a86-e6c7-40e7-a0c9-d6caada14af2,827eed18-8ab1-4e5d-ab00-5d8ac9bb168b,2025-08-20T13:14:00,4b6c2304-2b9e-41e4-942a-cf11a1819378,600,36,636
2eb82834-9c95-4b77-9c85-77919bf3f21c,adc6b3eb-08c6-47a0-a6ce-19384284547a,2025-08-20T13:17:00,40e6ddd6-b8f6-4e17-8bd6-5e53966809d2,1700,68,1768
f8cf7909-240f-49db-ab85-5caae5ae7bc0,073c6c4c-9988-45b0-9224-7ad4e69d8c6f,2025-08-20T13:19:00,40e6ddd6-b8f6-4e17-8bd6-5e53966809d2,1100,44,1144
a9dedd97-8743-4b0a-b6dc-8533cfff255f,76acc7d2-0fca-4530-89dd-39889b4f3bb3,2025-08-20T13:21:00,4b6c2304-2b9e-41e4-942a-cf11a1819378,2000,120,2120
48c2ef11-2899-4776-86d2-9f2f41c580c3,41c59ae8-bcd0-4d00-b8e9-bfaa0ce5913b,2025-08-20T13:31:00,40e6ddd6-b8f6-4e17-8bd6-5e53966809d2,700,28,728
18024c3b-1254-4237-a2e9-329cdfa8a0c7,2030e11b-f809-402e-8a1e-00aa3cb751da,2025-08-20T13:34:00,4b6c2304-2b9e-41e4-942a-cf11a1819378,1400,84,1484
54bb92da-5b60-4f13-9c0a-875798dd12a7,77b903b9-c97e-44ae-8274-9dea7b101277,2025-08-20T13:34:00,4b6c2304-2b9e-41e4-942a-cf11a1819378,5500,330,5830
6cb1b781-9e58-45dd-96c9-9fbe606f3a4d,dec2b1be-3447-4044-b4e3-17848dfd390e,2025-08-20T13:34:00,4b6c2304-2b9e-41e4-942a-cf11a1819378,600,36,636
e0cb05c2-e31f-41d1-b4d2-891cdd387948,8699b9d8-d299-411d-82bc-9ee94abdf576,2025-08-20T13:38:00,40e6ddd6-b8f6-4e17-8bd6-5e53966809d2,3600,144,3744
114a2bbc-62a1-4a66-9d10-e9f763ccd7b8,d1a4b7a2-e152-4377-ad2c-08cb61ad6688,2025-08-20T13:43:00,4b6c2304-2b9e-41e4-942a-cf11a1819378,5000,300,5300
4fff8a30-1bc9-41ea-bb80-8276936d2140,ed46daf6-4c46-4af8-a80d-c0cf0b307966,2025-08-20T13:43:00,40e6ddd6-b8f6-4e17-8bd6-5e53966809d2,8900,356,9256
b445ae3b-5e03-491d-a07f-0b3332048e33,f14bcc19-681e-43a6-94e0-9748a8455850,2025-08-20T13:45:00,40e6ddd6-b8f6-4e17-8bd6-5e53966809d2,600,24,624
84191779-f98f-40a3-922d-e7d5b03f0c60,8cef9627-37e9-4bad-a5d7-69f87f291c90,2025-08-20T13:47:00,4b6c2304-2b9e-41e4-942a-cf11a1819378,600,36,636
0557ea0c-159f-4a6c-84fd-94312606c608,96f16837-3562-4765-b8dc-ddd863a970f2,2025-08-20T13:48:00,4b6c2304-2b9e-41e4-942a-cf11a1819378,8800,527,9327
9b0e6108-8818-44fd-9f72-6014febe20e2,7d4b9dcb-d4ff-42fa-9c58-5657c61f4954,2025-08-20T13:51:00,40e6ddd6-b8f6-4e17-8bd6-5e53966809d2,600,24,624
453c7373-e868-4591-a164-0179b3db1a48,5b16d3ac-510a-4143-8a0a-785ce783f3d8,2025-08-20T13:51:00,40e6ddd6-b8f6-4e17-8bd6-5e53966809d2,8200,328,8528
8a03e248-5bda-42b8-8c2e-d0d88a7f9817,0d0eb3cb-f3ad-4673-8ef1-3b4600242421,2025-08-20T13:52:00,4b6c2304-2b9e-41e4-942a-cf11a1819378,5100,306,5406
84047650-0adc-4582-af43-3ec46483d63d,41653b96-0020-4b26-86da-cb8f9aac99a0,2025-08-20T13:53:00,4b6c2304-2b9e-41e4-942a-cf11a1819378,0,0,0
90856ebc-0fa2-4d9b-892b-52e6afe88fd2,84f7f075-d17e-4662-a11c-bc80e28b12f5,2025-08-20T13:53:00,40e6ddd6-b8f6-4e17-8bd6-5e53966809d2,600,24,624
455f3594-fbf4-47c5-888a-8c01e6bcd7f4,ce5679e9-296a-4566-ba46-98a3e0a94136,2025-08-20T13:54:00,40e6ddd6-b8f6-4e17-8bd6-5e53966809d2,500,20,520
50416260-519a-4ca7-91a2-30e17e1bd9b3,53dda453-796e-4167-b482-7449bd52694f,2025-08-20T13:55:00,4b6c2304-2b9e-41e4-942a-cf11a1819378,8900,534,9434
5c5b96d0-3fd5-4f43-8c77-d9da668d6d80,c11308cb-8153-4e7b-9149-9b6b5c0aa137,2025-08-20T13:58:00,40e6ddd6-b8f6-4e17-8bd6-5e53966809d2,500,20,520
a8a6ac65-2f26-45c7-9694-72e33877e2fd,9ff834d1-4ca0-4dd5-bb53-ea96ad8611bb,2025-08-21T07:00:00,4b6c2304-2b9e-41e4-942a-cf11a1819378,600,36,636
bbc77fce-6b4d-4b5d-ad53-dd171b605825,4acffd44-9d77-4c09-afdb-e7f93ee5518b,2025-08-21T07:00:00,4b6c2304-2b9e-41e4-942a-cf11a1819378,600,36,636
9993adbd-f026-4205-b602-6225a9b2de42,4d9a6ab4-f181-4f8c-9beb-e4cd9774b5d7,2025-08-21T07:00:00,40e6ddd6-b8f6-4e17-8bd6-5e53966809d2,500,20,520
02fd8706-92e9-43ad-b8e7-ffd03559b42e,6d883826-0157-47c4-a6cc-cb8134bcc6db,2025-08-21T07:00:00,40e6ddd6-b8f6-4e17-8bd6-5e53966809d2,500,20,520
59f35675-219f-4d64-80f0-837569d96485,6d622f69-5cf8-4eda-b7ff-4f57f0e66237,2025-08-21T07:00:00,40e6ddd6-b8f6-4e17-8bd6-5e53966809d2,400,16,416
a3f976e8-edeb-4bbf-bd8e-0098faf440c8,b8edba64-3db4-4841-8f8d-dc00dce6fb67,2025-08-21T07:00:00,40e6ddd6-b8f6-4e17-8bd6-5e53966809d2,400,16,416
e6962044-7241-43b7-8ccd-f2fc46f40841,920c0197-3c76-4cb7-90f7-b1a687043563,2025-08-21T07:00:00,40e6ddd6-b8f6-4e17-8bd6-5e53966809d2,500,20,520
d580760d-7b4b-4fe5-910b-b9057be77bc5,d6de888a-0aee-4f77-a7d4-daba8f0da415,2025-08-21T07:02:00,4b6c2304-2b9e-41e4-942a-cf11a1819378,600,36,636
baf298ea-084f-422e-9477-d1cb4dbbe309,1076f00e-5dd1-41d1-b2a5-0c59e18a5310,2025-08-21T07:02:00,4b6c2304-2b9e-41e4-942a-cf11a1819378,600,36,636
603fa911-9056-40ad-804b-eb00bc59aa1b,d84ec4ed-ae05-416c-9cbe-eace4567132d,2025-08-21T07:02:00,4b6c2304-2b9e-41e4-942a-cf11a1819378,600,36,636
08bdbfc0-fb6d-4b4d-a87b-db0215d8a066,300faed1-594b-427c-894e-c46855f06f22,2025-08-21T07:05:00,40e6ddd6-b8f6-4e17-8bd6-5e53966809d2,600,24,624
2115bfff-383e-41b9-8f1e-1821485f9bb2,a692df88-38f3-4725-84a6-73ec7e6c7ab5,2025-08-21T07:05:00,40e6ddd6-b8f6-4e17-8bd6-5e53966809d2,600,24,624
1ca0c4fe-9eaf-4e35-ab83-b0f1d6715fe2,bd463573-d217-4411-9ac0-8b72bd7609cd,2025-08-21T07:06:00,4b6c2304-2b9e-41e4-942a-cf11a1819378,700,42,742
0b04ec4a-2348-4092-a8b6-770266887398,710200a9-2c6c-4f21-b3f1-3ed6aa684fa2,2025-08-21T07:08:00,4b6c2304-2b9e-41e4-942a-cf11a1819378,500,30,530
4b2d1af3-5bb9-448b-806b-3c730733b23d,a3d91be1-b5d9-4d3c-bdd8-ab49cd378f30,2025-08-21T07:08:00,4b6c2304-2b9e-41e4-942a-cf11a1819378,400,24,424
c95d6998-7e37-40a5-b3ff-b3cf5d48a038,bd72d373-2261-4193-bee7-41d3bfd08ef1,2025-08-21T07:10:00,4b6c2304-2b9e-41e4-942a-cf11a1819378,500,30,530
21acf0e7-84c0-4ec7-80ae-9683dea53464,9bac4be0-d703-4f1d-a088-1bdb362d3246,2025-08-21T07:12:00,4b6c2304-2b9e-41e4-942a-cf11a1819378,400,24,424
8cbf240e-d326-4d59-95c9-4b92440ba2a8,a5781cf5-d32e-4370-b0f8-4f229bc0efa4,2025-08-21T07:12:00,4b6c2304-2b9e-41e4-942a-cf11a1819378,400,24,424
91a195a7-f6dc-4fff-bfce-de4a320b9dbc,9668fd00-799b-4cff-811f-a3e0528d255d,2025-08-21T07:12:00,40e6ddd6-b8f6-4e17-8bd6-5e53966809d2,400,16,416
e34879a6-1f6a-49a7-bf16-13b2221b75aa,7767d63a-0293-4866-ae0a-724670463aa1,2025-08-21T07:13:00,40e6ddd6-b8f6-4e17-8bd6-5e53966809d2,500,20,520
99fbf3f6-371f-4f73-9a11-cc929e1eae6b,72fd6924-b954-4c8f-9c0b-2545d0efe53b,2025-08-21T07:14:00,4b6c2304-2b9e-41e4-942a-cf11a1819378,600,36,636
baeb4b28-6416-4ab6-91c0-5c610b095614,ce69d742-4723-467f-9e5d-262fff84a6a6,2025-08-21T07:15:00,40e6ddd6-b8f6-4e17-8bd6-5e53966809d2,500,20,520
18455b63-060c-4fb3-a1ab-accbde703b75,8c5628d0-6d15-4a6d-80f2-9c723e39ba83,2025-08-21T07:15:00,40e6ddd6-b8f6-4e17-8bd6-5e53966809d2,600,24,624
6a26656c-d01f-4afc-ba02-4eb49f9170dd,c6fb82d9-b6e6-445a-a3d3-0158405a9d16,2025-08-21T07:18:00,4b6c2304-2b9e-41e4-942a-cf11a1819378,600,36,636
eefd7404-6c8f-4cd3-8639-cd8cd0048b56,447fed8a-4bae-41c5-b5cd-cbf6a09c4782,2025-08-21T07:19:00,4b6c2304-2b9e-41e4-942a-cf11a1819378,700,42,742
3f9aaa9e-6df3-4e7b-a5ff-43d7364e6714,a311b0c8-1b63-4405-8097-09a984512389,2025-08-21T07:22:00,4b6c2304-2b9e-41e4-942a-cf11a1819378,600,36,636
bd635238-cbf9-45cf-be49-4b30456329cf,c9750567-c933-4797-9313-ec159ddcb6d2,2025-08-21T07:24:00,40e6ddd6-b8f6-4e17-8bd6-5e53966809d2,500,20,520
71788f5f-d2fd-4573-9428-fd8fe4ab1b70,a5066e8e-de65-4798-9ed5-f6cae5f86031,2025-08-21T07:24:00,40e6ddd6-b8f6-4e17-8bd6-5e53966809d2,600,24,624
2891b459-8f53-4bdc-a1b0-787197a2c710,125d87d5-a36a-4f4e-865c-3122386e88ca,2025-08-21T07:25:00,4b6c2304-2b9e-41e4-942a-cf11a1819378,600,36,636
facd7495-2feb-4be3-8593-8570e09fa78e,13ae1187-ebff-4588-bbf0-db26b1bbb598,2025-08-21T07:25:00,4b6c2304-2b9e-41e4-942a-cf11a1819378,400,24,424
0b0bdf8a-fa11-4196-80c5-7a7a513a432a,661d2fc6-9fa2-4c79-9d19-44c73cb68448,2025-08-21T07:25:00,40e6ddd6-b8f6-4e17-8bd6-5e53966809d2,600,24,624
3eb49873-cd2e-4b35-bc96-b34da98f7f83,1d94038e-346e-4263-a10f-7fa4e5d1179e,2025-08-21T07:28:00,40e6ddd6-b8f6-4e17-8bd6-5e53966809d2,700,28,728
9fa77e88-7b46-46bb-a342-bd519382a9f9,b0cab1cc-6689-4922-a78f-5c6e1c458cd1,2025-08-21T07:29:00,4b6c2304-2b9e-41e4-942a-cf11a1819378,600,36,636
c359a89c-17d7-4ea9-94df-3149d1b09da8,7755a749-3460-4f0c-a33c-428dccd20885,2025-08-21T07:30:00,40e6ddd6-b8f6-4e17-8bd6-5e53966809d2,700,28,728
37ef3f54-c42e-42ed-a37c-f9e0e93a5656,1a1fa253-a2de-457a-9397-7c6c80d5d589,2025-08-21T07:30:00,40e6ddd6-b8f6-4e17-8bd6-5e53966809d2,700,28,728
7f301472-a7b1-4e9f-94ce-9137f6da53b8,8976b896-e0e8-4696-b268-5587e42efaa0,2025-08-21T07:30:00,40e6ddd6-b8f6-4e17-8bd6-5e53966809d2,600,24,624
67c8e871-e182-4429-b76b-d072fc368b01,49421d99-2baa-4a3f-bbff-4e4d4e0062aa,2025-08-21T07:31:00,40e6ddd6-b8f6-4e17-8bd6-5e53966809d2,500,20,520
8a521e88-3390-443a-a577-ca7aa5f79158,1757e1cd-b99e-42a3-9e19-1b1305127836,2025-08-21T07:33:00,40e6ddd6-b8f6-4e17-8bd6-5e53966809d2,600,24,624
a1384a09-2e37-4c6b-8b24-c616750b3704,a3867ed0-9303-4ce2-b40d-a9711a5efef0,2025-08-21T07:33:00,40e6ddd6-b8f6-4e17-8bd6-5e53966809d2,700,28,728
31d63b76-e4da-43d8-9c4e-2d82a8f16ec8,d31efffd-fdc4-4168-ac26-83b67a6c5c47,2025-08-21T07:34:00,4b6c2304-2b9e-41e4-942a-cf11a1819378,700,42,742
6077353b-52f0-46b9-8b97-c995368d2539,ff29ece6-95da-4800-acd2-b14950a339dd,2025-08-21T07:34:00,4b6c2304-2b9e-41e4-942a-cf11a1819378,600,36,636
f815aab5-ee47-43fc-a973-97ab25c5eda6,b761dca2-f8ff-4709-b645-9b0591dfa353,2025-08-21T07:35:00,4b6c2304-2b9e-41e4-942a-cf11a1819378,700,42,742
4bdc3d88-681d-47c6-b65e-b55eeacb93c2,8e5821f5-d035-421b-a56a-6ed02c100432,2025-08-21T07:36:00,4b6c2304-2b9e-41e4-942a-cf11a1819378,700,42,742
c5ffeaa8-1860-4b84-9063-406c88d20ba8,212484cd-56e9-4934-ab9b-69d43228ee16,2025-08-21T07:36:00,40e6ddd6-b8f6-4e17-8bd6-5e53966809d2,500,20,520
eb05f011-f58e-4132-99eb-8a0f6ecb7fcb,388a03fa-6bff-4153-afbb-2349b43c876e,2025-08-21T07:37:00,40e6ddd6-b8f6-4e17-8bd6-5e53966809d2,600,24,624
9b91f0b1-ea05-4ab5-ac75-142beb6a3f1f,1439dc05-4ab9-4995-90c7-d9437ae94f50,2025-08-21T07:37:00,40e6ddd6-b8f6-4e17-8bd6-5e53966809d2,500,20,520
1cac8c1b-bcb6-4797-9d97-9256c8ab3d8b,87a00a98-1d65-4fba-92f9-41ac07bce2bd,2025-08-21T07:37:00,40e6ddd6-b8f6-4e17-8bd6-5e53966809d2,600,24,624
fb3abd2e-2966-4128-a9eb-3e897d679065,ff4e2ef5-4f72-41f4-90ea-4f40665b9f5b,2025-08-21T07:39:00,4b6c2304-2b9e-41e4-942a-cf11a1819378,700,42,742
956b3fe6-3bc1-4a9f-a94d-1c0a6217a01f,d6914b8f-0d72-4044-a61b-055adb02f005,2025-08-21T07:39:00,40e6ddd6-b8f6-4e17-8bd6-5e53966809d2,400,16,416
1231a415-8732-4b56-a847-256553bdc0f0,2f162c0f-4d00-4d10-88ca-6dd2b94f24f5,2025-08-21T07:39:00,40e6ddd6-b8f6-4e17-8bd6-5e53966809d2,600,24,624
38c9ed0c-767d-4fe0-8624-2aec1f420ed1,3e28e5b6-fe21-474e-b5bc-95ac85c187ad,2025-08-21T07:40:00,4b6c2304-2b9e-41e4-942a-cf11a1819378,600,36,636
1c0b1c6b-9a18-4847-bf14-cfdd71bb9e8e,b9915f58-4f74-4518-bb97-0b1e58c541a5,2025-08-21T07:40:00,4b6c2304-2b9e-41e4-942a-cf11a1819378,700,42,742
142d26a2-246b-4371-8b33-fc41f9f4b69d,1b25718d-795f-4b30-a424-50167ae8c0ad,2025-08-21T07:40:00,40e6ddd6-b8f6-4e17-8bd6-5e53966809d2,400,16,416
a29d2ddd-ef94-4c10-bd44-e094e60eddfe,d4d6e685-70a2-49ea-b511-383a54d18cfa,2025-08-21T07:40:00,40e6ddd6-b8f6-4e17-8bd6-5e53966809d2,400,16,416
33e77ec0-be10-4947-a544-99e62758408d,436ca6dd-1cc3-4ff0-986c-eabb97606b9b,2025-08-21T07:40:00,40e6ddd6-b8f6-4e17-8bd6-5e53966809d2,600,24,624
e6143db3-6433-4dc0-a945-f63746e54f67,0f1df561-31c0-417e-909b-4b054c45baaf,2025-08-21T07:40:00,40e6ddd6-b8f6-4e17-8bd6-5e53966809d2,500,20,520
60bb64e6-905b-4716-af16-965327088b07,cc1816db-c3dd-4c16-8ea7-18fe313472b9,2025-08-21T07:41:00,4b6c2304-2b9e-41e4-942a-cf11a1819378,600,36,636
1c328a74-1c02-4dee-b3fb-9aa4ca2f7406,4fc0f100-7ad9-49a8-9620-f0e3a0e42a80,2025-08-21T07:41:00,4b6c2304-2b9e-41e4-942a-cf11a1819378,500,30,530
6f53260c-5b27-4658-9e38-bda6fc188dbb,d6ca14b1-9b55-47f7-be97-787002ca26e5,2025-08-21T07:41:00,40e6ddd6-b8f6-4e17-8bd6-5e53966809d2,400,16,416
c64c6787-7d2c-4939-90fe-69629e3adc5e,0d2974c5-d4de-4163-bf27-73d86a77b048,2025-08-21T07:42:00,4b6c2304-2b9e-41e4-942a-cf11a1819378,500,30,530
42c35df6-93c2-4d74-a3b4-3fb49f80acc0,6b9cd81e-126c-4c53-b6b5-575d78951256,2025-08-21T07:42:00,4b6c2304-2b9e-41e4-942a-cf11a1819378,500,30,530
d85112e6-b5b5-4df9-8d30-eff95cea2b08,5b6d3273-0554-4f9d-bc05-2157626c1ad0,2025-08-21T07:42:00,40e6ddd6-b8f6-4e17-8bd6-5e53966809d2,600,24,624
c36f2318-91a6-476a-81c2-d97c44c20bf1,8e119f8a-036b-4da9-bbae-98ab4fb61e2f,2025-08-21T07:42:00,40e6ddd6-b8f6-4e17-8bd6-5e53966809d2,700,28,728
45d2a986-91ef-4ff2-8896-14ee4d6f5d60,ead66f31-3437-42c5-9145-8281898ce326,2025-08-21T07:44:00,4b6c2304-2b9e-41e4-942a-cf11a1819378,700,42,742
c9c92fb6-2fba-4ce7-b323-a90560144762,af16d888-ff4c-4c16-a2f8-9e2a3a9677c7,2025-08-21T07:44:00,4b6c2304-2b9e-41e4-942a-cf11a1819378,400,24,424
c8f4c53a-ecfa-412b-9820-34cac80a26e0,12c154ff-46ac-45a7-921c-2404994ecc21,2025-08-21T07:44:00,40e6ddd6-b8f6-4e17-8bd6-5e53966809d2,500,20,520
ddc877db-4630-4559-b4da-3da96267a48f,0ed041f5-3d65-4f50-b23e-849b527ee107,2025-08-21T07:47:00,40e6ddd6-b8f6-4e17-8bd6-5e53966809d2,500,20,520
6f1b5805-c05f-4463-8b9a-a55c918c30aa,76d2b7be-1fa1-441b-9de1-97c64d06c646,2025-08-21T07:47:00,40e6ddd6-b8f6-4e17-8bd6-5e53966809d2,400,16,416
77ccaed4-b77d-4a34-9afc-8c1be891d33e,b0da7a9b-77d7-407d-8506-51705503fa05,2025-08-21T07:48:00,4b6c2304-2b9e-41e4-942a-cf11a1819378,600,36,636
255e44dc-6999-4f6a-b38c-356278655f5e,5350fafc-45eb-4871-a195-d1cc090f9d9c,2025-08-21T07:48:00,4b6c2304-2b9e-41e4-942a-cf11a1819378,400,24,424
c521f29b-c88c-4c31-80d5-4e7291732d2d,d77ac8a9-6445-4f65-9a77-b0fb3abe853d,2025-08-21T07:48:00,4b6c2304-2b9e-41e4-942a-cf11a1819378,400,24,424
765d13ed-8ce9-4433-83fa-d2869cc8f566,2a6409ee-29ac-483f-a2a7-9074fcb50191,2025-08-21T07:48:00,40e6ddd6-b8f6-4e17-8bd6-5e53966809d2,700,28,728
846d71a5-5701-40b5-b018-2a61236be5d3,0000bd8e-496c-42aa-9430-fea7f9bd6a96,2025-08-21T07:49:00,4b6c2304-2b9e-41e4-942a-cf11a1819378,700,42,742
49b9ba48-234a-438f-a23b-b21877aff7ef,0db82818-585b-4e3f-9898-2a72727c2e42,2025-08-21T07:49:00,4b6c2304-2b9e-41e4-942a-cf11a1819378,700,42,742
67ee5a30-e61b-4cfc-bbd9-a15428f4913f,285bfea1-4dec-4f9d-a9f6-3b3cb20fdde9,2025-08-21T07:50:00,4b6c2304-2b9e-41e4-942a-cf11a1819378,700,42,742
40531896-22c1-4404-a76b-9cef66aada0a,1bc088f8-fdf1-442f-9491-1287abc066d3,2025-08-21T07:50:00,40e6ddd6-b8f6-4e17-8bd6-5e53966809d2,600,24,624
c56ae32e-c29b-45b9-b5f7-d34f9469680f,1c3dc001-75eb-4fb9-b3ad-59a3be5b31ac,2025-08-21T07:50:00,40e6ddd6-b8f6-4e17-8bd6-5e53966809d2,600,24,624
73c7dcdb-0512-4876-86f1-b79d0bb0393c,89a5d615-2bb0-4843-8177-90bf7f452bfe,2025-08-21T07:50:00,40e6ddd6-b8f6-4e17-8bd6-5e53966809d2,700,28,728
376075cc-b5c7-4f43-9a32-1003253908a1,84ee8f13-e5a2-4988-8f65-daa65801c5d1,2025-08-21T07:51:00,4b6c2304-2b9e-41e4-942a-cf11a1819378,600,36,636
8b67aa75-f39c-4930-94d7-12e2afd6b559,9455079c-4344-4995-939d-8184d7eb02e7,2025-08-21T07:51:00,4b6c2304-2b9e-41e4-942a-cf11a1819378,600,36,636
78296d05-f956-4499-898b-222789de4255,376d586e-00b0-4a49-9695-ddac46fb337e,2025-08-21T07:51:00,40e6ddd6-b8f6-4e17-8bd6-5e53966809d2,600,24,624
2420647b-0bef-4bc0-a12a-ecff2af55ed0,adf0d9db-c6a0-4226-a93f-30482ccd9d28,2025-08-21T07:52:00,4b6c2304-2b9e-41e4-942a-cf11a1819378,400,24,424
10421a0c-e650-48ec-b942-41a20261af6d,e215d555-cc18-4890-8969-89abf72d28ae,2025-08-21T07:52:00,40e6ddd6-b8f6-4e17-8bd6-5e53966809d2,400,16,416
faadbf7e-e370-4ce1-87b3-179e45b672a7,95381466-0836-4fd0-b05c-e8ca6147a51f,2025-08-21T07:52:00,40e6ddd6-b8f6-4e17-8bd6-5e53966809d2,600,24,624
2d01cf33-3170-4e84-b12f-433676d44694,446153de-73e0-4d85-a593-2c3ae8664564,2025-08-21T07:52:00,40e6ddd6-b8f6-4e17-8bd6-5e53966809d2,400,16,416
f636bb99-0d43-4491-968e-96f167f74b3b,50e6ae18-ad0a-4f68-bb3d-e1a8b80eb58f,2025-08-21T07:52:00,40e6ddd6-b8f6-4e17-8bd6-5e53966809d2,400,16,416
3bdb381c-374b-4485-b6d8-d4a2a2794fc7,28c1b6d1-da1f-4187-98af-4e43f096b00d,2025-08-21T07:53:00,40e6ddd6-b8f6-4e17-8bd6-5e53966809d2,700,28,728
103ae83f-4585-4fb1-a075-201369aff38a,fa08fd03-3569-400d-9d63-e8ae15712195,2025-08-21T07:54:00,4b6c2304-2b9e-41e4-942a-cf11a1819378,600,36,636
4a9c208c-f094-4014-bbbb-c2b6c08e9fdc,04b679f3-0691-47bc-975a-fdac41f52db4,2025-08-21T07:55:00,4b6c2304-2b9e-41e4-942a-cf11a1819378,600,36,636
484bb4b2-7de8-4602-9df8-1621dae6b2c9,c630fcf6-11c8-465f-9498-0839aee67e55,2025-08-21T07:55:00,40e6ddd6-b8f6-4e17-8bd6-5e53966809d2,500,20,520
77f2fc04-6f02-4f2c-bc96-d06c3776c716,430e5411-6ed3-439b-93c3-e885b2a37d0f,2025-08-21T07:55:00,40e6ddd6-b8f6-4e17-8bd6-5e53966809d2,500,20,520
eab91bf8-3a1a-46bf-918e-55104f61e608,355d89d9-bf5a-41df-9382-a5e57cbbbec4,2025-08-21T07:56:00,40e6ddd6-b8f6-4e17-8bd6-5e53966809d2,700,28,728
a4d2a9b6-f7b7-4217-abf2-fc7d6d551ab6,2dcc7662-f1ce-442c-b998-bbe351d5e186,2025-08-21T07:56:00,40e6ddd6-b8f6-4e17-8bd6-5e53966809d2,600,24,624
1c3b22b0-43d6-401c-be67-e2e6586f80c2,34a9dd73-95d0-45d9-a3fb-636e4e080a6c,2025-08-21T07:57:00,4b6c2304-2b9e-41e4-942a-cf11a1819378,500,30,530
a6edf981-f4ad-4428-b962-3af33f8babbd,97bbee89-2209-4d9a-9f20-d3327baf7efe,2025-08-21T07:57:00,40e6ddd6-b8f6-4e17-8bd6-5e53966809d2,600,24,624
1a85479f-5930-4512-acbe-5107b0f4210e,8d5fa184-5966-49ce-b3e7-4acfaba98bfd,2025-08-21T07:57:00,40e6ddd6-b8f6-4e17-8bd6-5e53966809d2,600,24,624
15af605c-8f71-4047-971a-af7f30335bf4,4dc2aa9c-8633-4861-b795-5b285cf76a1f,2025-08-21T07:58:00,4b6c2304-2b9e-41e4-942a-cf11a1819378,600,36,636
519adfa3-2b29-43fb-8736-d23e89209b8c,2977486c-8467-4a72-a290-db87a9022320,2025-08-21T07:58:00,4b6c2304-2b9e-41e4-942a-cf11a1819378,600,36,636
c67dd59b-e811-40e1-bc3f-e74a32db9a0e,341da637-6927-4a64-8183-13ec96005b5f,2025-08-21T07:59:00,4b6c2304-2b9e-41e4-942a-cf11a1819378,500,30,530
c482db15-3682-4680-a3cf-0e56024951d1,bf03895d-6d44-49a2-8183-81c4e89eac75,2025-08-21T08:00:00,40e6ddd6-b8f6-4e17-8bd6-5e53966809d2,400,16,416
eda745b7-8caf-4922-a86d-a37dfcb3593d,bbe44e0a-dc83-4c13-a357-89d0c4f06f29,2025-08-21T08:00:00,40e6ddd6-b8f6-4e17-8bd6-5e53966809d2,600,24,624
503f2cad-3c5b-433b-90a3-2b7f6bd994f5,aef5051b-ee62-4974-994d-fbb200c5f89c,2025-08-21T08:01:00,40e6ddd6-b8f6-4e17-8bd6-5e53966809d2,400,16,416
ce1bbd33-a3f1-49c5-9978-496fe1732a27,b2310c7d-702b-4e62-b938-3b19262bd9e9,2025-08-21T08:01:00,40e6ddd6-b8f6-4e17-8bd6-5e53966809d2,600,24,624
1196e3d9-1850-4ffe-867c-da7c98ccbf3e,d1c356c7-a230-4e49-abb6-3eb1f58155cd,2025-08-21T08:02:00,40e6ddd6-b8f6-4e17-8bd6-5e53966809d2,400,16,416
b12a7e76-40d1-4882-a0b6-d5401c4d8e35,2f0fa97b-f713-40a9-8e11-3e18580cd97b,2025-08-21T08:02:00,40e6ddd6-b8f6-4e17-8bd6-5e53966809d2,400,16,416
f834f1e1-3516-4a90-b215-b503b8c77346,3810f8e6-9278-4c26-9be0-d6d6c35fe477,2025-08-21T08:03:00,4b6c2304-2b9e-41e4-942a-cf11a1819378,500,30,530
15b9a099-2c1f-4bb2-a898-4f8a4861756e,333d41f0-5f4d-48cb-b3bd-042814f9b7f8,2025-08-21T08:03:00,4b6c2304-2b9e-41e4-942a-cf11a1819378,600,36,636
3f55140d-03cb-4931-82fb-bce47020a4d7,3b5801eb-5e85-44e1-abb0-6e1879e5e0ac,2025-08-21T08:03:00,4b6c2304-2b9e-41e4-942a-cf11a1819378,600,36,636
f813f31a-13a5-48f4-a5c0-c5b89770eb30,866ec748-2021-45f8-9170-6c393fca1e65,2025-08-21T08:03:00,40e6ddd6-b8f6-4e17-8bd6-5e53966809d2,500,20,520
f8c7e4ea-4af4-4986-9c84-5c19c36b2879,26ebc43f-cfbf-4fa1-9c7f-9134871f7b65,2025-08-21T08:03:00,40e6ddd6-b8f6-4e17-8bd6-5e53966809d2,600,24,624
1a270644-e10a-4b2e-b836-3a26c0e3c24c,adaf0597-4b7f-4b6a-8881-40f3787bc862,2025-08-21T08:04:00,40e6ddd6-b8f6-4e17-8bd6-5e53966809d2,600,24,624
341d697e-50f4-4657-b93e-b68b4d4eb55b,2949aa7a-85ad-46d1-8409-bf608167f72a,2025-08-21T08:05:00,4b6c2304-2b9e-41e4-942a-cf11a1819378,600,36,636
d27faef6-159e-4c21-96b3-8733d0d4e9e5,49a68f77-776a-4b4b-b668-48e489f414ae,2025-08-21T08:05:00,40e6ddd6-b8f6-4e17-8bd6-5e53966809d2,400,16,416
5c9b58cd-0b04-42bb-9d73-a301ace1b341,314d5517-f29b-49b2-a076-3abe12756120,2025-08-21T08:06:00,40e6ddd6-b8f6-4e17-8bd6-5e53966809d2,600,24,624
20cab3f4-ff3f-4802-8178-1e3c1e7bb253,2e1fd151-264e-4a4a-8584-733dd5da3152,2025-08-21T08:07:00,40e6ddd6-b8f6-4e17-8bd6-5e53966809d2,600,24,624
25322336-56ad-47ec-8927-f222b00e8054,758b4602-0ce0-440a-9584-ad59ce4216ad,2025-08-21T08:07:00,40e6ddd6-b8f6-4e17-8bd6-5e53966809d2,500,20,520
0a7a7d33-2a5c-4741-bceb-aeb93da94b87,f1c1c41c-e3ac-4d0f-9604-06a648c54aa4,2025-08-21T08:07:00,40e6ddd6-b8f6-4e17-8bd6-5e53966809d2,700,28,728
45a64dcc-f1fa-4962-8097-1955f0cbb3e2,b998f134-9c6e-4e5b-9a37-d0d9dbc72f85,2025-08-21T08:08:00,4b6c2304-2b9e-41e4-942a-cf11a1819378,600,36,636
9391d1e5-9b10-4f93-9771-0b947944e71d,61004774-fb70-403c-ae81-a1e9cd187146,2025-08-21T08:08:00,40e6ddd6-b8f6-4e17-8bd6-5e53966809d2,600,24,624
395ff612-1b87-4dd7-a300-f1c34f35270f,3785fc7c-35aa-4e40-b620-f54b10e8a832,2025-08-21T08:08:00,40e6ddd6-b8f6-4e17-8bd6-5e53966809d2,500,20,520
231e8e0b-df44-4c33-adb3-ab566641045b,ed5f2f3e-8bef-4da7-b30c-90c3fa5f40ea,2025-08-21T08:08:00,40e6ddd6-b8f6-4e17-8bd6-5e53966809d2,700,28,728
eb8c8e68-4bf3-4ce0-9030-a8c260210368,a1a72036-c041-4a92-a719-9bbf0e21d53b,2025-08-21T08:08:00,40e6ddd6-b8f6-4e17-8bd6-5e53966809d2,600,24,624
8d718cc8-6d4e-4661-aba0-d4fc17684d66,ce5679e9-296a-4566-ba46-98a3e0a94136,2025-08-21T08:09:00,40e6ddd6-b8f6-4e17-8bd6-5e53966809d2,500,20,520
88409bc7-0af4-4c60-aa66-1c4d1f7cb224,fad2c57b-c35e-4270-8d10-2f067a5ee2b7,2025-08-21T08:09:00,40e6ddd6-b8f6-4e17-8bd6-5e53966809d2,500,20,520
83423f8a-8085-4778-94e1-d93b4ca22169,cc6587b9-1ad1-4f99-bb8b-dc23f1621ea6,2025-08-21T08:10:00,40e6ddd6-b8f6-4e17-8bd6-5e53966809d2,600,24,624
f04ce5ab-a64d-4c74-b0d8-dd8db59ffdd1,7aa35447-7686-43f7-bb98-14b1bc5fe250,2025-08-21T08:10:00,40e6ddd6-b8f6-4e17-8bd6-5e53966809d2,600,24,624
12f27c91-244d-47b8-9f6c-a648798bcdbd,5bbca380-854e-47a4-ae5c-fd631650a115,2025-08-21T08:11:00,4b6c2304-2b9e-41e4-942a-cf11a1819378,600,36,636
b08ab3b7-cde8-43aa-9345-487e8819387b,64fec69e-52e2-471f-9fbc-7a8e33f991bd,2025-08-21T08:11:00,4b6c2304-2b9e-41e4-942a-cf11a1819378,500,30,530
a31ed86a-9b58-4ca2-83e8-90808efd2bf3,5d24b6bc-2eea-4766-a11d-b0aed43f038a,2025-08-21T08:11:00,4b6c2304-2b9e-41e4-942a-cf11a1819378,400,24,424
2a02f0f1-1f7e-46ca-ac11-3c72dbd79517,e4adb740-2faa-44fc-bc18-4aa698032414,2025-08-21T08:11:00,4b6c2304-2b9e-41e4-942a-cf11a1819378,500,30,530
82c9c97b-b111-4318-8344-a1cd9fc6350f,3eb1c53f-4af3-42d8-8608-40548ce4843d,2025-08-21T08:11:00,40e6ddd6-b8f6-4e17-8bd6-5e53966809d2,700,28,728
48cd7365-520a-4c98-bde1-e1cc64b57643,143944c0-b4d0-48f7-ac1f-6ffaeff64a70,2025-08-21T08:12:00,4b6c2304-2b9e-41e4-942a-cf11a1819378,700,42,742
2f2be2d2-4bc1-4a84-a652-1fdf33378cb4,890861ac-5e77-4568-aaff-807b37e6f872,2025-08-21T08:12:00,4b6c2304-2b9e-41e4-942a-cf11a1819378,600,36,636
5591c745-e672-430a-9211-95e62df732c2,ed7f8737-2c99-408f-afd0-f91c740e414c,2025-08-21T08:12:00,4b6c2304-2b9e-41e4-942a-cf11a1819378,600,36,636
82d3383b-934d-4078-8d13-25f12bec07f0,f419edd5-8bb5-4809-8cfc-599ab209f6da,2025-08-21T08:12:00,40e6ddd6-b8f6-4e17-8bd6-5e53966809d2,400,16,416
d469af03-a972-48a8-847e-71b154d4fdf1,2609004e-90a8-450e-98f3-5ebc16841cd5,2025-08-21T08:14:00,4b6c2304-2b9e-41e4-942a-cf11a1819378,400,24,424
1a7f7a00-13e9-4403-a168-bfff4c0702e9,36654075-c818-484d-aa9f-b6e8834b1bd5,2025-08-21T08:14:00,4b6c2304-2b9e-41e4-942a-cf11a1819378,400,24,424
a6cc97b9-5b08-4eeb-a822-a0b0b3885964,5b070f80-9227-43fd-951b-4c758d20070e,2025-08-21T08:14:00,40e6ddd6-b8f6-4e17-8bd6-5e53966809d2,500,20,520
8310674a-e1f8-48d8-a9c2-e61bc66fac9a,b3f95dcd-caf0-4d0c-8890-a7b8e231c6b7,2025-08-21T08:14:00,40e6ddd6-b8f6-4e17-8bd6-5e53966809d2,600,24,624
6c31b5a0-6e4c-4968-89c7-0059c676ed53,a2effce6-3ad2-4811-940b-bbb5a4ad9b67,2025-08-21T08:14:00,40e6ddd6-b8f6-4e17-8bd6-5e53966809d2,700,28,728
e45146e8-d81c-43f0-b477-1bb801544202,71f1cea1-588b-47f5-93c3-4e649541a9e4,2025-08-21T08:14:00,40e6ddd6-b8f6-4e17-8bd6-5e53966809d2,400,16,416
1131a0e1-bd22-4260-82de-503f6e6f206c,b66b0e13-b74e-40e7-b3e7-1583f2f08a9b,2025-08-21T08:16:00,40e6ddd6-b8f6-4e17-8bd6-5e53966809d2,500,20,520
c143439f-838a-48c9-b0be-000a4ded1628,2ef2eede-fcc3-4c79-a843-4f5ae828d591,2025-08-21T08:19:00,4b6c2304-2b9e-41e4-942a-cf11a1819378,600,36,636
b7f47eba-2e61-4354-b930-79a1356b0fa8,aa006c1b-6b97-4f02-99a9-57923d13eb8f,2025-08-21T08:19:00,4b6c2304-2b9e-41e4-942a-cf11a1819378,700,42,742
dc66ca9d-0696-439d-9585-4d882d0360c0,f459a5e8-b280-49fd-904a-3cd3746f4f16,2025-08-21T08:19:00,40e6ddd6-b8f6-4e17-8bd6-5e53966809d2,700,28,728
425090bb-d929-4436-8b17-a99284468dbd,a0a83e46-f548-4a18-a79a-5ecdd85b6c8e,2025-08-21T08:19:00,40e6ddd6-b8f6-4e17-8bd6-5e53966809d2,700,28,728
312bced1-d611-4562-b700-982ff7ab7e01,19fee9df-73a9-41e9-9777-18d2a79ab8b4,2025-08-21T08:21:00,4b6c2304-2b9e-41e4-942a-cf11a1819378,600,36,636
a6475925-826d-404d-b274-b5ad9bd13117,6058494e-8390-41a7-9c1b-182902dda8db,2025-08-21T08:21:00,4b6c2304-2b9e-41e4-942a-cf11a1819378,700,42,742
c1b4f994-fd07-406d-b589-1d86b5ccb046,73d9c423-e9d4-428f-bfaa-b073b2c1f454,2025-08-21T08:22:00,40e6ddd6-b8f6-4e17-8bd6-5e53966809d2,500,20,520
dd27a259-60f1-463f-a18e-da145a2d9fe5,ddd9ed38-6351-4568-b08c-8f6c92cb84a8,2025-08-21T08:23:00,4b6c2304-2b9e-41e4-942a-cf11a1819378,1100,65,1165
1116aefc-1ecf-43d4-a54e-f1deae8b7b9a,2f771a5a-3d76-48e3-985b-b7e91e092c46,2025-08-21T08:23:00,40e6ddd6-b8f6-4e17-8bd6-5e53966809d2,400,16,416
efbfe282-810f-4a14-a5e9-32ebc0cdc967,c108b321-1696-4fbd-8457-87fd61ca65d8,2025-08-21T08:23:00,40e6ddd6-b8f6-4e17-8bd6-5e53966809d2,400,16,416
e566a9a2-66f4-45a0-8d9e-f8d09c911223,2b4b540f-9423-4186-8164-4566e5e908f2,2025-08-21T08:23:00,40e6ddd6-b8f6-4e17-8bd6-5e53966809d2,600,24,624
1363d5f0-4568-4a16-a25a-661f13ea3eb0,6faa20a4-1e8f-43a8-9a45-33ae5f675190,2025-08-21T08:24:00,4b6c2304-2b9e-41e4-942a-cf11a1819378,500,30,530
db24a9c2-f822-4d17-80f9-e3ef1849df6a,779b7f09-bfd0-4ab7-a46f-9f6eecb13030,2025-08-21T08:25:00,40e6ddd6-b8f6-4e17-8bd6-5e53966809d2,500,20,520
0d5c4edd-3c94-48cf-ac54-013da4c1b289,67f25b4e-183c-4a43-9227-09966e445b42,2025-08-21T08:26:00,40e6ddd6-b8f6-4e17-8bd6-5e53966809d2,400,16,416
79ee0bee-9fed-436a-91d3-b526db5602b2,3c7a4cde-d92b-4d90-a731-9c0461ae8c90,2025-08-21T08:27:00,4b6c2304-2b9e-41e4-942a-cf11a1819378,600,36,636
61abdf7b-ba0f-413c-af32-212e64430989,36708614-1e24-453b-8593-b03eb1a7c5b8,2025-08-21T08:27:00,40e6ddd6-b8f6-4e17-8bd6-5e53966809d2,600,24,624
f7b5566a-2b45-4d2b-8ef8-687673105d39,848485f0-198f-4efa-8335-707db71a7434,2025-08-21T08:28:00,4b6c2304-2b9e-41e4-942a-cf11a1819378,600,36,636
ebc25b7b-00bb-4024-bc6f-f2cf256163c0,0872893c-bf01-4853-b91f-a1cc0263fedf,2025-08-21T08:28:00,4b6c2304-2b9e-41e4-942a-cf11a1819378,600,36,636
f5dd7b3f-18ce-4a55-aa59-913bbcd811b1,ce8210c0-c537-4fd0-80ef-c3e8063b748a,2025-08-21T08:28:00,40e6ddd6-b8f6-4e17-8bd6-5e53966809d2,500,20,520
a6ed9499-84a6-4d06-85d1-3a070916f055,e58c63e7-69a9-49cb-947e-5841010ca567,2025-08-21T08:30:00,4b6c2304-2b9e-41e4-942a-cf11a1819378,400,24,424
659c75c4-663d-4dd5-82fa-1e58d6b59807,41c59ae8-bcd0-4d00-b8e9-bfaa0ce5913b,2025-08-21T08:30:00,40e6ddd6-b8f6-4e17-8bd6-5e53966809d2,600,24,624
bf420ebc-8f93-4936-907b-c610c6c7465f,a43342bc-a956-480b-8ef3-7b28e61c9b9b,2025-08-21T08:30:00,40e6ddd6-b8f6-4e17-8bd6-5e53966809d2,400,16,416
a9b609a2-554a-4a9e-957e-d9b6d8419e04,71972ade-a5de-461b-aac8-49774ccb1a4a,2025-08-21T08:32:00,4b6c2304-2b9e-41e4-942a-cf11a1819378,600,36,636
2de933e7-6b96-4428-bc16-a4c6b81b0d18,e6debecd-a5cf-4ced-957e-7fb31720480c,2025-08-21T08:32:00,40e6ddd6-b8f6-4e17-8bd6-5e53966809d2,600,24,624
aa1449fd-7b44-4d7f-be1e-4d49187b71ff,33d208d7-91f2-4d70-9f75-c1bf87481c15,2025-08-21T08:33:00,40e6ddd6-b8f6-4e17-8bd6-5e53966809d2,600,24,624
764208fa-375c-481f-a341-565f4b4e068e,438005c2-dd1d-48aa-8bfd-7fb06851b5f8,2025-08-21T08:34:00,4b6c2304-2b9e-41e4-942a-cf11a1819378,600,36,636
8bd96486-7ef3-4774-ba02-349c203ab756,63b6d2f8-4e38-4b4c-bf67-6651399b4453,2025-08-21T08:35:00,4b6c2304-2b9e-41e4-942a-cf11a1819378,600,36,636
513959d8-2606-4fe4-ac23-a3b3aab9c7ce,3cbc7f74-54e3-47c2-b02f-229f7ca60a5c,2025-08-21T08:38:00,40e6ddd6-b8f6-4e17-8bd6-5e53966809d2,400,16,416
7fd46bd8-7097-48c3-b7ee-fa0a21c9e527,132425e2-d22d-43aa-a372-e3d9bfd77f8c,2025-08-21T08:39:00,4b6c2304-2b9e-41e4-942a-cf11a1819378,700,42,742
2632fc85-3acf-4ae9-a919-d05959072c12,a5f46489-06cf-45af-9efd-dbd27067716c,2025-08-21T08:41:00,4b6c2304-2b9e-41e4-942a-cf11a1819378,500,30,530
5c7ed37e-8ce3-4f24-8a11-6f03efda868c,e77008c8-b7e1-4bb6-93d8-8383d6385531,2025-08-21T08:42:00,4b6c2304-2b9e-41e4-942a-cf11a1819378,700,42,742
2da3afc4-864d-4abe-949d-adc9c3700b4e,3483e39a-260f-4974-9366-50c2d833307f,2025-08-21T08:43:00,4b6c2304-2b9e-41e4-942a-cf11a1819378,600,36,636
8e738e27-6f01-4e9d-ada2-2eb83057d8a1,6f595044-c1c1-4b1b-8b9a-6ba836a7d845,2025-08-21T08:43:00,40e6ddd6-b8f6-4e17-8bd6-5e53966809d2,600,24,624
379956cf-bc26-45f1-bc1c-9e216eaa957b,83864095-dda9-4a16-ab3a-ba6429fa3dbd,2025-08-21T08:44:00,40e6ddd6-b8f6-4e17-8bd6-5e53966809d2,600,24,624
3d47e0f4-d5b9-4f51-ade7-9d62e7519876,8a77ab59-ae1e-4b71-ab66-66bda4615cfd,2025-08-21T08:45:00,4b6c2304-2b9e-41e4-942a-cf11a1819378,700,42,742
2d152bf7-b3a4-4df9-a358-744e8ffd93f1,0e4dbbf0-e4a8-4015-9595-c0b9bec0f9e5,2025-08-21T08:47:00,40e6ddd6-b8f6-4e17-8bd6-5e53966809d2,400,16,416
96c67023-66ab-49c1-8571-15694397d19e,7e2a9b35-5e70-4df4-889c-34732fd2ee32,2025-08-21T08:48:00,40e6ddd6-b8f6-4e17-8bd6-5e53966809d2,500,20,520
04c89694-a1ac-4986-96ea-404651ed8a32,b0fb926f-1c66-426d-b796-e9d801b13122,2025-08-21T08:48:00,40e6ddd6-b8f6-4e17-8bd6-5e53966809d2,700,28,728
647a6c7a-c83f-4825-8dc1-0765381026d0,71ed3bfb-d094-47b4-bd02-9589f31e4c1d,2025-08-21T08:50:00,4b6c2304-2b9e-41e4-942a-cf11a1819378,500,30,530
6a8bb92e-e8fa-4eef-8def-2c10ec3787c7,03410ea3-1e8a-40ef-9322-bc532f78f7ff,2025-08-21T08:50:00,40e6ddd6-b8f6-4e17-8bd6-5e53966809d2,600,24,624
14d4fe40-03f0-4266-ab51-e65d3a2b6552,2f76575f-2d85-40ca-8f3b-82b14debc678,2025-08-21T08:51:00,40e6ddd6-b8f6-4e17-8bd6-5e53966809d2,400,16,416
dc653cfd-7a92-47cd-8572-f1abe5d0702f,bd081d89-0320-4774-bb4c-798b6e253b0e,2025-08-21T08:52:00,4b6c2304-2b9e-41e4-942a-cf11a1819378,400,24,424
cab7ffc6-c004-4e9c-9122-4a990e44b278,e100dd4b-6c96-4036-88a6-8813aa5a718f,2025-08-21T08:52:00,40e6ddd6-b8f6-4e17-8bd6-5e53966809d2,500,20,520
009e5fd6-4f72-4510-8663-6a823c4fac2e,b65fff66-1997-4dd8-bc91-1349a415e4a0,2025-08-21T08:53:00,40e6ddd6-b8f6-4e17-8bd6-5e53966809d2,600,24,624
0d90e314-4538-42b8-873a-33bc12745efb,2aaf9fc4-0801-4163-8cc8-39558682f704,2025-08-21T08:56:00,4b6c2304-2b9e-41e4-942a-cf11a1819378,600,36,636
523f2613-51cc-4d72-b9cb-4749dfcc37e5,0855291e-0a0d-4e17-931b-beabbc173f85,2025-08-21T08:56:00,40e6ddd6-b8f6-4e17-8bd6-5e53966809d2,400,16,416
b22931e3-4f82-408f-8fde-b30592f91ccd,b4413ac0-2fc9-4c91-b188-71c109d9be8f,2025-08-21T09:01:00,4b6c2304-2b9e-41e4-942a-cf11a1819378,600,36,636
8dbfa01b-c77a-4f2f-8288-bea1192b79e8,8ebb4b7d-ed19-43be-a647-6c3a9a6a166a,2025-08-21T09:02:00,4b6c2304-2b9e-41e4-942a-cf11a1819378,500,30,530
7282f6c4-a080-48a4-b9fc-911fc894538b,b4cc95b0-6dbf-4264-a3ef-43fbbadf652a,2025-08-21T09:02:00,4b6c2304-2b9e-41e4-942a-cf11a1819378,600,36,636
b0c78af0-2a78-4b1a-a3f6-b94d5bb017a7,d63f06df-5e5d-4adc-b0a5-43b4bac6bf5c,2025-08-21T09:02:00,40e6ddd6-b8f6-4e17-8bd6-5e53966809d2,600,24,624
4216b98e-c954-4230-b12b-aa24c3d5eeeb,b5261e71-886e-4d78-8d1d-310ed9754704,2025-08-21T09:06:00,40e6ddd6-b8f6-4e17-8bd6-5e53966809d2,700,28,728
637fa30e-1621-4dbe-9763-f1603b4ef9c6,0327ed4c-b4a3-4746-9221-3bb172a05c50,2025-08-21T09:08:00,4b6c2304-2b9e-41e4-942a-cf11a1819378,600,36,636
34074fb2-7536-4469-9b07-9a48d9eaaa88,a57c96be-0b7a-41c6-bd9a-9330e20c497a,2025-08-21T09:11:00,4b6c2304-2b9e-41e4-942a-cf11a1819378,500,30,530
18353f9f-ae64-42a0-bd75-fdbe3975e948,701ab460-123c-42eb-bae0-fbe7a111ebd7,2025-08-21T09:12:00,40e6ddd6-b8f6-4e17-8bd6-5e53966809d2,400,16,416
d485801c-ae66-4826-86cd-54724f78f414,878f6e41-bcd7-4f18-aa89-90133272eafa,2025-08-21T09:18:00,4b6c2304-2b9e-41e4-942a-cf11a1819378,1700,102,1802
1a998c16-1961-4390-8b47-e1d508eec340,05fae288-07c2-4e99-a945-fa3fbfa123ed,2025-08-21T09:26:00,4b6c2304-2b9e-41e4-942a-cf11a1819378,600,36,636
18161d5a-a284-47de-95a3-e3718683a8d0,303bc5db-08d0-4431-b6df-29c80d0321da,2025-08-21T09:28:00,40e6ddd6-b8f6-4e17-8bd6-5e53966809d2,700,28,728
4ca6b179-3922-4e7b-a219-d57e59cdf2d1,e5873f83-602d-4424-9c5e-184c56c9d4ba,2025-08-21T09:34:00,40e6ddd6-b8f6-4e17-8bd6-5e53966809d2,600,24,624
89239a16-2773-4d39-a1f1-a9ac585fbf5c,1826e2e6-ccef-4719-8707-4c18ec953356,2025-08-21T09:37:00,4b6c2304-2b9e-41e4-942a-cf11a1819378,1100,65,1165
139aff83-f06f-4901-b75f-732f810f63fb,63b14504-d172-4e5e-b0fa-abd9cb43352e,2025-08-21T09:37:00,40e6ddd6-b8f6-4e17-8bd6-5e53966809d2,700,28,728
521aee9d-5084-416f-bd43-e0a9a7ad538d,5f22d013-c3f9-44a7-aeba-0975da12ffcc,2025-08-21T09:48:00,40e6ddd6-b8f6-4e17-8bd6-5e53966809d2,600,24,624
23938802-860a-4162-a449-d7b2e357c77c,e860f5d5-878c-468e-a446-059ba8434d4b,2025-08-21T09:50:00,4b6c2304-2b9e-41e4-942a-cf11a1819378,500,30,530
0978bd2d-1017-410a-8309-ba8353d1bb04,36df5a68-777a-4824-9342-f7f557e872ba,2025-08-21T09:51:00,4b6c2304-2b9e-41e4-942a-cf11a1819378,600,36,636
366796ae-17a8-4aed-b0fa-e2dabb3ee811,848c50eb-5e2a-4b53-b6b9-751bfad107b7,2025-08-21T09:51:00,4b6c2304-2b9e-41e4-942a-cf11a1819378,600,36,636
ab643657-5daa-45dd-a31c-1d1091d5eb7e,19d5ac88-a8cd-46b8-9f3d-d5ef3a0adfe2,2025-08-21T10:00:00,40e6ddd6-b8f6-4e17-8bd6-5e53966809d2,600,24,624
38128dd7-c691-4eb9-8abf-058d4de03481,2480125c-2d37-405c-96b9-ca32b2c75b33,2025-08-21T10:01:00,4b6c2304-2b9e-41e4-942a-cf11a1819378,700,42,742
ba841e72-19cc-41b5-9977-e3132f384b72,5daa5d95-314b-4f5e-8926-8d61c9d4daa1,2025-08-21T10:01:00,4b6c2304-2b9e-41e4-942a-cf11a1819378,500,30,530
7909fb6d-ee42-45cb-8c1d-d832095bb77c,94638355-4830-4837-8708-12531dc89dbf,2025-08-21T10:05:00,40e6ddd6-b8f6-4e17-8bd6-5e53966809d2,2200,88,2288
e6fb305b-2ce0-434c-b1c3-4f2ee9d4ed3c,120d57b9-de14-4717-aefe-ab126645435d,2025-08-21T10:05:00,40e6ddd6-b8f6-4e17-8bd6-5e53966809d2,1100,44,1144
456b1805-4101-4816-b273-361c4d179a56,827eed18-8ab1-4e5d-ab00-5d8ac9bb168b,2025-08-21T10:07:00,4b6c2304-2b9e-41e4-942a-cf11a1819378,400,24,424
ec4eceef-fb7f-48a3-96aa-731eb68c433c,1ed31084-8b68-49ca-91d6-7162d8521c02,2025-08-21T10:08:00,40e6ddd6-b8f6-4e17-8bd6-5e53966809d2,3000,120,3120
55075d0a-1c95-4a28-b9ba-ef503a2e863c,cd67e795-f5fa-470f-9a4f-4060d5951279,2025-08-21T10:10:00,40e6ddd6-b8f6-4e17-8bd6-5e53966809d2,500,20,520
341a4fde-eb7e-4797-837b-3321c0d7155a,d51ebab3-97b1-482d-9ccd-7368f01000f7,2025-08-21T10:19:00,4b6c2304-2b9e-41e4-942a-cf11a1819378,400,24,424
6615d4bd-eb55-48b9-9fec-7b7f0e7185d2,5960ff74-c2aa-4a55-9cee-c8f0532e2256,2025-08-21T10:22:00,40e6ddd6-b8f6-4e17-8bd6-5e53966809d2,600,24,624
9cab1f32-7444-4d95-b69d-3b7b07520fc7,dc634429-12c2-417d-b460-f3ed4903d539,2025-08-21T10:24:00,4b6c2304-2b9e-41e4-942a-cf11a1819378,1800,108,1908
95a706bf-c2b6-4f70-a50a-36527f0e01ed,07365e1d-9d4c-4185-859e-d5757178280c,2025-08-21T10:26:00,40e6ddd6-b8f6-4e17-8bd6-5e53966809d2,1500,60,1560
75d1ccb4-688a-4fe0-9987-cd1c4445bce4,117c9a65-4a4c-494f-8a54-64305d57c551,2025-08-21T10:27:00,4b6c2304-2b9e-41e4-942a-cf11a1819378,400,24,424
cbb52d7d-20af-44d4-bfa4-c64c044bac29,0488eb84-da07-441d-ba11-055850946457,2025-08-21T10:33:00,40e6ddd6-b8f6-4e17-8bd6-5e53966809d2,600,24,624
ab03c29a-0d00-4390-a11e-d29febd535fd,7d4b9dcb-d4ff-42fa-9c58-5657c61f4954,2025-08-21T10:42:00,40e6ddd6-b8f6-4e17-8bd6-5e53966809d2,600,24,624
5b6f2f97-1405-42ef-9e6d-578ae434b8f9,2347081e-7ae5-4085-a0d6-d1f551721f69,2025-08-21T10:43:00,40e6ddd6-b8f6-4e17-8bd6-5e53966809d2,700,28,728
05049acd-1d18-4da2-b0cf-1dfdfd2a2796,7863e37d-24c8-4e18-8730-ea7e2a65606d,2025-08-21T10:44:00,40e6ddd6-b8f6-4e17-8bd6-5e53966809d2,500,20,520
be8a1aed-2742-4e10-8b58-cb8205cdc230,10687c1c-9437-400c-a604-0e19882c65e1,2025-08-21T10:48:00,40e6ddd6-b8f6-4e17-8bd6-5e53966809d2,700,28,728
c954ecc6-9bfa-40d3-b2f1-2c788d0838ee,4b14013f-d7e7-44b8-a287-329bf6e298c3,2025-08-21T10:55:00,40e6ddd6-b8f6-4e17-8bd6-5e53966809d2,600,24,624
f898224a-8984-4b69-90be-a9d083d560cc,a970776b-59ce-47ec-9e77-946229a8be45,2025-08-21T10:56:00,4b6c2304-2b9e-41e4-942a-cf11a1819378,2200,131,2331
1808ae4a-443c-46a3-a59d-2d0c3eab7070,0c7084bc-19a5-4ad6-bb26-a25f9c09b324,2025-08-21T10:58:00,4b6c2304-2b9e-41e4-942a-cf11a1819378,1000,60,1060
0eb7027c-dc1c-470c-8cfd-a8c6f2822492,28a5a7b8-b34b-47a6-91f7-8e384d6b6f59,2025-08-21T11:00:00,4b6c2304-2b9e-41e4-942a-cf11a1819378,2400,144,2544
75e51f56-6076-4194-baf5-01cf38bdd657,83967256-31c2-4fcb-a61d-2378ac6f1ad6,2025-08-21T11:01:00,4b6c2304-2b9e-41e4-942a-cf11a1819378,2800,168,2968
e6649225-1b39-473a-9c01-a47b4075398b,6a9699dc-eba5-4045-9b96-91504f0cfe77,2025-08-21T11:02:00,40e6ddd6-b8f6-4e17-8bd6-5e53966809d2,700,28,728
d238ad4a-0862-4761-b084-176dcef0e9b1,14dec3ce-7570-4c3f-af8c-e9c0d74cfcd2,2025-08-21T11:06:00,40e6ddd6-b8f6-4e17-8bd6-5e53966809d2,500,20,520
c251a5e1-35c7-4ff3-af64-b03bf9898623,84f7f075-d17e-4662-a11c-bc80e28b12f5,2025-08-21T11:11:00,40e6ddd6-b8f6-4e17-8bd6-5e53966809d2,700,28,728
3f6c3703-ebef-492d-a8ce-8ddce720355a,c710ee81-7487-44d1-b65f-69a898acaf69,2025-08-21T11:14:00,40e6ddd6-b8f6-4e17-8bd6-5e53966809d2,700,28,728
d9cb492a-4586-44ba-8edd-5cf1735df2ea,ec4bebdf-042b-4c0a-9846-f86a1a9685e9,2025-08-21T11:18:00,40e6ddd6-b8f6-4e17-8bd6-5e53966809d2,2500,100,2600
1a132cc4-bfa5-46c3-bf64-8a3fa719cd2f,4d97e8a1-7720-4190-b326-dccfa2ec4426,2025-08-21T11:18:00,40e6ddd6-b8f6-4e17-8bd6-5e53966809d2,600,24,624
857e895a-a6e3-475f-8d6f-9b66b52f88ce,6bb3949d-b446-4beb-bcc9-01846e7ef85f,2025-08-21T11:19:00,4b6c2304-2b9e-41e4-942a-cf11a1819378,400,24,424
1fbd577a-fa27-446a-8be5-515bd85eaad4,03710ca1-feb1-4206-bd26-3bb8e6a1dac2,2025-08-21T11:19:00,4b6c2304-2b9e-41e4-942a-cf11a1819378,400,24,424
2bc2017f-0159-4ba6-8223-f534138ea1c3,30380af9-7c90-4e56-9717-61064c5ca79c,2025-08-21T11:19:00,40e6ddd6-b8f6-4e17-8bd6-5e53966809d2,600,24,624
5a3be792-6980-4977-b1b7-4c1faf13c0e6,f9f4d7f7-6884-4f0c-88d9-0d3432a666ca,2025-08-21T11:21:00,40e6ddd6-b8f6-4e17-8bd6-5e53966809d2,600,24,624
4d6813e8-14ed-4c29-ade9-201fdb0fd692,bbffd265-99c5-491d-a03e-fee1fec9e123,2025-08-21T11:22:00,40e6ddd6-b8f6-4e17-8bd6-5e53966809d2,3400,136,3536
c0446bf8-b96d-457d-b953-8f35f45aeb4d,13b24541-2c78-41cb-a6b6-e8713ab9a16f,2025-08-21T11:23:00,4b6c2304-2b9e-41e4-942a-cf11a1819378,400,24,424
58f5f8ad-b0fc-4d98-9121-d581ff6dea64,e7f5d853-30ed-4302-9303-e11752f57b2f,2025-08-21T11:23:00,4b6c2304-2b9e-41e4-942a-cf11a1819378,700,42,742
9246a198-8f99-4942-82c1-0769464823c0,298ca377-a08e-4e0d-91d6-b0b5aff14c1b,2025-08-21T11:24:00,40e6ddd6-b8f6-4e17-8bd6-5e53966809d2,400,16,416
e9df1f46-79da-4829-9202-728db51b5b82,1233e680-06d7-4b38-8c6e-796ef158556a,2025-08-21T11:25:00,4b6c2304-2b9e-41e4-942a-cf11a1819378,500,30,530
509b89d3-fbf9-4d8b-b3e5-c75371a72efb,50a2d1c4-d788-4498-a6f7-dd75d4db588f,2025-08-21T11:27:00,4b6c2304-2b9e-41e4-942a-cf11a1819378,800,48,848
c3083112-61dd-4433-9342-d20aeae302a2,c5ee9489-e7ea-4da3-9a86-b34c76f6d340,2025-08-21T11:27:00,40e6ddd6-b8f6-4e17-8bd6-5e53966809d2,400,16,416
84eda253-296f-4e7b-94a5-b2507433230c,3a1577eb-7860-498f-936a-da13e16cbd8c,2025-08-21T11:29:00,40e6ddd6-b8f6-4e17-8bd6-5e53966809d2,500,20,520
d7bd29c4-9602-4a55-862e-766e57a12592,b51ad0d8-7b4d-4859-8de9-fd9feb62c888,2025-08-21T11:30:00,40e6ddd6-b8f6-4e17-8bd6-5e53966809d2,700,28,728
da6ba42d-1e88-49ce-b9d3-7ab707917537,3fa371d4-77dd-4e91-9a2f-86801b001903,2025-08-21T11:33:00,4b6c2304-2b9e-41e4-942a-cf11a1819378,2300,138,2438
74094475-989b-4a62-8d94-76034bee6a6d,4feef355-aeb7-41f9-a391-7f991eeb7b15,2025-08-21T11:35:00,40e6ddd6-b8f6-4e17-8bd6-5e53966809d2,2100,84,2184
1bef0ee7-b32d-48ae-bf47-0698a67ab6a4,f55982fc-a2f7-407d-b845-3b32df0463f7,2025-08-21T11:45:00,4b6c2304-2b9e-41e4-942a-cf11a1819378,700,42,742
e06cbb7c-266a-4592-85e6-2e650d711896,8cef9627-37e9-4bad-a5d7-69f87f291c90,2025-08-21T11:46:00,4b6c2304-2b9e-41e4-942a-cf11a1819378,500,30,530
33421de2-43e3-4c84-9eea-7dac5760783e,795d2b23-6186-4d66-beb4-690083c579a2,2025-08-21T11:48:00,4b6c2304-2b9e-41e4-942a-cf11a1819378,500,30,530
5b2f3466-6667-4a44-a181-7747189cc735,96aa3e1c-ce39-4f76-b813-c9b4d59c0cdc,2025-08-21T11:48:00,40e6ddd6-b8f6-4e17-8bd6-5e53966809d2,500,20,520
e63a0203-9a8c-4602-9507-628af8f9d458,8d5d45b6-2bf0-4380-85a0-b73fcbc86e94,2025-08-21T11:50:00,4b6c2304-2b9e-41e4-942a-cf11a1819378,600,36,636
cd23c761-8f15-4a22-b22c-5dce6073038f,d23755ac-d315-4dfd-ae80-4fa042f7d833,2025-08-21T11:53:00,4b6c2304-2b9e-41e4-942a-cf11a1819378,600,36,636
139998b0-ba31-4313-836d-d92ca24cfbc8,3eaef1e6-c145-417b-875b-96a83a8a8dc8,2025-08-21T11:53:00,40e6ddd6-b8f6-4e17-8bd6-5e53966809d2,400,16,416
3cb56127-34dc-44c0-a78e-c2288981ee0e,9a689679-4c75-46ba-92d3-6b5b0c51a34a,2025-08-21T11:56:00,40e6ddd6-b8f6-4e17-8bd6-5e53966809d2,500,20,520
64700f2d-9eec-4084-96bc-294ae8635f03,631f0e93-e48f-414d-b220-0c466b7fc584,2025-08-21T11:58:00,40e6ddd6-b8f6-4e17-8bd6-5e53966809d2,600,24,624
30e9ad8f-4a2e-4913-b7e1-bcffca1652b6,f5e8b3ff-659d-4bc9-bdc6-6b7fe343bcab,2025-08-21T12:02:00,4b6c2304-2b9e-41e4-942a-cf11a1819378,2200,131,2331
51edef79-b0d4-4b55-948f-782127b782b3,6939d1d2-fba3-4888-8c53-6898bb73c26f,2025-08-21T12:03:00,40e6ddd6-b8f6-4e17-8bd6-5e53966809d2,600,24,624
fdf588fb-a88c-443e-bd3b-da38032a5a77,1bcdbd0d-0e2f-4fdf-a8d5-214d3b49c7e2,2025-08-21T12:11:00,40e6ddd6-b8f6-4e17-8bd6-5e53966809d2,600,24,624
8939fb5c-2c96-49cf-9532-c8a88086306b,96e4788e-210c-4cc9-97f7-b6b855134e0b,2025-08-21T12:12:00,4b6c2304-2b9e-41e4-942a-cf11a1819378,600,36,636
cc2da397-e1a5-4a6a-90e3-91ae32f134a4,3218db6b-84e5-453d-8de9-a966eecbacc6,2025-08-21T12:12:00,40e6ddd6-b8f6-4e17-8bd6-5e53966809d2,600,24,624
782c5e4b-4e2a-4a17-a590-67cc9432120e,899ea741-e615-4f9e-ad30-286f6f306f00,2025-08-21T12:13:00,4b6c2304-2b9e-41e4-942a-cf11a1819378,700,42,742
1b76561b-504a-4384-99cc-f60184c80079,e0df02ff-f788-4191-9881-df0d6c775206,2025-08-21T12:14:00,40e6ddd6-b8f6-4e17-8bd6-5e53966809d2,600,24,624
c252459b-74e7-430f-be59-ae07bc184e6a,7e7c62c1-b8a8-4e9a-ab94-81a82d76e3e5,2025-08-21T12:15:00,4b6c2304-2b9e-41e4-942a-cf11a1819378,600,36,636
6f4e9bdd-09ad-4c22-8b79-1cf7c8ebf59b,f0496969-2829-4c93-834d-07ef9042cd86,2025-08-21T12:17:00,4b6c2304-2b9e-41e4-942a-cf11a1819378,600,36,636
93731ad7-c18f-4697-abd0-4d25e07cb538,7bb8fda6-2726-4199-a7aa-ed27cdfff312,2025-08-21T12:19:00,4b6c2304-2b9e-41e4-942a-cf11a1819378,1200,72,1272
ab68f8bb-603a-4a79-befb-c2cd215e65d6,43317971-4c76-44db-9b97-011579286ea5,2025-08-21T12:21:00,4b6c2304-2b9e-41e4-942a-cf11a1819378,1400,84,1484
ec19bced-9d42-4d8e-85e6-c122b22d6353,7e52ce3f-191d-4d27-a0a8-76706fd6173c,2025-08-21T12:25:00,4b6c2304-2b9e-41e4-942a-cf11a1819378,500,30,530
258477c1-0e3c-497c-875c-5c8a76750ca7,9aaa8391-995f-4006-8413-c590098fc46a,2025-08-21T12:31:00,4b6c2304-2b9e-41e4-942a-cf11a1819378,600,36,636
e5b57354-7cad-4cad-b7e8-75b129fa7a12,ce73a9b8-27f8-4c9f-941c-4b99a646fb32,2025-08-21T12:32:00,4b6c2304-2b9e-41e4-942a-cf11a1819378,4200,252,4452
0baad85d-0daa-4ecb-8ed6-e1ab70516a07,bb9bad76-c7ec-4f36-842c-54c3bbb40467,2025-08-21T12:33:00,40e6ddd6-b8f6-4e17-8bd6-5e53966809d2,400,16,416
91f840f3-0469-4e21-a0d1-81cc4327755d,3e5dc535-3e67-47d0-8eed-547c7f51e8c9,2025-08-21T12:37:00,40e6ddd6-b8f6-4e17-8bd6-5e53966809d2,3800,152,3952
81283fa3-0c50-4fc8-b453-ead8118bf8de,2dbed2c3-1c68-4b90-a343-39b51de57b45,2025-08-21T12:39:00,4b6c2304-2b9e-41e4-942a-cf11a1819378,500,30,530
b6280f14-0785-4d14-bea0-960b82e26b71,875e080f-6237-421c-b26b-433b3b0c6584,2025-08-21T12:40:00,4b6c2304-2b9e-41e4-942a-cf11a1819378,500,30,530
7ec35ed7-e7fe-4dbe-989d-d11f0a311303,d88e53e9-6885-44c1-a0ce-e8ea44f2dcfc,2025-08-21T12:42:00,4b6c2304-2b9e-41e4-942a-cf11a1819378,600,36,636
65a73176-a9d1-4dd3-8098-f79df6ea2731,a98f640e-492a-445a-8a0d-7d444e98f1a9,2025-08-21T12:44:00,4b6c2304-2b9e-41e4-942a-cf11a1819378,1200,72,1272
88cbca6e-2fde-401d-9203-e3b8c7d1b625,a768163c-0781-430b-8703-ce1ce473c762,2025-08-21T12:45:00,40e6ddd6-b8f6-4e17-8bd6-5e53966809d2,400,16,416
c20c2a51-cf24-45dc-befa-c21ce412b5a4,6a7675ef-2c9d-4e2d-80c0-b5f38fffb6ea,2025-08-21T12:46:00,40e6ddd6-b8f6-4e17-8bd6-5e53966809d2,600,24,624
48fe38be-f2e7-469a-bdde-44d049ecad1f,6ffc9798-2bb6-43ca-823b-e9dda0935299,2025-08-21T12:47:00,4b6c2304-2b9e-41e4-942a-cf11a1819378,0,0,0
4fef0670-2c20-4151-82cb-819334a7ca06,6e4bc86a-7c8c-457f-bc7a-61c6187a18f4,2025-08-21T12:48:00,40e6ddd6-b8f6-4e17-8bd6-5e53966809d2,700,28,728
791c6c88-23eb-45d5-b021-d0e4c1259c6f,6fcd3399-b9d5-4ab0-9d50-385be83fec9c,2025-08-21T12:51:00,40e6ddd6-b8f6-4e17-8bd6-5e53966809d2,500,20,520
e6506977-5a55-4f57-bd63-2ddbda58fca3,c11308cb-8153-4e7b-9149-9b6b5c0aa137,2025-08-21T12:51:00,40e6ddd6-b8f6-4e17-8bd6-5e53966809d2,600,24,624
147a51ea-8323-48e9-b28a-70f190d619af,d6cf7caa-9dd8-48c6-b4ee-5a02f62bb280,2025-08-21T12:53:00,4b6c2304-2b9e-41e4-942a-cf11a1819378,700,42,742
a3cff2f3-caac-4104-b8cb-0fc3731d35d9,bbfdba43-2871-4e95-84d9-e2ff45960e7d,2025-08-21T12:56:00,4b6c2304-2b9e-41e4-942a-cf11a1819378,600,36,636
4b24ee9d-089b-4364-ac2b-3507935a2692,22a4c19e-c3ff-455d-8a3b-d4a9bd6b8334,2025-08-21T12:59:00,4b6c2304-2b9e-41e4-942a-cf11a1819378,400,24,424
07edf85f-de55-4e30-ac04-a6462942dd37,239409e0-b3ad-4bf6-ba7c-08628ee3cbee,2025-08-21T13:01:00,40e6ddd6-b8f6-4e17-8bd6-5e53966809d2,700,28,728
33859c00-a76d-43fd-99c6-ba68f0acc47d,167ce993-af12-4071-a5cb-fb3f09045741,2025-08-21T13:09:00,4b6c2304-2b9e-41e4-942a-cf11a1819378,600,36,636
907057bb-aa92-4006-9e03-eb7bfe66a914,dec2b1be-3447-4044-b4e3-17848dfd390e,2025-08-21T13:10:00,4b6c2304-2b9e-41e4-942a-cf11a1819378,700,42,742
2a5980a4-e8be-4667-9b44-2026117c786f,7c0459a0-2d38-460e-8653-72aefbf15570,2025-08-21T13:15:00,40e6ddd6-b8f6-4e17-8bd6-5e53966809d2,1800,72,1872
0c056012-c340-4c02-a73d-72fdd1142d20,4740d6a5-b760-477f-83d9-7d1c3e04f0ba,2025-08-21T13:17:00,40e6ddd6-b8f6-4e17-8bd6-5e53966809d2,700,28,728
3872af6d-d84d-4c02-8002-ef4805be9f71,066ca82d-85b8-45e6-b262-bac0bb3c0e21,2025-08-21T13:17:00,40e6ddd6-b8f6-4e17-8bd6-5e53966809d2,600,24,624
1bfa6e00-c7ee-4c72-9e3e-aea0fc2eb430,98c7adf1-31bc-45c1-85fb-dbf53b4a53e2,2025-08-21T13:23:00,4b6c2304-2b9e-41e4-942a-cf11a1819378,1800,108,1908
ad524070-cf80-43da-b20f-33af0ab3a143,5c3c91f4-9d48-426f-9862-e165bf8f616d,2025-08-21T13:23:00,4b6c2304-2b9e-41e4-942a-cf11a1819378,1800,108,1908
504cef30-39f0-464c-b66e-3d076900aaac,ef7f92e8-2f80-4e44-9e56-9ee276819791,2025-08-21T13:28:00,4b6c2304-2b9e-41e4-942a-cf11a1819378,600,36,636
aa251c22-7e99-43fb-9d6f-92faca546ee9,c64e9b29-2c3f-4a02-bf80-175c5a980c92,2025-08-21T13:28:00,4b6c2304-2b9e-41e4-942a-cf11a1819378,400,24,424
35392820-7cb1-49dd-b32d-47bd359b738d,254a6b6d-5dcb-4d20-88ce-e2e448935a93,2025-08-21T13:30:00,4b6c2304-2b9e-41e4-942a-cf11a1819378,700,42,742
1343eb5d-2762-4d53-a657-3dfad2278be4,b60e68c2-1b3c-4a8b-a056-a39fb4e6a320,2025-08-21T13:33:00,40e6ddd6-b8f6-4e17-8bd6-5e53966809d2,500,20,520
7c4664e9-eafb-4f84-911f-f0dc74eab1e8,d5e5a6a6-cb8d-4d62-8551-298dee7f1f9f,2025-08-21T13:42:00,4b6c2304-2b9e-41e4-942a-cf11a1819378,1200,72,1272
c105e453-95df-4ce4-96b0-eeae5367d573,270b35bf-74ca-4601-91d8-16fe5196ca5a,2025-08-21T13:42:00,40e6ddd6-b8f6-4e17-8bd6-5e53966809d2,1800,72,1872
59ba937b-fe36-4572-9947-0fc96e886396,f24f29fa-33e9-41e2-8965-ac4e39be3919,2025-08-21T13:45:00,4b6c2304-2b9e-41e4-942a-cf11a1819378,400,24,424
3ecb3d2d-9325-494d-aefd-fbec5ab7ccb7,c912d33f-5dc2-4ec9-a126-34b598046705,2025-08-21T13:47:00,4b6c2304-2b9e-41e4-942a-cf11a1819378,1100,65,1165
8038eba8-c663-48ba-a024-a1f23bfd6cc3,40da201b-b0f6-453a-97ca-b9d61306ad15,2025-08-21T13:48:00,4b6c2304-2b9e-41e4-942a-cf11a1819378,1200,72,1272
112c904d-2f08-49f0-af37-c871b7a8a84e,6a49a618-20de-4b7a-af94-1b4afeb9a85e,2025-08-21T13:53:00,4b6c2304-2b9e-41e4-942a-cf11a1819378,2200,131,2331
12ccd030-9201-479a-a9c7-496d8cf6131d,cd709ef0-753a-4968-b981-ab264708b37a,2025-08-21T13:53:00,40e6ddd6-b8f6-4e17-8bd6-5e53966809d2,400,16,416
7c641c6e-7400-4e63-95cd-75ce02312651,1380e029-b899-4413-a8da-0741720a6a06,2025-08-21T13:54:00,4b6c2304-2b9e-41e4-942a-cf11a1819378,400,24,424
07d524d8-8c70-48ec-8e0d-8c046b48faa7,3bfe5d2b-8ab3-473f-b56c-cdd86fff8877,2025-08-21T13:57:00,4b6c2304-2b9e-41e4-942a-cf11a1819378,3300,198,3498
38e121d6-af0c-4996-8c38-a4d9bc7b544b,40353a67-5df0-44ca-9c10-b42fab44c6f3,2025-08-21T13:59:00,4b6c2304-2b9e-41e4-942a-cf11a1819378,1800,108,1908
8d51a5f4-f314-412b-8027-a659d353fd6e,284f711a-5e5a-4929-bb5d-5ddba9a4a773,2025-08-21T13:59:00,40e6ddd6-b8f6-4e17-8bd6-5e53966809d2,700,28,728
f3c04b2a-d32f-42aa-9f2d-5ed5ccca4f6e,af3dbfea-4df6-42c8-9826-57806904f81c,2025-08-21T14:00:00,40e6ddd6-b8f6-4e17-8bd6-5e53966809d2,600,24,624
9126e743-9cdb-43ce-a20b-3256c826c629,06a161e4-302f-4ae9-b96b-2734ad33f946,2025-08-21T14:00:00,40e6ddd6-b8f6-4e17-8bd6-5e53966809d2,1800,72,1872
fe27b5a6-f9e5-4619-a33c-92c6c1790033,f8486fce-bc07-4a4f-a6e9-ed6a06ba996c,2025-08-21T14:03:00,4b6c2304-2b9e-41e4-942a-cf11a1819378,400,24,424
20bd25fe-1b61-46bf-a17d-30967111bfe5,efc6a229-f984-41c8-b741-83d9a46c5fd1,2025-08-21T14:03:00,4b6c2304-2b9e-41e4-942a-cf11a1819378,2500,150,2650
db3e4c06-28ab-4c7a-8cfa-8deb2c9e3255,2d4e6ed6-f081-4049-b92a-7792dbe97b89,2025-08-21T14:05:00,40e6ddd6-b8f6-4e17-8bd6-5e53966809d2,1600,64,1664
f963af2c-8f50-4762-8480-3d497d7c7d4f,191feb1d-2def-4cbf-a8f8-ee3eb3856ea2,2025-08-21T14:06:00,4b6c2304-2b9e-41e4-942a-cf11a1819378,500,30,530
7714a2f8-06aa-470b-88b4-238c8d39da9c,627b564c-f368-4634-b7f8-d7e1c5ee980a,2025-08-21T14:09:00,4b6c2304-2b9e-41e4-942a-cf11a1819378,1200,72,1272
39e00ef8-348f-46e1-9c73-19190922ce77,8e91d584-8798-4b43-a077-64b5334460b3,2025-08-21T14:09:00,40e6ddd6-b8f6-4e17-8bd6-5e53966809d2,1200,48,1248
f5394052-3fc0-47fa-9742-d7946198d8c1,9db0e79f-fdea-4290-ba7b-114141f33d1f,2025-08-21T14:11:00,4b6c2304-2b9e-41e4-942a-cf11a1819378,700,42,742
47627b30-1c57-4bf5-9f1c-5a0ac319f2c1,f7d61334-5d22-49f8-a022-903921239047,2025-08-21T14:12:00,40e6ddd6-b8f6-4e17-8bd6-5e53966809d2,600,24,624
c362637e-4986-495a-9b8a-1145b5571b1a,425be648-8195-4636-880e-d86e4cd8e38f,2025-08-21T14:18:00,40e6ddd6-b8f6-4e17-8bd6-5e53966809d2,2300,92,2392
69583a7b-3bc4-446d-afeb-e02dd62f1c64,fd788ea1-7f9f-477b-b5fa-9a64962eb7f0,2025-08-21T14:26:00,4b6c2304-2b9e-41e4-942a-cf11a1819378,1900,113,2013
61f8dec2-af2c-464a-b7a3-94d04e78e8e8,187d49e0-634f-4e10-a10c-3b0be7408be0,2025-08-21T14:30:00,4b6c2304-2b9e-41e4-942a-cf11a1819378,600,36,636
6457ccce-dbd2-432f-b944-ddceb1e116ab,bf32ccad-096c-457c-9147-6f220d46e227,2025-08-21T14:30:00,4b6c2304-2b9e-41e4-942a-cf11a1819378,700,42,742
8cbf184d-9fda-48e9-9cfc-74999afda4fe,758d0e66-e551-46a4-b8f9-0a98d7161e93,2025-08-21T14:30:00,40e6ddd6-b8f6-4e17-8bd6-5e53966809d2,600,24,624
c1f7da4d-ef69-4a36-b496-1dcf4ba191ab,3f3af4f6-a87b-4f03-8669-2e1a8e3c6d8b,2025-08-21T14:32:00,4b6c2304-2b9e-41e4-942a-cf11a1819378,500,30,530
1a0fece1-de3c-47a1-8656-7ee032a103a8,40c4aa0f-6d19-4084-820c-5764f87d9184,2025-08-21T14:32:00,4b6c2304-2b9e-41e4-942a-cf11a1819378,400,24,424
0fd1000c-1ddc-4df9-adb9-ebb488ccef0c,7e06ea60-a336-46ee-a77d-ca114267af0d,2025-08-21T14:34:00,4b6c2304-2b9e-41e4-942a-cf11a1819378,700,42,742
5a2861b3-be8d-49a3-ace9-b518f43b81f1,18b69140-479d-44b6-8369-04a49414f975,2025-08-21T14:37:00,4b6c2304-2b9e-41e4-942a-cf11a1819378,1800,108,1908
86af2e9a-f7e9-4c45-a844-89196328d068,90b6264d-1278-47c8-a418-6498aac365ba,2025-08-21T14:38:00,4b6c2304-2b9e-41e4-942a-cf11a1819378,600,36,636
8844e53b-945e-435b-af12-f8ddd0c7a6f2,6afcdfd4-7162-4241-9932-0cf1f3a2b6e7,2025-08-21T14:38:00,40e6ddd6-b8f6-4e17-8bd6-5e53966809d2,500,20,520
8534c3c3-7fe6-4ab6-8485-2fc14bdc1f31,43086963-8392-432e-84e0-ef1902202b4c,2025-08-21T14:44:00,4b6c2304-2b9e-41e4-942a-cf11a1819378,1000,60,1060
cabca2c0-51c5-4ba8-89be-210313da7c67,8f34cf8e-4ab5-436b-b34d-d43e654c8d6b,2025-08-21T14:50:00,40e6ddd6-b8f6-4e17-8bd6-5e53966809d2,1500,60,1560
b28a28fc-1f22-4762-8db7-2d3407a491fe,46d34d7f-a3a4-4386-89ba-fa5ac15e5a69,2025-08-21T14:53:00,40e6ddd6-b8f6-4e17-8bd6-5e53966809d2,700,28,728
0b7e795e-3e54-4202-b020-30a174055ebe,b30877a4-5c8f-4cdb-94ea-3569b516061a,2025-08-21T14:57:00,40e6ddd6-b8f6-4e17-8bd6-5e53966809d2,500,20,520
792b62de-b4e8-4052-8c77-46ae1853e2a5,c9d0d7ff-0b5c-4b60-ac5e-0389909cf62a,2025-08-21T14:58:00,40e6ddd6-b8f6-4e17-8bd6-5e53966809d2,700,28,728
04f911de-bc02-4742-9048-6da4f530bc98,47e4f30d-f965-45df-8474-93d5aeaf7cb2,2025-08-21T15:02:00,4b6c2304-2b9e-41e4-942a-cf11a1819378,600,36,636
778c1271-4331-4731-a6bf-25d3b30550b1,dcddb844-390f-4861-a4ee-0a32b75bb218,2025-08-21T15:05:00,40e6ddd6-b8f6-4e17-8bd6-5e53966809d2,1000,40,1040
0162fc91-b9c3-48d2-9ac7-4589cff5be12,27e89b40-f32c-4604-8a79-6d1613bde382,2025-08-21T15:14:00,4b6c2304-2b9e-41e4-942a-cf11a1819378,1800,108,1908
2f127236-7ef2-4365-99d5-346e6b49ab8c,19a91b0b-51dc-434f-978a-177588409f99,2025-08-21T15:18:00,4b6c2304-2b9e-41e4-942a-cf11a1819378,600,36,636
8a153a75-f78a-449b-8177-3f4671087360,5d5ea9b6-fefd-4e25-850a-9c2d365e7e27,2025-08-21T15:21:00,4b6c2304-2b9e-41e4-942a-cf11a1819378,1300,78,1378
36f371bd-4210-4c22-b7bc-c19ec2392ba2,86fb0f27-e52e-40a4-8499-5f1610574213,2025-08-21T15:28:00,40e6ddd6-b8f6-4e17-8bd6-5e53966809d2,600,24,624
7d3fbbc4-d21d-4c37-bd66-02db43866bcc,bbce772f-b9b7-49f2-b79e-fa5d953ced6b,2025-08-21T15:36:00,4b6c2304-2b9e-41e4-942a-cf11a1819378,2100,126,2226
7079ab05-bb68-4114-b34e-2a5c1722be16,b8cf5c4c-27e2-4106-9058-eb38559661e0,2025-08-21T15:36:00,40e6ddd6-b8f6-4e17-8bd6-5e53966809d2,600,24,624
e6302c86-ea63-4ed5-84d8-a16b610b46d0,10d7cb3c-5a86-4eae-9da6-611ddf67fdd8,2025-08-21T15:43:00,4b6c2304-2b9e-41e4-942a-cf11a1819378,700,42,742
400d0a36-0b8b-4363-9b27-fbf232a4c21b,11498734-cebc-4784-a055-6bd08a18f1dc,2025-08-21T15:46:00,40e6ddd6-b8f6-4e17-8bd6-5e53966809d2,1400,56,1456
0899cbbd-3110-47bb-a76b-b1d7d252dc7f,6f80c5c6-04ed-4548-83b7-aee06e3700c4,2025-08-21T15:47:00,40e6ddd6-b8f6-4e17-8bd6-5e53966809d2,400,16,416
9bdc7e84-79ea-49d9-bc3a-e56ccf21dc4a,6aff094b-52ed-46fe-8904-5752ec7e76ec,2025-08-21T15:52:00,40e6ddd6-b8f6-4e17-8bd6-5e53966809d2,1200,48,1248
54afec58-c468-4b45-9266-c938eb6d6386,2e2960d6-f2e9-4048-b234-fb21f0f72405,2025-08-21T15:54:00,40e6ddd6-b8f6-4e17-8bd6-5e53966809d2,1900,76,1976
8d4534bb-8ce1-49d1-8047-191499bee2a6,4cd79f83-9fc7-43e4-a4c1-89402b7124e1,2025-08-21T15:55:00,4b6c2304-2b9e-41e4-942a-cf11a1819378,1200,72,1272
c0782648-fa4c-4090-ab09-ca9310e8bd5a,4423c47b-1f8b-4df4-bfe9-531cd8e6441b,2025-08-21T15:56:00,40e6ddd6-b8f6-4e17-8bd6-5e53966809d2,2200,88,2288
bcf41840-0ad3-4875-a7e1-a7f9ff0495bc,58491188-36e5-4fb3-ab3b-514e78a270a6,2025-08-21T15:58:00,4b6c2304-2b9e-41e4-942a-cf11a1819378,700,42,742
0f16891c-c146-4a33-a52b-8103c892da02,8e6a03da-15e7-44e8-bec1-426b65edb389,2025-08-21T15:58:00,40e6ddd6-b8f6-4e17-8bd6-5e53966809d2,1100,44,1144
65aeb201-e622-4510-80e5-d9f0c6211658,f714d574-6aed-4017-952f-ff5bc4155939,2025-08-21T16:02:00,40e6ddd6-b8f6-4e17-8bd6-5e53966809d2,600,24,624
4055d129-227f-43a6-82dd-ee5eb3320fc8,ba2bf5e1-4b63-4bb3-b83a-f10438f84258,2025-08-21T16:05:00,40e6ddd6-b8f6-4e17-8bd6-5e53966809d2,600,24,624
8809f018-c55c-4624-b8b8-7938f11dde84,21e6a119-3caa-43ab-9905-08bda65f8493,2025-08-21T16:09:00,40e6ddd6-b8f6-4e17-8bd6-5e53966809d2,1800,72,1872
731add84-b520-460b-b694-97a2096e6676,eefcf9f0-dbd0-4907-a619-121deeb825dc,2025-08-21T16:15:00,40e6ddd6-b8f6-4e17-8bd6-5e53966809d2,500,20,520
d191c1af-45e6-4fb5-a889-82dd7629c918,013b644d-5645-44bd-8ca3-d7d254b2ba18,2025-08-21T16:16:00,4b6c2304-2b9e-41e4-942a-cf11a1819378,400,24,424
788c71c5-67c9-4b54-9211-c4d389bb273b,49c4bc11-2495-438d-9b87-3c395574433f,2025-08-21T16:19:00,40e6ddd6-b8f6-4e17-8bd6-5e53966809d2,600,24,624
7b005547-0b5f-4f39-9557-7999cf4c65dc,bbe9e834-7071-42d6-8970-aa7301b72ec2,2025-08-21T16:23:00,4b6c2304-2b9e-41e4-942a-cf11a1819378,700,42,742
01b76746-6060-4bde-9556-f91ae43211af,d2d5925b-c91a-440d-a613-0c76f88845cc,2025-08-21T16:32:00,40e6ddd6-b8f6-4e17-8bd6-5e53966809d2,2100,84,2184
aa11ba29-c1b3-459b-9baf-270a873e296f,4d481210-54e4-4e94-80f3-81ba408de5a5,2025-08-21T16:34:00,40e6ddd6-b8f6-4e17-8bd6-5e53966809d2,1600,64,1664
9e10149a-b232-4b74-88f9-f228c944ecd8,da9de603-2c96-4356-820d-7c1e9ac4dde7,2025-08-21T16:41:00,40e6ddd6-b8f6-4e17-8bd6-5e53966809d2,500,20,520
12ba919a-eacf-44a1-bf35-f64eb0613b49,fe2e9f59-c77b-4756-ad2e-fe864a560344,2025-08-21T16:42:00,4b6c2304-2b9e-41e4-942a-cf11a1819378,500,30,530
3ab1e3c2-66bf-4b99-a1f2-d042801f1fa3,d82c6a2f-7e02-40de-81c3-c42ef14d8460,2025-08-21T17:01:00,4b6c2304-2b9e-41e4-942a-cf11a1819378,1700,102,1802
5fdd9c45-ee04-44b1-9e16-2f876e6aa445,34b17474-7fef-4a04-8009-f83028f66521,2025-08-21T17:02:00,4b6c2304-2b9e-41e4-942a-cf11a1819378,500,30,530
fa5207fb-ba49-4fba-add9-e800fcda7af0,7d0a9ece-1d73-43ea-98e7-8bbe21e890ec,2025-08-21T17:15:00,4b6c2304-2b9e-41e4-942a-cf11a1819378,2000,120,2120
2766606f-2b5e-4e5a-bc10-b950807ea065,9813cce1-ec92-4b06-b6e3-ed8a73e34436,2025-08-21T17:17:00,40e6ddd6-b8f6-4e17-8bd6-5e53966809d2,2000,80,2080
1fc88b61-059e-4f84-9d2c-a8af4522875b,f962820d-d110-4903-9fbd-86a2ba5a9687,2025-08-21T17:18:00,40e6ddd6-b8f6-4e17-8bd6-5e53966809d2,400,16,416
052bc594-d508-40af-98c2-001d5ea23a02,c37c5233-7b26-4427-8ed9-ce36cc9ceb00,2025-08-21T18:04:00,40e6ddd6-b8f6-4e17-8bd6-5e53966809d2,600,24,624
c8d41cd9-a3ff-496b-a6a6-458e30c0283f,8e5c2f29-44ce-4f60-b818-8b728f60b79b,2025-08-21T18:07:00,40e6ddd6-b8f6-4e17-8bd6-5e53966809d2,1700,68,1768
8ae1dcf4-597b-4c74-895f-39dffa1cc85e,3d0d96e7-a6da-4e11-a509-76b813d466f5,2025-08-21T18:19:00,4b6c2304-2b9e-41e4-942a-cf11a1819378,500,30,530
62f3ed51-127f-4a50-8882-67c0299d20f3,358fc32a-8446-4c62-b4a1-92b145a689e8,2025-08-21T18:22:00,4b6c2304-2b9e-41e4-942a-cf11a1819378,1800,108,1908
cf4b8469-ab19-438d-8777-d81f45bd104a,7c66bbce-e687-4e15-be85-d960c3de159b,2025-08-21T18:28:00,40e6ddd6-b8f6-4e17-8bd6-5e53966809d2,700,28,728
1e8b07e5-a802-4a3a-bb68-e8aca4cd3c4c,4126c950-a88a-4305-895c-96d7e076897e,2025-08-21T18:29:00,4b6c2304-2b9e-41e4-942a-cf11a1819378,1300,78,1378
36580965-91c9-4001-a3d9-ef06fd387d5e,66dda3b2-66cf-4b2b-90b2-91abe28f6aa4,2025-08-21T18:30:00,4b6c2304-2b9e-41e4-942a-cf11a1819378,500,30,530
5dd2908c-b079-4e1b-89bd-b375b764bf11,3870073a-f764-4a2b-bc64-18e4569bf784,2025-08-21T18:36:00,4b6c2304-2b9e-41e4-942a-cf11a1819378,500,30,530
1b917b95-c0c8-4807-a716-b6b2447f4441,8dcd5fa7-1a1d-413e-9468-5f4b02f2f3fe,2025-08-22T07:00:00,40e6ddd6-b8f6-4e17-8bd6-5e53966809d2,600,24,624
74f03f19-08f6-4698-bcc8-387803c78d4f,6939d1d2-fba3-4888-8c53-6898bb73c26f,2025-08-22T07:00:00,40e6ddd6-b8f6-4e17-8bd6-5e53966809d2,1500,60,1560
77eb33e0-d9c0-4022-9296-c829742211dd,1b25718d-795f-4b30-a424-50167ae8c0ad,2025-08-22T07:00:00,40e6ddd6-b8f6-4e17-8bd6-5e53966809d2,400,16,416
8be4eb26-05bf-412e-a5e3-76d4a509c099,1a1fa253-a2de-457a-9397-7c6c80d5d589,2025-08-22T07:00:00,40e6ddd6-b8f6-4e17-8bd6-5e53966809d2,700,28,728
e68e9184-a999-4bdd-aeca-4291f8906cfa,f1c1c41c-e3ac-4d0f-9604-06a648c54aa4,2025-08-22T07:00:00,40e6ddd6-b8f6-4e17-8bd6-5e53966809d2,400,16,416
658eed0d-4eec-4019-8f16-5294be0315c0,388a03fa-6bff-4153-afbb-2349b43c876e,2025-08-22T07:01:00,40e6ddd6-b8f6-4e17-8bd6-5e53966809d2,600,24,624
970e1449-a79a-4def-9040-24e6e6c707b6,cfefbf12-9a5a-4d61-a708-d92f785af097,2025-08-22T07:04:00,4b6c2304-2b9e-41e4-942a-cf11a1819378,500,30,530
6354e7a8-649e-4ba3-be6a-ca1fef1fb673,779b7f09-bfd0-4ab7-a46f-9f6eecb13030,2025-08-22T07:05:00,40e6ddd6-b8f6-4e17-8bd6-5e53966809d2,500,20,520
65957900-adee-4120-aa6b-94b81f592320,4acffd44-9d77-4c09-afdb-e7f93ee5518b,2025-08-22T07:07:00,4b6c2304-2b9e-41e4-942a-cf11a1819378,600,36,636
274a2561-42ba-493c-b2eb-2f6e443ab1b7,fad2c57b-c35e-4270-8d10-2f067a5ee2b7,2025-08-22T07:07:00,40e6ddd6-b8f6-4e17-8bd6-5e53966809d2,500,20,520
57b08b10-7c65-43cd-90b1-6ef0867c980b,f4c0d073-250c-455a-a84a-848e56ae7048,2025-08-22T07:09:00,40e6ddd6-b8f6-4e17-8bd6-5e53966809d2,600,24,624
f4bfe458-494c-48c9-a5d0-c15ff0f9f053,bd081d89-0320-4774-bb4c-798b6e253b0e,2025-08-22T07:12:00,4b6c2304-2b9e-41e4-942a-cf11a1819378,600,36,636
69b44489-3f9d-4d8c-9f8d-57d0b3cdae6b,8e119f8a-036b-4da9-bbae-98ab4fb61e2f,2025-08-22T07:13:00,40e6ddd6-b8f6-4e17-8bd6-5e53966809d2,500,20,520
1c1f88be-cdab-4b59-8b68-68015f1fdf68,8ebb4b7d-ed19-43be-a647-6c3a9a6a166a,2025-08-22T07:16:00,4b6c2304-2b9e-41e4-942a-cf11a1819378,600,36,636
cbe5ba87-21c8-4a41-b091-bd947a6538bb,71972ade-a5de-461b-aac8-49774ccb1a4a,2025-08-22T07:17:00,4b6c2304-2b9e-41e4-942a-cf11a1819378,600,36,636
8b78945f-f720-4a85-940f-a73b6fffd7fa,5b6d3273-0554-4f9d-bc05-2157626c1ad0,2025-08-22T07:17:00,40e6ddd6-b8f6-4e17-8bd6-5e53966809d2,600,24,624
9e7fcb93-6299-41a9-b1bb-4f671bb0f48f,84ee8f13-e5a2-4988-8f65-daa65801c5d1,2025-08-22T07:18:00,4b6c2304-2b9e-41e4-942a-cf11a1819378,500,30,530
b7accf73-a52b-4e62-b700-c45821a05ca2,97bbee89-2209-4d9a-9f20-d3327baf7efe,2025-08-22T07:18:00,40e6ddd6-b8f6-4e17-8bd6-5e53966809d2,600,24,624
3269da21-ef2d-481b-a33b-315a95f4359b,f714d574-6aed-4017-952f-ff5bc4155939,2025-08-22T07:20:00,40e6ddd6-b8f6-4e17-8bd6-5e53966809d2,600,24,624
eb9bcca1-a769-4329-92a4-7d68b01ecbfe,bb0bc182-b8f7-4f26-b794-dca522dd4cec,2025-08-22T07:22:00,4b6c2304-2b9e-41e4-942a-cf11a1819378,600,36,636
1ef33baf-b78e-4f9b-b21d-e26a61fff4d0,ff29ece6-95da-4800-acd2-b14950a339dd,2025-08-22T07:22:00,4b6c2304-2b9e-41e4-942a-cf11a1819378,700,42,742
222dc8e1-9792-4a85-bacc-3f67b6f190ea,3e28e5b6-fe21-474e-b5bc-95ac85c187ad,2025-08-22T07:22:00,4b6c2304-2b9e-41e4-942a-cf11a1819378,500,30,530
0f06a7a0-de0a-4441-942b-ae2b1f2e3daa,a3d91be1-b5d9-4d3c-bdd8-ab49cd378f30,2025-08-22T07:22:00,4b6c2304-2b9e-41e4-942a-cf11a1819378,600,36,636
93bfb1aa-a64e-421b-853e-3b9fb1681b7d,7767d63a-0293-4866-ae0a-724670463aa1,2025-08-22T07:22:00,40e6ddd6-b8f6-4e17-8bd6-5e53966809d2,500,20,520
03614de6-ec97-4fea-a7bb-bfab294ff616,bab8979a-8cd9-477b-bbd7-2e1dbab88437,2025-08-22T07:24:00,4b6c2304-2b9e-41e4-942a-cf11a1819378,600,36,636
8c9e802f-8165-43e7-b643-b591a392cfe6,73d9c423-e9d4-428f-bfaa-b073b2c1f454,2025-08-22T07:24:00,40e6ddd6-b8f6-4e17-8bd6-5e53966809d2,700,28,728
88bc6c60-a898-4354-8345-1c8fad38d59c,2661b9e7-3b2c-40ea-b349-251363d10a4e,2025-08-22T07:24:00,40e6ddd6-b8f6-4e17-8bd6-5e53966809d2,400,16,416
7bcfbb61-62ff-4c0e-b14a-fa8d748086f8,314d5517-f29b-49b2-a076-3abe12756120,2025-08-22T07:27:00,40e6ddd6-b8f6-4e17-8bd6-5e53966809d2,600,24,624
1ae0e6df-14ab-4934-b087-13331f4afaf9,36708614-1e24-453b-8593-b03eb1a7c5b8,2025-08-22T07:27:00,40e6ddd6-b8f6-4e17-8bd6-5e53966809d2,600,24,624
2348fe55-57a4-4af3-b3f9-f39f3c73c7db,2aaf9fc4-0801-4163-8cc8-39558682f704,2025-08-22T07:28:00,4b6c2304-2b9e-41e4-942a-cf11a1819378,500,30,530
0c926ea7-3984-4acb-880e-0d20681a473a,aef5051b-ee62-4974-994d-fbb200c5f89c,2025-08-22T07:31:00,40e6ddd6-b8f6-4e17-8bd6-5e53966809d2,600,24,624
784ad445-83d7-4e53-a1c9-c018b680c37e,5b070f80-9227-43fd-951b-4c758d20070e,2025-08-22T07:32:00,40e6ddd6-b8f6-4e17-8bd6-5e53966809d2,400,16,416
581b7701-6f8a-4395-a2db-409163b92e80,8e5821f5-d035-421b-a56a-6ed02c100432,2025-08-22T07:33:00,4b6c2304-2b9e-41e4-942a-cf11a1819378,600,36,636
2d1122b3-cfb1-4512-95fd-b29902547058,a43342bc-a956-480b-8ef3-7b28e61c9b9b,2025-08-22T07:33:00,40e6ddd6-b8f6-4e17-8bd6-5e53966809d2,700,28,728
c3ef6a46-2f47-41ce-b3d3-79c9e146de61,f419edd5-8bb5-4809-8cfc-599ab209f6da,2025-08-22T07:33:00,40e6ddd6-b8f6-4e17-8bd6-5e53966809d2,500,20,520
17577130-3e64-4b2d-b452-2ea2072e1a20,890861ac-5e77-4568-aaff-807b37e6f872,2025-08-22T07:34:00,4b6c2304-2b9e-41e4-942a-cf11a1819378,700,42,742
f67f0226-9d23-43ca-b224-3e42a8909e91,6b9cd81e-126c-4c53-b6b5-575d78951256,2025-08-22T07:34:00,4b6c2304-2b9e-41e4-942a-cf11a1819378,600,36,636
842e43ae-aee8-462c-83d2-ac0187aed045,5a62f2b9-646a-4b84-b570-661ca33a139f,2025-08-22T07:34:00,40e6ddd6-b8f6-4e17-8bd6-5e53966809d2,600,24,624
bcc57d9a-e9e6-445c-8949-0593a40badf2,c108b321-1696-4fbd-8457-87fd61ca65d8,2025-08-22T07:34:00,40e6ddd6-b8f6-4e17-8bd6-5e53966809d2,400,16,416
53f76f68-1b5c-4f85-9069-563924c2b818,8d5fa184-5966-49ce-b3e7-4acfaba98bfd,2025-08-22T07:34:00,40e6ddd6-b8f6-4e17-8bd6-5e53966809d2,400,16,416
62d9ede7-bbd0-468b-b8e9-7e53080c7ed4,3810f8e6-9278-4c26-9be0-d6d6c35fe477,2025-08-22T07:35:00,4b6c2304-2b9e-41e4-942a-cf11a1819378,600,36,636
410e807e-dd35-4b90-953b-ec9f860b5b51,2f76575f-2d85-40ca-8f3b-82b14debc678,2025-08-22T07:35:00,40e6ddd6-b8f6-4e17-8bd6-5e53966809d2,700,28,728
e85688e2-2dba-4601-87b8-af329869c344,bbe44e0a-dc83-4c13-a357-89d0c4f06f29,2025-08-22T07:35:00,40e6ddd6-b8f6-4e17-8bd6-5e53966809d2,500,20,520
d16f6836-8cb8-49c0-b87c-f4c418868ede,b2310c7d-702b-4e62-b938-3b19262bd9e9,2025-08-22T07:35:00,40e6ddd6-b8f6-4e17-8bd6-5e53966809d2,600,24,624
db2916e7-a9bd-4b4f-9004-b32d558636fd,b4413ac0-2fc9-4c91-b188-71c109d9be8f,2025-08-22T07:36:00,4b6c2304-2b9e-41e4-942a-cf11a1819378,500,30,530
772eac53-41a6-4f31-88f6-282bce9274c8,2a26f327-c9ef-40f4-bb8c-c809417caad1,2025-08-22T07:36:00,4b6c2304-2b9e-41e4-942a-cf11a1819378,700,42,742
fb29e235-1f33-4535-9dac-12c8c34b4a37,0000bd8e-496c-42aa-9430-fea7f9bd6a96,2025-08-22T07:37:00,4b6c2304-2b9e-41e4-942a-cf11a1819378,400,24,424
c2bf6ded-736b-4002-b824-7233800bceea,2977486c-8467-4a72-a290-db87a9022320,2025-08-22T07:37:00,4b6c2304-2b9e-41e4-942a-cf11a1819378,700,42,742
e2f53afd-728d-4e80-9f40-6aaf35f8c2f4,d84ec4ed-ae05-416c-9cbe-eace4567132d,2025-08-22T07:37:00,4b6c2304-2b9e-41e4-942a-cf11a1819378,400,24,424
6233cb5d-91a1-4dea-bbdb-78aaccca3733,661d2fc6-9fa2-4c79-9d19-44c73cb68448,2025-08-22T07:37:00,40e6ddd6-b8f6-4e17-8bd6-5e53966809d2,600,24,624
c40edadd-ed34-4448-b5d2-2ba27230064e,6faa20a4-1e8f-43a8-9a45-33ae5f675190,2025-08-22T07:38:00,4b6c2304-2b9e-41e4-942a-cf11a1819378,600,36,636
6ce72f87-d36a-41ff-b2a5-e4ccbabcd3b8,d6914b8f-0d72-4044-a61b-055adb02f005,2025-08-22T07:38:00,40e6ddd6-b8f6-4e17-8bd6-5e53966809d2,400,16,416
c1f81952-6661-4d2b-af9a-50c53fe25e7a,ead66f31-3437-42c5-9145-8281898ce326,2025-08-22T07:39:00,4b6c2304-2b9e-41e4-942a-cf11a1819378,700,42,742
2565fff9-e21a-4e3b-b205-202f3e21002e,64fec69e-52e2-471f-9fbc-7a8e33f991bd,2025-08-22T07:40:00,4b6c2304-2b9e-41e4-942a-cf11a1819378,600,36,636
716bd5c4-b7a9-4700-8d07-90eb89dc7a6a,2f771a5a-3d76-48e3-985b-b7e91e092c46,2025-08-22T07:42:00,40e6ddd6-b8f6-4e17-8bd6-5e53966809d2,500,20,520
bebbeddb-377f-493c-a35a-7639d89263d3,b0fb926f-1c66-426d-b796-e9d801b13122,2025-08-22T07:42:00,40e6ddd6-b8f6-4e17-8bd6-5e53966809d2,600,24,624
0c31787a-5a1b-40a5-8f8e-e7ff927376ea,b761dca2-f8ff-4709-b645-9b0591dfa353,2025-08-22T07:43:00,4b6c2304-2b9e-41e4-942a-cf11a1819378,600,36,636
77cdbc9f-d6e8-4c29-abd7-b4d38cd76d4c,866ec748-2021-45f8-9170-6c393fca1e65,2025-08-22T07:43:00,40e6ddd6-b8f6-4e17-8bd6-5e53966809d2,700,28,728
8cec70bb-4a94-420f-a6a9-6e89d2349fd2,53352c2c-02b9-41af-b276-94d6d22379fe,2025-08-22T07:44:00,40e6ddd6-b8f6-4e17-8bd6-5e53966809d2,400,16,416
b77e2d6e-8c14-4fbe-8a75-0a862613c939,e58c63e7-69a9-49cb-947e-5841010ca567,2025-08-22T07:45:00,4b6c2304-2b9e-41e4-942a-cf11a1819378,700,42,742
2d15f359-0c23-44db-850d-9839a369af14,8fe1e8f7-9891-4978-ae6c-34234f35c728,2025-08-22T07:45:00,40e6ddd6-b8f6-4e17-8bd6-5e53966809d2,700,28,728
4865a27d-0f68-4cba-883b-fbcaf036b405,49a68f77-776a-4b4b-b668-48e489f414ae,2025-08-22T07:45:00,40e6ddd6-b8f6-4e17-8bd6-5e53966809d2,600,24,624
37678eb7-6074-4967-bd34-06181ba57804,861181e6-5d97-48a8-bbe4-226caa976140,2025-08-22T07:46:00,4b6c2304-2b9e-41e4-942a-cf11a1819378,400,24,424
5163c2d2-f641-4754-aa35-ce2960055252,8a77ab59-ae1e-4b71-ab66-66bda4615cfd,2025-08-22T07:47:00,4b6c2304-2b9e-41e4-942a-cf11a1819378,400,24,424
b345ff62-fb9f-4c09-8c53-0f1f89b92f26,87a00a98-1d65-4fba-92f9-41ac07bce2bd,2025-08-22T07:47:00,40e6ddd6-b8f6-4e17-8bd6-5e53966809d2,600,24,624
5889a89f-c2ec-47a0-95c0-a6a85e642960,300faed1-594b-427c-894e-c46855f06f22,2025-08-22T07:47:00,40e6ddd6-b8f6-4e17-8bd6-5e53966809d2,400,16,416
93243d18-7d60-4b4f-90d2-c886d11ea159,1c3dc001-75eb-4fb9-b3ad-59a3be5b31ac,2025-08-22T07:48:00,40e6ddd6-b8f6-4e17-8bd6-5e53966809d2,400,16,416
faa19eae-32d5-4267-8c58-950665346e75,5484b02b-221a-4bbe-86a3-3eccdcf8d2ae,2025-08-22T07:48:00,40e6ddd6-b8f6-4e17-8bd6-5e53966809d2,500,20,520
5a1e4bb0-2879-4744-b902-00b2b61315d7,6f595044-c1c1-4b1b-8b9a-6ba836a7d845,2025-08-22T07:49:00,40e6ddd6-b8f6-4e17-8bd6-5e53966809d2,600,24,624
470c0c90-20a6-4213-90c6-14f39dc5ad92,5350fafc-45eb-4871-a195-d1cc090f9d9c,2025-08-22T07:50:00,4b6c2304-2b9e-41e4-942a-cf11a1819378,600,36,636
479d0987-14bf-46b3-bc62-24fba044cfff,63b6d2f8-4e38-4b4c-bf67-6651399b4453,2025-08-22T07:50:00,4b6c2304-2b9e-41e4-942a-cf11a1819378,600,36,636
51704c6a-78b1-4727-a955-ce7a53c5d847,920c0197-3c76-4cb7-90f7-b1a687043563,2025-08-22T07:50:00,40e6ddd6-b8f6-4e17-8bd6-5e53966809d2,700,28,728
37c07f16-d2f7-4dbe-8370-3b9ad23e1263,a5781cf5-d32e-4370-b0f8-4f229bc0efa4,2025-08-22T07:51:00,4b6c2304-2b9e-41e4-942a-cf11a1819378,600,36,636
bed363d5-afd3-4259-9270-ea5731262ed3,6058494e-8390-41a7-9c1b-182902dda8db,2025-08-22T07:51:00,4b6c2304-2b9e-41e4-942a-cf11a1819378,500,30,530
39db2b15-f11f-4d39-a462-3d0339270f1a,67f25b4e-183c-4a43-9227-09966e445b42,2025-08-22T07:51:00,40e6ddd6-b8f6-4e17-8bd6-5e53966809d2,600,24,624
128c9488-c4d5-4435-8ef9-325faa0c59bb,848485f0-198f-4efa-8335-707db71a7434,2025-08-22T07:52:00,4b6c2304-2b9e-41e4-942a-cf11a1819378,600,36,636
a488e002-39c2-474a-b777-c33a50e57c87,2609004e-90a8-450e-98f3-5ebc16841cd5,2025-08-22T07:52:00,4b6c2304-2b9e-41e4-942a-cf11a1819378,700,42,742
f159bbf5-295b-4ecb-96ea-4841c6669b7e,a0a83e46-f548-4a18-a79a-5ecdd85b6c8e,2025-08-22T07:52:00,40e6ddd6-b8f6-4e17-8bd6-5e53966809d2,600,24,624
38701388-cf78-4296-a2da-2c7191304580,61004774-fb70-403c-ae81-a1e9cd187146,2025-08-22T07:52:00,40e6ddd6-b8f6-4e17-8bd6-5e53966809d2,400,16,416
178401f7-48a9-4ea9-a24f-80f9b23aea3a,77475cfc-c7a4-44fd-aa82-b68053aa7540,2025-08-22T07:52:00,40e6ddd6-b8f6-4e17-8bd6-5e53966809d2,400,16,416
621b8f35-efc9-456d-8c7b-2e265f9d095e,758b4602-0ce0-440a-9584-ad59ce4216ad,2025-08-22T07:52:00,40e6ddd6-b8f6-4e17-8bd6-5e53966809d2,600,24,624
1c1ee4f7-45a1-4097-ad9a-2983067771cb,b0cab1cc-6689-4922-a78f-5c6e1c458cd1,2025-08-22T07:53:00,4b6c2304-2b9e-41e4-942a-cf11a1819378,600,36,636
2ff6f1d5-493d-4522-b80b-9eefc84beb11,07837268-1f07-43d7-a271-fa0ab4370eee,2025-08-22T07:55:00,40e6ddd6-b8f6-4e17-8bd6-5e53966809d2,600,24,624
68d6cd00-9408-4749-85f3-fa46318a2bac,b4cc95b0-6dbf-4264-a3ef-43fbbadf652a,2025-08-22T07:56:00,4b6c2304-2b9e-41e4-942a-cf11a1819378,700,42,742
4d71bcdb-e801-45be-941f-48002fb7370b,b65fff66-1997-4dd8-bc91-1349a415e4a0,2025-08-22T07:56:00,40e6ddd6-b8f6-4e17-8bd6-5e53966809d2,500,20,520
7b276e86-5220-4519-b4d5-f5817043ae57,87fc5559-9d20-4780-8c0e-b7c248cd6236,2025-08-22T07:56:00,40e6ddd6-b8f6-4e17-8bd6-5e53966809d2,600,24,624
91d25b0d-7b79-4340-af97-cb26945eb4fc,d4d6e685-70a2-49ea-b511-383a54d18cfa,2025-08-22T07:56:00,40e6ddd6-b8f6-4e17-8bd6-5e53966809d2,500,20,520
31fbc84c-4391-440a-97cf-a6a1b3ff99b9,c9750567-c933-4797-9313-ec159ddcb6d2,2025-08-22T07:57:00,40e6ddd6-b8f6-4e17-8bd6-5e53966809d2,600,24,624
189494da-27a7-4e27-9931-dec05fb4e8f6,aa006c1b-6b97-4f02-99a9-57923d13eb8f,2025-08-22T07:58:00,4b6c2304-2b9e-41e4-942a-cf11a1819378,500,30,530
a6ba02bf-1e72-4c8f-8e13-4c31423d9419,28c1b6d1-da1f-4187-98af-4e43f096b00d,2025-08-22T07:58:00,40e6ddd6-b8f6-4e17-8bd6-5e53966809d2,500,20,520
bebfff86-f27a-46fc-8d11-f9a035bb30bd,6d622f69-5cf8-4eda-b7ff-4f57f0e66237,2025-08-22T07:59:00,40e6ddd6-b8f6-4e17-8bd6-5e53966809d2,600,24,624
75e6526f-3e02-4fa1-8dc8-4057edbd7364,a1a72036-c041-4a92-a719-9bbf0e21d53b,2025-08-22T07:59:00,40e6ddd6-b8f6-4e17-8bd6-5e53966809d2,600,24,624
2a5d1642-d024-45c3-a2ee-f74e8e6766a8,d47a83f3-a765-4a20-b40c-e0993cf00e4f,2025-08-22T08:00:00,4b6c2304-2b9e-41e4-942a-cf11a1819378,600,36,636
6f617403-7083-41ca-a168-a9c1f20148c3,447fed8a-4bae-41c5-b5cd-cbf6a09c4782,2025-08-22T08:00:00,4b6c2304-2b9e-41e4-942a-cf11a1819378,500,30,530
927fe4ad-6d62-42ae-bece-b58206db9778,34b17474-7fef-4a04-8009-f83028f66521,2025-08-22T08:00:00,4b6c2304-2b9e-41e4-942a-cf11a1819378,500,30,530
ea127cf0-d4bb-4c12-8ff1-345f052ee1f0,446153de-73e0-4d85-a593-2c3ae8664564,2025-08-22T08:00:00,40e6ddd6-b8f6-4e17-8bd6-5e53966809d2,600,24,624
3f8f1a6d-7b4a-4883-93de-602217873381,89a5d615-2bb0-4843-8177-90bf7f452bfe,2025-08-22T08:00:00,40e6ddd6-b8f6-4e17-8bd6-5e53966809d2,600,24,624
ac28660d-0c25-4c97-84e5-cc508b49c2fa,710200a9-2c6c-4f21-b3f1-3ed6aa684fa2,2025-08-22T08:01:00,4b6c2304-2b9e-41e4-942a-cf11a1819378,600,36,636
b56410f3-77d8-43bc-b455-ea7f36d6936a,0ed041f5-3d65-4f50-b23e-849b527ee107,2025-08-22T08:01:00,40e6ddd6-b8f6-4e17-8bd6-5e53966809d2,600,24,624
63fa3655-69a7-4c0d-ac02-05363c6abd8d,7e26cac1-f9ea-443d-a6d7-b0d624d82143,2025-08-22T08:01:00,40e6ddd6-b8f6-4e17-8bd6-5e53966809d2,700,28,728
cd10b1d6-79e3-4282-8a5d-83f44fd91ce2,d77ac8a9-6445-4f65-9a77-b0fb3abe853d,2025-08-22T08:02:00,4b6c2304-2b9e-41e4-942a-cf11a1819378,400,24,424
43988d19-5043-4a0c-b908-a3b393501bb5,26ebc43f-cfbf-4fa1-9c7f-9134871f7b65,2025-08-22T08:02:00,40e6ddd6-b8f6-4e17-8bd6-5e53966809d2,600,24,624
e9633531-49d4-41b3-9bd1-a36543d36df6,5fccc95a-c30f-4525-a4a6-43861baae99a,2025-08-22T08:03:00,4b6c2304-2b9e-41e4-942a-cf11a1819378,600,36,636
ba08b1f8-a1b3-4a97-8c11-a7604146d866,fa08fd03-3569-400d-9d63-e8ae15712195,2025-08-22T08:03:00,4b6c2304-2b9e-41e4-942a-cf11a1819378,400,24,424
164c39c9-9a56-4779-8191-03fbd6710315,dccd3e5d-2076-4fc6-aa79-87579e134ce1,2025-08-22T08:03:00,4b6c2304-2b9e-41e4-942a-cf11a1819378,600,36,636
89b034d0-76b9-4be4-af3e-32cba2760584,1757e1cd-b99e-42a3-9e19-1b1305127836,2025-08-22T08:03:00,40e6ddd6-b8f6-4e17-8bd6-5e53966809d2,400,16,416
955a14d7-a4f2-487c-ba64-9b2746733394,71f1cea1-588b-47f5-93c3-4e649541a9e4,2025-08-22T08:03:00,40e6ddd6-b8f6-4e17-8bd6-5e53966809d2,400,16,416
ef2beef7-2da0-450a-906d-093cb323af03,e6173937-b216-46db-b863-ec7526285150,2025-08-22T08:04:00,40e6ddd6-b8f6-4e17-8bd6-5e53966809d2,600,24,624
e37b4726-50a0-4839-9f0b-e960fababa37,2a6409ee-29ac-483f-a2a7-9074fcb50191,2025-08-22T08:04:00,40e6ddd6-b8f6-4e17-8bd6-5e53966809d2,700,28,728
50247592-9ca6-480a-9950-32e420d7783b,2e0d6ce4-794d-4494-bd1d-f44dbca8683f,2025-08-22T08:04:00,40e6ddd6-b8f6-4e17-8bd6-5e53966809d2,700,28,728
c18745bb-858e-439f-89d3-560ff4f1ae85,2dcc7662-f1ce-442c-b998-bbe351d5e186,2025-08-22T08:05:00,40e6ddd6-b8f6-4e17-8bd6-5e53966809d2,500,20,520
a33fd0fd-ec5d-4ab3-b514-e7a41fff973f,0db82818-585b-4e3f-9898-2a72727c2e42,2025-08-22T08:06:00,4b6c2304-2b9e-41e4-942a-cf11a1819378,700,42,742
56eb3f1c-3422-42ef-9137-839d64ae6756,355d89d9-bf5a-41df-9382-a5e57cbbbec4,2025-08-22T08:06:00,40e6ddd6-b8f6-4e17-8bd6-5e53966809d2,700,28,728
27859d4c-8dea-46f2-8b6b-d70fb835cc14,3cbc7f74-54e3-47c2-b02f-229f7ca60a5c,2025-08-22T08:06:00,40e6ddd6-b8f6-4e17-8bd6-5e53966809d2,600,24,624
2b22b72c-0113-4d16-bc0d-584b3a168c98,143944c0-b4d0-48f7-ac1f-6ffaeff64a70,2025-08-22T08:07:00,4b6c2304-2b9e-41e4-942a-cf11a1819378,600,36,636
fc5fa5c5-006b-495e-a242-9ee21c03d6bb,0e4dbbf0-e4a8-4015-9595-c0b9bec0f9e5,2025-08-22T08:07:00,40e6ddd6-b8f6-4e17-8bd6-5e53966809d2,600,24,624
7191b4de-3cd1-49ce-8a6d-b95cc719ac1c,ff4e2ef5-4f72-41f4-90ea-4f40665b9f5b,2025-08-22T08:09:00,4b6c2304-2b9e-41e4-942a-cf11a1819378,600,36,636
315902f6-9c33-4ae3-9237-c2332058f262,3eb1c53f-4af3-42d8-8608-40548ce4843d,2025-08-22T08:09:00,40e6ddd6-b8f6-4e17-8bd6-5e53966809d2,600,24,624
d3299b51-7317-45fe-80d3-e88c5b292eee,a5066e8e-de65-4798-9ed5-f6cae5f86031,2025-08-22T08:09:00,40e6ddd6-b8f6-4e17-8bd6-5e53966809d2,700,28,728
a45c6049-3077-4fb6-a458-6c28889754cd,03410ea3-1e8a-40ef-9322-bc532f78f7ff,2025-08-22T08:09:00,40e6ddd6-b8f6-4e17-8bd6-5e53966809d2,500,20,520
af16678b-7f81-48df-b5c1-a3e976422e0d,5261268c-aa94-438a-921a-05efc0d414ac,2025-08-22T08:10:00,4b6c2304-2b9e-41e4-942a-cf11a1819378,500,30,530
b1c1a217-ff50-4034-b457-4a0129d748a1,4fc0f100-7ad9-49a8-9620-f0e3a0e42a80,2025-08-22T08:10:00,4b6c2304-2b9e-41e4-942a-cf11a1819378,500,30,530
471e81e8-dbbf-4651-b6c2-1b26e609ade1,d6ca14b1-9b55-47f7-be97-787002ca26e5,2025-08-22T08:11:00,40e6ddd6-b8f6-4e17-8bd6-5e53966809d2,600,24,624
8f7750c5-261c-4fd1-beb0-39b68c183ab7,4b14013f-d7e7-44b8-a287-329bf6e298c3,2025-08-22T08:11:00,40e6ddd6-b8f6-4e17-8bd6-5e53966809d2,400,16,416
5d164956-f232-4011-907c-d9529758b817,09a354a5-a7cb-4687-8a52-c4a71feba0d2,2025-08-22T08:13:00,4b6c2304-2b9e-41e4-942a-cf11a1819378,600,36,636
9348b6b8-15ba-46a8-b74f-c0a172cdec49,12c154ff-46ac-45a7-921c-2404994ecc21,2025-08-22T08:13:00,40e6ddd6-b8f6-4e17-8bd6-5e53966809d2,500,20,520
e8bfbafa-0e89-4ec3-9ca3-4e70ed7f39ec,2f0fa97b-f713-40a9-8e11-3e18580cd97b,2025-08-22T08:13:00,40e6ddd6-b8f6-4e17-8bd6-5e53966809d2,700,28,728
8382b5d0-c1c7-44bd-a94c-a848fd22af4a,33d208d7-91f2-4d70-9f75-c1bf87481c15,2025-08-22T08:13:00,40e6ddd6-b8f6-4e17-8bd6-5e53966809d2,600,24,624
3f4ce3f9-fc6b-4ae7-b8e0-2ad41bb5112c,d6de888a-0aee-4f77-a7d4-daba8f0da415,2025-08-22T08:14:00,4b6c2304-2b9e-41e4-942a-cf11a1819378,600,36,636
f082783f-c0ce-48e2-b5a3-499d55519e61,fdd86eaf-7a5b-4598-9a08-6f4f207743bb,2025-08-22T08:14:00,4b6c2304-2b9e-41e4-942a-cf11a1819378,600,36,636
0b53b44f-8911-44c9-b824-a236df36ff08,9455079c-4344-4995-939d-8184d7eb02e7,2025-08-22T08:14:00,4b6c2304-2b9e-41e4-942a-cf11a1819378,700,42,742
c1c99e0f-3ec2-4d57-bf01-2404b3819613,8e6a03da-15e7-44e8-bec1-426b65edb389,2025-08-22T08:14:00,40e6ddd6-b8f6-4e17-8bd6-5e53966809d2,600,24,624
42ee26ac-05c7-422e-92f8-ddd4c8c5ecd8,50e6ae18-ad0a-4f68-bb3d-e1a8b80eb58f,2025-08-22T08:15:00,40e6ddd6-b8f6-4e17-8bd6-5e53966809d2,700,28,728
cfdadcc1-8231-4835-a4ad-8e4f6f5c81dd,c0ec2b5c-22e2-4010-a8f9-94431d5860c7,2025-08-22T08:15:00,40e6ddd6-b8f6-4e17-8bd6-5e53966809d2,700,28,728
0a51bd8f-2ab0-47cf-bfc5-55c88ff74ae7,125d87d5-a36a-4f4e-865c-3122386e88ca,2025-08-22T08:17:00,4b6c2304-2b9e-41e4-942a-cf11a1819378,600,36,636
e57362b0-054e-43b0-9fc6-f4e7bb61f314,9668fd00-799b-4cff-811f-a3e0528d255d,2025-08-22T08:17:00,40e6ddd6-b8f6-4e17-8bd6-5e53966809d2,600,24,624
fa8e0bee-15e5-4a31-9adf-9d631c856eff,9ff834d1-4ca0-4dd5-bb53-ea96ad8611bb,2025-08-22T08:18:00,4b6c2304-2b9e-41e4-942a-cf11a1819378,600,36,636
a765381d-25de-4855-8ff7-271695c4851a,e77008c8-b7e1-4bb6-93d8-8383d6385531,2025-08-22T08:18:00,4b6c2304-2b9e-41e4-942a-cf11a1819378,600,36,636
fa4e07c2-3956-4d69-9ef8-e5989ec60634,bd463573-d217-4411-9ac0-8b72bd7609cd,2025-08-22T08:18:00,4b6c2304-2b9e-41e4-942a-cf11a1819378,400,24,424
c5527ba5-5bca-4ef4-8407-abc72811c76b,073c6c4c-9988-45b0-9224-7ad4e69d8c6f,2025-08-22T08:18:00,40e6ddd6-b8f6-4e17-8bd6-5e53966809d2,600,24,624
d420b37f-4af9-4d13-906b-e7f2e404954c,212484cd-56e9-4934-ab9b-69d43228ee16,2025-08-22T08:18:00,40e6ddd6-b8f6-4e17-8bd6-5e53966809d2,600,24,624
344e63a0-341f-4f64-9660-ecd89305466b,7863e37d-24c8-4e18-8730-ea7e2a65606d,2025-08-22T08:18:00,40e6ddd6-b8f6-4e17-8bd6-5e53966809d2,400,16,416
880d3e46-c0f1-48c3-940f-a14fbfae0141,31006b42-8446-43cf-bd23-af4d84ca2c85,2025-08-22T08:19:00,40e6ddd6-b8f6-4e17-8bd6-5e53966809d2,700,28,728
112bf789-fe16-457a-863e-e6834b2099af,66983396-cb40-4613-8d6d-306b8f9ca5c4,2025-08-22T08:20:00,4b6c2304-2b9e-41e4-942a-cf11a1819378,600,36,636
2e080401-2a13-4de7-a2f2-8bb0492665cd,9bac4be0-d703-4f1d-a088-1bdb362d3246,2025-08-22T08:20:00,4b6c2304-2b9e-41e4-942a-cf11a1819378,400,24,424
58ba5e2f-ac01-4473-aaba-bfe4fb8d1695,285bfea1-4dec-4f9d-a9f6-3b3cb20fdde9,2025-08-22T08:21:00,4b6c2304-2b9e-41e4-942a-cf11a1819378,400,24,424
bd5cc75e-0aa8-474d-af9b-a75c33710e1a,efb0203d-c970-47ec-8644-2090a658224b,2025-08-22T08:21:00,40e6ddd6-b8f6-4e17-8bd6-5e53966809d2,600,24,624
59e9309a-817e-4a97-a0a5-29f9aa1a53f8,95381466-0836-4fd0-b05c-e8ca6147a51f,2025-08-22T08:21:00,40e6ddd6-b8f6-4e17-8bd6-5e53966809d2,600,24,624
766c2738-c04b-41c9-af8c-fe6364d5df9a,3785fc7c-35aa-4e40-b620-f54b10e8a832,2025-08-22T08:21:00,40e6ddd6-b8f6-4e17-8bd6-5e53966809d2,700,28,728
faeeceb4-959d-444c-a833-62f38f3e3df2,4dc2aa9c-8633-4861-b795-5b285cf76a1f,2025-08-22T08:22:00,4b6c2304-2b9e-41e4-942a-cf11a1819378,500,30,530
e22cf0b2-ecb9-40d7-878e-51e23c974773,01450c81-3eae-4663-a704-f91c175e17f0,2025-08-22T08:22:00,4b6c2304-2b9e-41e4-942a-cf11a1819378,600,36,636
1c3b2e52-3f76-42f8-9748-8011c9030e4a,5bc10fee-ced7-43f1-91e5-597bd89faff6,2025-08-22T08:22:00,40e6ddd6-b8f6-4e17-8bd6-5e53966809d2,500,20,520
1e7c2381-9b4d-4359-a7bc-762e134f8e4a,89b94667-2d12-4e7a-bfdd-f37056d10195,2025-08-22T08:22:00,40e6ddd6-b8f6-4e17-8bd6-5e53966809d2,600,24,624
350f6ff3-6a95-44cc-b97e-6b0e0efc1e0c,8976b896-e0e8-4696-b268-5587e42efaa0,2025-08-22T08:22:00,40e6ddd6-b8f6-4e17-8bd6-5e53966809d2,600,24,624
2fe204b8-2215-46cb-b0c1-076107195890,be6fcaa5-9911-4bb6-b97c-47eb53c88b32,2025-08-22T08:23:00,4b6c2304-2b9e-41e4-942a-cf11a1819378,400,24,424
8ad1ff81-a480-43f6-9af4-c5eedde92bd2,1d94038e-346e-4263-a10f-7fa4e5d1179e,2025-08-22T08:23:00,40e6ddd6-b8f6-4e17-8bd6-5e53966809d2,700,28,728
b4bbdb61-2f12-4157-a9aa-98561612b714,0d2974c5-d4de-4163-bf27-73d86a77b048,2025-08-22T08:24:00,4b6c2304-2b9e-41e4-942a-cf11a1819378,500,30,530
2837353a-5c6a-4e26-b0a3-d140a0470342,5d24b6bc-2eea-4766-a11d-b0aed43f038a,2025-08-22T08:24:00,4b6c2304-2b9e-41e4-942a-cf11a1819378,400,24,424
acc2cf2b-f3a2-49ee-9198-1c3883f68eec,7d4b9dcb-d4ff-42fa-9c58-5657c61f4954,2025-08-22T08:24:00,40e6ddd6-b8f6-4e17-8bd6-5e53966809d2,700,28,728
9542a52d-e6bb-4944-bb7c-c31484e34d36,72fd6924-b954-4c8f-9c0b-2545d0efe53b,2025-08-22T08:25:00,4b6c2304-2b9e-41e4-942a-cf11a1819378,400,24,424
1bec51fb-5b53-497d-9b2b-09efd0376a8a,83864095-dda9-4a16-ab3a-ba6429fa3dbd,2025-08-22T08:25:00,40e6ddd6-b8f6-4e17-8bd6-5e53966809d2,400,16,416
2573fe46-2bb3-48eb-9d38-82db830ba0b0,76d2b7be-1fa1-441b-9de1-97c64d06c646,2025-08-22T08:25:00,40e6ddd6-b8f6-4e17-8bd6-5e53966809d2,500,20,520
471558bf-75a2-4712-a28a-4d68c2e4c03f,2b4b540f-9423-4186-8164-4566e5e908f2,2025-08-22T08:25:00,40e6ddd6-b8f6-4e17-8bd6-5e53966809d2,500,20,520
e9062ed4-a219-487f-8d3d-cedf1bbae32a,3483e39a-260f-4974-9366-50c2d833307f,2025-08-22T08:26:00,4b6c2304-2b9e-41e4-942a-cf11a1819378,700,42,742
7438a15b-2f63-4628-a1bb-44a9afcd38e2,04b679f3-0691-47bc-975a-fdac41f52db4,2025-08-22T08:26:00,4b6c2304-2b9e-41e4-942a-cf11a1819378,400,24,424
7528513a-d2a0-4215-9c84-3e5077d41935,ce69d742-4723-467f-9e5d-262fff84a6a6,2025-08-22T08:26:00,40e6ddd6-b8f6-4e17-8bd6-5e53966809d2,700,28,728
720df9fb-0804-4701-88d8-cab6a1390653,b8edba64-3db4-4841-8f8d-dc00dce6fb67,2025-08-22T08:26:00,40e6ddd6-b8f6-4e17-8bd6-5e53966809d2,600,24,624
bc9a9db8-6025-4e25-a4de-7f83f4c6644b,847d46dd-9721-4351-8bef-5c2292b57d6f,2025-08-22T08:28:00,4b6c2304-2b9e-41e4-942a-cf11a1819378,400,24,424
f7f627c0-64c9-46ec-8fad-56a0b4d14c27,cc1816db-c3dd-4c16-8ea7-18fe313472b9,2025-08-22T08:28:00,4b6c2304-2b9e-41e4-942a-cf11a1819378,400,24,424
abbb8e28-b94b-4684-bb0c-df3ccf62c23b,5bbca380-854e-47a4-ae5c-fd631650a115,2025-08-22T08:29:00,4b6c2304-2b9e-41e4-942a-cf11a1819378,700,42,742
8a382b31-2bb6-43b9-a4fc-6918d56a8ef3,e6e0c2ef-00b6-4d38-a129-32d4aa4e795d,2025-08-22T08:29:00,4b6c2304-2b9e-41e4-942a-cf11a1819378,600,36,636
66c4b8ad-1aa6-4446-bd58-582f78378a47,2660b7ac-6c46-4392-8ddc-26194c532341,2025-08-22T08:30:00,4b6c2304-2b9e-41e4-942a-cf11a1819378,700,42,742
93146af5-90a4-478d-943c-db8f304399ec,2f162c0f-4d00-4d10-88ca-6dd2b94f24f5,2025-08-22T08:30:00,40e6ddd6-b8f6-4e17-8bd6-5e53966809d2,400,16,416
31fcce92-d155-4637-b66d-5605b2d4a395,d31efffd-fdc4-4168-ac26-83b67a6c5c47,2025-08-22T08:31:00,4b6c2304-2b9e-41e4-942a-cf11a1819378,600,36,636
775439e8-4793-4025-9128-4880e1fb3db2,e6debecd-a5cf-4ced-957e-7fb31720480c,2025-08-22T08:31:00,40e6ddd6-b8f6-4e17-8bd6-5e53966809d2,400,16,416
c11f73a3-61e8-46db-a3de-8e169d1ae3f8,c6fb82d9-b6e6-445a-a3d3-0158405a9d16,2025-08-22T08:32:00,4b6c2304-2b9e-41e4-942a-cf11a1819378,700,42,742
fc1c5cbd-3e66-43d1-a4a8-45d0df189a79,7aa35447-7686-43f7-bb98-14b1bc5fe250,2025-08-22T08:33:00,40e6ddd6-b8f6-4e17-8bd6-5e53966809d2,400,16,416
888bd676-84fd-4afc-adc6-bccee6f4a261,84f816bd-12e2-4633-a419-fc80705977e6,2025-08-22T08:35:00,4b6c2304-2b9e-41e4-942a-cf11a1819378,400,24,424
f789eac1-f6f4-4e0c-9dff-c730327d5522,af3dbfea-4df6-42c8-9826-57806904f81c,2025-08-22T08:35:00,40e6ddd6-b8f6-4e17-8bd6-5e53966809d2,500,20,520
48058ea2-68a6-4a41-b2f1-bd1ff0f68b41,49421d99-2baa-4a3f-bbff-4e4d4e0062aa,2025-08-22T08:35:00,40e6ddd6-b8f6-4e17-8bd6-5e53966809d2,500,20,520
a3c71936-28c4-494d-9680-86334f6cb920,1076f00e-5dd1-41d1-b2a5-0c59e18a5310,2025-08-22T08:36:00,4b6c2304-2b9e-41e4-942a-cf11a1819378,400,24,424
81c249f4-6de6-4456-a0f2-c6b2184fdede,adf0d9db-c6a0-4226-a93f-30482ccd9d28,2025-08-22T08:37:00,4b6c2304-2b9e-41e4-942a-cf11a1819378,600,36,636
9dd6caa0-bf59-4171-a2e5-6fa7e4352538,e215d555-cc18-4890-8969-89abf72d28ae,2025-08-22T08:39:00,40e6ddd6-b8f6-4e17-8bd6-5e53966809d2,700,28,728
15105a8c-7783-4242-98d9-f1f71628fd62,436ca6dd-1cc3-4ff0-986c-eabb97606b9b,2025-08-22T08:40:00,40e6ddd6-b8f6-4e17-8bd6-5e53966809d2,700,28,728
69956be0-ded6-406d-af9c-91feaab6ce6f,c2457423-d813-4e9b-8cac-e77de71eef5d,2025-08-22T08:41:00,40e6ddd6-b8f6-4e17-8bd6-5e53966809d2,700,28,728
7d1a87b0-8482-4375-8351-7ee25f44d95b,d1c356c7-a230-4e49-abb6-3eb1f58155cd,2025-08-22T08:41:00,40e6ddd6-b8f6-4e17-8bd6-5e53966809d2,700,28,728
df0d9bca-327f-4f03-85d2-ed580417ea0c,4d9a6ab4-f181-4f8c-9beb-e4cd9774b5d7,2025-08-22T08:42:00,40e6ddd6-b8f6-4e17-8bd6-5e53966809d2,600,24,624
225a1a82-0a10-45ec-85fa-62b67b3c5e3c,45ed3c5a-3c94-463b-91d2-73d3333fe5fc,2025-08-22T08:44:00,40e6ddd6-b8f6-4e17-8bd6-5e53966809d2,600,24,624
f2178d8b-3b2a-4494-b702-e0abe39705af,7755a749-3460-4f0c-a33c-428dccd20885,2025-08-22T08:47:00,40e6ddd6-b8f6-4e17-8bd6-5e53966809d2,400,16,416
179352c8-ec11-4c4a-b3a3-5f5708928819,cc6587b9-1ad1-4f99-bb8b-dc23f1621ea6,2025-08-22T08:49:00,40e6ddd6-b8f6-4e17-8bd6-5e53966809d2,500,20,520
5bff4d2a-7a1f-4263-bb61-eaa7f909659b,bd72d373-2261-4193-bee7-41d3bfd08ef1,2025-08-22T08:53:00,4b6c2304-2b9e-41e4-942a-cf11a1819378,700,42,742
60a61080-056a-420b-8ffe-94415bf5c0e0,bf03895d-6d44-49a2-8183-81c4e89eac75,2025-08-22T08:57:00,40e6ddd6-b8f6-4e17-8bd6-5e53966809d2,700,28,728
1a08f751-03f2-4f53-9ea8-6e1f6a35db56,b3f95dcd-caf0-4d0c-8890-a7b8e231c6b7,2025-08-22T08:57:00,40e6ddd6-b8f6-4e17-8bd6-5e53966809d2,700,28,728
c257a54d-8eb8-432d-ba85-0b1b22ed03a3,30380af9-7c90-4e56-9717-61064c5ca79c,2025-08-22T08:59:00,40e6ddd6-b8f6-4e17-8bd6-5e53966809d2,400,16,416
7968683c-8d48-4000-925f-854edd7d1599,c630fcf6-11c8-465f-9498-0839aee67e55,2025-08-22T09:00:00,40e6ddd6-b8f6-4e17-8bd6-5e53966809d2,500,20,520
6b025652-e403-406f-aec4-70aaf4613602,b5261e71-886e-4d78-8d1d-310ed9754704,2025-08-22T09:00:00,40e6ddd6-b8f6-4e17-8bd6-5e53966809d2,400,16,416
58dfa304-c2d0-42ec-8ae0-a27d0afe2579,a3867ed0-9303-4ce2-b40d-a9711a5efef0,2025-08-22T09:06:00,40e6ddd6-b8f6-4e17-8bd6-5e53966809d2,500,20,520
c51455b0-2d88-45ec-b219-5f84f2d5cfc4,1c8233dc-8ccb-4d27-84e7-e00d33ff6674,2025-08-22T09:11:00,40e6ddd6-b8f6-4e17-8bd6-5e53966809d2,2000,80,2080
d049c491-121c-46e7-b56f-076e790fc6e1,4232e434-92ef-4ff9-a069-d1e5312ebda2,2025-08-22T09:15:00,40e6ddd6-b8f6-4e17-8bd6-5e53966809d2,400,16,416
2de2568c-af82-4e87-9275-73c21b2c6b2e,4cd79f83-9fc7-43e4-a4c1-89402b7124e1,2025-08-22T09:20:00,4b6c2304-2b9e-41e4-942a-cf11a1819378,700,42,742
7c3a53e4-6347-4302-9842-112edddd58cc,270b35bf-74ca-4601-91d8-16fe5196ca5a,2025-08-22T09:23:00,40e6ddd6-b8f6-4e17-8bd6-5e53966809d2,3700,148,3848
8c18fdd9-de1b-4c35-88b9-f62a1c7b567a,7e7c62c1-b8a8-4e9a-ab94-81a82d76e3e5,2025-08-22T09:29:00,4b6c2304-2b9e-41e4-942a-cf11a1819378,600,36,636
5ce5146c-5c4f-4679-bc1e-482c9e62a64e,485b6c22-4f0b-4e0f-bfba-0c9d38a0122d,2025-08-22T09:29:00,40e6ddd6-b8f6-4e17-8bd6-5e53966809d2,500,20,520
f639a421-0f0c-4c5c-bed7-99ca45efb8d4,dec2b1be-3447-4044-b4e3-17848dfd390e,2025-08-22T09:31:00,4b6c2304-2b9e-41e4-942a-cf11a1819378,600,36,636
ab68ff60-f34c-4bd1-a5cb-403a7cd736fe,f8486fce-bc07-4a4f-a6e9-ed6a06ba996c,2025-08-22T09:40:00,4b6c2304-2b9e-41e4-942a-cf11a1819378,500,30,530
276a6b57-a307-43f0-9783-8c65b18c3c42,c912d33f-5dc2-4ec9-a126-34b598046705,2025-08-22T09:44:00,4b6c2304-2b9e-41e4-942a-cf11a1819378,1600,96,1696
958f5d61-6a7c-40b3-9d27-657b40f90c73,0855291e-0a0d-4e17-931b-beabbc173f85,2025-08-22T09:47:00,40e6ddd6-b8f6-4e17-8bd6-5e53966809d2,500,20,520
976ca1ae-afd6-4536-a172-4402113cb5cd,e9f40ffc-bea9-4cc6-abca-7fe897f37903,2025-08-22T09:47:00,40e6ddd6-b8f6-4e17-8bd6-5e53966809d2,2200,88,2288
1c893364-5273-4a92-a317-07724b1eb371,254a6b6d-5dcb-4d20-88ce-e2e448935a93,2025-08-22T09:54:00,4b6c2304-2b9e-41e4-942a-cf11a1819378,600,36,636
9de537e5-ce54-4765-8ae5-6d87e9176009,e039c2ef-fe4c-4d60-97ee-99d043299f0e,2025-08-22T09:56:00,4b6c2304-2b9e-41e4-942a-cf11a1819378,900,54,954
87743fd2-c9dd-4465-9921-c12846fe4e7f,9a689679-4c75-46ba-92d3-6b5b0c51a34a,2025-08-22T10:00:00,40e6ddd6-b8f6-4e17-8bd6-5e53966809d2,600,24,624
5e967a7a-e1de-4b2d-8f19-51501b4a5a2c,120d57b9-de14-4717-aefe-ab126645435d,2025-08-22T10:00:00,40e6ddd6-b8f6-4e17-8bd6-5e53966809d2,3200,128,3328
643b085b-9afb-4afb-8afb-1a94f5be68a2,e4bced79-6e2c-4b22-a6d5-199ed87ca7ee,2025-08-22T10:02:00,4b6c2304-2b9e-41e4-942a-cf11a1819378,2600,156,2756
7090965b-1951-4bbd-af5d-2a7c83286093,d9464bcd-0a19-4058-8fc1-bea843e6c339,2025-08-22T10:10:00,4b6c2304-2b9e-41e4-942a-cf11a1819378,700,42,742
bff3986f-88a9-46ad-8ae4-ee70b5b95901,531465bc-638f-4adb-9b47-cf0c1dc55550,2025-08-22T10:11:00,4b6c2304-2b9e-41e4-942a-cf11a1819378,1100,65,1165
bea76f18-da21-4dd8-b6d6-3b0ce2e11dd0,ba2bf5e1-4b63-4bb3-b83a-f10438f84258,2025-08-22T10:16:00,40e6ddd6-b8f6-4e17-8bd6-5e53966809d2,500,20,520
70465ac3-13d5-40c3-a386-234a4d214157,9368e74c-0581-4d77-9358-94e415a80423,2025-08-22T10:24:00,4b6c2304-2b9e-41e4-942a-cf11a1819378,0,0,0
43943afa-d2d0-4708-811b-e45de3333f51,cd67e795-f5fa-470f-9a4f-4060d5951279,2025-08-22T10:25:00,40e6ddd6-b8f6-4e17-8bd6-5e53966809d2,600,24,624
6f69871a-8d5d-4d8e-84b2-898edb10f90a,a57c96be-0b7a-41c6-bd9a-9330e20c497a,2025-08-22T10:27:00,4b6c2304-2b9e-41e4-942a-cf11a1819378,700,42,742
b6e7eb02-f265-4b4c-8899-fb0b0081f63f,58ebbf6d-7eee-4180-aa0d-151621abffcf,2025-08-22T10:28:00,40e6ddd6-b8f6-4e17-8bd6-5e53966809d2,3600,144,3744
b99a9008-1062-4b96-b936-c9baae6ccae7,43df30db-068d-40fc-8576-7e2f6e62f2f6,2025-08-22T10:38:00,40e6ddd6-b8f6-4e17-8bd6-5e53966809d2,0,0,0
b5ca623a-5548-4c0a-ad13-6788339fa249,f14bcc19-681e-43a6-94e0-9748a8455850,2025-08-22T10:38:00,40e6ddd6-b8f6-4e17-8bd6-5e53966809d2,600,24,624
bbd146fc-e8cd-437f-b251-73fb964bf0e9,6e4bc86a-7c8c-457f-bc7a-61c6187a18f4,2025-08-22T10:41:00,40e6ddd6-b8f6-4e17-8bd6-5e53966809d2,500,20,520
aabd3844-4205-498a-9955-3ecc8227e4d2,d64805ac-2294-4438-af7d-1f1483e8fd7b,2025-08-22T10:41:00,40e6ddd6-b8f6-4e17-8bd6-5e53966809d2,2400,96,2496
5d00f446-aaec-4639-99bd-059a8b4b003c,827eed18-8ab1-4e5d-ab00-5d8ac9bb168b,2025-08-22T10:42:00,4b6c2304-2b9e-41e4-942a-cf11a1819378,600,36,636
6c4aec06-ca07-4fb9-95bf-6f421e9dfe5e,627b564c-f368-4634-b7f8-d7e1c5ee980a,2025-08-22T10:46:00,4b6c2304-2b9e-41e4-942a-cf11a1819378,2800,168,2968
83de309c-47ca-494b-899b-fb7afaae330c,8639eac0-9cd8-4fe5-9e10-8526a16018d1,2025-08-22T10:46:00,40e6ddd6-b8f6-4e17-8bd6-5e53966809d2,600,24,624
dc1eb1e6-df9d-455f-b481-c1c5ad313d01,e8e92a9f-bec3-4873-951c-b05d0fe37715,2025-08-22T10:48:00,4b6c2304-2b9e-41e4-942a-cf11a1819378,1900,113,2013
e00941c8-c9e1-497b-8082-0e3687b85115,8f06b288-f9eb-454f-adef-47f12b7572d7,2025-08-22T10:48:00,40e6ddd6-b8f6-4e17-8bd6-5e53966809d2,1800,72,1872
f2d2398e-b6ea-43fe-86df-032865b4614c,26ce484a-a527-4fe1-903f-2809a03fd21a,2025-08-22T10:49:00,40e6ddd6-b8f6-4e17-8bd6-5e53966809d2,0,0,0
a5538acb-cca1-4120-bff6-54ba920e1ea0,a59ab98c-fe50-412b-aa83-a693a561092f,2025-08-22T10:53:00,40e6ddd6-b8f6-4e17-8bd6-5e53966809d2,2000,80,2080
c18a6eee-f69d-4841-a81b-6a0ad7002716,d4d6c47d-5048-4008-b088-4f13691fbefd,2025-08-22T10:55:00,40e6ddd6-b8f6-4e17-8bd6-5e53966809d2,1200,48,1248
afaa4978-613a-48a0-b058-276e03d6c9c1,5948da4d-8a3d-4122-9885-6f62f017c7b2,2025-08-22T10:56:00,40e6ddd6-b8f6-4e17-8bd6-5e53966809d2,600,24,624
b65f97cc-b6a2-48f8-a9d5-f7f5ecd5ced7,5e3636fd-a0a7-44c0-96e8-3d906cdbb119,2025-08-22T10:56:00,40e6ddd6-b8f6-4e17-8bd6-5e53966809d2,700,28,728
0e7fb016-64ad-47d5-95e8-bdcb7880e19b,0488eb84-da07-441d-ba11-055850946457,2025-08-22T11:03:00,40e6ddd6-b8f6-4e17-8bd6-5e53966809d2,500,20,520
47ef33d5-32a7-4324-a2f3-e37b9567fb9c,359c05d0-e19d-463d-b3b4-43a0b4a3810f,2025-08-22T11:05:00,40e6ddd6-b8f6-4e17-8bd6-5e53966809d2,600,24,624
ac96aca3-6978-4064-a586-8a96fc2e52ee,73b79064-9e0d-4b3f-87d0-6ab33593b492,2025-08-22T11:11:00,4b6c2304-2b9e-41e4-942a-cf11a1819378,3600,216,3816
66ea78d0-ec71-4a5a-b34b-15994bb573b8,bb9bad76-c7ec-4f36-842c-54c3bbb40467,2025-08-22T11:11:00,40e6ddd6-b8f6-4e17-8bd6-5e53966809d2,600,24,624
0df1eea6-8e48-41b3-baa2-06a0af8e6d4c,44df0dc9-35a6-4159-8141-4a8bf47c0e2b,2025-08-22T11:13:00,40e6ddd6-b8f6-4e17-8bd6-5e53966809d2,500,20,520
ab3f0453-74fa-4d4d-aab8-9a64119fbfd9,40c4aa0f-6d19-4084-820c-5764f87d9184,2025-08-22T11:18:00,4b6c2304-2b9e-41e4-942a-cf11a1819378,500,30,530
8b6f4b1d-693c-4ce2-9619-82210a207eb0,bf060a41-af0e-4932-b757-4f010ccf07f1,2025-08-22T11:18:00,40e6ddd6-b8f6-4e17-8bd6-5e53966809d2,600,24,624
0c937d96-2859-4591-8835-80caa503c2ef,bf32ccad-096c-457c-9147-6f220d46e227,2025-08-22T11:19:00,4b6c2304-2b9e-41e4-942a-cf11a1819378,2600,156,2756
2e097f53-ea6e-4414-8d10-8ebde185ac0f,b51ad0d8-7b4d-4859-8de9-fd9feb62c888,2025-08-22T11:22:00,40e6ddd6-b8f6-4e17-8bd6-5e53966809d2,600,24,624
6b537180-56d3-4050-828f-f7ab68be10ec,19d5ac88-a8cd-46b8-9f3d-d5ef3a0adfe2,2025-08-22T11:24:00,40e6ddd6-b8f6-4e17-8bd6-5e53966809d2,1900,76,1976
cbb5d7b0-02b5-4d74-9a96-5a901d76b693,e8da2040-0489-4880-a881-ef127727f204,2025-08-22T11:29:00,40e6ddd6-b8f6-4e17-8bd6-5e53966809d2,2400,96,2496
359cf14d-ec47-4c30-93a6-b5d583774648,b4624db2-8aba-4c57-a0f7-0f5cb8bf0a04,2025-08-22T11:34:00,40e6ddd6-b8f6-4e17-8bd6-5e53966809d2,2500,100,2600
6de1ea7a-a87a-4c6e-8f29-d712b2885212,3f1fc492-e8ed-4840-97a0-a56592fdc1d9,2025-08-22T11:40:00,4b6c2304-2b9e-41e4-942a-cf11a1819378,600,36,636
faeef311-912f-4ed3-b890-f0d28fdb3648,e0cbd2e1-eee7-409c-9cf1-707eb4f867ce,2025-08-22T11:42:00,4b6c2304-2b9e-41e4-942a-cf11a1819378,1600,96,1696
86619e05-2b98-4e9c-83e8-c7f274480aa5,07571aa5-5581-4cf0-9a68-006051f37c8c,2025-08-22T11:42:00,40e6ddd6-b8f6-4e17-8bd6-5e53966809d2,1900,76,1976
547c0803-9f9a-4069-9f82-fe2142ca0712,239409e0-b3ad-4bf6-ba7c-08628ee3cbee,2025-08-22T11:42:00,40e6ddd6-b8f6-4e17-8bd6-5e53966809d2,600,24,624
35410a52-a716-4005-89b2-a09ed004b473,466ab61a-8180-4d06-90cc-2a380a0e6f0f,2025-08-22T11:45:00,40e6ddd6-b8f6-4e17-8bd6-5e53966809d2,500,20,520
98eda357-cfa9-4acd-946e-044eb8da7c43,4126c950-a88a-4305-895c-96d7e076897e,2025-08-22T11:47:00,4b6c2304-2b9e-41e4-942a-cf11a1819378,1100,65,1165
b5612c45-8b0b-43bc-bb90-da9b2b5fb29b,5bf14829-99bd-4d3c-b504-edd1e45593a0,2025-08-22T11:47:00,40e6ddd6-b8f6-4e17-8bd6-5e53966809d2,500,20,520
d724d3d7-c1b9-4b98-b711-09918b9234bf,167ce993-af12-4071-a5cb-fb3f09045741,2025-08-22T11:48:00,4b6c2304-2b9e-41e4-942a-cf11a1819378,400,24,424
b6eb928b-4ec2-4f38-91b0-25be8b8c0e29,d3adc9f1-fd4e-45ad-9d75-0919a6617f7a,2025-08-22T11:48:00,40e6ddd6-b8f6-4e17-8bd6-5e53966809d2,400,16,416
0bbc0ee8-5ddb-457c-88e3-eba99570227c,a98f640e-492a-445a-8a0d-7d444e98f1a9,2025-08-22T11:51:00,4b6c2304-2b9e-41e4-942a-cf11a1819378,800,48,848
7fc00d12-0998-4f84-90c8-2141e4f8fda7,8f9052f4-d761-416e-8b74-a71f640df0d7,2025-08-22T11:51:00,4b6c2304-2b9e-41e4-942a-cf11a1819378,500,30,530
2e9d793f-a8d2-4cb1-a668-752ac665732d,c1d42cf2-74d9-44b1-a0a2-c85935c413be,2025-08-22T11:51:00,4b6c2304-2b9e-41e4-942a-cf11a1819378,600,36,636
2d99f309-b23f-4176-bc57-7f86a9d2f5b5,3a1577eb-7860-498f-936a-da13e16cbd8c,2025-08-22T11:51:00,40e6ddd6-b8f6-4e17-8bd6-5e53966809d2,600,24,624
05ba782c-68dd-4929-90d7-21573ce27ed8,5daa5d95-314b-4f5e-8926-8d61c9d4daa1,2025-08-22T11:56:00,4b6c2304-2b9e-41e4-942a-cf11a1819378,700,42,742
41ddf403-ac5b-4f19-a36c-969b4fd62e03,7b971d80-7566-4bfa-93b7-b87270c4b732,2025-08-22T11:57:00,4b6c2304-2b9e-41e4-942a-cf11a1819378,2300,138,2438
45f6fcfe-dec7-4bb9-86b4-31cf617bac95,90b6264d-1278-47c8-a418-6498aac365ba,2025-08-22T11:59:00,4b6c2304-2b9e-41e4-942a-cf11a1819378,1600,96,1696
ad20094f-0027-449c-a75a-47e602f6d76c,a9976a20-42e5-4c26-a2d0-6ab72973887f,2025-08-22T11:59:00,4b6c2304-2b9e-41e4-942a-cf11a1819378,600,36,636
48e9fa64-df90-469d-8bbe-81b350a444bb,52ecad80-29ad-4b94-8e45-82007ac63dba,2025-08-22T12:01:00,4b6c2304-2b9e-41e4-942a-cf11a1819378,500,30,530
12083d1c-4dfe-4f9c-b8fb-1008cc42a7de,6a7675ef-2c9d-4e2d-80c0-b5f38fffb6ea,2025-08-22T12:01:00,40e6ddd6-b8f6-4e17-8bd6-5e53966809d2,1400,56,1456
c109f3d5-a8c6-4235-8160-3759b0df1b7c,07365e1d-9d4c-4185-859e-d5757178280c,2025-08-22T12:01:00,40e6ddd6-b8f6-4e17-8bd6-5e53966809d2,400,16,416
40c31428-8d7a-48ed-911d-b5358c04c55f,ddd9ed38-6351-4568-b08c-8f6c92cb84a8,2025-08-22T12:03:00,4b6c2304-2b9e-41e4-942a-cf11a1819378,600,36,636
b01fa9f7-149b-4d74-a1f7-6bacc28d7e6d,fa5ae382-e7ab-4d94-bdfc-7d689bc335ab,2025-08-22T12:05:00,40e6ddd6-b8f6-4e17-8bd6-5e53966809d2,0,0,0
efd4ff28-76e1-45bd-9cef-3be69093409a,27133460-80a8-449a-b422-65bfe97af456,2025-08-22T12:07:00,40e6ddd6-b8f6-4e17-8bd6-5e53966809d2,400,16,416
c63d8e44-d17f-4037-95c9-27b2fc01d7dc,d6cf7caa-9dd8-48c6-b4ee-5a02f62bb280,2025-08-22T12:15:00,4b6c2304-2b9e-41e4-942a-cf11a1819378,700,42,742
8cefcc56-9753-466c-a113-bb0b1265f744,066ca82d-85b8-45e6-b262-bac0bb3c0e21,2025-08-22T12:15:00,40e6ddd6-b8f6-4e17-8bd6-5e53966809d2,400,16,416
8f1e51c5-078b-4942-b9d0-8d834515f240,62e44a82-c99b-4d04-9abb-f6a2eb97c7ec,2025-08-22T12:16:00,40e6ddd6-b8f6-4e17-8bd6-5e53966809d2,400,16,416
afc90fd5-59ee-466c-b8b4-9dfc0cbee9ac,3eaef1e6-c145-417b-875b-96a83a8a8dc8,2025-08-22T12:20:00,40e6ddd6-b8f6-4e17-8bd6-5e53966809d2,600,24,624
43d61ab1-c783-449d-9111-21b392e0eecb,b08f3b44-9c9f-407f-a89d-961068f5f58c,2025-08-22T12:24:00,40e6ddd6-b8f6-4e17-8bd6-5e53966809d2,4300,172,4472
1c947243-32c0-4eaa-86f7-695cfe8c9832,b8cf5c4c-27e2-4106-9058-eb38559661e0,2025-08-22T12:27:00,40e6ddd6-b8f6-4e17-8bd6-5e53966809d2,600,24,624
3ec6310d-37ce-4667-9f05-69b3df1efbaa,32927010-1d7d-4cd9-a500-593804ff0e77,2025-08-22T12:27:00,40e6ddd6-b8f6-4e17-8bd6-5e53966809d2,500,20,520
fa1bc34e-4ca4-4241-8c80-c700195558a4,0bb6fcf3-0741-4179-af46-d26c45b77171,2025-08-22T12:31:00,4b6c2304-2b9e-41e4-942a-cf11a1819378,700,42,742
12f431fa-09ed-4e97-93b6-25f9d4a826ea,7c2a3f62-d757-4322-a213-921d7c370838,2025-08-22T12:32:00,40e6ddd6-b8f6-4e17-8bd6-5e53966809d2,500,20,520
592ea8a6-f41c-47f2-bfac-fab4eb895a91,7b4010bf-8e77-489c-83e9-0056299e9429,2025-08-22T12:33:00,40e6ddd6-b8f6-4e17-8bd6-5e53966809d2,1700,68,1768
69063038-c6c6-4a35-b2b6-d823627cae36,631f0e93-e48f-414d-b220-0c466b7fc584,2025-08-22T12:37:00,40e6ddd6-b8f6-4e17-8bd6-5e53966809d2,400,16,416
5decddc9-fe36-4f10-b8ed-f756aa5bf76e,3870073a-f764-4a2b-bc64-18e4569bf784,2025-08-22T12:40:00,4b6c2304-2b9e-41e4-942a-cf11a1819378,2000,120,2120
f2d83bd4-b6a6-4b68-9a16-1a2ef4f8e8ae,5a95b7ee-17bf-44cc-9775-835c337d4cb4,2025-08-22T12:42:00,40e6ddd6-b8f6-4e17-8bd6-5e53966809d2,1800,72,1872
50d92e34-8640-400b-9f45-8417ce852f3b,a7cebb21-0f26-4834-8a09-e3269b21a77b,2025-08-22T12:47:00,4b6c2304-2b9e-41e4-942a-cf11a1819378,600,36,636
9a39a7ca-d1c5-447c-813e-3b8a0af7e727,5c3c91f4-9d48-426f-9862-e165bf8f616d,2025-08-22T12:47:00,4b6c2304-2b9e-41e4-942a-cf11a1819378,600,36,636
427947b8-7674-4bb5-9195-1c56df4c8e28,f9c2b37f-2e88-4008-a277-99f35c4760bf,2025-08-22T12:49:00,40e6ddd6-b8f6-4e17-8bd6-5e53966809d2,400,16,416
4e0586f6-4518-4bf0-beb0-994a48f5379c,3dc87d1c-7942-471e-b947-26b7ec78cedb,2025-08-22T12:49:00,40e6ddd6-b8f6-4e17-8bd6-5e53966809d2,500,20,520
8b557108-4348-47a5-bc9f-e3c04c4b8fd2,878f6e41-bcd7-4f18-aa89-90133272eafa,2025-08-22T12:50:00,4b6c2304-2b9e-41e4-942a-cf11a1819378,1300,78,1378
ab029270-67a8-4bbe-a7fe-d069b5e5a67a,41653b96-0020-4b26-86da-cb8f9aac99a0,2025-08-22T12:50:00,4b6c2304-2b9e-41e4-942a-cf11a1819378,1200,72,1272
d4538394-480a-48b4-a888-ca1bbb4822b4,303bc5db-08d0-4431-b6df-29c80d0321da,2025-08-22T12:50:00,40e6ddd6-b8f6-4e17-8bd6-5e53966809d2,500,20,520
83da65b8-a6bd-44cb-855b-c335ae965786,3e5dc535-3e67-47d0-8eed-547c7f51e8c9,2025-08-22T12:51:00,40e6ddd6-b8f6-4e17-8bd6-5e53966809d2,1200,48,1248
e2341bbb-832a-4963-ba22-6a9c5966401e,5a2b4f14-e7ac-4b3a-bf58-688bca696e5f,2025-08-22T12:52:00,40e6ddd6-b8f6-4e17-8bd6-5e53966809d2,600,24,624
0628de70-4c63-4c83-83ab-a371625529ca,8cf43099-d49e-4e95-8b08-3d61df8b947f,2025-08-22T12:53:00,40e6ddd6-b8f6-4e17-8bd6-5e53966809d2,400,16,416
7062c370-2681-45bf-b552-39a3334c41d9,cd709ef0-753a-4968-b981-ab264708b37a,2025-08-22T12:54:00,40e6ddd6-b8f6-4e17-8bd6-5e53966809d2,800,32,832
59c5aca4-38df-47c1-a1de-0e370e8450d8,ef7f92e8-2f80-4e44-9e56-9ee276819791,2025-08-22T12:55:00,4b6c2304-2b9e-41e4-942a-cf11a1819378,600,36,636
64d58e3c-8e2f-450f-906d-d162c5834373,42748981-2a95-4e95-91cf-9844c8aa9c69,2025-08-22T12:59:00,4b6c2304-2b9e-41e4-942a-cf11a1819378,2100,126,2226
3656d471-882f-4087-a46d-bde8e5f4804b,7c66bbce-e687-4e15-be85-d960c3de159b,2025-08-22T12:59:00,40e6ddd6-b8f6-4e17-8bd6-5e53966809d2,500,20,520
7261c629-8e9f-46bc-83aa-c60438e95a2e,41c59ae8-bcd0-4d00-b8e9-bfaa0ce5913b,2025-08-22T13:03:00,40e6ddd6-b8f6-4e17-8bd6-5e53966809d2,600,24,624
e7985610-e3d0-4a29-bb1e-9a081b5ef683,efc6a229-f984-41c8-b741-83d9a46c5fd1,2025-08-22T13:04:00,4b6c2304-2b9e-41e4-942a-cf11a1819378,400,24,424
087b0efa-a532-44a4-bebd-0c562d1c73bc,f3feb7f9-9069-4fd7-be91-3800d1307935,2025-08-22T13:08:00,4b6c2304-2b9e-41e4-942a-cf11a1819378,1400,84,1484
6413848f-3d08-4898-b0a6-0b701d20e2ea,9400a9f1-7dfe-440e-9992-ce7a2dd5b296,2025-08-22T13:08:00,40e6ddd6-b8f6-4e17-8bd6-5e53966809d2,1800,72,1872
07d8dd1e-1d3f-465f-83ea-a171dc7625b2,090fb913-1317-4169-b150-64e304451d38,2025-08-22T13:18:00,40e6ddd6-b8f6-4e17-8bd6-5e53966809d2,400,16,416
8156f0c1-aa61-4256-ab59-d7fd40e9bd0b,b27a07f1-ddf4-4134-9f7d-1b1ac869b110,2025-08-22T13:19:00,4b6c2304-2b9e-41e4-942a-cf11a1819378,500,30,530
17f3fbc3-bca6-43a7-b682-865aaa9eb36c,13b24541-2c78-41cb-a6b6-e8713ab9a16f,2025-08-22T13:22:00,4b6c2304-2b9e-41e4-942a-cf11a1819378,500,30,530
ec8d0263-7870-4ee9-8be0-1bc392895415,3bfe5d2b-8ab3-473f-b56c-cdd86fff8877,2025-08-22T13:25:00,4b6c2304-2b9e-41e4-942a-cf11a1819378,2200,131,2331
32954d32-5989-4270-ac7d-aa64097f1ae8,1826e2e6-ccef-4719-8707-4c18ec953356,2025-08-22T13:27:00,4b6c2304-2b9e-41e4-942a-cf11a1819378,600,36,636
1be8c5cb-036b-4b8d-9525-5215da8e10d2,187d49e0-634f-4e10-a10c-3b0be7408be0,2025-08-22T13:28:00,4b6c2304-2b9e-41e4-942a-cf11a1819378,500,30,530
260b2cc4-d520-4dc4-94f2-af102adee350,902c8ddc-8ba2-42a6-b380-4afc64f50ffc,2025-08-22T13:31:00,40e6ddd6-b8f6-4e17-8bd6-5e53966809d2,2000,80,2080
f6343ee5-531a-486e-9272-d6966458ac27,6bb3949d-b446-4beb-bcc9-01846e7ef85f,2025-08-22T13:37:00,4b6c2304-2b9e-41e4-942a-cf11a1819378,500,30,530
e285985b-2d18-4fd5-b6d9-a9945bebf353,701ab460-123c-42eb-bae0-fbe7a111ebd7,2025-08-22T13:41:00,40e6ddd6-b8f6-4e17-8bd6-5e53966809d2,600,24,624
41e35170-8116-4d33-ac31-5afa51b0a717,0c7084bc-19a5-4ad6-bb26-a25f9c09b324,2025-08-22T13:42:00,4b6c2304-2b9e-41e4-942a-cf11a1819378,600,36,636
a4ff3222-67d7-4570-a150-e268b85e41b8,86fb0f27-e52e-40a4-8499-5f1610574213,2025-08-22T13:43:00,40e6ddd6-b8f6-4e17-8bd6-5e53966809d2,700,28,728
29bc09f0-62f1-41e0-ab86-c472e4e1eeb1,8386c889-4e1d-49ce-9d61-12c967dad0f9,2025-08-22T13:46:00,4b6c2304-2b9e-41e4-942a-cf11a1819378,600,36,636
863524bc-99a2-4769-99db-acd1cfeb65b1,5b2179c5-dd1c-45b4-b99c-10f1c7c201f4,2025-08-22T13:47:00,4b6c2304-2b9e-41e4-942a-cf11a1819378,1300,78,1378
04abf9af-c31a-4632-b514-faea7f04d5fd,6a0e8a99-d39a-4600-9876-1344b693450f,2025-08-22T13:48:00,4b6c2304-2b9e-41e4-942a-cf11a1819378,1600,96,1696
4b95d3b2-d211-4d7c-be94-1631db96928d,1a1397df-b2b4-4791-93d9-87ac9062f545,2025-08-22T13:49:00,40e6ddd6-b8f6-4e17-8bd6-5e53966809d2,400,16,416
88c44b54-1b87-483c-8ec9-64f1c5444c8e,18b69140-479d-44b6-8369-04a49414f975,2025-08-22T13:50:00,4b6c2304-2b9e-41e4-942a-cf11a1819378,1200,72,1272
924531e6-e19c-4f26-b3e2-ebc603726347,4dba6ec7-4085-4058-9f0e-5109b846f1c1,2025-08-22T13:57:00,40e6ddd6-b8f6-4e17-8bd6-5e53966809d2,600,24,624
734cfb59-768a-4e5f-b698-a670af0e15a7,367f1e9a-938e-4d15-8ec1-50ce91fef6ce,2025-08-22T14:02:00,4b6c2304-2b9e-41e4-942a-cf11a1819378,1000,60,1060
f70de6af-dc0b-4796-bedb-22f7c3d57af4,f9f4d7f7-6884-4f0c-88d9-0d3432a666ca,2025-08-22T14:05:00,40e6ddd6-b8f6-4e17-8bd6-5e53966809d2,1600,64,1664
4d29eb76-239f-4ca8-9b92-ce9da8459975,284f711a-5e5a-4929-bb5d-5ddba9a4a773,2025-08-22T14:06:00,40e6ddd6-b8f6-4e17-8bd6-5e53966809d2,400,16,416
d67a2b3c-4a9d-4ca6-9eac-2b1289ca3a86,1bcdbd0d-0e2f-4fdf-a8d5-214d3b49c7e2,2025-08-22T14:07:00,40e6ddd6-b8f6-4e17-8bd6-5e53966809d2,700,28,728
6cc7f8ce-ab1c-4c18-b0b4-7fc26b4df1d4,c712217e-16e5-4f51-a9f4-055b5176e747,2025-08-22T14:08:00,40e6ddd6-b8f6-4e17-8bd6-5e53966809d2,600,24,624
5ef8aec3-6333-4d7a-ae23-7e6d9f0d08a7,5f22d013-c3f9-44a7-aeba-0975da12ffcc,2025-08-22T14:10:00,40e6ddd6-b8f6-4e17-8bd6-5e53966809d2,500,20,520
c1ade5c8-23d8-430d-b275-e76e459582c8,c664111b-b80e-45ab-b2de-ee220ea29fbe,2025-08-22T14:11:00,40e6ddd6-b8f6-4e17-8bd6-5e53966809d2,2100,84,2184
1479de26-dda6-475b-87b2-5aa16ce0b9e2,a768163c-0781-430b-8703-ce1ce473c762,2025-08-22T14:11:00,40e6ddd6-b8f6-4e17-8bd6-5e53966809d2,700,28,728
36e8087e-51a9-4514-9b00-0c208cc0e847,3218db6b-84e5-453d-8de9-a966eecbacc6,2025-08-22T14:12:00,40e6ddd6-b8f6-4e17-8bd6-5e53966809d2,600,24,624
426e0712-83e5-4866-b10b-4a1c1f271dc8,3f3af4f6-a87b-4f03-8669-2e1a8e3c6d8b,2025-08-22T14:15:00,4b6c2304-2b9e-41e4-942a-cf11a1819378,600,36,636
97c39b72-0668-40ad-856c-01d328a72482,14dec3ce-7570-4c3f-af8c-e9c0d74cfcd2,2025-08-22T14:21:00,40e6ddd6-b8f6-4e17-8bd6-5e53966809d2,500,20,520
0679852d-e9b0-4013-8187-ae5b9ad16266,7528c8de-b892-4894-8892-94a29730aa9c,2025-08-22T14:22:00,4b6c2304-2b9e-41e4-942a-cf11a1819378,1800,108,1908
27ed5cc8-4331-4330-9110-6f7ac7fe073f,43317971-4c76-44db-9b97-011579286ea5,2025-08-22T14:32:00,4b6c2304-2b9e-41e4-942a-cf11a1819378,4300,258,4558
7d98a5ac-28b3-446c-ba02-45be7dc8fb91,8e91d584-8798-4b43-a077-64b5334460b3,2025-08-22T14:38:00,40e6ddd6-b8f6-4e17-8bd6-5e53966809d2,1900,76,1976
8aeeae49-9ad1-4f4d-897b-3532920ffd0a,2e2960d6-f2e9-4048-b234-fb21f0f72405,2025-08-22T14:39:00,40e6ddd6-b8f6-4e17-8bd6-5e53966809d2,600,24,624
42b01fb5-ad36-4832-b3a9-d1dbeb884678,cbda2de6-06db-4a9f-91af-cc36e8ba0bad,2025-08-22T14:46:00,4b6c2304-2b9e-41e4-942a-cf11a1819378,1300,78,1378
9b3fc0a7-34f0-4417-933f-92b69559d9c0,f4c4994a-5a77-4a2f-902b-4f69c22ccee3,2025-08-22T14:46:00,4b6c2304-2b9e-41e4-942a-cf11a1819378,400,24,424
cacf9540-368b-4fff-8013-2af7f68f5a76,013b644d-5645-44bd-8ca3-d7d254b2ba18,2025-08-22T14:48:00,4b6c2304-2b9e-41e4-942a-cf11a1819378,400,24,424
e1a7b8f5-889c-4878-851a-4c5f80227103,a970776b-59ce-47ec-9e77-946229a8be45,2025-08-22T14:49:00,4b6c2304-2b9e-41e4-942a-cf11a1819378,700,42,742
a99ce1d2-18a3-462e-87b8-7e330a32c02e,3d097c4e-dd09-4cfa-8460-39fd4fb8a1cc,2025-08-22T14:54:00,4b6c2304-2b9e-41e4-942a-cf11a1819378,700,42,742
fd5b1798-1a89-40bd-814a-d53caa03fff9,28447ab4-5e16-465e-acd1-7fcacd2d97e2,2025-08-22T14:55:00,4b6c2304-2b9e-41e4-942a-cf11a1819378,1700,102,1802
a2dd5f51-d91a-47e6-8655-3fcf96bf0439,6aff094b-52ed-46fe-8904-5752ec7e76ec,2025-08-22T14:59:00,40e6ddd6-b8f6-4e17-8bd6-5e53966809d2,500,20,520
d31b5d22-2ccb-4331-b661-34f3fad78d27,36df5a68-777a-4824-9342-f7f557e872ba,2025-08-22T15:02:00,4b6c2304-2b9e-41e4-942a-cf11a1819378,600,36,636
4877a632-d73f-44d3-ae11-1f22f7bd21d3,3d2423f0-cecf-4060-b105-96b04f2ea442,2025-08-22T15:03:00,4b6c2304-2b9e-41e4-942a-cf11a1819378,500,30,530
876184f6-4a72-40f7-8738-85137b0bdbc8,7c0459a0-2d38-460e-8653-72aefbf15570,2025-08-22T15:10:00,40e6ddd6-b8f6-4e17-8bd6-5e53966809d2,2600,104,2704
02b3a9bf-1dab-4ef4-b6cf-f68f1c0a0c08,899ea741-e615-4f9e-ad30-286f6f306f00,2025-08-22T15:11:00,4b6c2304-2b9e-41e4-942a-cf11a1819378,600,36,636
69a97818-6ad3-4c2f-8832-7f15044941f4,9aaa8391-995f-4006-8413-c590098fc46a,2025-08-22T15:16:00,4b6c2304-2b9e-41e4-942a-cf11a1819378,700,42,742
1205f327-6cf8-4be8-88a7-76988efad19b,fd788ea1-7f9f-477b-b5fa-9a64962eb7f0,2025-08-22T15:24:00,4b6c2304-2b9e-41e4-942a-cf11a1819378,1700,102,1802
4111cb09-8ed8-4ade-90c8-709ef277cb52,69731d27-9caa-46cf-8933-d01e29b20043,2025-08-22T15:28:00,4b6c2304-2b9e-41e4-942a-cf11a1819378,1800,108,1908
e539b37c-2caa-46cf-9b97-a0b9126a3f7e,96aa3e1c-ce39-4f76-b813-c9b4d59c0cdc,2025-08-22T15:29:00,40e6ddd6-b8f6-4e17-8bd6-5e53966809d2,700,28,728
f8a5456b-eb82-4744-848a-435326b0e5bc,0bc37503-ab88-4833-9b4e-1355bdd20deb,2025-08-22T15:31:00,40e6ddd6-b8f6-4e17-8bd6-5e53966809d2,800,32,832
7cfed61e-a430-4536-8a90-aa12de57a5af,2030e11b-f809-402e-8a1e-00aa3cb751da,2025-08-22T15:38:00,4b6c2304-2b9e-41e4-942a-cf11a1819378,3400,204,3604
6a22a34a-4cf1-46ab-b062-98df66200e22,cec4dd97-5c6e-415b-ba06-47dc8ef4570f,2025-08-22T15:40:00,4b6c2304-2b9e-41e4-942a-cf11a1819378,1700,102,1802
cbfb370c-cbe3-4d09-9232-85b7aa647765,254292b3-d9f3-4b20-be39-1db058d17bb9,2025-08-22T15:40:00,4b6c2304-2b9e-41e4-942a-cf11a1819378,1800,108,1908
d78d24d3-ff76-4921-b4d8-44c160f556e3,58491188-36e5-4fb3-ab3b-514e78a270a6,2025-08-22T15:44:00,4b6c2304-2b9e-41e4-942a-cf11a1819378,1700,102,1802
e58f2128-1352-4689-9e34-4af36b6d20a1,265cf9a7-b023-492e-9e62-3896325f1c48,2025-08-22T15:48:00,40e6ddd6-b8f6-4e17-8bd6-5e53966809d2,700,28,728
9863cb44-7b30-4187-9b4a-4901d7dbff9b,ef097aa6-f4d9-4c16-bc17-a7cc87116f35,2025-08-22T15:48:00,40e6ddd6-b8f6-4e17-8bd6-5e53966809d2,600,24,624
746d52c3-0167-48c8-92df-d7201d0e667d,f7d61334-5d22-49f8-a022-903921239047,2025-08-22T15:50:00,40e6ddd6-b8f6-4e17-8bd6-5e53966809d2,700,28,728
53c6585d-d0eb-4ac3-8358-d9ff168b5181,19a91b0b-51dc-434f-978a-177588409f99,2025-08-22T16:01:00,4b6c2304-2b9e-41e4-942a-cf11a1819378,600,36,636
e58a549c-bc6a-4df1-8500-1677415f5553,0e7b96a0-3300-42a0-b46a-0376d91610eb,2025-08-22T16:02:00,4b6c2304-2b9e-41e4-942a-cf11a1819378,700,42,742
994a7264-ee88-4788-aef1-120694c6a589,bbce772f-b9b7-49f2-b79e-fa5d953ced6b,2025-08-22T16:08:00,4b6c2304-2b9e-41e4-942a-cf11a1819378,2000,120,2120
f2405ee7-52f4-4a9e-8820-248609978a83,1fcfe435-1e78-4646-a517-19906c49735a,2025-08-22T16:09:00,4b6c2304-2b9e-41e4-942a-cf11a1819378,1700,102,1802
481de41d-7809-4efb-b11a-4b4ab8ce3b39,abf52e51-d999-45fd-a6b0-6a9cd018fb47,2025-08-22T16:23:00,40e6ddd6-b8f6-4e17-8bd6-5e53966809d2,1300,52,1352
45c54612-8adf-41eb-b880-42bb1c167c4e,3207b0f3-9af4-4ba4-acb1-6ba8ea25f52e,2025-08-22T16:27:00,40e6ddd6-b8f6-4e17-8bd6-5e53966809d2,600,24,624
dc6d6bf0-83f2-4994-94d9-d362699a242a,fa6de1f2-ff8e-43ea-8da3-98d975b096da,2025-08-22T16:36:00,40e6ddd6-b8f6-4e17-8bd6-5e53966809d2,1700,68,1768
29c29182-c6c2-47cb-9653-9b1d8fb4838e,33f27548-d085-481a-aa4f-a851fbebe0cd,2025-08-22T16:39:00,40e6ddd6-b8f6-4e17-8bd6-5e53966809d2,500,20,520
73b13ba8-4f89-4630-b67e-3ab4ed7531c0,8f34cf8e-4ab5-436b-b34d-d43e654c8d6b,2025-08-22T16:52:00,40e6ddd6-b8f6-4e17-8bd6-5e53966809d2,1200,48,1248
593712a1-73a5-4a28-b3e5-83c4b73e22b3,e860f5d5-878c-468e-a446-059ba8434d4b,2025-08-22T17:00:00,4b6c2304-2b9e-41e4-942a-cf11a1819378,2200,131,2331
3a81da78-16a6-4993-a20e-029fdd1f3678,848c50eb-5e2a-4b53-b6b9-751bfad107b7,2025-08-22T17:08:00,4b6c2304-2b9e-41e4-942a-cf11a1819378,400,24,424
28eef3c8-d5b3-40e6-8dbe-477eeea56e7f,5a589b0f-69ac-4256-aea8-df379845f417,2025-08-22T17:10:00,4b6c2304-2b9e-41e4-942a-cf11a1819378,1600,96,1696
e160e11d-0580-425f-9acb-abe795bb0228,a30edde1-4a46-4acb-905c-013e285a8101,2025-08-22T17:17:00,40e6ddd6-b8f6-4e17-8bd6-5e53966809d2,600,24,624
ce3d3ee5-fea7-4ece-b7b7-ec21416cc9d4,bbe9e834-7071-42d6-8970-aa7301b72ec2,2025-08-22T17:20:00,4b6c2304-2b9e-41e4-942a-cf11a1819378,600,36,636
b5fb6d9d-eb77-444c-a533-06089b0e8041,fc41d86f-78f3-476a-882c-3eafc02d61f2,2025-08-22T17:40:00,4b6c2304-2b9e-41e4-942a-cf11a1819378,1700,102,1802
7f0f62a6-ae5b-406a-b99f-93deb5736f44,da9de603-2c96-4356-820d-7c1e9ac4dde7,2025-08-22T17:40:00,40e6ddd6-b8f6-4e17-8bd6-5e53966809d2,1800,72,1872
11ed119c-b49a-4e58-a160-db238190fe89,96e4788e-210c-4cc9-97f7-b6b855134e0b,2025-08-22T17:44:00,4b6c2304-2b9e-41e4-942a-cf11a1819378,400,24,424
ddb82d86-9471-423e-909f-fac630734882,529867fe-75f6-4cd9-b913-543b3d6e583c,2025-08-22T18:11:00,40e6ddd6-b8f6-4e17-8bd6-5e53966809d2,1000,40,1040
fed90ae5-44de-41b8-a219-0a451061a272,758d0e66-e551-46a4-b8f9-0a98d7161e93,2025-08-22T18:18:00,40e6ddd6-b8f6-4e17-8bd6-5e53966809d2,600,24,624
dd86d6ad-eb3e-42dc-ac29-3bc904e5446b,102e02b0-7f44-4058-881f-7896edc964b2,2025-08-22T18:19:00,4b6c2304-2b9e-41e4-942a-cf11a1819378,800,48,848
544f9a08-6c86-4690-a0bf-0d3fc74b7bfe,eccb6e23-700f-4b9e-803e-9c681f12dd9e,2025-08-22T18:24:00,40e6ddd6-b8f6-4e17-8bd6-5e53966809d2,400,16,416
292310ab-cc5f-487b-b4d7-62f0c33af6e9,bb35efe0-ac42-4801-bc72-7bea481716da,2025-08-22T18:26:00,40e6ddd6-b8f6-4e17-8bd6-5e53966809d2,500,20,520
86aa27d6-0165-49b2-ac43-1528a85d0fb1,3d0d96e7-a6da-4e11-a509-76b813d466f5,2025-08-22T18:31:00,4b6c2304-2b9e-41e4-942a-cf11a1819378,2400,144,2544
59160fdc-ea2a-4fef-bb49-181a286d7dbd,dcddb844-390f-4861-a4ee-0a32b75bb218,2025-08-22T18:45:00,40e6ddd6-b8f6-4e17-8bd6-5e53966809d2,600,24,624
172129b8-13a5-4deb-a1c7-5d990636a44b,8fd99d74-d73b-4014-a8fa-a37b39befe36,2025-08-22T19:00:00,40e6ddd6-b8f6-4e17-8bd6-5e53966809d2,1500,60,1560
5322e504-f4a6-4a7f-8b72-54a82094575c,21e6a119-3caa-43ab-9905-08bda65f8493,2025-08-22T19:07:00,40e6ddd6-b8f6-4e17-8bd6-5e53966809d2,1000,40,1040
b1a31a73-3836-4d17-bde6-b650ef311b0b,847d46dd-9721-4351-8bef-5c2292b57d6f,2025-08-23T07:00:00,4b6c2304-2b9e-41e4-942a-cf11a1819378,400,24,424
943f2cd7-edeb-4b5a-bbb5-cc02c0dc68c0,3f13d579-3df8-478c-b978-eec7255facfa,2025-08-23T07:00:00,4b6c2304-2b9e-41e4-942a-cf11a1819378,3100,186,3286
8ae99195-c5d8-45dc-910a-b1199a6b7927,e215d555-cc18-4890-8969-89abf72d28ae,2025-08-23T07:00:00,40e6ddd6-b8f6-4e17-8bd6-5e53966809d2,600,24,624
a63374c9-fb35-4bdb-b2de-8e5ddd7a8f2d,12c154ff-46ac-45a7-921c-2404994ecc21,2025-08-23T07:00:00,40e6ddd6-b8f6-4e17-8bd6-5e53966809d2,500,20,520
2a929ef7-78a4-4c71-b639-f924511f30b9,866ec748-2021-45f8-9170-6c393fca1e65,2025-08-23T07:00:00,40e6ddd6-b8f6-4e17-8bd6-5e53966809d2,600,24,624
5195366d-7469-4cab-b0ea-7cf93ee902e1,71f1cea1-588b-47f5-93c3-4e649541a9e4,2025-08-23T07:00:00,40e6ddd6-b8f6-4e17-8bd6-5e53966809d2,600,24,624
fbf2b803-2ad9-4ee4-a87b-a22976a96aca,71972ade-a5de-461b-aac8-49774ccb1a4a,2025-08-23T07:01:00,4b6c2304-2b9e-41e4-942a-cf11a1819378,400,24,424
fee23a1c-befc-4c81-a37f-ea776b2ae014,0000bd8e-496c-42aa-9430-fea7f9bd6a96,2025-08-23T07:02:00,4b6c2304-2b9e-41e4-942a-cf11a1819378,400,24,424
cc7df869-2927-45a1-a7e5-6c86f4233635,a692df88-38f3-4725-84a6-73ec7e6c7ab5,2025-08-23T07:02:00,40e6ddd6-b8f6-4e17-8bd6-5e53966809d2,400,16,416
2eb24ae0-0854-459c-aeb2-8c603a403872,be6fcaa5-9911-4bb6-b97c-47eb53c88b32,2025-08-23T07:08:00,4b6c2304-2b9e-41e4-942a-cf11a1819378,500,30,530
341e94ff-7f91-4627-b4fb-28fdc3787c04,4d9a6ab4-f181-4f8c-9beb-e4cd9774b5d7,2025-08-23T07:09:00,40e6ddd6-b8f6-4e17-8bd6-5e53966809d2,500,20,520
2fdb305d-f422-49ac-9dc2-94b0c489d6d9,8ebb4b7d-ed19-43be-a647-6c3a9a6a166a,2025-08-23T07:12:00,4b6c2304-2b9e-41e4-942a-cf11a1819378,500,30,530
49cdf40c-e55a-40d6-8314-efc3e518744e,bd081d89-0320-4774-bb4c-798b6e253b0e,2025-08-23T07:12:00,4b6c2304-2b9e-41e4-942a-cf11a1819378,500,30,530
28a72d4c-733b-471e-ac3d-b5e9fab019cf,d18e4429-67b8-4ac0-8d74-6c1d026d15a7,2025-08-23T07:13:00,40e6ddd6-b8f6-4e17-8bd6-5e53966809d2,500,20,520
000c3fad-9797-47e7-97f6-dd4c798e82a3,06a161e4-302f-4ae9-b96b-2734ad33f946,2025-08-23T07:13:00,40e6ddd6-b8f6-4e17-8bd6-5e53966809d2,600,24,624
c225780d-4b4b-40d0-82f5-7764a3df572a,d31efffd-fdc4-4168-ac26-83b67a6c5c47,2025-08-23T07:14:00,4b6c2304-2b9e-41e4-942a-cf11a1819378,600,36,636
ac742361-2a2d-483e-8769-4e80e7b5e34a,b66b0e13-b74e-40e7-b3e7-1583f2f08a9b,2025-08-23T07:15:00,40e6ddd6-b8f6-4e17-8bd6-5e53966809d2,700,28,728
56922f77-647c-40ae-83d5-ee14e6fe78c8,b4cc95b0-6dbf-4264-a3ef-43fbbadf652a,2025-08-23T07:16:00,4b6c2304-2b9e-41e4-942a-cf11a1819378,400,24,424
52f59209-0594-44df-9943-7eaa3e3b5bee,72fd6924-b954-4c8f-9c0b-2545d0efe53b,2025-08-23T07:16:00,4b6c2304-2b9e-41e4-942a-cf11a1819378,400,24,424
3fa0f2cd-b40c-4685-9a72-3323eeb96db0,04b679f3-0691-47bc-975a-fdac41f52db4,2025-08-23T07:18:00,4b6c2304-2b9e-41e4-942a-cf11a1819378,600,36,636
23841133-89ff-4ed5-83d5-f62c38e72369,bbe44e0a-dc83-4c13-a357-89d0c4f06f29,2025-08-23T07:20:00,40e6ddd6-b8f6-4e17-8bd6-5e53966809d2,600,24,624
7ee26f5e-cb49-4995-acbc-5f2f3348ef83,89a5d615-2bb0-4843-8177-90bf7f452bfe,2025-08-23T07:20:00,40e6ddd6-b8f6-4e17-8bd6-5e53966809d2,500,20,520
f5dab068-cb0e-4d8a-8474-dd648e48815c,31006b42-8446-43cf-bd23-af4d84ca2c85,2025-08-23T07:21:00,40e6ddd6-b8f6-4e17-8bd6-5e53966809d2,500,20,520
0672192e-44ec-4252-b655-6519ca55fbd2,2f76575f-2d85-40ca-8f3b-82b14debc678,2025-08-23T07:22:00,40e6ddd6-b8f6-4e17-8bd6-5e53966809d2,400,16,416
248788c0-4efd-45ff-94f5-82a71b781cd1,b0cab1cc-6689-4922-a78f-5c6e1c458cd1,2025-08-23T07:23:00,4b6c2304-2b9e-41e4-942a-cf11a1819378,500,30,530
cd049eae-f71a-428b-a35a-0e4ef1bb88c7,6058494e-8390-41a7-9c1b-182902dda8db,2025-08-23T07:26:00,4b6c2304-2b9e-41e4-942a-cf11a1819378,500,30,530
c3e49ca0-8b77-4929-8117-ac459b123e83,aa006c1b-6b97-4f02-99a9-57923d13eb8f,2025-08-23T07:26:00,4b6c2304-2b9e-41e4-942a-cf11a1819378,600,36,636
b7f3be4d-75ff-4f5f-a492-075f8807e9eb,2f0fa97b-f713-40a9-8e11-3e18580cd97b,2025-08-23T07:26:00,40e6ddd6-b8f6-4e17-8bd6-5e53966809d2,600,24,624
35e128b6-b991-420a-8ad4-2a80152254d7,33d208d7-91f2-4d70-9f75-c1bf87481c15,2025-08-23T07:26:00,40e6ddd6-b8f6-4e17-8bd6-5e53966809d2,600,24,624
d6793186-a336-406c-8a42-fc7e7c016e66,212484cd-56e9-4934-ab9b-69d43228ee16,2025-08-23T07:27:00,40e6ddd6-b8f6-4e17-8bd6-5e53966809d2,700,28,728
bedc0b2e-b7e6-4167-8ead-c9017397d63d,5fccc95a-c30f-4525-a4a6-43861baae99a,2025-08-23T07:28:00,4b6c2304-2b9e-41e4-942a-cf11a1819378,600,36,636
8f29c24e-15c8-4835-9bc9-5a38a35f7932,a5066e8e-de65-4798-9ed5-f6cae5f86031,2025-08-23T07:29:00,40e6ddd6-b8f6-4e17-8bd6-5e53966809d2,600,24,624
086cd2a0-3822-4359-b228-bed626535396,890861ac-5e77-4568-aaff-807b37e6f872,2025-08-23T07:30:00,4b6c2304-2b9e-41e4-942a-cf11a1819378,600,36,636
bc96075c-7a72-4461-b893-a3976d1c5fe9,13ae1187-ebff-4588-bbf0-db26b1bbb598,2025-08-23T07:32:00,4b6c2304-2b9e-41e4-942a-cf11a1819378,600,36,636
a618b7c5-a61a-4e79-bd07-187fbf180d46,333d41f0-5f4d-48cb-b3bd-042814f9b7f8,2025-08-23T07:32:00,4b6c2304-2b9e-41e4-942a-cf11a1819378,400,24,424
27afc3b6-7e3b-48da-b5df-b490037c544d,b3f95dcd-caf0-4d0c-8890-a7b8e231c6b7,2025-08-23T07:33:00,40e6ddd6-b8f6-4e17-8bd6-5e53966809d2,400,16,416
cb8a5564-d0b1-48e3-84c6-fe66c5a93357,cc6587b9-1ad1-4f99-bb8b-dc23f1621ea6,2025-08-23T07:33:00,40e6ddd6-b8f6-4e17-8bd6-5e53966809d2,600,24,624
3c74ab2c-de72-4a47-ae05-db0e7dc46074,b2310c7d-702b-4e62-b938-3b19262bd9e9,2025-08-23T07:34:00,40e6ddd6-b8f6-4e17-8bd6-5e53966809d2,400,16,416
1309ea5e-dc33-4373-b256-bbe6e692d885,1d94038e-346e-4263-a10f-7fa4e5d1179e,2025-08-23T07:35:00,40e6ddd6-b8f6-4e17-8bd6-5e53966809d2,600,24,624
d650f130-a4ab-4d0e-be25-cb4a902e1338,49a68f77-776a-4b4b-b668-48e489f414ae,2025-08-23T07:35:00,40e6ddd6-b8f6-4e17-8bd6-5e53966809d2,500,20,520
3a88cd7f-9713-437a-b21d-8ed83de933fc,430e5411-6ed3-439b-93c3-e885b2a37d0f,2025-08-23T07:35:00,40e6ddd6-b8f6-4e17-8bd6-5e53966809d2,700,28,728
04769835-0a5d-4348-b711-2014b33467ac,a3867ed0-9303-4ce2-b40d-a9711a5efef0,2025-08-23T07:35:00,40e6ddd6-b8f6-4e17-8bd6-5e53966809d2,500,20,520
5b0deedd-3b81-40b1-ae90-a6c4507e1dd2,4acffd44-9d77-4c09-afdb-e7f93ee5518b,2025-08-23T07:36:00,4b6c2304-2b9e-41e4-942a-cf11a1819378,600,36,636
457a8d97-0c44-4530-8723-c3bb0886a151,3483e39a-260f-4974-9366-50c2d833307f,2025-08-23T07:37:00,4b6c2304-2b9e-41e4-942a-cf11a1819378,500,30,530
07a5dfde-57f6-44ac-b923-b735dc84b163,710200a9-2c6c-4f21-b3f1-3ed6aa684fa2,2025-08-23T07:37:00,4b6c2304-2b9e-41e4-942a-cf11a1819378,500,30,530
2142b8e7-a755-431c-9079-8654cf9fa6e3,ff29ece6-95da-4800-acd2-b14950a339dd,2025-08-23T07:37:00,4b6c2304-2b9e-41e4-942a-cf11a1819378,700,42,742
a1c3443b-9bcc-4bc0-a8a6-3315e406d826,03410ea3-1e8a-40ef-9322-bc532f78f7ff,2025-08-23T07:37:00,40e6ddd6-b8f6-4e17-8bd6-5e53966809d2,500,20,520
4ad22b0f-3e52-4d1e-8daa-d534b89f538d,bf03895d-6d44-49a2-8183-81c4e89eac75,2025-08-23T07:38:00,40e6ddd6-b8f6-4e17-8bd6-5e53966809d2,600,24,624
b1d41191-d2c6-43ab-a481-bc9aa127f3dc,2e1fd151-264e-4a4a-8584-733dd5da3152,2025-08-23T07:38:00,40e6ddd6-b8f6-4e17-8bd6-5e53966809d2,600,24,624
fbdc453d-a851-4699-9a60-4ba716950d6c,6faa20a4-1e8f-43a8-9a45-33ae5f675190,2025-08-23T07:39:00,4b6c2304-2b9e-41e4-942a-cf11a1819378,700,42,742
5c6213e5-5302-46e0-a94c-90a81d7499a3,83864095-dda9-4a16-ab3a-ba6429fa3dbd,2025-08-23T07:39:00,40e6ddd6-b8f6-4e17-8bd6-5e53966809d2,500,20,520
6ee730b6-ee91-4088-8069-b044b4876205,a5781cf5-d32e-4370-b0f8-4f229bc0efa4,2025-08-23T07:41:00,4b6c2304-2b9e-41e4-942a-cf11a1819378,400,24,424
3004b763-7b12-4850-810a-82a9fa57487d,0db82818-585b-4e3f-9898-2a72727c2e42,2025-08-23T07:41:00,4b6c2304-2b9e-41e4-942a-cf11a1819378,600,36,636
dc02c1e6-c7ce-4705-a82f-c76c65febfc7,4fc0f100-7ad9-49a8-9620-f0e3a0e42a80,2025-08-23T07:41:00,4b6c2304-2b9e-41e4-942a-cf11a1819378,400,24,424
fe148d3a-a7f8-4133-930b-dd82577e791e,2f771a5a-3d76-48e3-985b-b7e91e092c46,2025-08-23T07:43:00,40e6ddd6-b8f6-4e17-8bd6-5e53966809d2,400,16,416
57c871c4-aeef-4f4b-83d9-9c57e27c89dd,2f162c0f-4d00-4d10-88ca-6dd2b94f24f5,2025-08-23T07:43:00,40e6ddd6-b8f6-4e17-8bd6-5e53966809d2,600,24,624
d3ab5e10-6490-4374-a5cb-f6219805fa7b,8e5821f5-d035-421b-a56a-6ed02c100432,2025-08-23T07:44:00,4b6c2304-2b9e-41e4-942a-cf11a1819378,500,30,530
9b13453b-3c65-4d1e-8a73-8a47281e1ae5,adaf0597-4b7f-4b6a-8881-40f3787bc862,2025-08-23T07:44:00,40e6ddd6-b8f6-4e17-8bd6-5e53966809d2,500,20,520
f2ba52bd-f119-49a1-a6d8-d37a76bf9ea1,355d89d9-bf5a-41df-9382-a5e57cbbbec4,2025-08-23T07:45:00,40e6ddd6-b8f6-4e17-8bd6-5e53966809d2,600,24,624
d3e226d4-4e1d-4feb-a131-28caddaf0855,b65fff66-1997-4dd8-bc91-1349a415e4a0,2025-08-23T07:45:00,40e6ddd6-b8f6-4e17-8bd6-5e53966809d2,500,20,520
7dfea79a-5bc1-4300-952e-93e329d68adb,e6173937-b216-46db-b863-ec7526285150,2025-08-23T07:45:00,40e6ddd6-b8f6-4e17-8bd6-5e53966809d2,400,16,416
05887382-a0ae-458f-bd52-62c99220b38e,7aa35447-7686-43f7-bb98-14b1bc5fe250,2025-08-23T07:45:00,40e6ddd6-b8f6-4e17-8bd6-5e53966809d2,400,16,416
27b08b78-2b11-4f74-af19-cfc78fd98aae,2661b9e7-3b2c-40ea-b349-251363d10a4e,2025-08-23T07:46:00,40e6ddd6-b8f6-4e17-8bd6-5e53966809d2,400,16,416
42b41619-6150-416e-b525-6dbbcb3bf6dd,a311b0c8-1b63-4405-8097-09a984512389,2025-08-23T07:47:00,4b6c2304-2b9e-41e4-942a-cf11a1819378,500,30,530
471d77dd-0e0a-4a7c-ac6a-9745c31a7f98,d45ce04e-1258-4744-ab7d-af982c28565d,2025-08-23T07:47:00,40e6ddd6-b8f6-4e17-8bd6-5e53966809d2,700,28,728
9cc0fb43-c373-409d-8d0c-f58599b94c57,f4c0d073-250c-455a-a84a-848e56ae7048,2025-08-23T07:47:00,40e6ddd6-b8f6-4e17-8bd6-5e53966809d2,600,24,624
f68a1839-3aea-4f4b-aa33-52ca9acb8014,d4d6e685-70a2-49ea-b511-383a54d18cfa,2025-08-23T07:47:00,40e6ddd6-b8f6-4e17-8bd6-5e53966809d2,600,24,624
e10bcdac-873f-40e9-b6a1-3a41bf1990aa,95381466-0836-4fd0-b05c-e8ca6147a51f,2025-08-23T07:47:00,40e6ddd6-b8f6-4e17-8bd6-5e53966809d2,600,24,624
0c3016c9-018d-4efa-9409-532cea8fb3cd,2b4b540f-9423-4186-8164-4566e5e908f2,2025-08-23T07:47:00,40e6ddd6-b8f6-4e17-8bd6-5e53966809d2,600,24,624
7e999acb-7986-4261-8e28-19551588bbda,a1a72036-c041-4a92-a719-9bbf0e21d53b,2025-08-23T07:47:00,40e6ddd6-b8f6-4e17-8bd6-5e53966809d2,700,28,728
cca08044-2fd4-4757-8d38-c357cda06c9d,5261268c-aa94-438a-921a-05efc0d414ac,2025-08-23T07:48:00,4b6c2304-2b9e-41e4-942a-cf11a1819378,600,36,636
ea73f1fe-943e-4dc6-9a62-190a4883c4d7,1757e1cd-b99e-42a3-9e19-1b1305127836,2025-08-23T07:48:00,40e6ddd6-b8f6-4e17-8bd6-5e53966809d2,600,24,624
fe4cba81-2ed4-4505-9927-dcc6ae3054ba,a0a83e46-f548-4a18-a79a-5ecdd85b6c8e,2025-08-23T07:50:00,40e6ddd6-b8f6-4e17-8bd6-5e53966809d2,600,24,624
fbeeb338-9b90-4f58-8dfb-eda98bfd6d89,1bc088f8-fdf1-442f-9491-1287abc066d3,2025-08-23T07:50:00,40e6ddd6-b8f6-4e17-8bd6-5e53966809d2,600,24,624
f3907e57-a897-4518-be25-395c074bc8f3,1a1fa253-a2de-457a-9397-7c6c80d5d589,2025-08-23T07:50:00,40e6ddd6-b8f6-4e17-8bd6-5e53966809d2,600,24,624
aaa1feb9-f8d7-4b0a-8d89-c6e3cbd948bf,e6debecd-a5cf-4ced-957e-7fb31720480c,2025-08-23T07:50:00,40e6ddd6-b8f6-4e17-8bd6-5e53966809d2,400,16,416
b9d93312-4ebe-4776-be94-d4a3abe3951d,8c5628d0-6d15-4a6d-80f2-9c723e39ba83,2025-08-23T07:50:00,40e6ddd6-b8f6-4e17-8bd6-5e53966809d2,600,24,624
458cb58e-bcd2-4e4f-8e31-954da064e8c7,5484b02b-221a-4bbe-86a3-3eccdcf8d2ae,2025-08-23T07:50:00,40e6ddd6-b8f6-4e17-8bd6-5e53966809d2,600,24,624
9346538f-6f2c-48cc-aa45-1295af8ed230,3785fc7c-35aa-4e40-b620-f54b10e8a832,2025-08-23T07:52:00,40e6ddd6-b8f6-4e17-8bd6-5e53966809d2,600,24,624
318e0e5f-5c53-40ac-b0cc-53fc2201e27c,fad2c57b-c35e-4270-8d10-2f067a5ee2b7,2025-08-23T07:52:00,40e6ddd6-b8f6-4e17-8bd6-5e53966809d2,600,24,624
f363c7e6-d72a-41d3-87c2-334bc58218a6,ed7f8737-2c99-408f-afd0-f91c740e414c,2025-08-23T07:53:00,4b6c2304-2b9e-41e4-942a-cf11a1819378,600,36,636
79f9e7db-5a01-4087-9e84-5893418cbb51,61004774-fb70-403c-ae81-a1e9cd187146,2025-08-23T07:53:00,40e6ddd6-b8f6-4e17-8bd6-5e53966809d2,400,16,416
8a87f8dd-ae02-4dcd-97d1-36bf51a5974a,49421d99-2baa-4a3f-bbff-4e4d4e0062aa,2025-08-23T07:53:00,40e6ddd6-b8f6-4e17-8bd6-5e53966809d2,400,16,416
c4b81a95-d259-45af-bce7-ba619c400bbd,2dcc7662-f1ce-442c-b998-bbe351d5e186,2025-08-23T07:53:00,40e6ddd6-b8f6-4e17-8bd6-5e53966809d2,700,28,728
c19d8a1b-4838-409d-8414-1c20580fe828,4dc2aa9c-8633-4861-b795-5b285cf76a1f,2025-08-23T07:54:00,4b6c2304-2b9e-41e4-942a-cf11a1819378,600,36,636
563d25d6-dbf3-4715-ac02-b39369d4c959,b5261e71-886e-4d78-8d1d-310ed9754704,2025-08-23T07:54:00,40e6ddd6-b8f6-4e17-8bd6-5e53966809d2,500,20,520
f884d8e5-472a-483d-9cad-0de91f21a1b7,c0ec2b5c-22e2-4010-a8f9-94431d5860c7,2025-08-23T07:54:00,40e6ddd6-b8f6-4e17-8bd6-5e53966809d2,600,24,624
9edeab86-d552-49f3-bff2-aa01bbcb2215,d6914b8f-0d72-4044-a61b-055adb02f005,2025-08-23T07:56:00,40e6ddd6-b8f6-4e17-8bd6-5e53966809d2,400,16,416
b58e611a-7052-40c7-b184-054d8cb0c35e,aef5051b-ee62-4974-994d-fbb200c5f89c,2025-08-23T07:56:00,40e6ddd6-b8f6-4e17-8bd6-5e53966809d2,600,24,624
bc98c8fd-5841-45c9-86c6-7473570298d7,d1c356c7-a230-4e49-abb6-3eb1f58155cd,2025-08-23T07:57:00,40e6ddd6-b8f6-4e17-8bd6-5e53966809d2,700,28,728
44b1c5bf-4a8e-4771-9d57-f9b0d80493c3,f419edd5-8bb5-4809-8cfc-599ab209f6da,2025-08-23T07:58:00,40e6ddd6-b8f6-4e17-8bd6-5e53966809d2,400,16,416
71831197-afcb-41fa-8987-e303c5fff9f3,cc1816db-c3dd-4c16-8ea7-18fe313472b9,2025-08-23T07:59:00,4b6c2304-2b9e-41e4-942a-cf11a1819378,600,36,636
1dc99e1f-7862-439e-8568-d744d8a2c3a0,e4adb740-2faa-44fc-bc18-4aa698032414,2025-08-23T07:59:00,4b6c2304-2b9e-41e4-942a-cf11a1819378,600,36,636
4bc48eff-9deb-41f0-bf19-293c34fe32db,0ed041f5-3d65-4f50-b23e-849b527ee107,2025-08-23T08:00:00,40e6ddd6-b8f6-4e17-8bd6-5e53966809d2,600,24,624
fab4755c-12b6-478f-90ec-877021e4fc48,5d24b6bc-2eea-4766-a11d-b0aed43f038a,2025-08-23T08:01:00,4b6c2304-2b9e-41e4-942a-cf11a1819378,500,30,530
a98251ed-f72b-4489-b986-d6a70f3fec38,77475cfc-c7a4-44fd-aa82-b68053aa7540,2025-08-23T08:01:00,40e6ddd6-b8f6-4e17-8bd6-5e53966809d2,500,20,520
df93ed2d-dd8b-4b25-a50b-08e280f2356c,446153de-73e0-4d85-a593-2c3ae8664564,2025-08-23T08:01:00,40e6ddd6-b8f6-4e17-8bd6-5e53966809d2,600,24,624
fc90acc8-81ca-424f-9b6d-062f2deeb09e,758b4602-0ce0-440a-9584-ad59ce4216ad,2025-08-23T08:01:00,40e6ddd6-b8f6-4e17-8bd6-5e53966809d2,400,16,416
4a984a42-40f5-4fc3-9df3-a4c8cd3ff7b3,50e6ae18-ad0a-4f68-bb3d-e1a8b80eb58f,2025-08-23T08:01:00,40e6ddd6-b8f6-4e17-8bd6-5e53966809d2,600,24,624
e23521b6-9b82-41d8-b021-e5bda14b75c5,b4413ac0-2fc9-4c91-b188-71c109d9be8f,2025-08-23T08:02:00,4b6c2304-2b9e-41e4-942a-cf11a1819378,700,42,742
b5b747a1-cced-4ca2-a3c0-77acce4d0c74,b0da7a9b-77d7-407d-8506-51705503fa05,2025-08-23T08:02:00,4b6c2304-2b9e-41e4-942a-cf11a1819378,700,42,742
d938f39a-3ac7-45f2-9fe8-e4e62623ff3d,12d19891-03e3-455b-b4f2-7d8f8f6b8f01,2025-08-23T08:02:00,40e6ddd6-b8f6-4e17-8bd6-5e53966809d2,600,24,624
d757b0f4-fcb2-4a88-bce8-233ca68a122a,d6ca14b1-9b55-47f7-be97-787002ca26e5,2025-08-23T08:02:00,40e6ddd6-b8f6-4e17-8bd6-5e53966809d2,500,20,520
a69865e3-3136-4cf9-9989-9999c8ab6601,9bac4be0-d703-4f1d-a088-1bdb362d3246,2025-08-23T08:03:00,4b6c2304-2b9e-41e4-942a-cf11a1819378,400,24,424
7a1f0185-6cf0-4776-8980-2c0581d87f64,d84ec4ed-ae05-416c-9cbe-eace4567132d,2025-08-23T08:03:00,4b6c2304-2b9e-41e4-942a-cf11a1819378,600,36,636
9245d252-d010-4261-ae29-df1607508cfb,1acd402c-8758-4f7a-9a24-57636d44ede6,2025-08-23T08:03:00,40e6ddd6-b8f6-4e17-8bd6-5e53966809d2,600,24,624
a7e2cf12-d348-4e82-a446-c4436f2ed84c,ed5f2f3e-8bef-4da7-b30c-90c3fa5f40ea,2025-08-23T08:04:00,40e6ddd6-b8f6-4e17-8bd6-5e53966809d2,700,28,728
2096f6a6-dbb3-4766-b53b-2b0b03a6cb8c,125d87d5-a36a-4f4e-865c-3122386e88ca,2025-08-23T08:05:00,4b6c2304-2b9e-41e4-942a-cf11a1819378,600,36,636
484be9f6-0ad8-4700-a543-91a1d00782c5,1439dc05-4ab9-4995-90c7-d9437ae94f50,2025-08-23T08:05:00,40e6ddd6-b8f6-4e17-8bd6-5e53966809d2,500,20,520
d8d7ce40-d272-457b-a465-f02295f7e158,f1c1c41c-e3ac-4d0f-9604-06a648c54aa4,2025-08-23T08:05:00,40e6ddd6-b8f6-4e17-8bd6-5e53966809d2,700,28,728
7b241a4d-53b8-406a-8c82-5e03b9391619,3eb1c53f-4af3-42d8-8608-40548ce4843d,2025-08-23T08:06:00,40e6ddd6-b8f6-4e17-8bd6-5e53966809d2,600,24,624
e69b8314-be5e-4a33-88cc-1c27781c90d2,8a77ab59-ae1e-4b71-ab66-66bda4615cfd,2025-08-23T08:07:00,4b6c2304-2b9e-41e4-942a-cf11a1819378,400,24,424
40d75613-9413-4668-be60-9742611c81c8,e58c63e7-69a9-49cb-947e-5841010ca567,2025-08-23T08:07:00,4b6c2304-2b9e-41e4-942a-cf11a1819378,600,36,636
e51dc8f9-312b-47e2-a49a-a19699616b40,b761dca2-f8ff-4709-b645-9b0591dfa353,2025-08-23T08:07:00,4b6c2304-2b9e-41e4-942a-cf11a1819378,700,42,742
e349582d-3887-4c1b-ba6d-ca88d586d8c7,45ed3c5a-3c94-463b-91d2-73d3333fe5fc,2025-08-23T08:07:00,40e6ddd6-b8f6-4e17-8bd6-5e53966809d2,700,28,728
5f0f21b3-9cbe-4a0d-a65d-a175a2482be8,0d2974c5-d4de-4163-bf27-73d86a77b048,2025-08-23T08:08:00,4b6c2304-2b9e-41e4-942a-cf11a1819378,600,36,636
6eda185a-4fbc-4e87-a472-f9ddd216ad58,2a26f327-c9ef-40f4-bb8c-c809417caad1,2025-08-23T08:08:00,4b6c2304-2b9e-41e4-942a-cf11a1819378,600,36,636
6fd3ba49-a150-491b-a09d-b0c18d1807fe,53352c2c-02b9-41af-b276-94d6d22379fe,2025-08-23T08:09:00,40e6ddd6-b8f6-4e17-8bd6-5e53966809d2,400,16,416
d7ba8447-48f4-44ac-9e27-18f44a5c68fb,779b7f09-bfd0-4ab7-a46f-9f6eecb13030,2025-08-23T08:09:00,40e6ddd6-b8f6-4e17-8bd6-5e53966809d2,400,16,416
154f84cb-4087-4163-abca-335bb26afe2d,bd463573-d217-4411-9ac0-8b72bd7609cd,2025-08-23T08:10:00,4b6c2304-2b9e-41e4-942a-cf11a1819378,400,24,424
c59defb0-1e2e-430e-bd56-63b2d5151ca7,a43342bc-a956-480b-8ef3-7b28e61c9b9b,2025-08-23T08:10:00,40e6ddd6-b8f6-4e17-8bd6-5e53966809d2,700,28,728
643f9c11-4763-4a7a-932c-5c384c305d54,1076f00e-5dd1-41d1-b2a5-0c59e18a5310,2025-08-23T08:11:00,4b6c2304-2b9e-41e4-942a-cf11a1819378,400,24,424
88c5b3aa-d73e-4357-951b-1d70168e325d,fdd86eaf-7a5b-4598-9a08-6f4f207743bb,2025-08-23T08:11:00,4b6c2304-2b9e-41e4-942a-cf11a1819378,600,36,636
3d18fb57-ba97-4aa3-95f4-461bd9208ed3,2977486c-8467-4a72-a290-db87a9022320,2025-08-23T08:11:00,4b6c2304-2b9e-41e4-942a-cf11a1819378,700,42,742
85f50dff-21a3-4479-a885-0f66ee931781,c630fcf6-11c8-465f-9498-0839aee67e55,2025-08-23T08:11:00,40e6ddd6-b8f6-4e17-8bd6-5e53966809d2,400,16,416
789f4033-7598-4b37-970e-d7476ac053e3,376d586e-00b0-4a49-9695-ddac46fb337e,2025-08-23T08:11:00,40e6ddd6-b8f6-4e17-8bd6-5e53966809d2,500,20,520
4e21169d-10f1-46a8-a0c4-92ca999a5bc1,8dcd5fa7-1a1d-413e-9468-5f4b02f2f3fe,2025-08-23T08:12:00,40e6ddd6-b8f6-4e17-8bd6-5e53966809d2,600,24,624
4607c166-f521-422b-a5e5-dea182473772,861181e6-5d97-48a8-bbe4-226caa976140,2025-08-23T08:13:00,4b6c2304-2b9e-41e4-942a-cf11a1819378,600,36,636
d40be258-0b61-420c-a9c2-138ab7ef1c94,d6de888a-0aee-4f77-a7d4-daba8f0da415,2025-08-23T08:13:00,4b6c2304-2b9e-41e4-942a-cf11a1819378,700,42,742
f7664028-e76d-432b-bb7e-e28bfc1f2bdd,36654075-c818-484d-aa9f-b6e8834b1bd5,2025-08-23T08:13:00,4b6c2304-2b9e-41e4-942a-cf11a1819378,500,30,530
0dcf7038-2e4f-4d58-85ac-34713b57b911,3b5801eb-5e85-44e1-abb0-6e1879e5e0ac,2025-08-23T08:13:00,4b6c2304-2b9e-41e4-942a-cf11a1819378,700,42,742
c039251d-869a-47e4-9b89-29e27f20bfc6,efb0203d-c970-47ec-8644-2090a658224b,2025-08-23T08:13:00,40e6ddd6-b8f6-4e17-8bd6-5e53966809d2,400,16,416
9df6b78d-1ea3-4f16-860d-9f4ed883dfa0,285bfea1-4dec-4f9d-a9f6-3b3cb20fdde9,2025-08-23T08:14:00,4b6c2304-2b9e-41e4-942a-cf11a1819378,400,24,424
cba013d0-b9f2-4c3c-ba95-ee2b2f721e02,97bbee89-2209-4d9a-9f20-d3327baf7efe,2025-08-23T08:14:00,40e6ddd6-b8f6-4e17-8bd6-5e53966809d2,500,20,520
041d7057-d6a8-42e3-a22a-55b67bc1c6cb,d63f06df-5e5d-4adc-b0a5-43b4bac6bf5c,2025-08-23T08:14:00,40e6ddd6-b8f6-4e17-8bd6-5e53966809d2,600,24,624
1e33530b-0b7d-4ef8-8b0b-d3253a7a079f,67f25b4e-183c-4a43-9227-09966e445b42,2025-08-23T08:14:00,40e6ddd6-b8f6-4e17-8bd6-5e53966809d2,600,24,624
59a78f33-1fab-40b3-8731-e4744ae1afd4,f459a5e8-b280-49fd-904a-3cd3746f4f16,2025-08-23T08:15:00,40e6ddd6-b8f6-4e17-8bd6-5e53966809d2,600,24,624
3597a59b-bdce-4705-8c53-bf5a90b463f8,314d5517-f29b-49b2-a076-3abe12756120,2025-08-23T08:16:00,40e6ddd6-b8f6-4e17-8bd6-5e53966809d2,700,28,728
8a9f281c-6c04-43e1-98ca-d61a118ae128,5bbca380-854e-47a4-ae5c-fd631650a115,2025-08-23T08:17:00,4b6c2304-2b9e-41e4-942a-cf11a1819378,600,36,636
d9ba511f-523c-4e39-a8ac-adca4b9f0f49,64fec69e-52e2-471f-9fbc-7a8e33f991bd,2025-08-23T08:17:00,4b6c2304-2b9e-41e4-942a-cf11a1819378,700,42,742
ea3098c0-5dab-4add-b5bc-f4dc65172e4f,8d5fa184-5966-49ce-b3e7-4acfaba98bfd,2025-08-23T08:17:00,40e6ddd6-b8f6-4e17-8bd6-5e53966809d2,700,28,728
a573a1d0-d4d5-42bf-b094-9372adf719e3,a3d91be1-b5d9-4d3c-bdd8-ab49cd378f30,2025-08-23T08:18:00,4b6c2304-2b9e-41e4-942a-cf11a1819378,400,24,424
bf5674ae-a96c-4951-adc1-4498b3ac93a2,c2457423-d813-4e9b-8cac-e77de71eef5d,2025-08-23T08:18:00,40e6ddd6-b8f6-4e17-8bd6-5e53966809d2,500,20,520
fa2a0aa5-76aa-49d8-a364-69f91d820b0e,0f1df561-31c0-417e-909b-4b054c45baaf,2025-08-23T08:18:00,40e6ddd6-b8f6-4e17-8bd6-5e53966809d2,600,24,624
afa251ee-b517-4819-919c-c3a962867bd0,132425e2-d22d-43aa-a372-e3d9bfd77f8c,2025-08-23T08:19:00,4b6c2304-2b9e-41e4-942a-cf11a1819378,500,30,530
4676e128-d38d-476e-8030-f33733cace99,b9915f58-4f74-4518-bb97-0b1e58c541a5,2025-08-23T08:19:00,4b6c2304-2b9e-41e4-942a-cf11a1819378,600,36,636
4255ef54-7682-4d02-b42b-891d4f24bd3e,87a00a98-1d65-4fba-92f9-41ac07bce2bd,2025-08-23T08:19:00,40e6ddd6-b8f6-4e17-8bd6-5e53966809d2,400,16,416
81401497-3884-4475-9b89-7b2f3091cc7e,ff4e2ef5-4f72-41f4-90ea-4f40665b9f5b,2025-08-23T08:20:00,4b6c2304-2b9e-41e4-942a-cf11a1819378,600,36,636
ef4f4598-141d-4f37-a4b2-9da8e0acdea2,ce69d742-4723-467f-9e5d-262fff84a6a6,2025-08-23T08:20:00,40e6ddd6-b8f6-4e17-8bd6-5e53966809d2,600,24,624
5a3d7cf3-2b8b-4aba-95b3-181f9f5bde04,284f711a-5e5a-4929-bb5d-5ddba9a4a773,2025-08-23T08:20:00,40e6ddd6-b8f6-4e17-8bd6-5e53966809d2,400,16,416
6418b5df-e45d-413f-8b5c-7fabe953ab4a,300faed1-594b-427c-894e-c46855f06f22,2025-08-23T08:22:00,40e6ddd6-b8f6-4e17-8bd6-5e53966809d2,600,24,624
40a194c4-05a0-426a-841a-6af8a5ea8e01,3cbc7f74-54e3-47c2-b02f-229f7ca60a5c,2025-08-23T08:23:00,40e6ddd6-b8f6-4e17-8bd6-5e53966809d2,600,24,624
cda0d520-8aaa-45fc-9508-17cb0051d286,ce8210c0-c537-4fd0-80ef-c3e8063b748a,2025-08-23T08:25:00,40e6ddd6-b8f6-4e17-8bd6-5e53966809d2,400,16,416
2b188713-5ec2-4a08-a376-b48c3c57bb92,9ff834d1-4ca0-4dd5-bb53-ea96ad8611bb,2025-08-23T08:26:00,4b6c2304-2b9e-41e4-942a-cf11a1819378,500,30,530
d066dff1-d6a7-4753-bb43-d39447cfe2a9,84ee8f13-e5a2-4988-8f65-daa65801c5d1,2025-08-23T08:27:00,4b6c2304-2b9e-41e4-942a-cf11a1819378,600,36,636
12702aff-8679-4bca-9d94-672d00e1d79a,07837268-1f07-43d7-a271-fa0ab4370eee,2025-08-23T08:27:00,40e6ddd6-b8f6-4e17-8bd6-5e53966809d2,400,16,416
3041e2ea-bf74-4d96-8d48-45d634946d52,661d2fc6-9fa2-4c79-9d19-44c73cb68448,2025-08-23T08:27:00,40e6ddd6-b8f6-4e17-8bd6-5e53966809d2,500,20,520
794421fc-8135-46f2-86ae-cc9e2af61973,5b6d3273-0554-4f9d-bc05-2157626c1ad0,2025-08-23T08:28:00,40e6ddd6-b8f6-4e17-8bd6-5e53966809d2,700,28,728
024f7396-0b4b-40a8-92b7-69a94cd36acd,f5e8b3ff-659d-4bc9-bdc6-6b7fe343bcab,2025-08-23T08:30:00,4b6c2304-2b9e-41e4-942a-cf11a1819378,1700,102,1802
e19c3aa9-8379-44c1-81d5-a21cfdefb856,341da637-6927-4a64-8183-13ec96005b5f,2025-08-23T08:30:00,4b6c2304-2b9e-41e4-942a-cf11a1819378,400,24,424
0cca4eea-d2b0-4a08-ac93-0157bd7482ee,b8edba64-3db4-4841-8f8d-dc00dce6fb67,2025-08-23T08:30:00,40e6ddd6-b8f6-4e17-8bd6-5e53966809d2,400,16,416
4539b23c-0b51-48b8-aab3-694c7d58c2c8,2e0d6ce4-794d-4494-bd1d-f44dbca8683f,2025-08-23T08:30:00,40e6ddd6-b8f6-4e17-8bd6-5e53966809d2,700,28,728
ecdc2069-6fc7-4635-a64a-b65a2fa8e61b,2609004e-90a8-450e-98f3-5ebc16841cd5,2025-08-23T08:31:00,4b6c2304-2b9e-41e4-942a-cf11a1819378,600,36,636
47cc68da-a4c3-4e30-82cb-1ba42a89b123,c6fb82d9-b6e6-445a-a3d3-0158405a9d16,2025-08-23T08:33:00,4b6c2304-2b9e-41e4-942a-cf11a1819378,400,24,424
9cc9dcf6-f380-41b0-bfff-7f1db9c7a32d,4feef355-aeb7-41f9-a391-7f991eeb7b15,2025-08-23T08:34:00,40e6ddd6-b8f6-4e17-8bd6-5e53966809d2,1100,44,1144
002b805b-9d19-4d60-9878-f404b98fa0eb,1b25718d-795f-4b30-a424-50167ae8c0ad,2025-08-23T08:34:00,40e6ddd6-b8f6-4e17-8bd6-5e53966809d2,600,24,624
416022ba-837a-4903-8b4c-2967e8f7ee3e,adf0d9db-c6a0-4226-a93f-30482ccd9d28,2025-08-23T08:36:00,4b6c2304-2b9e-41e4-942a-cf11a1819378,500,30,530
f252d7b4-08fe-42e1-b8ab-a09164c416c1,c9750567-c933-4797-9313-ec159ddcb6d2,2025-08-23T08:36:00,40e6ddd6-b8f6-4e17-8bd6-5e53966809d2,600,24,624
9c48955d-03b5-45bb-a233-7ff933bcffb2,cfefbf12-9a5a-4d61-a708-d92f785af097,2025-08-23T08:38:00,4b6c2304-2b9e-41e4-942a-cf11a1819378,700,42,742
4c1aa970-48c3-45a7-a817-ebb34a524705,c664111b-b80e-45ab-b2de-ee220ea29fbe,2025-08-23T08:38:00,40e6ddd6-b8f6-4e17-8bd6-5e53966809d2,1100,44,1144
42ed5add-a1aa-4214-a614-2e8b8772b791,6d622f69-5cf8-4eda-b7ff-4f57f0e66237,2025-08-23T08:39:00,40e6ddd6-b8f6-4e17-8bd6-5e53966809d2,500,20,520
5ce9158f-b552-4e7f-a0a7-fcd9df2bab55,e77008c8-b7e1-4bb6-93d8-8383d6385531,2025-08-23T08:40:00,4b6c2304-2b9e-41e4-942a-cf11a1819378,500,30,530
9614e3b2-5ae3-4a4b-82db-385764a4978c,7755a749-3460-4f0c-a33c-428dccd20885,2025-08-23T08:41:00,40e6ddd6-b8f6-4e17-8bd6-5e53966809d2,600,24,624
756a7d7e-89fc-460e-8469-d6f3ec944938,36708614-1e24-453b-8593-b03eb1a7c5b8,2025-08-23T08:41:00,40e6ddd6-b8f6-4e17-8bd6-5e53966809d2,400,16,416
3e3e2a95-f61e-4da6-b75b-fd840beb6d5e,3f78077b-93c7-4c4e-8976-f16cb11cfcfc,2025-08-23T08:44:00,4b6c2304-2b9e-41e4-942a-cf11a1819378,1300,78,1378
34fb0469-200f-46e1-9429-979ab036b4a7,2aaf9fc4-0801-4163-8cc8-39558682f704,2025-08-23T08:44:00,4b6c2304-2b9e-41e4-942a-cf11a1819378,400,24,424
426295f6-d3ba-46cc-b4db-bbd96a36d633,87fc5559-9d20-4780-8c0e-b7c248cd6236,2025-08-23T08:44:00,40e6ddd6-b8f6-4e17-8bd6-5e53966809d2,700,28,728
d591cdd9-be18-441d-acf4-a3bc43419ba3,b0fb926f-1c66-426d-b796-e9d801b13122,2025-08-23T08:44:00,40e6ddd6-b8f6-4e17-8bd6-5e53966809d2,700,28,728
4410130c-ac6d-49b7-83bc-b4591810dda4,2ef2eede-fcc3-4c79-a843-4f5ae828d591,2025-08-23T08:45:00,4b6c2304-2b9e-41e4-942a-cf11a1819378,700,42,742
3c0c3216-be6e-4dd9-88b1-172ddaa2f739,1c3dc001-75eb-4fb9-b3ad-59a3be5b31ac,2025-08-23T08:45:00,40e6ddd6-b8f6-4e17-8bd6-5e53966809d2,500,20,520
04d810e5-4164-4cfc-a6df-e91288f0a8d9,3fa371d4-77dd-4e91-9a2f-86801b001903,2025-08-23T08:46:00,4b6c2304-2b9e-41e4-942a-cf11a1819378,600,36,636
619604df-85b8-47c3-b105-4b34ed876a05,05fae288-07c2-4e99-a945-fa3fbfa123ed,2025-08-23T08:47:00,4b6c2304-2b9e-41e4-942a-cf11a1819378,500,30,530
b0806987-f315-435b-bf6a-c724a5c367a7,9668fd00-799b-4cff-811f-a3e0528d255d,2025-08-23T08:48:00,40e6ddd6-b8f6-4e17-8bd6-5e53966809d2,600,24,624
907a2c3f-66cd-4700-987f-d61f211935b7,9aaa8391-995f-4006-8413-c590098fc46a,2025-08-23T08:49:00,4b6c2304-2b9e-41e4-942a-cf11a1819378,400,24,424
1b6ce8b4-82ab-46ca-963d-182bfa3fca31,a5f46489-06cf-45af-9efd-dbd27067716c,2025-08-23T08:49:00,4b6c2304-2b9e-41e4-942a-cf11a1819378,600,36,636
6d7dcea0-7d3d-4fea-b4d3-826e1708129b,2949aa7a-85ad-46d1-8409-bf608167f72a,2025-08-23T08:49:00,4b6c2304-2b9e-41e4-942a-cf11a1819378,500,30,530
acef3539-e98d-429c-a91f-bead3933b9c3,5a2b4f14-e7ac-4b3a-bf58-688bca696e5f,2025-08-23T08:49:00,40e6ddd6-b8f6-4e17-8bd6-5e53966809d2,1600,64,1664
2e56d41f-32e2-41f6-89f9-547f266fb804,af16d888-ff4c-4c16-a2f8-9e2a3a9677c7,2025-08-23T08:50:00,4b6c2304-2b9e-41e4-942a-cf11a1819378,700,42,742
9351f217-cec8-4195-b28f-fb5aa9afb6aa,3d6f18db-a49c-4563-9445-68d4e02bd664,2025-08-23T08:50:00,40e6ddd6-b8f6-4e17-8bd6-5e53966809d2,600,24,624
5ada15a7-86e6-4fc8-9998-0fee746fd1d4,ead66f31-3437-42c5-9145-8281898ce326,2025-08-23T08:51:00,4b6c2304-2b9e-41e4-942a-cf11a1819378,700,42,742
2eb3f888-c233-4678-a7d6-f132e4c164bc,10687c1c-9437-400c-a604-0e19882c65e1,2025-08-23T08:52:00,40e6ddd6-b8f6-4e17-8bd6-5e53966809d2,400,16,416
7f3820bc-2efd-4461-b21d-15ad66abf442,8f06b288-f9eb-454f-adef-47f12b7572d7,2025-08-23T08:53:00,40e6ddd6-b8f6-4e17-8bd6-5e53966809d2,2300,92,2392
5031303a-c439-415a-918e-d156ce42e805,7e2a9b35-5e70-4df4-889c-34732fd2ee32,2025-08-23T08:55:00,40e6ddd6-b8f6-4e17-8bd6-5e53966809d2,700,28,728
44e08a9d-181e-4fd5-bb3d-f92806200aeb,5b070f80-9227-43fd-951b-4c758d20070e,2025-08-23T08:56:00,40e6ddd6-b8f6-4e17-8bd6-5e53966809d2,700,28,728
3ad2a14c-cd75-4fd9-a636-232f82dc4a5a,80617fda-335d-411d-aed3-ca3917a8cff2,2025-08-23T08:56:00,40e6ddd6-b8f6-4e17-8bd6-5e53966809d2,500,20,520
15109ccf-9d29-47fe-9e6e-0fe5eb1d1316,bf060a41-af0e-4932-b757-4f010ccf07f1,2025-08-23T08:58:00,40e6ddd6-b8f6-4e17-8bd6-5e53966809d2,600,24,624
83de9dba-0e24-42ff-bb3b-19af2ea4a89e,e5873f83-602d-4424-9c5e-184c56c9d4ba,2025-08-23T09:03:00,40e6ddd6-b8f6-4e17-8bd6-5e53966809d2,600,24,624
05eab401-35cd-4fb4-b298-2b0991cf3135,89b94667-2d12-4e7a-bfdd-f37056d10195,2025-08-23T09:05:00,40e6ddd6-b8f6-4e17-8bd6-5e53966809d2,700,28,728
f133e808-9cfd-4304-874a-4959e6834810,d77ac8a9-6445-4f65-9a77-b0fb3abe853d,2025-08-23T09:06:00,4b6c2304-2b9e-41e4-942a-cf11a1819378,600,36,636
870bcdec-bff6-4d4c-a956-39925577a42a,d47a83f3-a765-4a20-b40c-e0993cf00e4f,2025-08-23T09:07:00,4b6c2304-2b9e-41e4-942a-cf11a1819378,600,36,636
f6f4eef8-917d-4b57-aaf9-edb70d30c725,748db0ca-899a-4da8-8177-2fa1ec2a9302,2025-08-23T09:10:00,40e6ddd6-b8f6-4e17-8bd6-5e53966809d2,600,24,624
4a8c7fd9-43ff-4063-9145-969f2224b46b,090fb913-1317-4169-b150-64e304451d38,2025-08-23T09:24:00,40e6ddd6-b8f6-4e17-8bd6-5e53966809d2,600,24,624
3e6cdeab-ef8e-4907-b9cd-1ae47e903153,f9c2b37f-2e88-4008-a277-99f35c4760bf,2025-08-23T09:29:00,40e6ddd6-b8f6-4e17-8bd6-5e53966809d2,600,24,624
b69dd3de-c2c4-4cb5-9139-c55f2581dd00,fa5ae382-e7ab-4d94-bdfc-7d689bc335ab,2025-08-23T09:29:00,40e6ddd6-b8f6-4e17-8bd6-5e53966809d2,1100,44,1144
ec9dd5cf-f6b5-46a4-8ffb-40b428504350,40353a67-5df0-44ca-9c10-b42fab44c6f3,2025-08-23T09:30:00,4b6c2304-2b9e-41e4-942a-cf11a1819378,1800,108,1908
96438386-eb61-4665-87cd-cbd651101dd9,298ca377-a08e-4e0d-91d6-b0b5aff14c1b,2025-08-23T09:41:00,40e6ddd6-b8f6-4e17-8bd6-5e53966809d2,600,24,624
8e90cd79-5431-4876-a284-48a1fa844f3e,863114b5-ba0b-4849-bbc4-d76d59fd0215,2025-08-23T09:50:00,40e6ddd6-b8f6-4e17-8bd6-5e53966809d2,700,28,728
e889fd86-e1d3-4b41-bf7a-f3a555fb776a,e039c2ef-fe4c-4d60-97ee-99d043299f0e,2025-08-23T09:53:00,4b6c2304-2b9e-41e4-942a-cf11a1819378,0,0,0
4abbcfc7-d4a1-438d-b7f5-fa5595e1676f,4041ba09-7a39-4b37-9e0e-f39a765d9c82,2025-08-23T09:58:00,40e6ddd6-b8f6-4e17-8bd6-5e53966809d2,600,24,624
52fa8dad-9334-4343-b266-3ab13a2e93c9,11498734-cebc-4784-a055-6bd08a18f1dc,2025-08-23T10:07:00,40e6ddd6-b8f6-4e17-8bd6-5e53966809d2,1900,76,1976
d65f9f8d-bc93-41e3-8a9a-2d8ab6edff45,827eed18-8ab1-4e5d-ab00-5d8ac9bb168b,2025-08-23T10:11:00,4b6c2304-2b9e-41e4-942a-cf11a1819378,600,36,636
e3ff76b5-1742-461f-80fc-79cfee677191,e8e92a9f-bec3-4873-951c-b05d0fe37715,2025-08-23T10:11:00,4b6c2304-2b9e-41e4-942a-cf11a1819378,1200,72,1272
65f2db92-f5c6-4e46-aa8f-4846da81b10f,6939d1d2-fba3-4888-8c53-6898bb73c26f,2025-08-23T10:22:00,40e6ddd6-b8f6-4e17-8bd6-5e53966809d2,700,28,728
0096cd5e-dc28-4b0d-87ef-03c3193b2962,9a689679-4c75-46ba-92d3-6b5b0c51a34a,2025-08-23T10:26:00,40e6ddd6-b8f6-4e17-8bd6-5e53966809d2,700,28,728
d031f485-252f-4064-a1c2-5a4134e33075,2dbed2c3-1c68-4b90-a343-39b51de57b45,2025-08-23T10:28:00,4b6c2304-2b9e-41e4-942a-cf11a1819378,2500,150,2650
2a624892-b991-4296-9766-0d78df2e23ac,a296a891-b126-44e1-a271-9228cc28b3bc,2025-08-23T10:30:00,40e6ddd6-b8f6-4e17-8bd6-5e53966809d2,1400,56,1456
daba0f59-dc6f-4ad6-909a-712578375f3a,3eaef1e6-c145-417b-875b-96a83a8a8dc8,2025-08-23T10:31:00,40e6ddd6-b8f6-4e17-8bd6-5e53966809d2,500,20,520
97416bf6-9ffd-47f7-8dac-dbdc2409297a,6d91807a-84e4-47c1-8e47-925d52e0dd48,2025-08-23T10:36:00,4b6c2304-2b9e-41e4-942a-cf11a1819378,700,42,742
68369ac7-186c-4606-b3da-b7d5a758a1e8,a768163c-0781-430b-8703-ce1ce473c762,2025-08-23T10:38:00,40e6ddd6-b8f6-4e17-8bd6-5e53966809d2,500,20,520
853d3ed1-4570-4206-b2fe-6d2da4608521,878f6e41-bcd7-4f18-aa89-90133272eafa,2025-08-23T10:39:00,4b6c2304-2b9e-41e4-942a-cf11a1819378,700,42,742
8a9bcda5-c9e2-4380-a886-ba94d17ef670,03710ca1-feb1-4206-bd26-3bb8e6a1dac2,2025-08-23T10:40:00,4b6c2304-2b9e-41e4-942a-cf11a1819378,500,30,530
4c168c10-de21-423d-9a78-37d6f44bb90c,303bc5db-08d0-4431-b6df-29c80d0321da,2025-08-23T10:40:00,40e6ddd6-b8f6-4e17-8bd6-5e53966809d2,600,24,624
2b0514df-33f9-42b7-9429-c07ce7f525ad,359c05d0-e19d-463d-b3b4-43a0b4a3810f,2025-08-23T10:40:00,40e6ddd6-b8f6-4e17-8bd6-5e53966809d2,1700,68,1768
b685cb46-17bb-4406-9ce4-582c138dd6e9,670a79a3-05fc-4a33-8b9d-1b6df80347f4,2025-08-23T10:42:00,4b6c2304-2b9e-41e4-942a-cf11a1819378,2800,168,2968
6dbd99de-d8bc-4764-ae6f-53280849ace9,5daa5d95-314b-4f5e-8926-8d61c9d4daa1,2025-08-23T10:44:00,4b6c2304-2b9e-41e4-942a-cf11a1819378,600,36,636
ed2e377a-b29a-4da1-86af-ee2512a353dd,63b14504-d172-4e5e-b0fa-abd9cb43352e,2025-08-23T10:44:00,40e6ddd6-b8f6-4e17-8bd6-5e53966809d2,2300,92,2392
55663d4a-2adc-49f3-82ee-922864fd312a,d9464bcd-0a19-4058-8fc1-bea843e6c339,2025-08-23T10:47:00,4b6c2304-2b9e-41e4-942a-cf11a1819378,600,36,636
8026cfc0-0711-4b2b-bb01-fcfb24093331,899ea741-e615-4f9e-ad30-286f6f306f00,2025-08-23T10:49:00,4b6c2304-2b9e-41e4-942a-cf11a1819378,600,36,636
c6600f8f-bb66-4838-8108-a97028ba9d5d,bbffd265-99c5-491d-a03e-fee1fec9e123,2025-08-23T10:50:00,40e6ddd6-b8f6-4e17-8bd6-5e53966809d2,1100,44,1144
a79d456c-93f6-4f9f-8503-1a104ddb4e19,543b48b5-22b5-41e4-8e3c-704fc8f03e8d,2025-08-23T10:50:00,40e6ddd6-b8f6-4e17-8bd6-5e53966809d2,700,28,728
0a6d6c67-ce79-4769-80ec-181f9dfbc043,42748981-2a95-4e95-91cf-9844c8aa9c69,2025-08-23T10:55:00,4b6c2304-2b9e-41e4-942a-cf11a1819378,2400,144,2544
ca4cb235-beb9-45c1-ae47-0b46132dd9bb,438005c2-dd1d-48aa-8bfd-7fb06851b5f8,2025-08-23T10:56:00,4b6c2304-2b9e-41e4-942a-cf11a1819378,600,36,636
8339acc8-497e-4bad-ac58-3d76c37eca95,8e312b31-712d-4fc0-84dd-27ff2b1dd09b,2025-08-23T10:56:00,40e6ddd6-b8f6-4e17-8bd6-5e53966809d2,1300,52,1352
b0f25d4f-ed34-434f-a3b0-e9b22fdb0b3a,3f1fc492-e8ed-4840-97a0-a56592fdc1d9,2025-08-23T10:57:00,4b6c2304-2b9e-41e4-942a-cf11a1819378,400,24,424
7dc4eef1-440c-4e0e-b5ca-55b80a840c21,e50d93de-3e78-4f09-8406-df4f27f26c8f,2025-08-23T10:58:00,4b6c2304-2b9e-41e4-942a-cf11a1819378,500,30,530
05c26d60-b452-44f0-9e22-895d8c65551f,4b14013f-d7e7-44b8-a287-329bf6e298c3,2025-08-23T11:01:00,40e6ddd6-b8f6-4e17-8bd6-5e53966809d2,600,24,624
4026b450-59a9-43fa-a3fc-fca5a264b7e1,4740d6a5-b760-477f-83d9-7d1c3e04f0ba,2025-08-23T11:04:00,40e6ddd6-b8f6-4e17-8bd6-5e53966809d2,500,20,520
d482f22f-2e90-46be-8485-b1728429f8f8,9400a9f1-7dfe-440e-9992-ce7a2dd5b296,2025-08-23T11:08:00,40e6ddd6-b8f6-4e17-8bd6-5e53966809d2,2800,112,2912
9d7a9b20-80b1-4ff2-898e-290dfd802100,8e91d584-8798-4b43-a077-64b5334460b3,2025-08-23T11:09:00,40e6ddd6-b8f6-4e17-8bd6-5e53966809d2,700,28,728
84ea1112-bfaa-4abb-acb8-fd90fc87187e,51d5c171-5764-4f95-8919-dd46d204df4b,2025-08-23T11:13:00,40e6ddd6-b8f6-4e17-8bd6-5e53966809d2,400,16,416
1eedaa67-3f70-48db-80f3-2e6419284be4,32927010-1d7d-4cd9-a500-593804ff0e77,2025-08-23T11:13:00,40e6ddd6-b8f6-4e17-8bd6-5e53966809d2,600,24,624
4829a9dc-5fd5-4f93-b63b-3b48f66d49c9,2d4e6ed6-f081-4049-b92a-7792dbe97b89,2025-08-23T11:17:00,40e6ddd6-b8f6-4e17-8bd6-5e53966809d2,1100,44,1144
bcd7e745-cc45-49a0-ba67-9833d84dba55,69731d27-9caa-46cf-8933-d01e29b20043,2025-08-23T11:18:00,4b6c2304-2b9e-41e4-942a-cf11a1819378,500,30,530
4d598a19-c482-4f02-ba0f-5bb0f866ea81,296a6b8f-b21e-4485-ad7f-18c1262a0764,2025-08-23T11:21:00,40e6ddd6-b8f6-4e17-8bd6-5e53966809d2,700,28,728
99a8e7e2-5428-4354-b0bb-2ffe4b771ed7,2e2960d6-f2e9-4048-b234-fb21f0f72405,2025-08-23T11:22:00,40e6ddd6-b8f6-4e17-8bd6-5e53966809d2,2300,92,2392
d0600e85-e6bc-495f-b7f2-71d7b6816af4,eefcf9f0-dbd0-4907-a619-121deeb825dc,2025-08-23T11:22:00,40e6ddd6-b8f6-4e17-8bd6-5e53966809d2,1000,40,1040
27cbf190-d195-42b8-94d6-2884bdd896dc,1435b563-f156-4cd8-9f3d-6224260e26a4,2025-08-23T11:24:00,4b6c2304-2b9e-41e4-942a-cf11a1819378,500,30,530
093decfb-6781-4662-b632-372d620f407e,ef7f92e8-2f80-4e44-9e56-9ee276819791,2025-08-23T11:27:00,4b6c2304-2b9e-41e4-942a-cf11a1819378,500,30,530
53ccb24b-c88e-4f86-9afb-bbcca0691aea,24ea0325-a7d6-4388-b86c-7b51e5805b26,2025-08-23T11:33:00,4b6c2304-2b9e-41e4-942a-cf11a1819378,1400,84,1484
3a777a6f-52d9-451f-bded-c1020dc8ea70,6bb3949d-b446-4beb-bcc9-01846e7ef85f,2025-08-23T11:34:00,4b6c2304-2b9e-41e4-942a-cf11a1819378,700,42,742
ef0ea4a5-61c5-4210-b1c7-ba353ea1070d,58ebbf6d-7eee-4180-aa0d-151621abffcf,2025-08-23T11:35:00,40e6ddd6-b8f6-4e17-8bd6-5e53966809d2,1400,56,1456
ea77852c-c8c7-446b-bc34-1bae893c7c2a,7d4b9dcb-d4ff-42fa-9c58-5657c61f4954,2025-08-23T11:35:00,40e6ddd6-b8f6-4e17-8bd6-5e53966809d2,600,24,624
01fcf3a2-7cc1-43cc-b92c-1306993f4a7d,f3feb7f9-9069-4fd7-be91-3800d1307935,2025-08-23T11:39:00,4b6c2304-2b9e-41e4-942a-cf11a1819378,3200,192,3392
f42e71ba-b71d-4ad6-8800-5a128689ddcb,627b564c-f368-4634-b7f8-d7e1c5ee980a,2025-08-23T11:42:00,4b6c2304-2b9e-41e4-942a-cf11a1819378,3300,198,3498
03413029-0216-4b13-aef5-f44352d56dad,e7f5d853-30ed-4302-9303-e11752f57b2f,2025-08-23T11:43:00,4b6c2304-2b9e-41e4-942a-cf11a1819378,600,36,636
c4f66ad5-1120-4b7e-b0f0-0f6675e8b7e3,f7d61334-5d22-49f8-a022-903921239047,2025-08-23T11:44:00,40e6ddd6-b8f6-4e17-8bd6-5e53966809d2,400,16,416
fede72f7-717f-469f-b597-1f2ba999ad2b,8e5c2f29-44ce-4f60-b818-8b728f60b79b,2025-08-23T11:46:00,40e6ddd6-b8f6-4e17-8bd6-5e53966809d2,700,28,728
76299f44-266c-484c-ae40-478edd79d44c,5f22d013-c3f9-44a7-aeba-0975da12ffcc,2025-08-23T11:48:00,40e6ddd6-b8f6-4e17-8bd6-5e53966809d2,700,28,728
def730bd-3786-456f-b134-a2b7fe32d97a,f8486fce-bc07-4a4f-a6e9-ed6a06ba996c,2025-08-23T11:54:00,4b6c2304-2b9e-41e4-942a-cf11a1819378,600,36,636
1e84b621-7e9d-4245-b6aa-e8dd4bea5c75,0abcb3b4-7e1c-4638-a21c-af1df3702f27,2025-08-23T12:00:00,4b6c2304-2b9e-41e4-942a-cf11a1819378,700,42,742
5f744cc6-52d4-4c4d-84fd-cdff4ce7c6f5,b7428f06-b3dd-477e-8569-96068f3d3dcb,2025-08-23T12:03:00,40e6ddd6-b8f6-4e17-8bd6-5e53966809d2,1100,44,1144
b7003c8e-eb4c-47f0-b731-272383be7615,33326773-e843-48d9-9641-9990733d705a,2025-08-23T12:05:00,40e6ddd6-b8f6-4e17-8bd6-5e53966809d2,1000,40,1040
818e70ee-988b-40b0-8e96-5facd31a54a4,628b0262-278b-4522-aa31-ed61da01b78a,2025-08-23T12:08:00,40e6ddd6-b8f6-4e17-8bd6-5e53966809d2,2800,112,2912
17e1b226-c916-4c8f-8b10-4acd1dc82ff1,33f27548-d085-481a-aa4f-a851fbebe0cd,2025-08-23T12:11:00,40e6ddd6-b8f6-4e17-8bd6-5e53966809d2,1600,64,1664
9e1f3cd6-dad5-4658-bb14-cbb7a1e057a3,fe2e9f59-c77b-4756-ad2e-fe864a560344,2025-08-23T12:13:00,4b6c2304-2b9e-41e4-942a-cf11a1819378,600,36,636
b02475ae-4d58-43f2-9c34-3b60c19e8f8e,bb9bad76-c7ec-4f36-842c-54c3bbb40467,2025-08-23T12:17:00,40e6ddd6-b8f6-4e17-8bd6-5e53966809d2,600,24,624
22304c1b-8f39-4dc7-a519-711f0de797cf,bb35efe0-ac42-4801-bc72-7bea481716da,2025-08-23T12:17:00,40e6ddd6-b8f6-4e17-8bd6-5e53966809d2,400,16,416
3285d15a-b22a-4106-b991-b98223143881,c912d33f-5dc2-4ec9-a126-34b598046705,2025-08-23T12:20:00,4b6c2304-2b9e-41e4-942a-cf11a1819378,1000,60,1060
603be89c-4540-4972-b612-276fdb6fa325,b60e68c2-1b3c-4a8b-a056-a39fb4e6a320,2025-08-23T12:26:00,40e6ddd6-b8f6-4e17-8bd6-5e53966809d2,700,28,728
2d2eec27-b1d3-4202-aaa6-6907217f0b8c,62e44a82-c99b-4d04-9abb-f6a2eb97c7ec,2025-08-23T12:26:00,40e6ddd6-b8f6-4e17-8bd6-5e53966809d2,700,28,728
6fcd6493-c4f3-4162-a0aa-34b4b36f7ff9,b43ea9dd-823e-4930-9110-31ea0eaa05f3,2025-08-23T12:27:00,40e6ddd6-b8f6-4e17-8bd6-5e53966809d2,800,32,832
b2ff21b0-0012-44b1-b4a4-1d184b27d02d,cd67e795-f5fa-470f-9a4f-4060d5951279,2025-08-23T12:29:00,40e6ddd6-b8f6-4e17-8bd6-5e53966809d2,500,20,520
f3bb5d05-c7d8-4a9a-8426-50ee97949e4f,7863e37d-24c8-4e18-8730-ea7e2a65606d,2025-08-23T12:29:00,40e6ddd6-b8f6-4e17-8bd6-5e53966809d2,700,28,728
fa3ddad2-3a39-4a96-a874-d3762fd6330d,3207b0f3-9af4-4ba4-acb1-6ba8ea25f52e,2025-08-23T12:33:00,40e6ddd6-b8f6-4e17-8bd6-5e53966809d2,2000,80,2080
8c1ba44c-fc71-4ff1-9a9e-29af04bf3666,ce73a9b8-27f8-4c9f-941c-4b99a646fb32,2025-08-23T12:34:00,4b6c2304-2b9e-41e4-942a-cf11a1819378,2200,131,2331
4df0381d-165e-45e8-b3ea-e4044b140a0f,69819ace-cccb-4f20-aa31-be439b1b8e2b,2025-08-23T12:34:00,40e6ddd6-b8f6-4e17-8bd6-5e53966809d2,600,24,624
a4f9db37-ab89-465a-bb3b-59aa9f9f16b4,37601558-3b79-4200-800f-fc03a28a5ec7,2025-08-23T12:36:00,40e6ddd6-b8f6-4e17-8bd6-5e53966809d2,600,24,624
d3920510-104e-415f-9502-3c2e8237ab24,0d78df79-b2dc-4cea-b7a0-712c91c0433d,2025-08-23T12:39:00,4b6c2304-2b9e-41e4-942a-cf11a1819378,700,42,742
38f06c63-707f-4698-be1a-9d5ef00baa9c,7d0a9ece-1d73-43ea-98e7-8bbe21e890ec,2025-08-23T12:40:00,4b6c2304-2b9e-41e4-942a-cf11a1819378,1100,65,1165
45971205-543e-43a9-8624-ef60d549cf0a,189edb91-3f25-4f32-bfb4-64bd4052cb1c,2025-08-23T12:41:00,4b6c2304-2b9e-41e4-942a-cf11a1819378,0,0,0
34bc912e-3393-4c37-8ea0-bb8203dfa731,23c5eb35-05e9-4347-8854-ee86ec27393e,2025-08-23T12:48:00,4b6c2304-2b9e-41e4-942a-cf11a1819378,700,42,742
f7c78a33-c3b0-4171-846d-39c68f1a6e15,3a1577eb-7860-498f-936a-da13e16cbd8c,2025-08-23T12:48:00,40e6ddd6-b8f6-4e17-8bd6-5e53966809d2,600,24,624
0382f3d8-d303-4f56-9fea-ec6fde9ccfbb,7c2a3f62-d757-4322-a213-921d7c370838,2025-08-23T12:50:00,40e6ddd6-b8f6-4e17-8bd6-5e53966809d2,400,16,416
675de93e-8720-4dd5-b3ef-16d4146da6f5,3bfe5d2b-8ab3-473f-b56c-cdd86fff8877,2025-08-23T12:54:00,4b6c2304-2b9e-41e4-942a-cf11a1819378,1700,102,1802
6f7837c7-60a2-4501-b8e7-b618fad1a747,2a2c365a-ac9d-4106-a494-678e09ae412c,2025-08-23T12:56:00,4b6c2304-2b9e-41e4-942a-cf11a1819378,1400,84,1484
24c84a8a-c982-4093-aaca-63187bc624a3,102e02b0-7f44-4058-881f-7896edc964b2,2025-08-23T12:56:00,4b6c2304-2b9e-41e4-942a-cf11a1819378,1100,65,1165
0e424366-2147-4e6b-b3b3-3f305e4ce655,52ecad80-29ad-4b94-8e45-82007ac63dba,2025-08-23T12:56:00,4b6c2304-2b9e-41e4-942a-cf11a1819378,400,24,424
7e6bd033-058d-44b7-be99-1c3498538ccd,b51ad0d8-7b4d-4859-8de9-fd9feb62c888,2025-08-23T13:00:00,40e6ddd6-b8f6-4e17-8bd6-5e53966809d2,600,24,624
8226f750-8ec2-4e60-8040-3e0ab7de9185,013b644d-5645-44bd-8ca3-d7d254b2ba18,2025-08-23T13:03:00,4b6c2304-2b9e-41e4-942a-cf11a1819378,1600,96,1696
9c0b18f3-1c9f-4571-a487-cac909e2a7d2,e0df02ff-f788-4191-9881-df0d6c775206,2025-08-23T13:03:00,40e6ddd6-b8f6-4e17-8bd6-5e53966809d2,400,16,416
452756ef-ac17-4314-a431-94f464f4d421,f962820d-d110-4903-9fbd-86a2ba5a9687,2025-08-23T13:03:00,40e6ddd6-b8f6-4e17-8bd6-5e53966809d2,1000,40,1040
af3472e3-c9b8-4a69-9ba3-d6166dbc4c63,167ce993-af12-4071-a5cb-fb3f09045741,2025-08-23T13:10:00,4b6c2304-2b9e-41e4-942a-cf11a1819378,400,24,424
dc9a4c00-3ac7-4639-acd5-7a56c12107ef,5d5ea9b6-fefd-4e25-850a-9c2d365e7e27,2025-08-23T13:15:00,4b6c2304-2b9e-41e4-942a-cf11a1819378,600,36,636
5b3fa9fb-dd92-42d6-b49d-0e4ef3e7f01b,0e7b96a0-3300-42a0-b46a-0376d91610eb,2025-08-23T13:15:00,4b6c2304-2b9e-41e4-942a-cf11a1819378,600,36,636
86842f6e-0583-464d-a31d-6a61daabf9fa,b6552330-9932-4624-8855-b5b7aa13d3f4,2025-08-23T13:15:00,4b6c2304-2b9e-41e4-942a-cf11a1819378,500,30,530
0a0c5401-7590-4877-b8e9-3fa711b25cb4,6da78127-2929-4106-a298-2b58afca0a92,2025-08-23T13:17:00,40e6ddd6-b8f6-4e17-8bd6-5e53966809d2,500,20,520
85b14cd7-08b0-4ae7-840a-0f15b76017c5,aa0533fd-252b-49cb-8070-77b5c88b04ee,2025-08-23T13:19:00,40e6ddd6-b8f6-4e17-8bd6-5e53966809d2,500,20,520
e6c110cf-7b30-441e-9ff4-d048a1fe90c9,cc9cb0b1-f5d5-4fbb-ae89-025a80fb57c1,2025-08-23T13:21:00,40e6ddd6-b8f6-4e17-8bd6-5e53966809d2,2900,115,3015
abda200d-f6c5-4c21-bb66-3b261294a270,0c7084bc-19a5-4ad6-bb26-a25f9c09b324,2025-08-23T13:23:00,4b6c2304-2b9e-41e4-942a-cf11a1819378,600,36,636
9c880634-357f-433c-b910-8a60b826609c,5f2b73d5-f495-401c-82ee-47cf4886bfa2,2025-08-23T13:24:00,40e6ddd6-b8f6-4e17-8bd6-5e53966809d2,700,28,728
7518ad6b-b770-4c00-b56d-7ae8247e9b8f,c710ee81-7487-44d1-b65f-69a898acaf69,2025-08-23T13:24:00,40e6ddd6-b8f6-4e17-8bd6-5e53966809d2,600,24,624
b3c31f67-28d0-4297-852a-fb53384de300,4cd79f83-9fc7-43e4-a4c1-89402b7124e1,2025-08-23T13:28:00,4b6c2304-2b9e-41e4-942a-cf11a1819378,1000,60,1060
fee6eede-d333-4c2b-bc85-b105e693c2b5,8386c889-4e1d-49ce-9d61-12c967dad0f9,2025-08-23T13:31:00,4b6c2304-2b9e-41e4-942a-cf11a1819378,600,36,636
e0af3be5-e0a6-4bdc-9d85-0be307483264,be999c23-fb5b-4060-b4aa-bd50fe8ab5f6,2025-08-23T13:31:00,40e6ddd6-b8f6-4e17-8bd6-5e53966809d2,1300,52,1352
2fc55907-cf29-4187-986c-51868ae44145,d7af9974-5b4c-4c70-85c5-1f7ff782da88,2025-08-23T13:35:00,40e6ddd6-b8f6-4e17-8bd6-5e53966809d2,1800,72,1872
285a5f57-3b9b-40e2-9f4f-eccfcaaee46f,ab833d6f-87cf-4229-a1f8-707b52a55e5e,2025-08-23T13:38:00,4b6c2304-2b9e-41e4-942a-cf11a1819378,3100,186,3286
9930de4d-58a5-459f-9a19-47cfc19ae1bf,19a91b0b-51dc-434f-978a-177588409f99,2025-08-23T13:39:00,4b6c2304-2b9e-41e4-942a-cf11a1819378,1600,96,1696
4453317b-75db-4073-9539-30ea32ead3dc,64ad7907-f83e-403b-b5b4-b1deded9bb1d,2025-08-23T13:39:00,4b6c2304-2b9e-41e4-942a-cf11a1819378,600,36,636
2fea0bd6-a5d2-4716-9835-668d458ccf4b,0edeaba5-35f3-4e68-98ca-f412d9cd14b5,2025-08-23T13:39:00,40e6ddd6-b8f6-4e17-8bd6-5e53966809d2,400,16,416
4d2a5f29-d01d-4606-9033-ce51fc9e484b,a98f640e-492a-445a-8a0d-7d444e98f1a9,2025-08-23T13:40:00,4b6c2304-2b9e-41e4-942a-cf11a1819378,600,36,636
d7c0c0e1-d557-4426-aa7a-69f47105f418,8f34cf8e-4ab5-436b-b34d-d43e654c8d6b,2025-08-23T13:41:00,40e6ddd6-b8f6-4e17-8bd6-5e53966809d2,600,24,624
7c1f4044-117a-4fc2-aa1e-66b89925e3bc,c712217e-16e5-4f51-a9f4-055b5176e747,2025-08-23T13:45:00,40e6ddd6-b8f6-4e17-8bd6-5e53966809d2,600,24,624
82a0f9bd-ba59-4e96-893b-c7b5035d1ef6,d88e53e9-6885-44c1-a0ce-e8ea44f2dcfc,2025-08-23T13:49:00,4b6c2304-2b9e-41e4-942a-cf11a1819378,500,30,530
ba4fac3a-8775-41d0-970c-0bdfc5b696ba,d51ebab3-97b1-482d-9ccd-7368f01000f7,2025-08-23T13:51:00,4b6c2304-2b9e-41e4-942a-cf11a1819378,500,30,530
14318a62-5d47-423b-9b75-d41f6316d624,19296d35-a0df-426f-88ed-d3f5323adb8a,2025-08-23T13:54:00,40e6ddd6-b8f6-4e17-8bd6-5e53966809d2,1400,56,1456
14414bd4-be51-4397-9671-8fde549c53b0,8639eac0-9cd8-4fe5-9e10-8526a16018d1,2025-08-23T13:56:00,40e6ddd6-b8f6-4e17-8bd6-5e53966809d2,2100,84,2184
c2fb1269-42f2-4436-9c29-4042ec666107,66dda3b2-66cf-4b2b-90b2-91abe28f6aa4,2025-08-23T13:57:00,4b6c2304-2b9e-41e4-942a-cf11a1819378,2300,138,2438
03ad790b-825a-4cdc-b11e-8b7a2d4d96c7,ef097aa6-f4d9-4c16-bc17-a7cc87116f35,2025-08-23T13:58:00,40e6ddd6-b8f6-4e17-8bd6-5e53966809d2,600,24,624
cdda087c-f7d0-41d7-b4ce-d674b9e5fb05,fd788ea1-7f9f-477b-b5fa-9a64962eb7f0,2025-08-23T14:00:00,4b6c2304-2b9e-41e4-942a-cf11a1819378,400,24,424
fa06d599-65d4-4542-ae01-7a9a6ae78399,8e6a03da-15e7-44e8-bec1-426b65edb389,2025-08-23T14:02:00,40e6ddd6-b8f6-4e17-8bd6-5e53966809d2,1000,40,1040
1f36380c-a90a-4fae-a9a8-1e170c3bd0c1,b8cf5c4c-27e2-4106-9058-eb38559661e0,2025-08-23T14:05:00,40e6ddd6-b8f6-4e17-8bd6-5e53966809d2,400,16,416
aa24110b-b4c9-4d26-a4b2-8b48b428034a,abf52e51-d999-45fd-a6b0-6a9cd018fb47,2025-08-23T14:06:00,40e6ddd6-b8f6-4e17-8bd6-5e53966809d2,1100,44,1144
388eae05-a72b-49c6-9ae7-a25698e91be3,8cef9627-37e9-4bad-a5d7-69f87f291c90,2025-08-23T14:09:00,4b6c2304-2b9e-41e4-942a-cf11a1819378,600,36,636
7a0fcfcf-0bf9-4521-bbbb-e6634db13044,27133460-80a8-449a-b422-65bfe97af456,2025-08-23T14:09:00,40e6ddd6-b8f6-4e17-8bd6-5e53966809d2,500,20,520
58ef6017-878b-4fba-bb5e-78222d14e43d,1233e680-06d7-4b38-8c6e-796ef158556a,2025-08-23T14:11:00,4b6c2304-2b9e-41e4-942a-cf11a1819378,400,24,424
f455c671-42ed-46b9-829e-bdeb538f5143,30380af9-7c90-4e56-9717-61064c5ca79c,2025-08-23T14:13:00,40e6ddd6-b8f6-4e17-8bd6-5e53966809d2,600,24,624
9d632da3-eeba-4c2a-a521-2153d2030ad9,254a6b6d-5dcb-4d20-88ce-e2e448935a93,2025-08-23T14:15:00,4b6c2304-2b9e-41e4-942a-cf11a1819378,1100,65,1165
c6eac362-ceda-495d-a2a0-b55e95676177,2a0095cd-099e-45f3-a8ed-241dbe5cde18,2025-08-23T14:22:00,4b6c2304-2b9e-41e4-942a-cf11a1819378,700,42,742
bebec381-ef3e-43ba-8e88-6199143a3a57,f24f29fa-33e9-41e2-8965-ac4e39be3919,2025-08-23T14:24:00,4b6c2304-2b9e-41e4-942a-cf11a1819378,1000,60,1060
f9163716-ba26-4474-9ac5-939030bcb7b6,d6cf7caa-9dd8-48c6-b4ee-5a02f62bb280,2025-08-23T14:33:00,4b6c2304-2b9e-41e4-942a-cf11a1819378,600,36,636
d3d8efe4-3c28-48ea-bc93-4bf21ef0e615,c6abaffa-11df-4987-9806-71dced92f534,2025-08-23T14:33:00,4b6c2304-2b9e-41e4-942a-cf11a1819378,400,24,424
b04b45bf-a7f4-4a4b-a791-f5451821c3f0,cec4dd97-5c6e-415b-ba06-47dc8ef4570f,2025-08-23T14:36:00,4b6c2304-2b9e-41e4-942a-cf11a1819378,700,42,742
465e21aa-9071-415a-843e-bcd2e37f0118,b27a07f1-ddf4-4134-9f7d-1b1ac869b110,2025-08-23T14:40:00,4b6c2304-2b9e-41e4-942a-cf11a1819378,700,42,742
ca57856a-5cbf-4707-b858-eee7c26acbcd,8d5d45b6-2bf0-4380-85a0-b73fcbc86e94,2025-08-23T14:42:00,4b6c2304-2b9e-41e4-942a-cf11a1819378,1500,89,1589
2b454a8b-cd17-4b66-aa40-3afbcfda22d1,afa83ff8-2b40-47b8-8bcf-1f9285c11695,2025-08-23T14:42:00,40e6ddd6-b8f6-4e17-8bd6-5e53966809d2,400,16,416
505306ff-7544-4f9a-b415-6dddd62c432d,fc41d86f-78f3-476a-882c-3eafc02d61f2,2025-08-23T14:44:00,4b6c2304-2b9e-41e4-942a-cf11a1819378,700,42,742
5c03eeb4-5999-48d9-85fc-0d6ab880eb92,fa6de1f2-ff8e-43ea-8da3-98d975b096da,2025-08-23T14:48:00,40e6ddd6-b8f6-4e17-8bd6-5e53966809d2,400,16,416
5e0ae0f2-a1c0-4ed4-9e42-0cccde36bc50,dcddb844-390f-4861-a4ee-0a32b75bb218,2025-08-23T15:00:00,40e6ddd6-b8f6-4e17-8bd6-5e53966809d2,600,24,624
445c84ac-f7c7-44f9-85d0-e3bc00965383,8f4f1f50-62c9-4870-bf5b-bdcd357f8ad7,2025-08-23T15:03:00,4b6c2304-2b9e-41e4-942a-cf11a1819378,900,54,954
ca803a29-8a76-474c-8a86-cb2c111de87b,fe1ef2c8-17e9-4560-bca8-d42ce43d899f,2025-08-23T15:04:00,4b6c2304-2b9e-41e4-942a-cf11a1819378,1200,72,1272
d4c22260-4546-40ef-a4b4-8c879a528801,4b8b181e-668e-45d4-a8e3-7180a41cf064,2025-08-23T15:05:00,4b6c2304-2b9e-41e4-942a-cf11a1819378,400,24,424
93b80e6b-9e36-43ec-abeb-0c6798a5ef27,358fc32a-8446-4c62-b4a1-92b145a689e8,2025-08-23T15:25:00,4b6c2304-2b9e-41e4-942a-cf11a1819378,600,36,636
8087161c-1ccd-4e7e-a8e7-ed4471bd5a09,46d34d7f-a3a4-4386-89ba-fa5ac15e5a69,2025-08-23T15:28:00,40e6ddd6-b8f6-4e17-8bd6-5e53966809d2,500,20,520
0ee61185-d103-4935-b0e1-25d3b3896008,7fcd9f31-c0cb-4414-9981-9d014f593081,2025-08-23T15:31:00,40e6ddd6-b8f6-4e17-8bd6-5e53966809d2,600,24,624
aa2d22af-1f27-4ca2-bb77-15f43cfb6b19,c9276a13-5b0f-4ce9-8802-3e0ead192508,2025-08-23T15:39:00,4b6c2304-2b9e-41e4-942a-cf11a1819378,1200,72,1272
77831eaa-a5ab-47cc-864f-de6f0d1b42b7,3f3af4f6-a87b-4f03-8669-2e1a8e3c6d8b,2025-08-23T15:41:00,4b6c2304-2b9e-41e4-942a-cf11a1819378,1200,72,1272
4203fdda-b714-4b1f-84a3-d830c2622beb,6fcd3399-b9d5-4ab0-9d50-385be83fec9c,2025-08-23T15:56:00,40e6ddd6-b8f6-4e17-8bd6-5e53966809d2,400,16,416
5edc556d-aa12-49b3-bd3b-f5c9a2e50492,3ad60b3b-8b4b-4504-9d49-adfd74fe548c,2025-08-23T16:01:00,40e6ddd6-b8f6-4e17-8bd6-5e53966809d2,1900,76,1976
2c14a925-057c-441d-a96e-f5ed1d0fd221,0ea8c796-5c53-421e-9442-830bc190960b,2025-08-23T16:06:00,40e6ddd6-b8f6-4e17-8bd6-5e53966809d2,500,20,520
6560173b-a292-4238-a30b-9404bdabccb0,187d49e0-634f-4e10-a10c-3b0be7408be0,2025-08-23T16:11:00,4b6c2304-2b9e-41e4-942a-cf11a1819378,700,42,742
f3a5d952-683e-4fa9-85d1-1c00ca0e1c96,a054cb90-d7e9-4236-9533-fc7fd2b1fd77,2025-08-23T16:11:00,40e6ddd6-b8f6-4e17-8bd6-5e53966809d2,600,24,624
bfcacde7-20ea-4e65-84a0-ec0277c0bc5b,5a589b0f-69ac-4256-aea8-df379845f417,2025-08-23T16:22:00,4b6c2304-2b9e-41e4-942a-cf11a1819378,500,30,530
f18816ab-baa4-4307-b5f1-abf6242a714c,416cd82a-8e13-48b3-a6e1-dadbf5a29d2d,2025-08-23T16:23:00,40e6ddd6-b8f6-4e17-8bd6-5e53966809d2,600,24,624
4183357d-d716-49dd-9d59-3b4946b4dd26,e0cbd2e1-eee7-409c-9cf1-707eb4f867ce,2025-08-23T16:29:00,4b6c2304-2b9e-41e4-942a-cf11a1819378,1100,65,1165
14678253-59ba-40be-b45b-a05fe2ef2683,fa7960f6-2060-4fc8-a154-148e0c543e8a,2025-08-23T16:38:00,40e6ddd6-b8f6-4e17-8bd6-5e53966809d2,1600,64,1664
dd8b6387-6b4c-4b7b-b39d-9de73223bd6d,7e7c62c1-b8a8-4e9a-ab94-81a82d76e3e5,2025-08-23T16:39:00,4b6c2304-2b9e-41e4-942a-cf11a1819378,600,36,636
7419729a-9fe2-42c2-8962-013a11939fc8,1826e2e6-ccef-4719-8707-4c18ec953356,2025-08-23T16:42:00,4b6c2304-2b9e-41e4-942a-cf11a1819378,700,42,742
2fd68c62-630f-485d-92a3-ffef918bd180,49c4bc11-2495-438d-9b87-3c395574433f,2025-08-23T16:42:00,40e6ddd6-b8f6-4e17-8bd6-5e53966809d2,1700,68,1768
d0c9c8ea-0876-4b3f-9e82-b2bed4056a4f,47e4f30d-f965-45df-8474-93d5aeaf7cb2,2025-08-23T16:44:00,4b6c2304-2b9e-41e4-942a-cf11a1819378,600,36,636
07760f43-5ebb-42b5-9d00-f64b1ab7da9d,019bbbbd-bb75-49d2-8d74-d1c01012bd21,2025-08-23T16:45:00,40e6ddd6-b8f6-4e17-8bd6-5e53966809d2,500,20,520
864b34c4-cec0-4ac6-bf49-88304fcf94da,d78e6e3f-3ff1-49b6-9dcb-129816aa0ecb,2025-08-23T16:45:00,40e6ddd6-b8f6-4e17-8bd6-5e53966809d2,600,24,624
eb4417b6-ac99-4a05-9376-ab2d2faff745,07571aa5-5581-4cf0-9a68-006051f37c8c,2025-08-23T16:55:00,40e6ddd6-b8f6-4e17-8bd6-5e53966809d2,1700,68,1768
0be3d1af-9b75-4fa9-b78a-0165924e34cd,78e4ffca-cfe4-42f3-9ef0-98ca1bb8cfa0,2025-08-23T17:16:00,40e6ddd6-b8f6-4e17-8bd6-5e53966809d2,1000,40,1040
3292c71a-68b2-41cc-a274-755ca54a09f8,e860f5d5-878c-468e-a446-059ba8434d4b,2025-08-23T17:17:00,4b6c2304-2b9e-41e4-942a-cf11a1819378,600,36,636
a6fc6d3a-8e4f-48be-bd25-09ef1b06ffbc,485b6c22-4f0b-4e0f-bfba-0c9d38a0122d,2025-08-23T17:24:00,40e6ddd6-b8f6-4e17-8bd6-5e53966809d2,2300,92,2392
3b1e6179-62dc-474d-bfb8-79bd7cd78116,16e8d4f8-2451-446f-a254-3bc68e40621b,2025-08-23T17:25:00,4b6c2304-2b9e-41e4-942a-cf11a1819378,1800,108,1908
8100b89c-4425-4447-9d01-c21291e99411,bbe9e834-7071-42d6-8970-aa7301b72ec2,2025-08-23T17:37:00,4b6c2304-2b9e-41e4-942a-cf11a1819378,2500,150,2650
7c9b5aa1-9621-4991-801b-7ffcf4da5700,7c66bbce-e687-4e15-be85-d960c3de159b,2025-08-23T17:50:00,40e6ddd6-b8f6-4e17-8bd6-5e53966809d2,1000,40,1040
2613fa46-ad92-434f-aa42-67abaeddee5f,21e6a119-3caa-43ab-9905-08bda65f8493,2025-08-23T18:10:00,40e6ddd6-b8f6-4e17-8bd6-5e53966809d2,500,20,520
1037a4e0-4e2d-4224-acb3-246bcdabb25c,ffd40778-a37e-453c-81d1-9a769cac4692,2025-08-23T18:40:00,4b6c2304-2b9e-41e4-942a-cf11a1819378,2300,138,2438
ccc27a06-c864-4293-b89b-302783d64ac9,98c7adf1-31bc-45c1-85fb-dbf53b4a53e2,2025-08-23T19:11:00,4b6c2304-2b9e-41e4-942a-cf11a1819378,2200,131,2331
dd3d8c48-4f3c-419f-8af9-0b5f1e5fdd10,a30edde1-4a46-4acb-905c-013e285a8101,2025-08-23T19:22:00,40e6ddd6-b8f6-4e17-8bd6-5e53966809d2,900,36,936
bd6e8d51-1072-410e-b1c6-5c9adc9553ad,10d7cb3c-5a86-4eae-9da6-611ddf67fdd8,2025-08-23T19:44:00,4b6c2304-2b9e-41e4-942a-cf11a1819378,1800,108,1908
5979bfd5-cf81-4ccb-abca-487b291b779f,d6ca3f18-6708-4e27-9196-8a2238aba9b0,2025-08-23T19:56:00,40e6ddd6-b8f6-4e17-8bd6-5e53966809d2,600,24,624
e6fb591d-b513-4626-b764-60a61514bcef,23c5eb35-05e9-4347-8854-ee86ec27393e,2025-08-24T07:00:00,4b6c2304-2b9e-41e4-942a-cf11a1819378,600,36,636
072fa52b-1df4-4a84-9bac-18d758aed948,84f816bd-12e2-4633-a419-fc80705977e6,2025-08-24T07:00:00,4b6c2304-2b9e-41e4-942a-cf11a1819378,600,36,636
ec22b405-2fc2-4292-be1a-49403e3069ba,fdd86eaf-7a5b-4598-9a08-6f4f207743bb,2025-08-24T07:00:00,4b6c2304-2b9e-41e4-942a-cf11a1819378,600,36,636
ec370208-f0b8-4e74-94a1-b508e3bee8fb,d6cf7caa-9dd8-48c6-b4ee-5a02f62bb280,2025-08-24T07:00:00,4b6c2304-2b9e-41e4-942a-cf11a1819378,500,30,530
278ba8e3-b4bb-4e0b-b5aa-c8d9780cb529,72fd6924-b954-4c8f-9c0b-2545d0efe53b,2025-08-24T07:00:00,4b6c2304-2b9e-41e4-942a-cf11a1819378,600,36,636
e9e4f920-49c9-4664-9fd7-60266ef32f29,8a77ab59-ae1e-4b71-ab66-66bda4615cfd,2025-08-24T07:00:00,4b6c2304-2b9e-41e4-942a-cf11a1819378,600,36,636
ef972575-df55-429f-a838-a203ad7d36ab,3eb1c53f-4af3-42d8-8608-40548ce4843d,2025-08-24T07:00:00,40e6ddd6-b8f6-4e17-8bd6-5e53966809d2,600,24,624
84d58860-6590-4c6b-bd04-a612925cd7d7,cc6587b9-1ad1-4f99-bb8b-dc23f1621ea6,2025-08-24T07:00:00,40e6ddd6-b8f6-4e17-8bd6-5e53966809d2,600,24,624
29ee7daf-ef24-463e-9996-f45d64e23b50,5484b02b-221a-4bbe-86a3-3eccdcf8d2ae,2025-08-24T07:00:00,40e6ddd6-b8f6-4e17-8bd6-5e53966809d2,600,24,624
ac69a2dc-0b51-4a8a-b716-57ac18b9fa54,1b25718d-795f-4b30-a424-50167ae8c0ad,2025-08-24T07:03:00,40e6ddd6-b8f6-4e17-8bd6-5e53966809d2,700,28,728
2945e6b1-a946-4297-8a31-28ecf96a2112,a1a72036-c041-4a92-a719-9bbf0e21d53b,2025-08-24T07:04:00,40e6ddd6-b8f6-4e17-8bd6-5e53966809d2,500,20,520
0e0f140c-34b0-4d23-88a8-96efdb73f74e,795d2b23-6186-4d66-beb4-690083c579a2,2025-08-24T07:05:00,4b6c2304-2b9e-41e4-942a-cf11a1819378,1700,102,1802
4af2b510-6078-4c28-a7e2-a768f3315e65,5d59a09d-7696-4e1b-a171-abe3b79fff2d,2025-08-24T07:06:00,4b6c2304-2b9e-41e4-942a-cf11a1819378,600,36,636
117c73d3-174d-4332-a6da-c2945bbf0502,01450c81-3eae-4663-a704-f91c175e17f0,2025-08-24T07:06:00,4b6c2304-2b9e-41e4-942a-cf11a1819378,600,36,636
d3270cd8-44ba-4479-b20c-894d0345573e,1bc088f8-fdf1-442f-9491-1287abc066d3,2025-08-24T07:08:00,40e6ddd6-b8f6-4e17-8bd6-5e53966809d2,500,20,520
0a4b7840-4726-48ca-b408-60761c733c82,b5261e71-886e-4d78-8d1d-310ed9754704,2025-08-24T07:14:00,40e6ddd6-b8f6-4e17-8bd6-5e53966809d2,700,28,728
b8236972-55ad-4a10-b251-7cdea519c6b1,64fec69e-52e2-471f-9fbc-7a8e33f991bd,2025-08-24T07:18:00,4b6c2304-2b9e-41e4-942a-cf11a1819378,600,36,636
9b9278ab-4dc3-4b75-bebc-5fbdc5ff23da,5a62f2b9-646a-4b84-b570-661ca33a139f,2025-08-24T07:18:00,40e6ddd6-b8f6-4e17-8bd6-5e53966809d2,600,24,624
793f845a-7ca5-428d-a7a3-f00a56ab7982,87fc5559-9d20-4780-8c0e-b7c248cd6236,2025-08-24T07:18:00,40e6ddd6-b8f6-4e17-8bd6-5e53966809d2,700,28,728
9c08a617-5f85-4dd7-94cf-94d40f1c83b7,4fc0f100-7ad9-49a8-9620-f0e3a0e42a80,2025-08-24T07:19:00,4b6c2304-2b9e-41e4-942a-cf11a1819378,600,36,636
549b5d5e-8786-4744-b522-c993d38917a8,6b9cd81e-126c-4c53-b6b5-575d78951256,2025-08-24T07:20:00,4b6c2304-2b9e-41e4-942a-cf11a1819378,500,30,530
585d7819-3838-45e7-bc6b-d9626ca0aa9a,143944c0-b4d0-48f7-ac1f-6ffaeff64a70,2025-08-24T07:21:00,4b6c2304-2b9e-41e4-942a-cf11a1819378,600,36,636
854bfc2e-a04c-4bd2-8fc5-898711459938,2f76575f-2d85-40ca-8f3b-82b14debc678,2025-08-24T07:22:00,40e6ddd6-b8f6-4e17-8bd6-5e53966809d2,600,24,624
706970d0-5410-453d-a29a-78fbb86f4a54,661d2fc6-9fa2-4c79-9d19-44c73cb68448,2025-08-24T07:22:00,40e6ddd6-b8f6-4e17-8bd6-5e53966809d2,600,24,624
3280aef7-ecd1-416f-8a76-87ebab5587a0,c630fcf6-11c8-465f-9498-0839aee67e55,2025-08-24T07:23:00,40e6ddd6-b8f6-4e17-8bd6-5e53966809d2,500,20,520
77c54fd0-2d8b-4485-9588-60a8053b0c3a,866ec748-2021-45f8-9170-6c393fca1e65,2025-08-24T07:23:00,40e6ddd6-b8f6-4e17-8bd6-5e53966809d2,700,28,728
1d97d8e4-c668-4c02-9e4d-c47b7b763200,b2310c7d-702b-4e62-b938-3b19262bd9e9,2025-08-24T07:23:00,40e6ddd6-b8f6-4e17-8bd6-5e53966809d2,600,24,624
eb3e4230-a533-433f-a06c-21bbfe6f57da,26ebc43f-cfbf-4fa1-9c7f-9134871f7b65,2025-08-24T07:24:00,40e6ddd6-b8f6-4e17-8bd6-5e53966809d2,700,28,728
47bc64f3-4d06-4d29-9282-9cfb9473bc74,5bbca380-854e-47a4-ae5c-fd631650a115,2025-08-24T07:25:00,4b6c2304-2b9e-41e4-942a-cf11a1819378,500,30,530
f49e4015-eb02-4e78-99dd-a4777d3c34b2,adf0d9db-c6a0-4226-a93f-30482ccd9d28,2025-08-24T07:25:00,4b6c2304-2b9e-41e4-942a-cf11a1819378,400,24,424
ee9f8bc1-a4b5-4ad6-ae7e-174d55c362e2,2f162c0f-4d00-4d10-88ca-6dd2b94f24f5,2025-08-24T07:25:00,40e6ddd6-b8f6-4e17-8bd6-5e53966809d2,700,28,728
fa768843-b10d-4d5b-a78a-5b0b2cb8291c,2b4b540f-9423-4186-8164-4566e5e908f2,2025-08-24T07:26:00,40e6ddd6-b8f6-4e17-8bd6-5e53966809d2,500,20,520
5c10f69f-f93c-423e-b1da-4cf2cc9ab6ec,b8edba64-3db4-4841-8f8d-dc00dce6fb67,2025-08-24T07:30:00,40e6ddd6-b8f6-4e17-8bd6-5e53966809d2,500,20,520
7b68015f-f5bd-49b4-ba21-4bdc9fa69978,bd463573-d217-4411-9ac0-8b72bd7609cd,2025-08-24T07:31:00,4b6c2304-2b9e-41e4-942a-cf11a1819378,600,36,636
96eb121e-22da-4177-bf46-e17d6130c0aa,34a9dd73-95d0-45d9-a3fb-636e4e080a6c,2025-08-24T07:32:00,4b6c2304-2b9e-41e4-942a-cf11a1819378,600,36,636
7f9fd325-c5d5-42a8-85dd-97fd656397e5,2a26f327-c9ef-40f4-bb8c-c809417caad1,2025-08-24T07:33:00,4b6c2304-2b9e-41e4-942a-cf11a1819378,700,42,742
93f73e76-2ff8-4099-bd59-0126d9421353,dccd3e5d-2076-4fc6-aa79-87579e134ce1,2025-08-24T07:33:00,4b6c2304-2b9e-41e4-942a-cf11a1819378,400,24,424
a535f0c4-e801-4ab1-a8a8-c4be027ef5c9,c2457423-d813-4e9b-8cac-e77de71eef5d,2025-08-24T07:33:00,40e6ddd6-b8f6-4e17-8bd6-5e53966809d2,500,20,520
fc5b8eca-66a3-47cb-8f21-373de5b26b63,b0cab1cc-6689-4922-a78f-5c6e1c458cd1,2025-08-24T07:35:00,4b6c2304-2b9e-41e4-942a-cf11a1819378,400,24,424
10057134-0e1e-477d-9560-a6552423f11e,ff29ece6-95da-4800-acd2-b14950a339dd,2025-08-24T07:37:00,4b6c2304-2b9e-41e4-942a-cf11a1819378,400,24,424
15d01158-e903-4d79-946d-13c234b10f00,bab8979a-8cd9-477b-bbd7-2e1dbab88437,2025-08-24T07:37:00,4b6c2304-2b9e-41e4-942a-cf11a1819378,500,30,530
14c27323-fa0c-4e8b-bd8a-2dad89f75bda,9455079c-4344-4995-939d-8184d7eb02e7,2025-08-24T07:38:00,4b6c2304-2b9e-41e4-942a-cf11a1819378,600,36,636
c3f001da-8c33-4577-b44b-1089fe298618,e58c63e7-69a9-49cb-947e-5841010ca567,2025-08-24T07:38:00,4b6c2304-2b9e-41e4-942a-cf11a1819378,400,24,424
8af4d993-b4f5-4db1-9393-f0179a83d1f2,f4c0d073-250c-455a-a84a-848e56ae7048,2025-08-24T07:38:00,40e6ddd6-b8f6-4e17-8bd6-5e53966809d2,400,16,416
4b01c769-48d8-458b-a6ea-9ebc10b9fee9,a2effce6-3ad2-4811-940b-bbb5a4ad9b67,2025-08-24T07:38:00,40e6ddd6-b8f6-4e17-8bd6-5e53966809d2,500,20,520
8c63c729-0d09-42d5-948f-527a204703b9,1acd402c-8758-4f7a-9a24-57636d44ede6,2025-08-24T07:39:00,40e6ddd6-b8f6-4e17-8bd6-5e53966809d2,500,20,520
15982b7e-dd93-4c44-b8c3-20e95e44e51a,67f25b4e-183c-4a43-9227-09966e445b42,2025-08-24T07:39:00,40e6ddd6-b8f6-4e17-8bd6-5e53966809d2,600,24,624
892b4ab2-9e3a-4b15-9ea8-40497318eba0,d6914b8f-0d72-4044-a61b-055adb02f005,2025-08-24T07:40:00,40e6ddd6-b8f6-4e17-8bd6-5e53966809d2,400,16,416
20527c6b-46a0-40cc-b0f1-38e5e96d48ab,446153de-73e0-4d85-a593-2c3ae8664564,2025-08-24T07:40:00,40e6ddd6-b8f6-4e17-8bd6-5e53966809d2,400,16,416
d6855b1e-e491-4a4a-8c3b-4ab17cfa0044,95381466-0836-4fd0-b05c-e8ca6147a51f,2025-08-24T07:41:00,40e6ddd6-b8f6-4e17-8bd6-5e53966809d2,400,16,416
b0d9d7f8-ec29-4644-b325-e8da3b13fb43,4dc2aa9c-8633-4861-b795-5b285cf76a1f,2025-08-24T07:43:00,4b6c2304-2b9e-41e4-942a-cf11a1819378,500,30,530
b0dd7503-6f32-443b-a6bd-2827a4bbbc9f,5261268c-aa94-438a-921a-05efc0d414ac,2025-08-24T07:45:00,4b6c2304-2b9e-41e4-942a-cf11a1819378,600,36,636
8e419c2c-f615-4abe-883e-61eb3f665c2c,5fccc95a-c30f-4525-a4a6-43861baae99a,2025-08-24T07:45:00,4b6c2304-2b9e-41e4-942a-cf11a1819378,600,36,636
afb23a14-372d-4e67-ac5b-a26e935674bc,e6173937-b216-46db-b863-ec7526285150,2025-08-24T07:45:00,40e6ddd6-b8f6-4e17-8bd6-5e53966809d2,500,20,520
e3b53be9-5025-458c-aa81-b88a42430134,97bbee89-2209-4d9a-9f20-d3327baf7efe,2025-08-24T07:45:00,40e6ddd6-b8f6-4e17-8bd6-5e53966809d2,700,28,728
f592fbb8-0f3f-4606-8136-c1617fb2331c,333d41f0-5f4d-48cb-b3bd-042814f9b7f8,2025-08-24T07:46:00,4b6c2304-2b9e-41e4-942a-cf11a1819378,400,24,424
cddad235-45ec-4c47-9649-eb47576f38c2,8dcd5fa7-1a1d-413e-9468-5f4b02f2f3fe,2025-08-24T07:46:00,40e6ddd6-b8f6-4e17-8bd6-5e53966809d2,400,16,416
a9d9a98a-37e1-4205-8049-064d750772d5,49421d99-2baa-4a3f-bbff-4e4d4e0062aa,2025-08-24T07:46:00,40e6ddd6-b8f6-4e17-8bd6-5e53966809d2,700,28,728
6c82aed9-4830-4461-9453-e3193bc3c6a6,aef5051b-ee62-4974-994d-fbb200c5f89c,2025-08-24T07:46:00,40e6ddd6-b8f6-4e17-8bd6-5e53966809d2,400,16,416
b0b7f820-2151-4e5d-b71d-abca1040853f,9ff834d1-4ca0-4dd5-bb53-ea96ad8611bb,2025-08-24T07:47:00,4b6c2304-2b9e-41e4-942a-cf11a1819378,500,30,530
9f9b83c6-e5c8-43b3-87dd-6d3860b9d611,b9915f58-4f74-4518-bb97-0b1e58c541a5,2025-08-24T07:47:00,4b6c2304-2b9e-41e4-942a-cf11a1819378,700,42,742
2e7d2f4d-1f44-4ea8-afe4-6f537b3f5d7b,bf03895d-6d44-49a2-8183-81c4e89eac75,2025-08-24T07:47:00,40e6ddd6-b8f6-4e17-8bd6-5e53966809d2,700,28,728
3a00c3de-c267-43a6-a59e-3064b73654f7,2e0d6ce4-794d-4494-bd1d-f44dbca8683f,2025-08-24T07:47:00,40e6ddd6-b8f6-4e17-8bd6-5e53966809d2,400,16,416
8f27d5dd-4234-4fb5-b4ba-8418226f5599,ead66f31-3437-42c5-9145-8281898ce326,2025-08-24T07:48:00,4b6c2304-2b9e-41e4-942a-cf11a1819378,600,36,636
416d0e9c-49de-4a9e-afb5-ea8dc0e1e87b,71972ade-a5de-461b-aac8-49774ccb1a4a,2025-08-24T07:48:00,4b6c2304-2b9e-41e4-942a-cf11a1819378,400,24,424
ee138a34-d091-4b49-b9fe-c02b9a872fd8,0e4dbbf0-e4a8-4015-9595-c0b9bec0f9e5,2025-08-24T07:48:00,40e6ddd6-b8f6-4e17-8bd6-5e53966809d2,500,20,520
307a5971-5183-46fe-98d3-3f1814085216,19fee9df-73a9-41e9-9777-18d2a79ab8b4,2025-08-24T07:49:00,4b6c2304-2b9e-41e4-942a-cf11a1819378,500,30,530
e550dd1b-9e41-4aab-aeea-3bc927beb3ea,80617fda-335d-411d-aed3-ca3917a8cff2,2025-08-24T07:49:00,40e6ddd6-b8f6-4e17-8bd6-5e53966809d2,600,24,624
4962d098-11ae-4bbf-900c-cb20c6389045,76d2b7be-1fa1-441b-9de1-97c64d06c646,2025-08-24T07:49:00,40e6ddd6-b8f6-4e17-8bd6-5e53966809d2,500,20,520
3433ba9a-39e4-4c2c-97a2-89c7a6892920,341da637-6927-4a64-8183-13ec96005b5f,2025-08-24T07:50:00,4b6c2304-2b9e-41e4-942a-cf11a1819378,600,36,636
5c8a9fea-cdb9-4b73-aab3-ae87f77198c3,447fed8a-4bae-41c5-b5cd-cbf6a09c4782,2025-08-24T07:50:00,4b6c2304-2b9e-41e4-942a-cf11a1819378,500,30,530
d55c4ed7-70e1-4c22-9dc3-678fac0d51d4,3c7a4cde-d92b-4d90-a731-9c0461ae8c90,2025-08-24T07:51:00,4b6c2304-2b9e-41e4-942a-cf11a1819378,400,24,424
56f2ce6f-8cd1-4c78-bbd7-dce861667b68,ed5f2f3e-8bef-4da7-b30c-90c3fa5f40ea,2025-08-24T07:51:00,40e6ddd6-b8f6-4e17-8bd6-5e53966809d2,600,24,624
716a50bd-bde1-4189-9939-9cf41efffa5a,36708614-1e24-453b-8593-b03eb1a7c5b8,2025-08-24T07:51:00,40e6ddd6-b8f6-4e17-8bd6-5e53966809d2,400,16,416
73c8c90f-4f73-49a0-bc13-3017c15640ad,b4413ac0-2fc9-4c91-b188-71c109d9be8f,2025-08-24T07:52:00,4b6c2304-2b9e-41e4-942a-cf11a1819378,600,36,636
6fc56f13-0b2e-43a7-b1e2-bf6fb9de39f3,a5781cf5-d32e-4370-b0f8-4f229bc0efa4,2025-08-24T07:52:00,4b6c2304-2b9e-41e4-942a-cf11a1819378,400,24,424
2f63f82c-5e56-4016-8c16-e8d2151ef1cc,f419edd5-8bb5-4809-8cfc-599ab209f6da,2025-08-24T07:53:00,40e6ddd6-b8f6-4e17-8bd6-5e53966809d2,400,16,416
ec8d8ddd-e6ac-4079-9f69-92d2dff02da9,13ae1187-ebff-4588-bbf0-db26b1bbb598,2025-08-24T07:54:00,4b6c2304-2b9e-41e4-942a-cf11a1819378,700,42,742
53e24942-dd35-4a73-9535-7450d4a8a187,5b070f80-9227-43fd-951b-4c758d20070e,2025-08-24T07:54:00,40e6ddd6-b8f6-4e17-8bd6-5e53966809d2,500,20,520
b3028814-a982-4c0a-b805-44c392ac82bc,77475cfc-c7a4-44fd-aa82-b68053aa7540,2025-08-24T07:54:00,40e6ddd6-b8f6-4e17-8bd6-5e53966809d2,500,20,520
27ae5cc6-e961-4c14-834b-7f2e82b34b96,710200a9-2c6c-4f21-b3f1-3ed6aa684fa2,2025-08-24T07:55:00,4b6c2304-2b9e-41e4-942a-cf11a1819378,600,36,636
c43c9278-847f-442f-90c7-54cdc32ffd67,bb0bc182-b8f7-4f26-b794-dca522dd4cec,2025-08-24T07:55:00,4b6c2304-2b9e-41e4-942a-cf11a1819378,500,30,530
678ad6d8-bb84-4945-a063-bb180ea9bc30,5d24b6bc-2eea-4766-a11d-b0aed43f038a,2025-08-24T07:55:00,4b6c2304-2b9e-41e4-942a-cf11a1819378,600,36,636
3a0ecf9b-a2c1-4069-b35b-645e002e8a84,7755a749-3460-4f0c-a33c-428dccd20885,2025-08-24T07:55:00,40e6ddd6-b8f6-4e17-8bd6-5e53966809d2,600,24,624
7c116dcb-7bee-40e0-bc2b-cecb9a612f37,890861ac-5e77-4568-aaff-807b37e6f872,2025-08-24T07:56:00,4b6c2304-2b9e-41e4-942a-cf11a1819378,700,42,742
5eda544e-ed1b-490f-826f-7d3b782b9712,a0a83e46-f548-4a18-a79a-5ecdd85b6c8e,2025-08-24T07:56:00,40e6ddd6-b8f6-4e17-8bd6-5e53966809d2,600,24,624
72620a0b-8577-405c-b287-30208e582b1d,5b6d3273-0554-4f9d-bc05-2157626c1ad0,2025-08-24T07:56:00,40e6ddd6-b8f6-4e17-8bd6-5e53966809d2,400,16,416
ae692c39-3731-43af-9798-c573d123c537,5350fafc-45eb-4871-a195-d1cc090f9d9c,2025-08-24T07:57:00,4b6c2304-2b9e-41e4-942a-cf11a1819378,600,36,636
8f3fc75e-a8d9-4b50-a694-cafdb7b582c0,3cbc7f74-54e3-47c2-b02f-229f7ca60a5c,2025-08-24T07:57:00,40e6ddd6-b8f6-4e17-8bd6-5e53966809d2,400,16,416
8b20b013-364f-439b-a939-e954b0b8e966,a5f46489-06cf-45af-9efd-dbd27067716c,2025-08-24T07:58:00,4b6c2304-2b9e-41e4-942a-cf11a1819378,600,36,636
9bb34db7-dd17-4397-bd22-a6703a4d7ffb,4232e434-92ef-4ff9-a069-d1e5312ebda2,2025-08-24T07:59:00,40e6ddd6-b8f6-4e17-8bd6-5e53966809d2,500,20,520
17f028da-b8f4-4c84-969c-1880bc84fb29,b3f95dcd-caf0-4d0c-8890-a7b8e231c6b7,2025-08-24T07:59:00,40e6ddd6-b8f6-4e17-8bd6-5e53966809d2,600,24,624
fb57e189-688d-416a-aea3-b7abf43d17c3,7aa35447-7686-43f7-bb98-14b1bc5fe250,2025-08-24T07:59:00,40e6ddd6-b8f6-4e17-8bd6-5e53966809d2,500,20,520
2291e9ce-075a-4f78-b1c9-b6d6e95a925c,9bac4be0-d703-4f1d-a088-1bdb362d3246,2025-08-24T08:00:00,4b6c2304-2b9e-41e4-942a-cf11a1819378,600,36,636
d65a4fda-1cb4-4628-8d04-3bfdecb676f2,1a1fa253-a2de-457a-9397-7c6c80d5d589,2025-08-24T08:00:00,40e6ddd6-b8f6-4e17-8bd6-5e53966809d2,400,16,416
92605b00-afaf-4f3d-aa0d-1e96b9e3b47f,ce8210c0-c537-4fd0-80ef-c3e8063b748a,2025-08-24T08:01:00,40e6ddd6-b8f6-4e17-8bd6-5e53966809d2,500,20,520
48c629ab-ad48-48bd-905d-ec92b81d77e8,89a5d615-2bb0-4843-8177-90bf7f452bfe,2025-08-24T08:01:00,40e6ddd6-b8f6-4e17-8bd6-5e53966809d2,400,16,416
ea271881-cc9c-4ff1-aad6-8477b2d0aec2,fd9f1577-416e-472f-aad7-7bd5c56293f5,2025-08-24T08:02:00,40e6ddd6-b8f6-4e17-8bd6-5e53966809d2,700,28,728
80d0beae-af3b-4f0c-b0f9-2ef1107ef806,c108b321-1696-4fbd-8457-87fd61ca65d8,2025-08-24T08:02:00,40e6ddd6-b8f6-4e17-8bd6-5e53966809d2,400,16,416
31d8cb7e-121b-4fb8-a323-66ab9e7204e3,d63f06df-5e5d-4adc-b0a5-43b4bac6bf5c,2025-08-24T08:02:00,40e6ddd6-b8f6-4e17-8bd6-5e53966809d2,600,24,624
d5411043-44b2-428d-9e26-c7ed91ae2e76,a3867ed0-9303-4ce2-b40d-a9711a5efef0,2025-08-24T08:02:00,40e6ddd6-b8f6-4e17-8bd6-5e53966809d2,600,24,624
a9691814-3834-43b5-b9e0-17dd9613add0,a30edde1-4a46-4acb-905c-013e285a8101,2025-08-24T08:03:00,40e6ddd6-b8f6-4e17-8bd6-5e53966809d2,600,24,624
a85f166c-e478-4332-8d8a-dd736e425e32,6f595044-c1c1-4b1b-8b9a-6ba836a7d845,2025-08-24T08:03:00,40e6ddd6-b8f6-4e17-8bd6-5e53966809d2,600,24,624
2bb81ed4-4331-47f4-a8a3-539fb777c799,2609004e-90a8-450e-98f3-5ebc16841cd5,2025-08-24T08:04:00,4b6c2304-2b9e-41e4-942a-cf11a1819378,500,30,530
096e337f-2607-4cfb-a746-07ae28b05ddd,09a354a5-a7cb-4687-8a52-c4a71feba0d2,2025-08-24T08:04:00,4b6c2304-2b9e-41e4-942a-cf11a1819378,700,42,742
b7faff30-5d10-4c2b-9a0b-4e1cdf6587b5,af3dbfea-4df6-42c8-9826-57806904f81c,2025-08-24T08:04:00,40e6ddd6-b8f6-4e17-8bd6-5e53966809d2,500,20,520
b321892f-1a45-44bc-b081-4daa4ca8b993,efb0203d-c970-47ec-8644-2090a658224b,2025-08-24T08:04:00,40e6ddd6-b8f6-4e17-8bd6-5e53966809d2,400,16,416
34aec92d-5544-4535-a583-fc7fd1e54733,3785fc7c-35aa-4e40-b620-f54b10e8a832,2025-08-24T08:05:00,40e6ddd6-b8f6-4e17-8bd6-5e53966809d2,600,24,624
22dfc255-3063-4a5a-bcc1-522efb56446a,3d6f18db-a49c-4563-9445-68d4e02bd664,2025-08-24T08:05:00,40e6ddd6-b8f6-4e17-8bd6-5e53966809d2,500,20,520
2df4268d-26f5-4ea6-a886-f2c54d14c317,c6fb82d9-b6e6-445a-a3d3-0158405a9d16,2025-08-24T08:06:00,4b6c2304-2b9e-41e4-942a-cf11a1819378,500,30,530
790f8811-3533-48f8-858c-1fa1d60dce3e,285bfea1-4dec-4f9d-a9f6-3b3cb20fdde9,2025-08-24T08:06:00,4b6c2304-2b9e-41e4-942a-cf11a1819378,600,36,636
20a9b4de-84d1-426c-bf6a-0008a403158d,a5066e8e-de65-4798-9ed5-f6cae5f86031,2025-08-24T08:07:00,40e6ddd6-b8f6-4e17-8bd6-5e53966809d2,500,20,520
53735185-8c6e-44f2-a0c8-7ecd73a2d250,a692df88-38f3-4725-84a6-73ec7e6c7ab5,2025-08-24T08:07:00,40e6ddd6-b8f6-4e17-8bd6-5e53966809d2,700,28,728
90657f30-f600-45e0-8d54-d9b409dc2fef,0000bd8e-496c-42aa-9430-fea7f9bd6a96,2025-08-24T08:08:00,4b6c2304-2b9e-41e4-942a-cf11a1819378,600,36,636
cc0d6992-447b-4057-9cd5-e34292f42525,848485f0-198f-4efa-8335-707db71a7434,2025-08-24T08:08:00,4b6c2304-2b9e-41e4-942a-cf11a1819378,700,42,742
b36aee16-817b-49e4-a4d9-cdd07b666891,8ebb4b7d-ed19-43be-a647-6c3a9a6a166a,2025-08-24T08:08:00,4b6c2304-2b9e-41e4-942a-cf11a1819378,700,42,742
a4e7e98e-3823-4269-a541-5372fd66385c,355d89d9-bf5a-41df-9382-a5e57cbbbec4,2025-08-24T08:08:00,40e6ddd6-b8f6-4e17-8bd6-5e53966809d2,700,28,728
03d3a3d8-263c-47bc-b8bc-227e31922946,b761dca2-f8ff-4709-b645-9b0591dfa353,2025-08-24T08:09:00,4b6c2304-2b9e-41e4-942a-cf11a1819378,600,36,636
550b988a-7d36-41b5-a67a-70faa9ea623c,f459a5e8-b280-49fd-904a-3cd3746f4f16,2025-08-24T08:09:00,40e6ddd6-b8f6-4e17-8bd6-5e53966809d2,400,16,416
cc2bc9b3-f192-4ac0-b555-1a1833745cfb,5bc10fee-ced7-43f1-91e5-597bd89faff6,2025-08-24T08:09:00,40e6ddd6-b8f6-4e17-8bd6-5e53966809d2,600,24,624
8aebf9a8-5e99-42f0-be1a-dddec9441e5a,07837268-1f07-43d7-a271-fa0ab4370eee,2025-08-24T08:09:00,40e6ddd6-b8f6-4e17-8bd6-5e53966809d2,500,20,520
437aed30-55ef-4bb1-be73-cbd24628427e,33d208d7-91f2-4d70-9f75-c1bf87481c15,2025-08-24T08:09:00,40e6ddd6-b8f6-4e17-8bd6-5e53966809d2,600,24,624
282aeecf-358b-4475-8b44-f67112acbbc2,e6e0c2ef-00b6-4d38-a129-32d4aa4e795d,2025-08-24T08:10:00,4b6c2304-2b9e-41e4-942a-cf11a1819378,600,36,636
d6723bdc-e95b-4d9b-b2c6-5daa7c891d28,212484cd-56e9-4934-ab9b-69d43228ee16,2025-08-24T08:10:00,40e6ddd6-b8f6-4e17-8bd6-5e53966809d2,500,20,520
0bb8b9b2-f81f-4b5a-a1ce-862bff69c0b0,b4cc95b0-6dbf-4264-a3ef-43fbbadf652a,2025-08-24T08:11:00,4b6c2304-2b9e-41e4-942a-cf11a1819378,600,36,636
799111d3-fde9-4b29-a32d-2123b82e295f,6d622f69-5cf8-4eda-b7ff-4f57f0e66237,2025-08-24T08:12:00,40e6ddd6-b8f6-4e17-8bd6-5e53966809d2,700,28,728
a66f5e8f-a742-4469-a39b-e8c1b58841d6,7863e37d-24c8-4e18-8730-ea7e2a65606d,2025-08-24T08:14:00,40e6ddd6-b8f6-4e17-8bd6-5e53966809d2,600,24,624
c091a009-9053-4a37-9ab2-e16c12f323e9,b65fff66-1997-4dd8-bc91-1349a415e4a0,2025-08-24T08:15:00,40e6ddd6-b8f6-4e17-8bd6-5e53966809d2,600,24,624
6141e530-23fc-4baa-ae82-d0a2aab82e10,d4d6e685-70a2-49ea-b511-383a54d18cfa,2025-08-24T08:15:00,40e6ddd6-b8f6-4e17-8bd6-5e53966809d2,600,24,624
325e91d6-03bd-4d5a-82de-17558af537fb,2660b7ac-6c46-4392-8ddc-26194c532341,2025-08-24T08:16:00,4b6c2304-2b9e-41e4-942a-cf11a1819378,600,36,636
e41dea5a-fb3c-4a06-b085-e3c29a925521,8d5fa184-5966-49ce-b3e7-4acfaba98bfd,2025-08-24T08:16:00,40e6ddd6-b8f6-4e17-8bd6-5e53966809d2,600,24,624
ece870df-b5ff-430d-b8ea-49228250a51a,758b4602-0ce0-440a-9584-ad59ce4216ad,2025-08-24T08:16:00,40e6ddd6-b8f6-4e17-8bd6-5e53966809d2,500,20,520
302e4894-70f5-4b7f-bfa9-15978f77cf55,0872893c-bf01-4853-b91f-a1cc0263fedf,2025-08-24T08:17:00,4b6c2304-2b9e-41e4-942a-cf11a1819378,600,36,636
47b97f2e-1fc5-48ff-80a9-4612bd08e595,8e5821f5-d035-421b-a56a-6ed02c100432,2025-08-24T08:17:00,4b6c2304-2b9e-41e4-942a-cf11a1819378,600,36,636
0d2df66e-b330-46a1-935d-317930406c85,2661b9e7-3b2c-40ea-b349-251363d10a4e,2025-08-24T08:17:00,40e6ddd6-b8f6-4e17-8bd6-5e53966809d2,400,16,416
a3bd2429-cba9-4d80-9860-5c45ccc5a46b,e77008c8-b7e1-4bb6-93d8-8383d6385531,2025-08-24T08:19:00,4b6c2304-2b9e-41e4-942a-cf11a1819378,400,24,424
ac398a3a-6b56-4b06-b4fd-53cfa63d30a2,9668fd00-799b-4cff-811f-a3e0528d255d,2025-08-24T08:19:00,40e6ddd6-b8f6-4e17-8bd6-5e53966809d2,400,16,416
a8b0f6b7-307a-43c3-bdb5-6d333039be4d,430e5411-6ed3-439b-93c3-e885b2a37d0f,2025-08-24T08:19:00,40e6ddd6-b8f6-4e17-8bd6-5e53966809d2,500,20,520
d889c947-2949-4f16-8687-532de1d72e3a,cd67e795-f5fa-470f-9a4f-4060d5951279,2025-08-24T08:20:00,40e6ddd6-b8f6-4e17-8bd6-5e53966809d2,700,28,728
8006a833-84c5-4d40-85f2-0e265a62ae73,436ca6dd-1cc3-4ff0-986c-eabb97606b9b,2025-08-24T08:20:00,40e6ddd6-b8f6-4e17-8bd6-5e53966809d2,600,24,624
755377e1-896a-4431-ae7b-fd185a5e0355,0488eb84-da07-441d-ba11-055850946457,2025-08-24T08:22:00,40e6ddd6-b8f6-4e17-8bd6-5e53966809d2,600,24,624
4accefef-f671-416b-a0fb-c3cea00be2be,a43342bc-a956-480b-8ef3-7b28e61c9b9b,2025-08-24T08:22:00,40e6ddd6-b8f6-4e17-8bd6-5e53966809d2,600,24,624
ea603fa8-e001-46f5-9e2a-6e8c192f010d,3e28e5b6-fe21-474e-b5bc-95ac85c187ad,2025-08-24T08:24:00,4b6c2304-2b9e-41e4-942a-cf11a1819378,600,36,636
e309ee60-20be-4af4-92e1-4d7956ac0458,b998f134-9c6e-4e5b-9a37-d0d9dbc72f85,2025-08-24T08:24:00,4b6c2304-2b9e-41e4-942a-cf11a1819378,600,36,636
f2137064-8ce7-41fc-80a0-01bf1e6fabe1,7767d63a-0293-4866-ae0a-724670463aa1,2025-08-24T08:24:00,40e6ddd6-b8f6-4e17-8bd6-5e53966809d2,500,20,520
e40c4a18-f0bd-4f60-a505-fc936f71bbb9,779b7f09-bfd0-4ab7-a46f-9f6eecb13030,2025-08-24T08:24:00,40e6ddd6-b8f6-4e17-8bd6-5e53966809d2,700,28,728
5a297768-9bf2-4a5e-9a90-4c1fc7c23f01,0ed041f5-3d65-4f50-b23e-849b527ee107,2025-08-24T08:24:00,40e6ddd6-b8f6-4e17-8bd6-5e53966809d2,400,16,416
978feeab-7ad2-45c4-901f-34701f2727dd,aa006c1b-6b97-4f02-99a9-57923d13eb8f,2025-08-24T08:25:00,4b6c2304-2b9e-41e4-942a-cf11a1819378,600,36,636
104893ed-ab50-48bb-96c4-78dd61dda4c7,83864095-dda9-4a16-ab3a-ba6429fa3dbd,2025-08-24T08:25:00,40e6ddd6-b8f6-4e17-8bd6-5e53966809d2,500,20,520
6ce9a3d6-f1ca-462b-8307-b945e0b70b57,bd72d373-2261-4193-bee7-41d3bfd08ef1,2025-08-24T08:26:00,4b6c2304-2b9e-41e4-942a-cf11a1819378,700,42,742
852d84f8-17bc-4f9f-98ca-bf89c5babab7,0db82818-585b-4e3f-9898-2a72727c2e42,2025-08-24T08:27:00,4b6c2304-2b9e-41e4-942a-cf11a1819378,500,30,530
b3e7fdd0-9b9c-464e-b6e6-062c112ee055,04b679f3-0691-47bc-975a-fdac41f52db4,2025-08-24T08:27:00,4b6c2304-2b9e-41e4-942a-cf11a1819378,400,24,424
6628e0f3-96fc-4221-a336-f3f34849c1c5,71f1cea1-588b-47f5-93c3-4e649541a9e4,2025-08-24T08:28:00,40e6ddd6-b8f6-4e17-8bd6-5e53966809d2,500,20,520
b91d316f-2c17-4abf-b7d1-71a443498fa2,1757e1cd-b99e-42a3-9e19-1b1305127836,2025-08-24T08:29:00,40e6ddd6-b8f6-4e17-8bd6-5e53966809d2,600,24,624
d28c61b0-b45e-4e00-b561-74ba2bf30163,fad2c57b-c35e-4270-8d10-2f067a5ee2b7,2025-08-24T08:29:00,40e6ddd6-b8f6-4e17-8bd6-5e53966809d2,600,24,624
d747aede-f929-4692-8f61-26717f544409,7e2a9b35-5e70-4df4-889c-34732fd2ee32,2025-08-24T08:30:00,40e6ddd6-b8f6-4e17-8bd6-5e53966809d2,600,24,624
032f1338-d7aa-4148-a853-6a7cfef6f706,e6debecd-a5cf-4ced-957e-7fb31720480c,2025-08-24T08:30:00,40e6ddd6-b8f6-4e17-8bd6-5e53966809d2,500,20,520
fc183055-e528-45b1-a760-6bda80a6b13a,2a6409ee-29ac-483f-a2a7-9074fcb50191,2025-08-24T08:30:00,40e6ddd6-b8f6-4e17-8bd6-5e53966809d2,600,24,624
f35a0b92-802b-4981-9f9b-829cf32d7961,1439dc05-4ab9-4995-90c7-d9437ae94f50,2025-08-24T08:31:00,40e6ddd6-b8f6-4e17-8bd6-5e53966809d2,700,28,728
b65121a1-0952-4c9f-9799-5940a2d4cfb3,a311b0c8-1b63-4405-8097-09a984512389,2025-08-24T08:32:00,4b6c2304-2b9e-41e4-942a-cf11a1819378,600,36,636
4ceedb33-f168-47c5-80c0-92ab4aef085c,e8e92a9f-bec3-4873-951c-b05d0fe37715,2025-08-24T08:32:00,4b6c2304-2b9e-41e4-942a-cf11a1819378,400,24,424
3571401c-c0f9-479a-a312-9b298bb36db1,28c1b6d1-da1f-4187-98af-4e43f096b00d,2025-08-24T08:33:00,40e6ddd6-b8f6-4e17-8bd6-5e53966809d2,600,24,624
3e6e5cd7-0105-42d6-a665-2db4bb9217db,d1c356c7-a230-4e49-abb6-3eb1f58155cd,2025-08-24T08:33:00,40e6ddd6-b8f6-4e17-8bd6-5e53966809d2,600,24,624
4dbf02df-7375-459c-8627-ee68feaac645,300faed1-594b-427c-894e-c46855f06f22,2025-08-24T08:33:00,40e6ddd6-b8f6-4e17-8bd6-5e53966809d2,500,20,520
d82e54b3-3d38-4cce-bc98-dc1ed2241068,125d87d5-a36a-4f4e-865c-3122386e88ca,2025-08-24T08:34:00,4b6c2304-2b9e-41e4-942a-cf11a1819378,500,30,530
31d79bf2-e464-4746-b82f-2513b986ca8b,2f771a5a-3d76-48e3-985b-b7e91e092c46,2025-08-24T08:34:00,40e6ddd6-b8f6-4e17-8bd6-5e53966809d2,500,20,520
c5be8247-8fee-484c-8501-8d6ce49df253,1c3dc001-75eb-4fb9-b3ad-59a3be5b31ac,2025-08-24T08:35:00,40e6ddd6-b8f6-4e17-8bd6-5e53966809d2,400,16,416
2b52c336-7948-4872-ba9c-f1c493958ad1,bbe44e0a-dc83-4c13-a357-89d0c4f06f29,2025-08-24T08:35:00,40e6ddd6-b8f6-4e17-8bd6-5e53966809d2,500,20,520
56e8123d-bf2c-4977-ab5d-2e0730e16579,adaf0597-4b7f-4b6a-8881-40f3787bc862,2025-08-24T08:35:00,40e6ddd6-b8f6-4e17-8bd6-5e53966809d2,700,28,728
f13850ad-c3bd-4589-8da4-88977361a2a6,847d46dd-9721-4351-8bef-5c2292b57d6f,2025-08-24T08:36:00,4b6c2304-2b9e-41e4-942a-cf11a1819378,600,36,636
94280684-7485-4b4c-ada7-417ba2884a82,61004774-fb70-403c-ae81-a1e9cd187146,2025-08-24T08:37:00,40e6ddd6-b8f6-4e17-8bd6-5e53966809d2,500,20,520
44622ce7-4b16-41a8-b101-15f8c9fdee3d,1d94038e-346e-4263-a10f-7fa4e5d1179e,2025-08-24T08:37:00,40e6ddd6-b8f6-4e17-8bd6-5e53966809d2,400,16,416
89029b62-329e-41cd-831c-469f551a76ac,73d9c423-e9d4-428f-bfaa-b073b2c1f454,2025-08-24T08:39:00,40e6ddd6-b8f6-4e17-8bd6-5e53966809d2,600,24,624
3eff8a48-8e99-4512-ad6c-23bebbbdec5b,c9750567-c933-4797-9313-ec159ddcb6d2,2025-08-24T08:39:00,40e6ddd6-b8f6-4e17-8bd6-5e53966809d2,600,24,624
980e5c49-1e2c-4607-8734-68c82bf5bfe6,be6fcaa5-9911-4bb6-b97c-47eb53c88b32,2025-08-24T08:40:00,4b6c2304-2b9e-41e4-942a-cf11a1819378,500,30,530
b94feaea-cb9b-43bc-a627-92261d0971d9,ff4e2ef5-4f72-41f4-90ea-4f40665b9f5b,2025-08-24T08:40:00,4b6c2304-2b9e-41e4-942a-cf11a1819378,600,36,636
ed17c2c9-a702-43f1-a006-d5e49fa12e90,6faa20a4-1e8f-43a8-9a45-33ae5f675190,2025-08-24T08:41:00,4b6c2304-2b9e-41e4-942a-cf11a1819378,700,42,742
68d6cb14-b44f-46d9-99e3-65915c1f9d00,36654075-c818-484d-aa9f-b6e8834b1bd5,2025-08-24T08:41:00,4b6c2304-2b9e-41e4-942a-cf11a1819378,500,30,530
29663584-3963-437d-8881-b25c61effcc4,d6de888a-0aee-4f77-a7d4-daba8f0da415,2025-08-24T08:42:00,4b6c2304-2b9e-41e4-942a-cf11a1819378,600,36,636
3a20af54-3dfc-4485-aebe-14df0decd004,3810f8e6-9278-4c26-9be0-d6d6c35fe477,2025-08-24T08:42:00,4b6c2304-2b9e-41e4-942a-cf11a1819378,400,24,424
a472ce55-1317-475d-abe3-7cbe565ca429,920c0197-3c76-4cb7-90f7-b1a687043563,2025-08-24T08:43:00,40e6ddd6-b8f6-4e17-8bd6-5e53966809d2,700,28,728
85ca1649-7af5-4d27-afee-5383ec9ff45d,8e119f8a-036b-4da9-bbae-98ab4fb61e2f,2025-08-24T08:43:00,40e6ddd6-b8f6-4e17-8bd6-5e53966809d2,400,16,416
6071dc13-3bf0-4a91-aa0a-0b05d0699f53,6058494e-8390-41a7-9c1b-182902dda8db,2025-08-24T08:44:00,4b6c2304-2b9e-41e4-942a-cf11a1819378,500,30,530
353d1ed7-0c16-42e9-9994-a7a52825d26b,314d5517-f29b-49b2-a076-3abe12756120,2025-08-24T08:47:00,40e6ddd6-b8f6-4e17-8bd6-5e53966809d2,600,24,624
4b427fd2-9390-45f1-8fa3-082e54838009,2f0fa97b-f713-40a9-8e11-3e18580cd97b,2025-08-24T08:51:00,40e6ddd6-b8f6-4e17-8bd6-5e53966809d2,400,16,416
65c48af0-1aa9-44aa-b15d-8a34cff211b0,c0ec2b5c-22e2-4010-a8f9-94431d5860c7,2025-08-24T08:51:00,40e6ddd6-b8f6-4e17-8bd6-5e53966809d2,500,20,520
1bafe11e-8fd2-4e59-8484-2456c174cf15,2949aa7a-85ad-46d1-8409-bf608167f72a,2025-08-24T08:52:00,4b6c2304-2b9e-41e4-942a-cf11a1819378,400,24,424
fa0be321-663e-4f44-8eb8-2c4e688c5924,cc1816db-c3dd-4c16-8ea7-18fe313472b9,2025-08-24T08:56:00,4b6c2304-2b9e-41e4-942a-cf11a1819378,400,24,424
325f9f58-92a5-460d-90a9-4c5624af04ba,28a5a7b8-b34b-47a6-91f7-8e384d6b6f59,2025-08-24T08:57:00,4b6c2304-2b9e-41e4-942a-cf11a1819378,0,0,0
5063bedc-2d31-4469-aaa5-a866fe6fccd0,63b6d2f8-4e38-4b4c-bf67-6651399b4453,2025-08-24T09:00:00,4b6c2304-2b9e-41e4-942a-cf11a1819378,700,42,742
f0cb6f8c-43b8-48c1-a79c-ca2a484f630f,a7cebb21-0f26-4834-8a09-e3269b21a77b,2025-08-24T09:01:00,4b6c2304-2b9e-41e4-942a-cf11a1819378,400,24,424
6e2f8196-2292-4f00-845e-77177d1f1b42,66dda3b2-66cf-4b2b-90b2-91abe28f6aa4,2025-08-24T09:05:00,4b6c2304-2b9e-41e4-942a-cf11a1819378,400,24,424
f9d8c104-1b5f-4868-a406-c016b2b0df54,8c5628d0-6d15-4a6d-80f2-9c723e39ba83,2025-08-24T09:06:00,40e6ddd6-b8f6-4e17-8bd6-5e53966809d2,400,16,416
77df6200-a7e9-443b-b0ac-4325615b095c,4acffd44-9d77-4c09-afdb-e7f93ee5518b,2025-08-24T09:15:00,4b6c2304-2b9e-41e4-942a-cf11a1819378,500,30,530
87959ef2-89e8-4df9-93ad-7340e75ebc6e,7c66bbce-e687-4e15-be85-d960c3de159b,2025-08-24T09:19:00,40e6ddd6-b8f6-4e17-8bd6-5e53966809d2,1200,48,1248
738fbb47-e77c-4ad8-a5d9-c714e6c201c8,167ce993-af12-4071-a5cb-fb3f09045741,2025-08-24T09:21:00,4b6c2304-2b9e-41e4-942a-cf11a1819378,400,24,424
7f57f8be-3273-4c7c-9e5c-9220dd851e45,3d097c4e-dd09-4cfa-8460-39fd4fb8a1cc,2025-08-24T09:23:00,4b6c2304-2b9e-41e4-942a-cf11a1819378,1700,102,1802
75ca4c75-ef9c-447a-88ce-b01b3afec345,0855291e-0a0d-4e17-931b-beabbc173f85,2025-08-24T09:27:00,40e6ddd6-b8f6-4e17-8bd6-5e53966809d2,600,24,624
64b82a84-cacf-4738-ade8-aa86755750d4,117c9a65-4a4c-494f-8a54-64305d57c551,2025-08-24T09:34:00,4b6c2304-2b9e-41e4-942a-cf11a1819378,600,36,636
726baf59-fb1e-4b01-8b5b-1039e01384c7,ed7f8737-2c99-408f-afd0-f91c740e414c,2025-08-24T09:37:00,4b6c2304-2b9e-41e4-942a-cf11a1819378,400,24,424
5d7609e3-3ad4-446c-89e5-680fe800f0b8,9db0e79f-fdea-4290-ba7b-114141f33d1f,2025-08-24T09:41:00,4b6c2304-2b9e-41e4-942a-cf11a1819378,600,36,636
ac0f1091-8cdc-45a9-add0-911f827b33dd,43217606-3354-4bb8-b967-c358331d8375,2025-08-24T09:47:00,4b6c2304-2b9e-41e4-942a-cf11a1819378,1200,72,1272
37e643e8-9ca0-49c4-92dc-413fe1f39a71,9c98b2d4-f4f3-440f-b28d-0e1ca7a152a5,2025-08-24T09:50:00,4b6c2304-2b9e-41e4-942a-cf11a1819378,1100,65,1165
bb20f98e-f7e4-4b53-993c-b8fd8a46f0a1,5b2179c5-dd1c-45b4-b99c-10f1c7c201f4,2025-08-24T09:57:00,4b6c2304-2b9e-41e4-942a-cf11a1819378,2100,126,2226
5d789454-0def-4ab7-b672-6bdae436741a,5b817ccb-b122-4044-b74f-bde3d1df714d,2025-08-24T10:08:00,4b6c2304-2b9e-41e4-942a-cf11a1819378,500,30,530
c62ac8ae-8f2d-4c2b-9ccb-924ea59c2e97,3f3af4f6-a87b-4f03-8669-2e1a8e3c6d8b,2025-08-24T10:11:00,4b6c2304-2b9e-41e4-942a-cf11a1819378,400,24,424
28d7f80e-da2e-448e-b241-4d1d007577f7,875e080f-6237-421c-b26b-433b3b0c6584,2025-08-24T10:12:00,4b6c2304-2b9e-41e4-942a-cf11a1819378,500,30,530
3833e66e-8cad-4456-b4c9-52d7c59248d2,e039c2ef-fe4c-4d60-97ee-99d043299f0e,2025-08-24T10:27:00,4b6c2304-2b9e-41e4-942a-cf11a1819378,3700,221,3921
2bdca999-8770-4a20-aab2-f711266d08dc,32927010-1d7d-4cd9-a500-593804ff0e77,2025-08-24T10:27:00,40e6ddd6-b8f6-4e17-8bd6-5e53966809d2,400,16,416
4a03276a-f873-4649-bdc1-f1bebb07df78,701ab460-123c-42eb-bae0-fbe7a111ebd7,2025-08-24T10:31:00,40e6ddd6-b8f6-4e17-8bd6-5e53966809d2,1300,52,1352
4ee881e9-18ec-4062-90f3-d6c9297dbc20,d3adc9f1-fd4e-45ad-9d75-0919a6617f7a,2025-08-24T10:39:00,40e6ddd6-b8f6-4e17-8bd6-5e53966809d2,600,24,624
1c08edd5-3e26-4244-9857-fd4c87005622,27e89b40-f32c-4604-8a79-6d1613bde382,2025-08-24T10:40:00,4b6c2304-2b9e-41e4-942a-cf11a1819378,2000,120,2120
ad689c14-2e68-4702-a5ef-98cc46990479,529867fe-75f6-4cd9-b913-543b3d6e583c,2025-08-24T10:42:00,40e6ddd6-b8f6-4e17-8bd6-5e53966809d2,1000,40,1040
a6e5672f-2723-4fcd-a004-560934c18644,b30877a4-5c8f-4cdb-94ea-3569b516061a,2025-08-24T10:44:00,40e6ddd6-b8f6-4e17-8bd6-5e53966809d2,600,24,624
3bf64b23-5c15-4634-99dd-b7ba76170c8a,5948da4d-8a3d-4122-9885-6f62f017c7b2,2025-08-24T10:45:00,40e6ddd6-b8f6-4e17-8bd6-5e53966809d2,700,28,728
8971d425-612a-4874-bd88-4337f037f1a4,73b79064-9e0d-4b3f-87d0-6ab33593b492,2025-08-24T10:47:00,4b6c2304-2b9e-41e4-942a-cf11a1819378,3800,227,4027
bda2c1f7-f7fb-40e9-8da5-d14509ad0ff2,cd709ef0-753a-4968-b981-ab264708b37a,2025-08-24T10:50:00,40e6ddd6-b8f6-4e17-8bd6-5e53966809d2,1300,52,1352
3c1f2516-611d-4ccf-85b4-a07cfb8a2928,b7428f06-b3dd-477e-8569-96068f3d3dcb,2025-08-24T10:53:00,40e6ddd6-b8f6-4e17-8bd6-5e53966809d2,4400,176,4576
62619b0b-489c-41b2-bf03-4e21f4919980,5bf14829-99bd-4d3c-b504-edd1e45593a0,2025-08-24T10:56:00,40e6ddd6-b8f6-4e17-8bd6-5e53966809d2,500,20,520
584c979b-74a4-45bf-a68f-24557169abcb,d477b62b-46ba-4eaa-a26a-8e3d43ea5a28,2025-08-24T10:58:00,4b6c2304-2b9e-41e4-942a-cf11a1819378,0,0,0
f34b6ff1-0151-42a7-843f-749fbe0480a7,254292b3-d9f3-4b20-be39-1db058d17bb9,2025-08-24T10:59:00,4b6c2304-2b9e-41e4-942a-cf11a1819378,600,36,636
db69fa0d-9533-4f33-a10c-817bf2f8033b,46d34d7f-a3a4-4386-89ba-fa5ac15e5a69,2025-08-24T11:01:00,40e6ddd6-b8f6-4e17-8bd6-5e53966809d2,600,24,624
cf849a9c-8a88-422e-8012-2d06349a3b9c,eefcf9f0-dbd0-4907-a619-121deeb825dc,2025-08-24T11:02:00,40e6ddd6-b8f6-4e17-8bd6-5e53966809d2,1300,52,1352
fc684a36-87da-4533-b5ee-6c639c6ec75a,6d883826-0157-47c4-a6cc-cb8134bcc6db,2025-08-24T11:04:00,40e6ddd6-b8f6-4e17-8bd6-5e53966809d2,600,24,624
2e169811-e558-4717-991b-1aa58fab98fc,d33f758e-ba0e-463c-ba18-0cd99108c547,2025-08-24T11:05:00,40e6ddd6-b8f6-4e17-8bd6-5e53966809d2,1400,56,1456
291a7d24-83c2-478e-b54f-bced822976a4,6afcdfd4-7162-4241-9932-0cf1f3a2b6e7,2025-08-24T11:06:00,40e6ddd6-b8f6-4e17-8bd6-5e53966809d2,3600,144,3744
717c1132-f6c0-493b-a65e-a964020ac00c,3f1fc492-e8ed-4840-97a0-a56592fdc1d9,2025-08-24T11:11:00,4b6c2304-2b9e-41e4-942a-cf11a1819378,500,30,530
4074e051-fd62-4906-8677-7aa08b8c1567,41c59ae8-bcd0-4d00-b8e9-bfaa0ce5913b,2025-08-24T11:14:00,40e6ddd6-b8f6-4e17-8bd6-5e53966809d2,600,24,624
1cfd3cf7-13b0-4a24-b6bb-e31ff318e29b,b08f3b44-9c9f-407f-a89d-961068f5f58c,2025-08-24T11:15:00,40e6ddd6-b8f6-4e17-8bd6-5e53966809d2,2000,80,2080
ecb50cd4-794e-4133-b305-fe1d74088a7a,771f8441-b432-4b8a-8f8c-8890904c8a52,2025-08-24T11:17:00,4b6c2304-2b9e-41e4-942a-cf11a1819378,800,48,848
ee9d6fd8-2446-4ca2-b2e1-593f7c292a4d,5ed25035-4723-4154-823d-a8c8b4c02e51,2025-08-24T11:19:00,4b6c2304-2b9e-41e4-942a-cf11a1819378,700,42,742
a343f5f6-20e2-459e-96c2-afacc87eca2b,298ca377-a08e-4e0d-91d6-b0b5aff14c1b,2025-08-24T11:20:00,40e6ddd6-b8f6-4e17-8bd6-5e53966809d2,400,16,416
891b8eea-9164-4ee7-a97e-d70e02aea774,26ce484a-a527-4fe1-903f-2809a03fd21a,2025-08-24T11:21:00,40e6ddd6-b8f6-4e17-8bd6-5e53966809d2,0,0,0
156b7bee-c047-4233-af1d-ba543dda62bd,2bdeb3b7-a894-4fcf-8218-e41167bc557e,2025-08-24T11:24:00,4b6c2304-2b9e-41e4-942a-cf11a1819378,1100,65,1165
14f8b386-7687-4f83-99ee-15331df12b02,19d5ac88-a8cd-46b8-9f3d-d5ef3a0adfe2,2025-08-24T11:24:00,40e6ddd6-b8f6-4e17-8bd6-5e53966809d2,1800,72,1872
0758ef49-6016-4bad-98af-a5fcc8bbac80,3218db6b-84e5-453d-8de9-a966eecbacc6,2025-08-24T11:26:00,40e6ddd6-b8f6-4e17-8bd6-5e53966809d2,700,28,728
64f8903f-a244-440e-9878-d99e5e97e0b4,b51ad0d8-7b4d-4859-8de9-fd9feb62c888,2025-08-24T11:27:00,40e6ddd6-b8f6-4e17-8bd6-5e53966809d2,500,20,520
d6ee434e-4ddb-42a3-860d-5361469bff78,be999c23-fb5b-4060-b4aa-bd50fe8ab5f6,2025-08-24T11:27:00,40e6ddd6-b8f6-4e17-8bd6-5e53966809d2,3500,140,3640
ea413193-d96b-402f-8794-e388d6265d97,0815e683-4b1e-4ea3-b9e8-9d06bbfaedb5,2025-08-24T11:27:00,40e6ddd6-b8f6-4e17-8bd6-5e53966809d2,600,24,624
63a65384-3b25-447f-add5-dc4b852c8345,cc9cb0b1-f5d5-4fbb-ae89-025a80fb57c1,2025-08-24T11:28:00,40e6ddd6-b8f6-4e17-8bd6-5e53966809d2,1700,68,1768
2df6ee7e-3557-4979-a191-ae0e562154a1,84f7f075-d17e-4662-a11c-bc80e28b12f5,2025-08-24T11:28:00,40e6ddd6-b8f6-4e17-8bd6-5e53966809d2,600,24,624
97f7e010-4b51-4d5c-ba2e-f378a1c8d945,b8cf5c4c-27e2-4106-9058-eb38559661e0,2025-08-24T11:29:00,40e6ddd6-b8f6-4e17-8bd6-5e53966809d2,600,24,624
91255e06-f451-4b06-a336-d896a657ed5b,e50d93de-3e78-4f09-8406-df4f27f26c8f,2025-08-24T11:30:00,4b6c2304-2b9e-41e4-942a-cf11a1819378,400,24,424
ef8c2e78-95b9-44db-9677-adff85544dd5,e60ba363-7c8f-4fba-8c98-2d4952e8fbc5,2025-08-24T11:36:00,40e6ddd6-b8f6-4e17-8bd6-5e53966809d2,700,28,728
cef622b7-2234-4b51-881b-64d8221b3f5a,07571aa5-5581-4cf0-9a68-006051f37c8c,2025-08-24T11:38:00,40e6ddd6-b8f6-4e17-8bd6-5e53966809d2,800,32,832
ac6194c7-7c7f-473e-aafa-339b9edd94ae,4041ba09-7a39-4b37-9e0e-f39a765d9c82,2025-08-24T11:39:00,40e6ddd6-b8f6-4e17-8bd6-5e53966809d2,1200,48,1248
af3aec50-05cc-425f-abee-fad2b860c208,02c02023-75d2-4ad2-89f6-ed2c2e7ae6f5,2025-08-24T11:41:00,40e6ddd6-b8f6-4e17-8bd6-5e53966809d2,1200,48,1248
8c1bf3ae-b404-4a2f-ad41-e15e1adffeb6,4da311cb-8e0d-487a-8fdd-4a94529db3e4,2025-08-24T11:43:00,40e6ddd6-b8f6-4e17-8bd6-5e53966809d2,1700,68,1768
f1ef9316-12d0-4d1f-8c8b-ff93e2986f0a,902c8ddc-8ba2-42a6-b380-4afc64f50ffc,2025-08-24T11:44:00,40e6ddd6-b8f6-4e17-8bd6-5e53966809d2,700,28,728
8b4f6cd5-d710-40d9-9017-2b772bc8cb5a,1435b563-f156-4cd8-9f3d-6224260e26a4,2025-08-24T11:45:00,4b6c2304-2b9e-41e4-942a-cf11a1819378,2600,156,2756
19ab0a9e-5bb6-49d7-821d-ff34214a8d26,6aff094b-52ed-46fe-8904-5752ec7e76ec,2025-08-24T11:47:00,40e6ddd6-b8f6-4e17-8bd6-5e53966809d2,400,16,416
aeacafa8-5f51-46a8-9253-7f44a5daec4d,43086963-8392-432e-84e0-ef1902202b4c,2025-08-24T11:48:00,4b6c2304-2b9e-41e4-942a-cf11a1819378,400,24,424
068147fa-d7cb-4b15-ac12-0f60f8f8bb12,8386c889-4e1d-49ce-9d61-12c967dad0f9,2025-08-24T11:48:00,4b6c2304-2b9e-41e4-942a-cf11a1819378,1500,89,1589
064335d0-494e-4c01-be1d-a2a5e93645ad,6a0e8a99-d39a-4600-9876-1344b693450f,2025-08-24T11:52:00,4b6c2304-2b9e-41e4-942a-cf11a1819378,500,30,530
3bc58ccb-fc35-403b-8a52-0ad0492639aa,4423c47b-1f8b-4df4-bfe9-531cd8e6441b,2025-08-24T11:52:00,40e6ddd6-b8f6-4e17-8bd6-5e53966809d2,500,20,520
7a8bc290-0423-4a6c-98ea-c1e819fe5c78,3d2423f0-cecf-4060-b105-96b04f2ea442,2025-08-24T11:53:00,4b6c2304-2b9e-41e4-942a-cf11a1819378,600,36,636
a5dac025-e188-4ecb-bf67-6211bfaab648,1fcfe435-1e78-4646-a517-19906c49735a,2025-08-24T11:53:00,4b6c2304-2b9e-41e4-942a-cf11a1819378,700,42,742
811b21a0-879d-4cf0-b59c-3d0b9866911c,352810e9-e0fe-4062-a808-83f47ad5f4d4,2025-08-24T11:54:00,4b6c2304-2b9e-41e4-942a-cf11a1819378,1800,108,1908
e8190fbc-8c3b-4734-8c29-47e54d874ea5,33f27548-d085-481a-aa4f-a851fbebe0cd,2025-08-24T11:54:00,40e6ddd6-b8f6-4e17-8bd6-5e53966809d2,1800,72,1872
688e0473-664f-4e90-b353-44a5d9630ccb,ae6e644d-c310-4f23-84dc-5063fc2e2953,2025-08-24T11:57:00,4b6c2304-2b9e-41e4-942a-cf11a1819378,600,36,636
446a2327-1d31-472f-adde-d0069bba42ab,c11308cb-8153-4e7b-9149-9b6b5c0aa137,2025-08-24T12:00:00,40e6ddd6-b8f6-4e17-8bd6-5e53966809d2,600,24,624
8cd7d2aa-d4de-4aa3-b15d-9ae9816e2edd,aa0533fd-252b-49cb-8070-77b5c88b04ee,2025-08-24T12:01:00,40e6ddd6-b8f6-4e17-8bd6-5e53966809d2,500,20,520
7a5046bf-9c37-404d-9614-9a8dea861cd4,899ea741-e615-4f9e-ad30-286f6f306f00,2025-08-24T12:04:00,4b6c2304-2b9e-41e4-942a-cf11a1819378,600,36,636
b7d72c39-368f-4ad2-aad5-18821dfe1dc4,7e7c62c1-b8a8-4e9a-ab94-81a82d76e3e5,2025-08-24T12:04:00,4b6c2304-2b9e-41e4-942a-cf11a1819378,600,36,636
3dd61942-66e8-47a6-807d-0b369038d9ad,8e312b31-712d-4fc0-84dd-27ff2b1dd09b,2025-08-24T12:11:00,40e6ddd6-b8f6-4e17-8bd6-5e53966809d2,1700,68,1768
f21b8b73-53d3-48d6-8977-461cd172c652,6ffc9798-2bb6-43ca-823b-e9dda0935299,2025-08-24T12:23:00,4b6c2304-2b9e-41e4-942a-cf11a1819378,0,0,0
f3b98de4-9899-4e22-8f4e-f81ecd1b8845,94638355-4830-4837-8708-12531dc89dbf,2025-08-24T12:25:00,40e6ddd6-b8f6-4e17-8bd6-5e53966809d2,1700,68,1768
97e373ca-a687-43f2-83bf-d9515d3da5a4,1c4a9464-3e0e-45d2-9ca2-87c36b03f80b,2025-08-24T12:29:00,4b6c2304-2b9e-41e4-942a-cf11a1819378,2500,150,2650
2c7357f0-69c5-47cc-8169-a84eed521fae,bb35efe0-ac42-4801-bc72-7bea481716da,2025-08-24T12:29:00,40e6ddd6-b8f6-4e17-8bd6-5e53966809d2,1200,48,1248
13918b91-9036-4ee9-b1cc-806beacee9a7,5a95b7ee-17bf-44cc-9775-835c337d4cb4,2025-08-24T12:30:00,40e6ddd6-b8f6-4e17-8bd6-5e53966809d2,2300,92,2392
f4c05c31-934c-4c4d-aa36-a3a8c36cca34,c1d42cf2-74d9-44b1-a0a2-c85935c413be,2025-08-24T12:31:00,4b6c2304-2b9e-41e4-942a-cf11a1819378,400,24,424
79bf88ff-44e4-46aa-b828-8435f9aaeb8d,bb9bad76-c7ec-4f36-842c-54c3bbb40467,2025-08-24T12:31:00,40e6ddd6-b8f6-4e17-8bd6-5e53966809d2,600,24,624
6d62a634-4a6f-4182-9b3b-d9a972eec3b3,2480125c-2d37-405c-96b9-ca32b2c75b33,2025-08-24T12:36:00,4b6c2304-2b9e-41e4-942a-cf11a1819378,400,24,424
143c53a6-cada-467f-8c86-68dc30d09858,36df5a68-777a-4824-9342-f7f557e872ba,2025-08-24T12:37:00,4b6c2304-2b9e-41e4-942a-cf11a1819378,600,36,636
03019502-a7eb-4ddb-9f2e-7bc7fddf1faa,b6552330-9932-4624-8855-b5b7aa13d3f4,2025-08-24T12:46:00,4b6c2304-2b9e-41e4-942a-cf11a1819378,600,36,636
adb76ac0-60f0-4979-9001-33e021b29154,e5873f83-602d-4424-9c5e-184c56c9d4ba,2025-08-24T12:46:00,40e6ddd6-b8f6-4e17-8bd6-5e53966809d2,700,28,728
b9ed26b3-8fff-4322-93fd-1de9e35f586c,191feb1d-2def-4cbf-a8f8-ee3eb3856ea2,2025-08-24T12:47:00,4b6c2304-2b9e-41e4-942a-cf11a1819378,600,36,636
fb959f02-012a-4b4f-9fb1-e5283393e65e,40da201b-b0f6-453a-97ca-b9d61306ad15,2025-08-24T12:52:00,4b6c2304-2b9e-41e4-942a-cf11a1819378,400,24,424
4fb4ae67-3e7c-44fc-afac-63b3f00914bd,c912d33f-5dc2-4ec9-a126-34b598046705,2025-08-24T12:54:00,4b6c2304-2b9e-41e4-942a-cf11a1819378,1100,65,1165
d33fcd63-5fe5-4cb6-9919-bfd628f8d0e6,ba2bf5e1-4b63-4bb3-b83a-f10438f84258,2025-08-24T12:54:00,40e6ddd6-b8f6-4e17-8bd6-5e53966809d2,600,24,624
dfafdcc7-0691-41ca-9194-0cc0411b2f5e,627b564c-f368-4634-b7f8-d7e1c5ee980a,2025-08-24T12:57:00,4b6c2304-2b9e-41e4-942a-cf11a1819378,400,24,424
f932d8f4-3ec0-48c1-84ac-40a2a55a6b45,96aa3e1c-ce39-4f76-b813-c9b4d59c0cdc,2025-08-24T12:59:00,40e6ddd6-b8f6-4e17-8bd6-5e53966809d2,400,16,416
455f7efa-3aac-460b-9f76-0b25d7232a9c,12d19891-03e3-455b-b4f2-7d8f8f6b8f01,2025-08-24T13:00:00,40e6ddd6-b8f6-4e17-8bd6-5e53966809d2,700,28,728
8dd88aa9-4b0b-4ba6-87e4-35b1f1362d45,f7d61334-5d22-49f8-a022-903921239047,2025-08-24T13:04:00,40e6ddd6-b8f6-4e17-8bd6-5e53966809d2,400,16,416
8a3bacd4-74bb-4955-a085-fce06bd0c112,7e26cac1-f9ea-443d-a6d7-b0d624d82143,2025-08-24T13:08:00,40e6ddd6-b8f6-4e17-8bd6-5e53966809d2,600,24,624
be0fd93e-dc96-4a6e-a2f9-52e2361107db,d5e5a6a6-cb8d-4d62-8551-298dee7f1f9f,2025-08-24T13:09:00,4b6c2304-2b9e-41e4-942a-cf11a1819378,1200,72,1272
b3686528-2f09-4f86-b670-28ab78ca49ca,50a2d1c4-d788-4498-a6f7-dd75d4db588f,2025-08-24T13:12:00,4b6c2304-2b9e-41e4-942a-cf11a1819378,2200,131,2331
5dd49783-a495-498e-8324-81e22e38f3b4,598904ac-fa48-43af-8fe9-41388451ae53,2025-08-24T13:12:00,4b6c2304-2b9e-41e4-942a-cf11a1819378,2200,131,2331
d3f50c64-0e5d-47ae-86e3-ad4d8fbe6fe4,a296a891-b126-44e1-a271-9228cc28b3bc,2025-08-24T13:14:00,40e6ddd6-b8f6-4e17-8bd6-5e53966809d2,5000,200,5200
f1d3110d-3065-43b2-a84a-66d7b590f8df,e0cbd2e1-eee7-409c-9cf1-707eb4f867ce,2025-08-24T13:17:00,4b6c2304-2b9e-41e4-942a-cf11a1819378,600,36,636
2ffe02ed-eddc-4267-80e2-2c2bb224acdb,303bc5db-08d0-4431-b6df-29c80d0321da,2025-08-24T13:17:00,40e6ddd6-b8f6-4e17-8bd6-5e53966809d2,500,20,520
a889b092-7fad-4280-a526-616a07575419,013b644d-5645-44bd-8ca3-d7d254b2ba18,2025-08-24T13:22:00,4b6c2304-2b9e-41e4-942a-cf11a1819378,1900,113,2013
206e852a-8a54-4dce-b112-c9a2be6bf1ab,748db0ca-899a-4da8-8177-2fa1ec2a9302,2025-08-24T13:23:00,40e6ddd6-b8f6-4e17-8bd6-5e53966809d2,600,24,624
9dd9d1a5-fb00-4866-b9e6-8876d82b6800,8e6a03da-15e7-44e8-bec1-426b65edb389,2025-08-24T13:27:00,40e6ddd6-b8f6-4e17-8bd6-5e53966809d2,700,28,728
b04fecae-3e00-4d74-92bf-661a7157a95c,090fb913-1317-4169-b150-64e304451d38,2025-08-24T13:42:00,40e6ddd6-b8f6-4e17-8bd6-5e53966809d2,600,24,624
4b89c809-110c-4a3b-8ba2-be96c22b189c,a98f640e-492a-445a-8a0d-7d444e98f1a9,2025-08-24T13:44:00,4b6c2304-2b9e-41e4-942a-cf11a1819378,400,24,424
9552f38d-234e-466c-a4e8-7a2b229985c9,4d97e8a1-7720-4190-b326-dccfa2ec4426,2025-08-24T13:44:00,40e6ddd6-b8f6-4e17-8bd6-5e53966809d2,700,28,728
12ce3a0e-4025-4c26-a4cc-df9cdead69c8,1233e680-06d7-4b38-8c6e-796ef158556a,2025-08-24T13:45:00,4b6c2304-2b9e-41e4-942a-cf11a1819378,700,42,742
2003e7d0-73e2-4e38-bbf0-5214cf451371,8639eac0-9cd8-4fe5-9e10-8526a16018d1,2025-08-24T13:45:00,40e6ddd6-b8f6-4e17-8bd6-5e53966809d2,1100,44,1144
2bb850a0-db70-4ff2-b86a-f976df0db3d0,2a2c365a-ac9d-4106-a494-678e09ae412c,2025-08-24T13:46:00,4b6c2304-2b9e-41e4-942a-cf11a1819378,4700,282,4982
49525301-8a0b-4551-831c-54f3678cd55f,631f0e93-e48f-414d-b220-0c466b7fc584,2025-08-24T13:46:00,40e6ddd6-b8f6-4e17-8bd6-5e53966809d2,600,24,624
7807bd55-c37c-4d57-9afa-84262711edad,2dbed2c3-1c68-4b90-a343-39b51de57b45,2025-08-24T13:49:00,4b6c2304-2b9e-41e4-942a-cf11a1819378,2400,144,2544
f6cb5c05-612b-497b-b2fe-f41341895872,ddd9ed38-6351-4568-b08c-8f6c92cb84a8,2025-08-24T13:49:00,4b6c2304-2b9e-41e4-942a-cf11a1819378,600,36,636
564215e1-78f6-46b7-9ed0-bd8f304c9321,b27a07f1-ddf4-4134-9f7d-1b1ac869b110,2025-08-24T13:49:00,4b6c2304-2b9e-41e4-942a-cf11a1819378,600,36,636
cdbacf6a-4f4f-4e66-bcc4-96806a91ee9d,a9976a20-42e5-4c26-a2d0-6ab72973887f,2025-08-24T13:54:00,4b6c2304-2b9e-41e4-942a-cf11a1819378,1300,78,1378
3dc0e4a4-f162-45cb-8fae-9a8c79fc4077,bbffd265-99c5-491d-a03e-fee1fec9e123,2025-08-24T13:55:00,40e6ddd6-b8f6-4e17-8bd6-5e53966809d2,400,16,416
de5f3801-78fd-4e63-a9a1-6b1d7310359d,eccb6e23-700f-4b9e-803e-9c681f12dd9e,2025-08-24T13:59:00,40e6ddd6-b8f6-4e17-8bd6-5e53966809d2,700,28,728
65fc8107-538a-41c8-ad23-6e5b7ec2008a,9813cce1-ec92-4b06-b6e3-ed8a73e34436,2025-08-24T14:04:00,40e6ddd6-b8f6-4e17-8bd6-5e53966809d2,600,24,624
7b9eed5a-2ce8-411c-9c39-f14414d8aee0,2030e11b-f809-402e-8a1e-00aa3cb751da,2025-08-24T14:06:00,4b6c2304-2b9e-41e4-942a-cf11a1819378,600,36,636
040dd42b-b2d2-4bd6-ae1c-02889e32d57c,f3feb7f9-9069-4fd7-be91-3800d1307935,2025-08-24T14:07:00,4b6c2304-2b9e-41e4-942a-cf11a1819378,4400,263,4663
607909fa-2fde-4429-abd9-999860371c9b,bbce772f-b9b7-49f2-b79e-fa5d953ced6b,2025-08-24T14:07:00,4b6c2304-2b9e-41e4-942a-cf11a1819378,600,36,636
22ce71a2-a81b-42bd-bd01-78d02be20abf,f4c4994a-5a77-4a2f-902b-4f69c22ccee3,2025-08-24T14:15:00,4b6c2304-2b9e-41e4-942a-cf11a1819378,600,36,636
791faf83-5d36-46f0-9261-34f72ab057cc,967d3e2d-8b15-4f43-a6b5-d1dd3934707d,2025-08-24T14:19:00,4b6c2304-2b9e-41e4-942a-cf11a1819378,500,30,530
0c619c02-b6d7-4942-91a8-0ba61c2f4af8,24ea0325-a7d6-4388-b86c-7b51e5805b26,2025-08-24T14:24:00,4b6c2304-2b9e-41e4-942a-cf11a1819378,4400,263,4663
286cc823-3685-4873-b34b-d3e10f2fff0c,05fae288-07c2-4e99-a945-fa3fbfa123ed,2025-08-24T14:25:00,4b6c2304-2b9e-41e4-942a-cf11a1819378,500,30,530
2035abd9-dc50-4622-956a-6bb8b9e13312,d0299f60-146d-4716-bc55-eb830a04779e,2025-08-24T14:25:00,4b6c2304-2b9e-41e4-942a-cf11a1819378,3000,179,3179
4d39854f-3d09-4b86-b6a6-dddfcb18e476,bf32ccad-096c-457c-9147-6f220d46e227,2025-08-24T14:25:00,4b6c2304-2b9e-41e4-942a-cf11a1819378,1100,65,1165
71ed64ce-cbf5-4e74-a70a-46bc3517859d,7e06ea60-a336-46ee-a77d-ca114267af0d,2025-08-24T14:28:00,4b6c2304-2b9e-41e4-942a-cf11a1819378,1300,78,1378
72b658df-fcac-4ac6-804c-764b51a01435,dc634429-12c2-417d-b460-f3ed4903d539,2025-08-24T14:32:00,4b6c2304-2b9e-41e4-942a-cf11a1819378,400,24,424
ac05ea05-6141-457e-8ff8-faab1ab797f1,0688ed48-bbd7-41d6-b5ef-c2cd771f72c2,2025-08-24T14:34:00,4b6c2304-2b9e-41e4-942a-cf11a1819378,600,36,636
c6aead8c-8636-427e-9a8d-85f108c49be6,922d63c5-873c-4693-9775-df99ba006ccd,2025-08-24T14:34:00,40e6ddd6-b8f6-4e17-8bd6-5e53966809d2,700,28,728
e2128d2e-8834-44ce-9de7-025710760e70,189edb91-3f25-4f32-bfb4-64bd4052cb1c,2025-08-24T14:36:00,4b6c2304-2b9e-41e4-942a-cf11a1819378,2400,144,2544
8f441735-45f9-4efa-82fd-27d8d181c5a8,43317971-4c76-44db-9b97-011579286ea5,2025-08-24T14:37:00,4b6c2304-2b9e-41e4-942a-cf11a1819378,2500,150,2650
c4f8a12b-42ab-43ed-8b5f-7b071870e49a,5a589b0f-69ac-4256-aea8-df379845f417,2025-08-24T14:40:00,4b6c2304-2b9e-41e4-942a-cf11a1819378,1000,60,1060
bd8cd5c7-4528-4846-a556-fee18db4be57,69731d27-9caa-46cf-8933-d01e29b20043,2025-08-24T14:41:00,4b6c2304-2b9e-41e4-942a-cf11a1819378,700,42,742
6e2f2474-ff3e-407e-a43f-0483e432ccf5,543b48b5-22b5-41e4-8e3c-704fc8f03e8d,2025-08-24T14:43:00,40e6ddd6-b8f6-4e17-8bd6-5e53966809d2,500,20,520
8010dabf-abe9-4074-a086-da4f610a18c0,07365e1d-9d4c-4185-859e-d5757178280c,2025-08-24T14:44:00,40e6ddd6-b8f6-4e17-8bd6-5e53966809d2,2200,88,2288
3a773e73-4be1-4aea-8d3e-93afcdbc4d37,64ad7907-f83e-403b-b5b4-b1deded9bb1d,2025-08-24T14:46:00,4b6c2304-2b9e-41e4-942a-cf11a1819378,600,36,636
958d86b1-f749-4b30-b3ca-a02424843489,27133460-80a8-449a-b422-65bfe97af456,2025-08-24T14:47:00,40e6ddd6-b8f6-4e17-8bd6-5e53966809d2,600,24,624
16a7ffb7-4de4-4f49-ae5a-0d066112859c,5960ff74-c2aa-4a55-9cee-c8f0532e2256,2025-08-24T14:49:00,40e6ddd6-b8f6-4e17-8bd6-5e53966809d2,400,16,416
271fd7fb-b153-46ea-914d-ea2571c0d4c7,019bbbbd-bb75-49d2-8d74-d1c01012bd21,2025-08-24T14:54:00,40e6ddd6-b8f6-4e17-8bd6-5e53966809d2,600,24,624
50276615-e420-41f2-89fb-b81ef47ed84f,e0df02ff-f788-4191-9881-df0d6c775206,2025-08-24T14:57:00,40e6ddd6-b8f6-4e17-8bd6-5e53966809d2,400,16,416
b7449899-8994-4173-9d92-43f576203816,d6ca3f18-6708-4e27-9196-8a2238aba9b0,2025-08-24T15:08:00,40e6ddd6-b8f6-4e17-8bd6-5e53966809d2,400,16,416
8359d80f-014c-4e8a-85cc-896d521e9533,da9de603-2c96-4356-820d-7c1e9ac4dde7,2025-08-24T15:08:00,40e6ddd6-b8f6-4e17-8bd6-5e53966809d2,1200,48,1248
11c77e34-d00e-42da-bf1d-b108f8c68b51,3eaef1e6-c145-417b-875b-96a83a8a8dc8,2025-08-24T15:10:00,40e6ddd6-b8f6-4e17-8bd6-5e53966809d2,700,28,728
0ce7882a-e7cc-4f9f-a92b-5ef42242e7a7,239409e0-b3ad-4bf6-ba7c-08628ee3cbee,2025-08-24T15:13:00,40e6ddd6-b8f6-4e17-8bd6-5e53966809d2,500,20,520
47d72672-9810-46c5-a336-a6fd75187c98,3b47f466-5256-41a1-951c-efee13597676,2025-08-24T15:18:00,4b6c2304-2b9e-41e4-942a-cf11a1819378,400,24,424
75a1bebe-a4e0-494e-9afc-0221a5befedd,0ea8c796-5c53-421e-9442-830bc190960b,2025-08-24T15:21:00,40e6ddd6-b8f6-4e17-8bd6-5e53966809d2,2100,84,2184
50074e9d-c156-4cb7-a169-66ec423457ea,19296d35-a0df-426f-88ed-d3f5323adb8a,2025-08-24T15:25:00,40e6ddd6-b8f6-4e17-8bd6-5e53966809d2,1900,76,1976
991a68ed-1b2e-4ede-ab9a-e18bf23cc5d3,ef7f92e8-2f80-4e44-9e56-9ee276819791,2025-08-24T15:27:00,4b6c2304-2b9e-41e4-942a-cf11a1819378,700,42,742
e5ae1ac7-f9f7-4e6f-bbb0-1c76526495d8,06a161e4-302f-4ae9-b96b-2734ad33f946,2025-08-24T15:34:00,40e6ddd6-b8f6-4e17-8bd6-5e53966809d2,600,24,624
16dcebd5-3b77-4eda-9e4f-6079a5bed5bc,6da78127-2929-4106-a298-2b58afca0a92,2025-08-24T15:36:00,40e6ddd6-b8f6-4e17-8bd6-5e53966809d2,400,16,416
0e06e202-8928-4b13-a93a-7b406c910863,03710ca1-feb1-4206-bd26-3bb8e6a1dac2,2025-08-24T15:44:00,4b6c2304-2b9e-41e4-942a-cf11a1819378,400,24,424
37d5aba7-efe8-46a4-92b3-cad16d14c6b4,1826e2e6-ccef-4719-8707-4c18ec953356,2025-08-24T15:48:00,4b6c2304-2b9e-41e4-942a-cf11a1819378,500,30,530
13e9455a-8784-4635-8490-1e57dab66ab2,f14bcc19-681e-43a6-94e0-9748a8455850,2025-08-24T15:49:00,40e6ddd6-b8f6-4e17-8bd6-5e53966809d2,500,20,520
c0a98254-bd33-4995-9a99-22ef26d7fea5,f5e8b3ff-659d-4bc9-bdc6-6b7fe343bcab,2025-08-24T15:55:00,4b6c2304-2b9e-41e4-942a-cf11a1819378,1800,108,1908
f1de135d-bafa-4144-806c-67a0d74446cc,fe1ef2c8-17e9-4560-bca8-d42ce43d899f,2025-08-24T15:56:00,4b6c2304-2b9e-41e4-942a-cf11a1819378,1000,60,1060
71eaa31e-6db2-43cc-bed2-235617f3882c,3f78077b-93c7-4c4e-8976-f16cb11cfcfc,2025-08-24T15:57:00,4b6c2304-2b9e-41e4-942a-cf11a1819378,400,24,424
12a5b681-1f04-4012-8a3b-b46eec44e618,0d78df79-b2dc-4cea-b7a0-712c91c0433d,2025-08-24T16:02:00,4b6c2304-2b9e-41e4-942a-cf11a1819378,400,24,424
bccd1a83-14d6-403a-9602-ea29dca95b6b,7e52ce3f-191d-4d27-a0a8-76706fd6173c,2025-08-24T16:05:00,4b6c2304-2b9e-41e4-942a-cf11a1819378,500,30,530
34e342ec-7b08-4688-86f9-66393783b80f,758d0e66-e551-46a4-b8f9-0a98d7161e93,2025-08-24T16:07:00,40e6ddd6-b8f6-4e17-8bd6-5e53966809d2,500,20,520
ab5549e8-e9cb-466d-9d15-4e6dca34a75d,16e8d4f8-2451-446f-a254-3bc68e40621b,2025-08-24T16:12:00,4b6c2304-2b9e-41e4-942a-cf11a1819378,1700,102,1802
db9c8fda-723a-47f0-bdc9-29802790d520,3207b0f3-9af4-4ba4-acb1-6ba8ea25f52e,2025-08-24T16:12:00,40e6ddd6-b8f6-4e17-8bd6-5e53966809d2,2500,100,2600
8e90b0b8-de76-4650-972f-29360d1ddcfa,19a47a26-3ca3-42d2-9e2d-8da79f09b587,2025-08-24T16:14:00,4b6c2304-2b9e-41e4-942a-cf11a1819378,1100,65,1165
6bec1be5-da01-416d-ab3f-62e81239ff9f,359c05d0-e19d-463d-b3b4-43a0b4a3810f,2025-08-24T16:15:00,40e6ddd6-b8f6-4e17-8bd6-5e53966809d2,500,20,520
281fa1e2-daf7-416f-9cc4-c733033e062a,0c621caa-4854-43bb-ab8f-74e1f79ba3e4,2025-08-24T16:21:00,40e6ddd6-b8f6-4e17-8bd6-5e53966809d2,600,24,624
bd003a31-d61a-4ecd-9571-df07b4a4bb4d,84a120aa-c994-404e-9e74-8277a6f9eb4e,2025-08-24T16:24:00,40e6ddd6-b8f6-4e17-8bd6-5e53966809d2,1600,64,1664
a9bc67c1-b72d-40cd-a93d-69d809bb7dab,c37c5233-7b26-4427-8ed9-ce36cc9ceb00,2025-08-24T16:25:00,40e6ddd6-b8f6-4e17-8bd6-5e53966809d2,2300,92,2392
0c2abe46-bfed-4a1c-ac92-12ffc9303df8,7b4010bf-8e77-489c-83e9-0056299e9429,2025-08-24T16:25:00,40e6ddd6-b8f6-4e17-8bd6-5e53966809d2,600,24,624
3a37a098-63f8-499d-8eb5-af1b0732715b,62e44a82-c99b-4d04-9abb-f6a2eb97c7ec,2025-08-24T16:27:00,40e6ddd6-b8f6-4e17-8bd6-5e53966809d2,600,24,624
00238775-7129-4316-93e4-ef36ce108882,f044be50-29c1-40c4-a16c-a1dd1f95d6f3,2025-08-24T16:28:00,4b6c2304-2b9e-41e4-942a-cf11a1819378,500,30,530
2c47d7fa-bb94-43c0-88d0-ebc20e81e5f1,8aff4c2d-48b5-4b85-bf21-20ad95d18b6c,2025-08-24T16:29:00,4b6c2304-2b9e-41e4-942a-cf11a1819378,600,36,636
32767020-98d4-4fcc-9238-59841aa35ab7,358fc32a-8446-4c62-b4a1-92b145a689e8,2025-08-24T16:47:00,4b6c2304-2b9e-41e4-942a-cf11a1819378,1000,60,1060
d3972f4c-5589-4551-9672-b53b50534ccf,afa83ff8-2b40-47b8-8bcf-1f9285c11695,2025-08-24T16:47:00,40e6ddd6-b8f6-4e17-8bd6-5e53966809d2,2000,80,2080
ff630738-5547-4252-8fb3-93b81cc393c8,2347081e-7ae5-4085-a0d6-d1f551721f69,2025-08-24T16:47:00,40e6ddd6-b8f6-4e17-8bd6-5e53966809d2,700,28,728
d9a6a07a-59de-4861-afb8-cf011605b7cb,18b69140-479d-44b6-8369-04a49414f975,2025-08-24T16:48:00,4b6c2304-2b9e-41e4-942a-cf11a1819378,1500,89,1589
41661119-3996-4a63-90e8-5931e5293bd3,5a2b4f14-e7ac-4b3a-bf58-688bca696e5f,2025-08-24T17:17:00,40e6ddd6-b8f6-4e17-8bd6-5e53966809d2,400,16,416
82f33757-0a46-4167-9962-c40ac1cacfa0,d78e6e3f-3ff1-49b6-9dcb-129816aa0ecb,2025-08-24T17:20:00,40e6ddd6-b8f6-4e17-8bd6-5e53966809d2,1800,72,1872
83278237-91cd-4347-a512-62ae50d35700,9a689679-4c75-46ba-92d3-6b5b0c51a34a,2025-08-24T17:38:00,40e6ddd6-b8f6-4e17-8bd6-5e53966809d2,600,24,624
8c1ba609-1da5-43d6-abfb-b5f640c71d9f,f8b1caa2-10e7-4302-963a-252a15b4a714,2025-08-24T17:53:00,40e6ddd6-b8f6-4e17-8bd6-5e53966809d2,400,16,416
dc58d3b1-6d9a-4a99-8da9-dc063252d18e,ffd40778-a37e-453c-81d1-9a769cac4692,2025-08-24T18:04:00,4b6c2304-2b9e-41e4-942a-cf11a1819378,900,54,954
3e66d6a8-d1f8-42ac-a7ec-33e0b1c860a2,abf52e51-d999-45fd-a6b0-6a9cd018fb47,2025-08-24T18:06:00,40e6ddd6-b8f6-4e17-8bd6-5e53966809d2,1700,68,1768
d9014afe-d898-4227-8048-d850d9f0198a,8e5c2f29-44ce-4f60-b818-8b728f60b79b,2025-08-24T18:09:00,40e6ddd6-b8f6-4e17-8bd6-5e53966809d2,1600,64,1664
98fc6aa6-1654-4c90-a0f5-34a116a8fa00,98c7adf1-31bc-45c1-85fb-dbf53b4a53e2,2025-08-24T18:15:00,4b6c2304-2b9e-41e4-942a-cf11a1819378,500,30,530
97a980d9-b6aa-4510-9a6f-ef8efd8cdcb2,073c6c4c-9988-45b0-9224-7ad4e69d8c6f,2025-08-24T18:22:00,40e6ddd6-b8f6-4e17-8bd6-5e53966809d2,700,28,728
0fd7f441-49d1-4a5f-a6da-7e55defc542f,d2d5925b-c91a-440d-a613-0c76f88845cc,2025-08-24T18:52:00,40e6ddd6-b8f6-4e17-8bd6-5e53966809d2,500,20,520
85e9d2a0-00e5-45e0-8f7f-e0d59a2a8338,a054cb90-d7e9-4236-9533-fc7fd2b1fd77,2025-08-24T19:13:00,40e6ddd6-b8f6-4e17-8bd6-5e53966809d2,2100,84,2184
d784ff41-b6af-4839-837f-ad797f7120ab,58491188-36e5-4fb3-ab3b-514e78a270a6,2025-08-24T19:25:00,4b6c2304-2b9e-41e4-942a-cf11a1819378,1000,60,1060
5729eb57-e09d-4711-93c9-a2711e406e16,cec4dd97-5c6e-415b-ba06-47dc8ef4570f,2025-08-24T19:26:00,4b6c2304-2b9e-41e4-942a-cf11a1819378,1200,72,1272
9f5fe724-1500-41ae-944d-610951cd33de,5dbe3a93-bfd1-48f7-8040-dacc81b641f3,2025-08-24T19:31:00,4b6c2304-2b9e-41e4-942a-cf11a1819378,700,42,742
1cd7e0b0-641b-4921-95b8-5f2000a5a9d3,2068f48f-4c39-4084-81d1-95af149d8547,2025-08-24T19:39:00,4b6c2304-2b9e-41e4-942a-cf11a1819378,1900,113,2013
9fa304c0-7937-49ae-b48a-fe4fc107e2d8,416cd82a-8e13-48b3-a6e1-dadbf5a29d2d,2025-08-24T19:43:00,40e6ddd6-b8f6-4e17-8bd6-5e53966809d2,600,24,624
adad601b-95cf-444d-84c1-d602ce85ab39,c664111b-b80e-45ab-b2de-ee220ea29fbe,2025-08-24T19:48:00,40e6ddd6-b8f6-4e17-8bd6-5e53966809d2,1800,72,1872
edc25e65-5dd9-4517-aa3f-8c180477d6bf,6d91807a-84e4-47c1-8e47-925d52e0dd48,2025-08-25T07:00:00,4b6c2304-2b9e-41e4-942a-cf11a1819378,600,36,636
7ef251e6-68a8-4de8-a4ce-ba1136d7ff3d,40353a67-5df0-44ca-9c10-b42fab44c6f3,2025-08-25T07:00:00,4b6c2304-2b9e-41e4-942a-cf11a1819378,500,30,530
46752ac8-b525-4aaf-bbd4-4cec72bf7046,35bb651c-499f-433f-b5af-b793b285e727,2025-08-25T07:00:00,4b6c2304-2b9e-41e4-942a-cf11a1819378,3700,221,3921
dded9a58-7ea6-455d-87b5-a6fbc6ea8e1d,64ad7907-f83e-403b-b5b4-b1deded9bb1d,2025-08-25T07:00:00,4b6c2304-2b9e-41e4-942a-cf11a1819378,600,36,636
3d8a171a-27a0-4054-b31f-e6e900389c58,b66b0e13-b74e-40e7-b3e7-1583f2f08a9b,2025-08-25T07:00:00,40e6ddd6-b8f6-4e17-8bd6-5e53966809d2,600,24,624
de02ea48-2170-42b0-8dfb-a301b5446906,f8b1caa2-10e7-4302-963a-252a15b4a714,2025-08-25T07:00:00,40e6ddd6-b8f6-4e17-8bd6-5e53966809d2,1800,72,1872
c64584a3-075f-4c69-a5ea-9652691a2242,33326773-e843-48d9-9641-9990733d705a,2025-08-25T07:00:00,40e6ddd6-b8f6-4e17-8bd6-5e53966809d2,2600,104,2704
9e7949b5-2f42-411b-9166-9dcd81601088,2f162c0f-4d00-4d10-88ca-6dd2b94f24f5,2025-08-25T07:00:00,40e6ddd6-b8f6-4e17-8bd6-5e53966809d2,600,24,624
97519726-b57a-4f5e-9d4b-564e96c6aca5,33d208d7-91f2-4d70-9f75-c1bf87481c15,2025-08-25T07:01:00,40e6ddd6-b8f6-4e17-8bd6-5e53966809d2,400,16,416
b0511b12-6673-4021-8563-b889138ef737,4d9a6ab4-f181-4f8c-9beb-e4cd9774b5d7,2025-08-25T07:06:00,40e6ddd6-b8f6-4e17-8bd6-5e53966809d2,700,28,728
c67d11d9-a45f-4da9-87ed-397230b41ba6,36708614-1e24-453b-8593-b03eb1a7c5b8,2025-08-25T07:09:00,40e6ddd6-b8f6-4e17-8bd6-5e53966809d2,600,24,624
525d243f-cf2b-4f90-b198-02bc90eef223,6058494e-8390-41a7-9c1b-182902dda8db,2025-08-25T07:12:00,4b6c2304-2b9e-41e4-942a-cf11a1819378,500,30,530
d64eb00a-12e3-401c-90f6-1d8399dca9ee,01450c81-3eae-4663-a704-f91c175e17f0,2025-08-25T07:12:00,4b6c2304-2b9e-41e4-942a-cf11a1819378,600,36,636
ec655cbb-119d-4b33-be80-67a6ea5c6cbc,d18e4429-67b8-4ac0-8d74-6c1d026d15a7,2025-08-25T07:14:00,40e6ddd6-b8f6-4e17-8bd6-5e53966809d2,400,16,416
42b67726-129c-456c-a44c-36530e33b740,b0fb926f-1c66-426d-b796-e9d801b13122,2025-08-25T07:14:00,40e6ddd6-b8f6-4e17-8bd6-5e53966809d2,400,16,416
ba6fcbe5-4152-478b-9325-aeb8691466cb,45ed3c5a-3c94-463b-91d2-73d3333fe5fc,2025-08-25T07:16:00,40e6ddd6-b8f6-4e17-8bd6-5e53966809d2,700,28,728
a3e9ae4e-0f51-4d3e-a6c9-689fc2794ebf,cc1816db-c3dd-4c16-8ea7-18fe313472b9,2025-08-25T07:17:00,4b6c2304-2b9e-41e4-942a-cf11a1819378,600,36,636
98bdcb08-53d8-45eb-abbb-a01113e906f6,d31efffd-fdc4-4168-ac26-83b67a6c5c47,2025-08-25T07:17:00,4b6c2304-2b9e-41e4-942a-cf11a1819378,600,36,636
d8af7166-0379-4d39-9cb5-7704fe386639,d63f06df-5e5d-4adc-b0a5-43b4bac6bf5c,2025-08-25T07:17:00,40e6ddd6-b8f6-4e17-8bd6-5e53966809d2,600,24,624
06f0fee8-37cb-47a3-8522-6823262804f8,7767d63a-0293-4866-ae0a-724670463aa1,2025-08-25T07:18:00,40e6ddd6-b8f6-4e17-8bd6-5e53966809d2,600,24,624
023f2acf-25bc-4d9a-a3fd-4c452096236b,50e6ae18-ad0a-4f68-bb3d-e1a8b80eb58f,2025-08-25T07:18:00,40e6ddd6-b8f6-4e17-8bd6-5e53966809d2,600,24,624
1d9aa4f0-f0a9-4e9b-be19-b0990ab056a1,3810f8e6-9278-4c26-9be0-d6d6c35fe477,2025-08-25T07:19:00,4b6c2304-2b9e-41e4-942a-cf11a1819378,600,36,636
32bf24ac-ec4a-4d78-b27d-9e18fa4e0545,6f595044-c1c1-4b1b-8b9a-6ba836a7d845,2025-08-25T07:19:00,40e6ddd6-b8f6-4e17-8bd6-5e53966809d2,400,16,416
99733ef0-0294-463f-adde-9c159b576df5,2660b7ac-6c46-4392-8ddc-26194c532341,2025-08-25T07:21:00,4b6c2304-2b9e-41e4-942a-cf11a1819378,700,42,742
43cb2397-020b-4d58-be34-3d9c65f249bc,710200a9-2c6c-4f21-b3f1-3ed6aa684fa2,2025-08-25T07:21:00,4b6c2304-2b9e-41e4-942a-cf11a1819378,600,36,636
78c39956-a296-4a2a-8d81-a359422bd400,0e4dbbf0-e4a8-4015-9595-c0b9bec0f9e5,2025-08-25T07:21:00,40e6ddd6-b8f6-4e17-8bd6-5e53966809d2,600,24,624
e0a0b735-6083-4354-97af-e0a93989e67e,847d46dd-9721-4351-8bef-5c2292b57d6f,2025-08-25T07:22:00,4b6c2304-2b9e-41e4-942a-cf11a1819378,700,42,742
bf71591e-d90d-437a-af0c-6ff80002ed25,436ca6dd-1cc3-4ff0-986c-eabb97606b9b,2025-08-25T07:23:00,40e6ddd6-b8f6-4e17-8bd6-5e53966809d2,400,16,416
b991fd7b-9ad9-45e6-91e9-d95e6e09a4d4,61004774-fb70-403c-ae81-a1e9cd187146,2025-08-25T07:25:00,40e6ddd6-b8f6-4e17-8bd6-5e53966809d2,500,20,520
aed89485-b7a6-4879-99e8-e5f898dc7d09,212484cd-56e9-4934-ab9b-69d43228ee16,2025-08-25T07:25:00,40e6ddd6-b8f6-4e17-8bd6-5e53966809d2,500,20,520
b07f05ab-f47e-4ff0-87c3-64bc11570c91,b0cab1cc-6689-4922-a78f-5c6e1c458cd1,2025-08-25T07:27:00,4b6c2304-2b9e-41e4-942a-cf11a1819378,600,36,636
e1d8936b-2c3a-4808-aa1c-bdd279a3fefa,0db82818-585b-4e3f-9898-2a72727c2e42,2025-08-25T07:27:00,4b6c2304-2b9e-41e4-942a-cf11a1819378,400,24,424
7796c05b-d46f-4486-9111-946a0a0a464d,fdd86eaf-7a5b-4598-9a08-6f4f207743bb,2025-08-25T07:28:00,4b6c2304-2b9e-41e4-942a-cf11a1819378,400,24,424
b79e4d73-4887-42b4-adf2-665643aedefc,ead66f31-3437-42c5-9145-8281898ce326,2025-08-25T07:28:00,4b6c2304-2b9e-41e4-942a-cf11a1819378,700,42,742
63342f46-6b45-462f-95b5-4e7461588a40,31006b42-8446-43cf-bd23-af4d84ca2c85,2025-08-25T07:28:00,40e6ddd6-b8f6-4e17-8bd6-5e53966809d2,700,28,728
215e26e8-aed3-405d-adc5-170d23fac768,83864095-dda9-4a16-ab3a-ba6429fa3dbd,2025-08-25T07:28:00,40e6ddd6-b8f6-4e17-8bd6-5e53966809d2,700,28,728
594741b8-1f34-4caf-8aa0-dbb134d133e0,ed5f2f3e-8bef-4da7-b30c-90c3fa5f40ea,2025-08-25T07:28:00,40e6ddd6-b8f6-4e17-8bd6-5e53966809d2,400,16,416
70373db4-d6b2-46cb-b1ec-022d192649aa,c0ec2b5c-22e2-4010-a8f9-94431d5860c7,2025-08-25T07:28:00,40e6ddd6-b8f6-4e17-8bd6-5e53966809d2,500,20,520
ebaa5f8c-aef9-43a9-80e4-0024b1faeee8,bd72d373-2261-4193-bee7-41d3bfd08ef1,2025-08-25T07:29:00,4b6c2304-2b9e-41e4-942a-cf11a1819378,600,36,636
68ec92a1-2c5e-4441-beb5-31b5ca1fa283,1439dc05-4ab9-4995-90c7-d9437ae94f50,2025-08-25T07:29:00,40e6ddd6-b8f6-4e17-8bd6-5e53966809d2,400,16,416
05c778d8-ed68-4a10-8496-4a390e6d4757,4acffd44-9d77-4c09-afdb-e7f93ee5518b,2025-08-25T07:31:00,4b6c2304-2b9e-41e4-942a-cf11a1819378,600,36,636
ea504475-1c82-414e-bb32-d5607196eb55,09a354a5-a7cb-4687-8a52-c4a71feba0d2,2025-08-25T07:31:00,4b6c2304-2b9e-41e4-942a-cf11a1819378,700,42,742
8bc40972-3efc-4194-86b3-4b7eca93a886,8a77ab59-ae1e-4b71-ab66-66bda4615cfd,2025-08-25T07:31:00,4b6c2304-2b9e-41e4-942a-cf11a1819378,500,30,530
99c222b5-403e-4e72-81b8-676a57bdace2,71ed3bfb-d094-47b4-bd02-9589f31e4c1d,2025-08-25T07:32:00,4b6c2304-2b9e-41e4-942a-cf11a1819378,600,36,636
fe1dc06f-1262-4c8c-9cd4-0e01b9ef7846,5a62f2b9-646a-4b84-b570-661ca33a139f,2025-08-25T07:32:00,40e6ddd6-b8f6-4e17-8bd6-5e53966809d2,600,24,624
5f9f57f8-a204-457f-b6c4-f0f1efd8c9de,87fc5559-9d20-4780-8c0e-b7c248cd6236,2025-08-25T07:33:00,40e6ddd6-b8f6-4e17-8bd6-5e53966809d2,500,20,520
19f0a2fa-edef-4e77-9b22-99e9442e5ae3,848485f0-198f-4efa-8335-707db71a7434,2025-08-25T07:34:00,4b6c2304-2b9e-41e4-942a-cf11a1819378,500,30,530
417a3327-d7d1-4788-b0ec-3d7fd9159abe,63b6d2f8-4e38-4b4c-bf67-6651399b4453,2025-08-25T07:34:00,4b6c2304-2b9e-41e4-942a-cf11a1819378,600,36,636
ac50e25d-b139-4754-b68a-e855c0d884aa,04b679f3-0691-47bc-975a-fdac41f52db4,2025-08-25T07:35:00,4b6c2304-2b9e-41e4-942a-cf11a1819378,600,36,636
0c5dd66a-8ba1-470b-8fad-07560d1f82a8,bd081d89-0320-4774-bb4c-798b6e253b0e,2025-08-25T07:35:00,4b6c2304-2b9e-41e4-942a-cf11a1819378,400,24,424
6ddebd00-e358-47e6-9cc2-a19fd47328bb,b9915f58-4f74-4518-bb97-0b1e58c541a5,2025-08-25T07:35:00,4b6c2304-2b9e-41e4-942a-cf11a1819378,600,36,636
15bfba6c-bcae-4a65-a808-c4f63e298aa5,c2457423-d813-4e9b-8cac-e77de71eef5d,2025-08-25T07:35:00,40e6ddd6-b8f6-4e17-8bd6-5e53966809d2,600,24,624
7e796c2b-be78-47f8-849b-8a9ddb7d55ad,f419edd5-8bb5-4809-8cfc-599ab209f6da,2025-08-25T07:36:00,40e6ddd6-b8f6-4e17-8bd6-5e53966809d2,500,20,520
ce2935bc-64f8-48a3-a2e4-cf7dceab3b85,5d59a09d-7696-4e1b-a171-abe3b79fff2d,2025-08-25T07:37:00,4b6c2304-2b9e-41e4-942a-cf11a1819378,400,24,424
7f9487bc-84b7-443c-80fa-12d46c758208,dccd3e5d-2076-4fc6-aa79-87579e134ce1,2025-08-25T07:37:00,4b6c2304-2b9e-41e4-942a-cf11a1819378,700,42,742
894ae84a-1d7a-4d70-a2a9-235ee4471730,355d89d9-bf5a-41df-9382-a5e57cbbbec4,2025-08-25T07:37:00,40e6ddd6-b8f6-4e17-8bd6-5e53966809d2,400,16,416
373a0742-72c2-4688-8087-9afa8e0ffa1d,2f771a5a-3d76-48e3-985b-b7e91e092c46,2025-08-25T07:37:00,40e6ddd6-b8f6-4e17-8bd6-5e53966809d2,700,28,728
c0cc7338-7e3d-4e32-8292-0d175b8da8cf,a3d91be1-b5d9-4d3c-bdd8-ab49cd378f30,2025-08-25T07:38:00,4b6c2304-2b9e-41e4-942a-cf11a1819378,600,36,636
1d18fd0c-67f1-446f-bb9d-481b725a4a4c,12c154ff-46ac-45a7-921c-2404994ecc21,2025-08-25T07:38:00,40e6ddd6-b8f6-4e17-8bd6-5e53966809d2,600,24,624
af1b15dc-a634-4a90-9f8f-9de8a29de0ec,b8edba64-3db4-4841-8f8d-dc00dce6fb67,2025-08-25T07:38:00,40e6ddd6-b8f6-4e17-8bd6-5e53966809d2,600,24,624
79d02305-dac5-4995-8e49-0a541b7b9eaf,430e5411-6ed3-439b-93c3-e885b2a37d0f,2025-08-25T07:38:00,40e6ddd6-b8f6-4e17-8bd6-5e53966809d2,600,24,624
e47555da-cf31-46c9-8899-e3e267531849,adf0d9db-c6a0-4226-a93f-30482ccd9d28,2025-08-25T07:39:00,4b6c2304-2b9e-41e4-942a-cf11a1819378,600,36,636
a7d85b43-8730-4e54-a790-2516d2cb47b0,af16d888-ff4c-4c16-a2f8-9e2a3a9677c7,2025-08-25T07:39:00,4b6c2304-2b9e-41e4-942a-cf11a1819378,400,24,424
b9f35f45-f156-487d-9036-d6cbdacd218d,5484b02b-221a-4bbe-86a3-3eccdcf8d2ae,2025-08-25T07:39:00,40e6ddd6-b8f6-4e17-8bd6-5e53966809d2,600,24,624
8ffeee28-a005-43c2-9ab0-99acf316f9a1,d77ac8a9-6445-4f65-9a77-b0fb3abe853d,2025-08-25T07:40:00,4b6c2304-2b9e-41e4-942a-cf11a1819378,400,24,424
c7d0971e-dd0a-40eb-b7a2-624367fb4681,0872893c-bf01-4853-b91f-a1cc0263fedf,2025-08-25T07:42:00,4b6c2304-2b9e-41e4-942a-cf11a1819378,400,24,424
a616d42f-5469-4f33-a0e6-7de9bf91c97d,f459a5e8-b280-49fd-904a-3cd3746f4f16,2025-08-25T07:43:00,40e6ddd6-b8f6-4e17-8bd6-5e53966809d2,600,24,624
3431a45a-cdfe-495b-9f11-de6fabddf6b9,84f816bd-12e2-4633-a419-fc80705977e6,2025-08-25T07:44:00,4b6c2304-2b9e-41e4-942a-cf11a1819378,400,24,424
d7921cd1-9b09-42ee-bca0-b15a363f798f,71972ade-a5de-461b-aac8-49774ccb1a4a,2025-08-25T07:44:00,4b6c2304-2b9e-41e4-942a-cf11a1819378,600,36,636
18299682-c7d6-42d0-82d9-78df66de3526,a0a83e46-f548-4a18-a79a-5ecdd85b6c8e,2025-08-25T07:44:00,40e6ddd6-b8f6-4e17-8bd6-5e53966809d2,600,24,624
257af900-482e-4be9-a908-482a9231da38,89b94667-2d12-4e7a-bfdd-f37056d10195,2025-08-25T07:44:00,40e6ddd6-b8f6-4e17-8bd6-5e53966809d2,600,24,624
3cba3b32-4421-4897-b3c6-a12b9c6d579d,aef5051b-ee62-4974-994d-fbb200c5f89c,2025-08-25T07:44:00,40e6ddd6-b8f6-4e17-8bd6-5e53966809d2,500,20,520
21a880ba-a8e5-4940-88ae-999a220fc8b6,b5261e71-886e-4d78-8d1d-310ed9754704,2025-08-25T07:44:00,40e6ddd6-b8f6-4e17-8bd6-5e53966809d2,700,28,728
fe7a715d-b992-4c4e-a7a7-ca0aeed76bd3,36654075-c818-484d-aa9f-b6e8834b1bd5,2025-08-25T07:46:00,4b6c2304-2b9e-41e4-942a-cf11a1819378,500,30,530
2a514779-e5f1-42b8-9df5-e3ad4b7d6bc9,aa006c1b-6b97-4f02-99a9-57923d13eb8f,2025-08-25T07:46:00,4b6c2304-2b9e-41e4-942a-cf11a1819378,500,30,530
873ca7eb-e7a8-412e-a266-d3da049bd8e7,0d2974c5-d4de-4163-bf27-73d86a77b048,2025-08-25T07:47:00,4b6c2304-2b9e-41e4-942a-cf11a1819378,500,30,530
4c6b200e-934a-408e-be9d-720cbc60739f,fa08fd03-3569-400d-9d63-e8ae15712195,2025-08-25T07:47:00,4b6c2304-2b9e-41e4-942a-cf11a1819378,500,30,530
e78f1f1c-41c3-49aa-bc08-8b93541e7eaa,314d5517-f29b-49b2-a076-3abe12756120,2025-08-25T07:48:00,40e6ddd6-b8f6-4e17-8bd6-5e53966809d2,700,28,728
9765e553-2e45-496a-8dcc-7e056c72adf7,efb0203d-c970-47ec-8644-2090a658224b,2025-08-25T07:48:00,40e6ddd6-b8f6-4e17-8bd6-5e53966809d2,700,28,728
6d28977a-9325-4f3b-a030-b73230419668,87a00a98-1d65-4fba-92f9-41ac07bce2bd,2025-08-25T07:48:00,40e6ddd6-b8f6-4e17-8bd6-5e53966809d2,600,24,624
6cd1d2e7-74aa-4ca6-823d-29e1dbaa17fd,2f76575f-2d85-40ca-8f3b-82b14debc678,2025-08-25T07:49:00,40e6ddd6-b8f6-4e17-8bd6-5e53966809d2,400,16,416
23d107b5-4050-49d8-b668-16b4dbc90296,0ed041f5-3d65-4f50-b23e-849b527ee107,2025-08-25T07:49:00,40e6ddd6-b8f6-4e17-8bd6-5e53966809d2,700,28,728
8662518a-9d2c-4049-8ddf-1cefb79c4fff,bab8979a-8cd9-477b-bbd7-2e1dbab88437,2025-08-25T07:50:00,4b6c2304-2b9e-41e4-942a-cf11a1819378,700,42,742
5a02c161-0224-4c0d-9d84-62a5e2a638d8,13ae1187-ebff-4588-bbf0-db26b1bbb598,2025-08-25T07:50:00,4b6c2304-2b9e-41e4-942a-cf11a1819378,600,36,636
de95a29f-02e1-4c14-88df-8184569426a1,8ebb4b7d-ed19-43be-a647-6c3a9a6a166a,2025-08-25T07:51:00,4b6c2304-2b9e-41e4-942a-cf11a1819378,400,24,424
6877b327-7b54-4093-80f0-e587249d26db,a2effce6-3ad2-4811-940b-bbb5a4ad9b67,2025-08-25T07:51:00,40e6ddd6-b8f6-4e17-8bd6-5e53966809d2,700,28,728
0f2d905b-1da4-458d-b87f-2692b78292b2,376d586e-00b0-4a49-9695-ddac46fb337e,2025-08-25T07:51:00,40e6ddd6-b8f6-4e17-8bd6-5e53966809d2,700,28,728
55ff498b-f767-4e28-9a75-b3b2416a405d,89a5d615-2bb0-4843-8177-90bf7f452bfe,2025-08-25T07:51:00,40e6ddd6-b8f6-4e17-8bd6-5e53966809d2,700,28,728
1dadb5c4-b912-4310-8aac-fd13cc77f1c9,a311b0c8-1b63-4405-8097-09a984512389,2025-08-25T07:52:00,4b6c2304-2b9e-41e4-942a-cf11a1819378,600,36,636
6b62887e-470c-4636-9378-bd443c5d149c,a98f640e-492a-445a-8a0d-7d444e98f1a9,2025-08-25T07:52:00,4b6c2304-2b9e-41e4-942a-cf11a1819378,1500,89,1589
881efe63-f6df-4413-8909-a37a58dcdedf,73d9c423-e9d4-428f-bfaa-b073b2c1f454,2025-08-25T07:53:00,40e6ddd6-b8f6-4e17-8bd6-5e53966809d2,600,24,624
23a2a784-7c27-4e1d-862a-6fd3a321313a,07837268-1f07-43d7-a271-fa0ab4370eee,2025-08-25T07:54:00,40e6ddd6-b8f6-4e17-8bd6-5e53966809d2,400,16,416
dfbde2ab-5ce7-4b78-ae1c-75e2e49f1cd8,0f1df561-31c0-417e-909b-4b054c45baaf,2025-08-25T07:54:00,40e6ddd6-b8f6-4e17-8bd6-5e53966809d2,500,20,520
8fbc77f9-ec79-491b-b6d1-354511c7382c,19fee9df-73a9-41e9-9777-18d2a79ab8b4,2025-08-25T07:55:00,4b6c2304-2b9e-41e4-942a-cf11a1819378,400,24,424
f5148992-2383-4ab5-8d10-33942d4686f8,7e2a9b35-5e70-4df4-889c-34732fd2ee32,2025-08-25T07:55:00,40e6ddd6-b8f6-4e17-8bd6-5e53966809d2,600,24,624
6a5cd53b-00ed-4f3f-912f-b8d4f398fc9a,62e44a82-c99b-4d04-9abb-f6a2eb97c7ec,2025-08-25T07:56:00,40e6ddd6-b8f6-4e17-8bd6-5e53966809d2,500,20,520
c647ea1d-e407-48aa-8ebf-098d3b1fce51,2dcc7662-f1ce-442c-b998-bbe351d5e186,2025-08-25T07:56:00,40e6ddd6-b8f6-4e17-8bd6-5e53966809d2,600,24,624
db2c0cb0-1731-4a59-8278-516fb86fc0d9,b4413ac0-2fc9-4c91-b188-71c109d9be8f,2025-08-25T07:57:00,4b6c2304-2b9e-41e4-942a-cf11a1819378,700,42,742
933aa400-5374-45eb-8865-dc00717b62f8,3d6f18db-a49c-4563-9445-68d4e02bd664,2025-08-25T07:57:00,40e6ddd6-b8f6-4e17-8bd6-5e53966809d2,600,24,624
ddf52ebd-9332-4f7b-aca2-1623bbaa754a,341da637-6927-4a64-8183-13ec96005b5f,2025-08-25T07:58:00,4b6c2304-2b9e-41e4-942a-cf11a1819378,600,36,636
29c10378-1fc6-4ccd-9cf6-e28f81cdd759,1b25718d-795f-4b30-a424-50167ae8c0ad,2025-08-25T07:58:00,40e6ddd6-b8f6-4e17-8bd6-5e53966809d2,700,28,728
8a1a99f0-4c71-46ef-96aa-c4edf6db78f9,49421d99-2baa-4a3f-bbff-4e4d4e0062aa,2025-08-25T07:58:00,40e6ddd6-b8f6-4e17-8bd6-5e53966809d2,500,20,520
613457a3-7f71-4b3f-aa1b-371aa84a8ba3,26ebc43f-cfbf-4fa1-9c7f-9134871f7b65,2025-08-25T07:58:00,40e6ddd6-b8f6-4e17-8bd6-5e53966809d2,600,24,624
f134e995-a2fa-440f-a84d-e16c4f719885,e4adb740-2faa-44fc-bc18-4aa698032414,2025-08-25T07:59:00,4b6c2304-2b9e-41e4-942a-cf11a1819378,500,30,530
ecd6a5ea-82a6-4481-b8e7-e4a5f53b3ca8,53352c2c-02b9-41af-b276-94d6d22379fe,2025-08-25T07:59:00,40e6ddd6-b8f6-4e17-8bd6-5e53966809d2,500,20,520
4c5427a5-fb48-4910-8d9f-b6ca9b502a49,8d5fa184-5966-49ce-b3e7-4acfaba98bfd,2025-08-25T07:59:00,40e6ddd6-b8f6-4e17-8bd6-5e53966809d2,600,24,624
d60bdabf-6afe-46a1-ab4f-38e7e063877c,71f1cea1-588b-47f5-93c3-4e649541a9e4,2025-08-25T07:59:00,40e6ddd6-b8f6-4e17-8bd6-5e53966809d2,400,16,416
6a3e044b-731b-4d44-9b59-2928fcc04b86,b0da7a9b-77d7-407d-8506-51705503fa05,2025-08-25T08:00:00,4b6c2304-2b9e-41e4-942a-cf11a1819378,600,36,636
8e884018-9ff5-48b0-861f-8b4f43287e4c,b4cc95b0-6dbf-4264-a3ef-43fbbadf652a,2025-08-25T08:01:00,4b6c2304-2b9e-41e4-942a-cf11a1819378,600,36,636
25f71224-dd89-43d4-afd9-445207bcb7df,bd463573-d217-4411-9ac0-8b72bd7609cd,2025-08-25T08:01:00,4b6c2304-2b9e-41e4-942a-cf11a1819378,600,36,636
49c82d6c-1533-4f6e-a1c7-f6e01154f01e,03410ea3-1e8a-40ef-9322-bc532f78f7ff,2025-08-25T08:01:00,40e6ddd6-b8f6-4e17-8bd6-5e53966809d2,500,20,520
ad2aac8c-b1bb-47cd-ab81-441035b811be,4fc0f100-7ad9-49a8-9620-f0e3a0e42a80,2025-08-25T08:02:00,4b6c2304-2b9e-41e4-942a-cf11a1819378,400,24,424
18288902-2a36-4ddf-998b-58bb02537de3,1a1fa253-a2de-457a-9397-7c6c80d5d589,2025-08-25T08:02:00,40e6ddd6-b8f6-4e17-8bd6-5e53966809d2,400,16,416
0e7a90ad-3bed-40e7-b9f7-4e817138e350,2b4b540f-9423-4186-8164-4566e5e908f2,2025-08-25T08:02:00,40e6ddd6-b8f6-4e17-8bd6-5e53966809d2,600,24,624
01653b0c-4c8a-41c6-b9f4-6f1d316b2a6d,d6de888a-0aee-4f77-a7d4-daba8f0da415,2025-08-25T08:03:00,4b6c2304-2b9e-41e4-942a-cf11a1819378,700,42,742
41ea7204-ec94-4f9d-afda-edffa16db266,b3f95dcd-caf0-4d0c-8890-a7b8e231c6b7,2025-08-25T08:03:00,40e6ddd6-b8f6-4e17-8bd6-5e53966809d2,500,20,520
ac8cf793-85a0-4eeb-a65a-7e8b98135483,cc6587b9-1ad1-4f99-bb8b-dc23f1621ea6,2025-08-25T08:03:00,40e6ddd6-b8f6-4e17-8bd6-5e53966809d2,500,20,520
ba3d524d-2cea-4688-a120-c6c4c7d83dc4,f1c1c41c-e3ac-4d0f-9604-06a648c54aa4,2025-08-25T08:03:00,40e6ddd6-b8f6-4e17-8bd6-5e53966809d2,600,24,624
b3b55437-7b56-4eb1-a07f-19c5d0148661,e6debecd-a5cf-4ced-957e-7fb31720480c,2025-08-25T08:04:00,40e6ddd6-b8f6-4e17-8bd6-5e53966809d2,700,28,728
65cc31cd-7575-4be3-b2ea-54958daed331,a43342bc-a956-480b-8ef3-7b28e61c9b9b,2025-08-25T08:04:00,40e6ddd6-b8f6-4e17-8bd6-5e53966809d2,700,28,728
79f2aabb-9fc9-4199-9528-b2f7cb6e74cd,8e119f8a-036b-4da9-bbae-98ab4fb61e2f,2025-08-25T08:04:00,40e6ddd6-b8f6-4e17-8bd6-5e53966809d2,600,24,624
ef48e33a-bc4a-44c6-9333-9826fa4fa3ff,34a9dd73-95d0-45d9-a3fb-636e4e080a6c,2025-08-25T08:05:00,4b6c2304-2b9e-41e4-942a-cf11a1819378,500,30,530
b31db0d3-cee1-455d-96d0-6bbb9efd8d9d,d1c356c7-a230-4e49-abb6-3eb1f58155cd,2025-08-25T08:05:00,40e6ddd6-b8f6-4e17-8bd6-5e53966809d2,500,20,520
898963f8-4af7-4613-8220-39726ed21df0,8976b896-e0e8-4696-b268-5587e42efaa0,2025-08-25T08:05:00,40e6ddd6-b8f6-4e17-8bd6-5e53966809d2,600,24,624
2f73d175-5f2c-4fe1-93ad-3c44cc0e1df3,8e5821f5-d035-421b-a56a-6ed02c100432,2025-08-25T08:06:00,4b6c2304-2b9e-41e4-942a-cf11a1819378,700,42,742
6884b3f1-903c-4af3-a5b2-bc3bd3ec8563,97bbee89-2209-4d9a-9f20-d3327baf7efe,2025-08-25T08:06:00,40e6ddd6-b8f6-4e17-8bd6-5e53966809d2,600,24,624
86ba7732-26d9-4008-a319-8ce9a35ac3c1,80617fda-335d-411d-aed3-ca3917a8cff2,2025-08-25T08:07:00,40e6ddd6-b8f6-4e17-8bd6-5e53966809d2,600,24,624
599a8706-844d-43f1-a1d6-5b914e1f4d34,125d87d5-a36a-4f4e-865c-3122386e88ca,2025-08-25T08:08:00,4b6c2304-2b9e-41e4-942a-cf11a1819378,400,24,424
9d68629c-a39e-4930-b03d-7f03c527c6b2,b761dca2-f8ff-4709-b645-9b0591dfa353,2025-08-25T08:09:00,4b6c2304-2b9e-41e4-942a-cf11a1819378,600,36,636
211a6b98-0807-42ea-b48b-5f256a6e52a3,2949aa7a-85ad-46d1-8409-bf608167f72a,2025-08-25T08:09:00,4b6c2304-2b9e-41e4-942a-cf11a1819378,600,36,636
87777825-330f-4837-bed5-563a1469ff57,d4d6e685-70a2-49ea-b511-383a54d18cfa,2025-08-25T08:10:00,40e6ddd6-b8f6-4e17-8bd6-5e53966809d2,600,24,624
7149bc37-fc09-46f5-ba39-bb51868dcf42,77475cfc-c7a4-44fd-aa82-b68053aa7540,2025-08-25T08:10:00,40e6ddd6-b8f6-4e17-8bd6-5e53966809d2,600,24,624
45b48270-9f3d-4624-963a-48abcd574d43,c630fcf6-11c8-465f-9498-0839aee67e55,2025-08-25T08:11:00,40e6ddd6-b8f6-4e17-8bd6-5e53966809d2,600,24,624
9849d084-67e4-4fb5-b673-51a428841c91,be6fcaa5-9911-4bb6-b97c-47eb53c88b32,2025-08-25T08:12:00,4b6c2304-2b9e-41e4-942a-cf11a1819378,700,42,742
2cb02fe1-0967-437e-84b3-9f2997684a63,1bc088f8-fdf1-442f-9491-1287abc066d3,2025-08-25T08:12:00,40e6ddd6-b8f6-4e17-8bd6-5e53966809d2,700,28,728
51358750-819f-419f-9c5b-e95643b211f4,866ec748-2021-45f8-9170-6c393fca1e65,2025-08-25T08:12:00,40e6ddd6-b8f6-4e17-8bd6-5e53966809d2,700,28,728
ddcbf535-47f1-4c78-aaf2-2f26e115ea55,1acd402c-8758-4f7a-9a24-57636d44ede6,2025-08-25T08:13:00,40e6ddd6-b8f6-4e17-8bd6-5e53966809d2,600,24,624
72775de8-723f-45ff-b4cd-7f80d06773bc,2f0fa97b-f713-40a9-8e11-3e18580cd97b,2025-08-25T08:13:00,40e6ddd6-b8f6-4e17-8bd6-5e53966809d2,600,24,624
4098e50a-19b6-4899-bf1f-70b9432a6974,ff4e2ef5-4f72-41f4-90ea-4f40665b9f5b,2025-08-25T08:14:00,4b6c2304-2b9e-41e4-942a-cf11a1819378,500,30,530
35fc67e7-a8e5-4ccf-8954-fbcccf917b50,a692df88-38f3-4725-84a6-73ec7e6c7ab5,2025-08-25T08:14:00,40e6ddd6-b8f6-4e17-8bd6-5e53966809d2,700,28,728
fa1c00cf-82f7-43b8-ac32-846271568263,4dc2aa9c-8633-4861-b795-5b285cf76a1f,2025-08-25T08:15:00,4b6c2304-2b9e-41e4-942a-cf11a1819378,600,36,636
a58c074d-479e-4521-bead-927ed7121d05,2a26f327-c9ef-40f4-bb8c-c809417caad1,2025-08-25T08:15:00,4b6c2304-2b9e-41e4-942a-cf11a1819378,400,24,424
30aeb273-2a2c-4fe2-9c99-4d41d827b12c,861181e6-5d97-48a8-bbe4-226caa976140,2025-08-25T08:16:00,4b6c2304-2b9e-41e4-942a-cf11a1819378,500,30,530
eed511ce-09cd-4779-936d-ebcc2a03a42e,3483e39a-260f-4974-9366-50c2d833307f,2025-08-25T08:16:00,4b6c2304-2b9e-41e4-942a-cf11a1819378,500,30,530
eb6cf11e-039c-443f-a89d-02e90d24be7a,9ff834d1-4ca0-4dd5-bb53-ea96ad8611bb,2025-08-25T08:16:00,4b6c2304-2b9e-41e4-942a-cf11a1819378,700,42,742
cd05e5cc-94a3-498e-a50b-304e0fc47614,9bac4be0-d703-4f1d-a088-1bdb362d3246,2025-08-25T08:16:00,4b6c2304-2b9e-41e4-942a-cf11a1819378,700,42,742
66dbeae7-4137-42c0-b83b-01da530708cc,2347081e-7ae5-4085-a0d6-d1f551721f69,2025-08-25T08:16:00,40e6ddd6-b8f6-4e17-8bd6-5e53966809d2,500,20,520
afb49f5b-7d61-4e4d-8b15-a641b1bd76d2,2e1fd151-264e-4a4a-8584-733dd5da3152,2025-08-25T08:17:00,40e6ddd6-b8f6-4e17-8bd6-5e53966809d2,600,24,624
edc9f211-3123-455d-8b31-b92a8e00d976,64fec69e-52e2-471f-9fbc-7a8e33f991bd,2025-08-25T08:18:00,4b6c2304-2b9e-41e4-942a-cf11a1819378,600,36,636
a8693f77-4867-47cc-b0b7-a87ea9a03c26,a3867ed0-9303-4ce2-b40d-a9711a5efef0,2025-08-25T08:18:00,40e6ddd6-b8f6-4e17-8bd6-5e53966809d2,600,24,624
1e21cad8-a576-4707-a20c-c2bf63b50cbf,2609004e-90a8-450e-98f3-5ebc16841cd5,2025-08-25T08:19:00,4b6c2304-2b9e-41e4-942a-cf11a1819378,400,24,424
5f3a3aa3-5056-4a80-9f82-bcab0108108a,4232e434-92ef-4ff9-a069-d1e5312ebda2,2025-08-25T08:19:00,40e6ddd6-b8f6-4e17-8bd6-5e53966809d2,400,16,416
91435c78-34c3-45bb-b259-908c486027bb,5b6d3273-0554-4f9d-bc05-2157626c1ad0,2025-08-25T08:19:00,40e6ddd6-b8f6-4e17-8bd6-5e53966809d2,600,24,624
22d7212d-63f5-4e05-8078-419afdd36384,6b9cd81e-126c-4c53-b6b5-575d78951256,2025-08-25T08:20:00,4b6c2304-2b9e-41e4-942a-cf11a1819378,400,24,424
41e2ba08-006c-44e6-a846-220644e35be5,67f25b4e-183c-4a43-9227-09966e445b42,2025-08-25T08:20:00,40e6ddd6-b8f6-4e17-8bd6-5e53966809d2,500,20,520
81e6c239-7121-47fc-acfb-9f8ec22b105c,5fccc95a-c30f-4525-a4a6-43861baae99a,2025-08-25T08:21:00,4b6c2304-2b9e-41e4-942a-cf11a1819378,400,24,424
f32e9d11-67de-4568-8926-cdd866957043,a5781cf5-d32e-4370-b0f8-4f229bc0efa4,2025-08-25T08:21:00,4b6c2304-2b9e-41e4-942a-cf11a1819378,600,36,636
c57b5690-a0e4-4959-9a25-31f060004360,d33f758e-ba0e-463c-ba18-0cd99108c547,2025-08-25T08:21:00,40e6ddd6-b8f6-4e17-8bd6-5e53966809d2,2300,92,2392
144b3652-a47a-4745-8234-438c428826ff,5261268c-aa94-438a-921a-05efc0d414ac,2025-08-25T08:22:00,4b6c2304-2b9e-41e4-942a-cf11a1819378,500,30,530
9ef42903-5e85-453e-af28-dbfc184030a5,ed7f8737-2c99-408f-afd0-f91c740e414c,2025-08-25T08:22:00,4b6c2304-2b9e-41e4-942a-cf11a1819378,600,36,636
3ed24f48-37fb-4d32-8559-39fe647fbb90,bbe44e0a-dc83-4c13-a357-89d0c4f06f29,2025-08-25T08:22:00,40e6ddd6-b8f6-4e17-8bd6-5e53966809d2,600,24,624
87e18bd4-6fa0-4d37-bd52-27c682835d46,2a6409ee-29ac-483f-a2a7-9074fcb50191,2025-08-25T08:22:00,40e6ddd6-b8f6-4e17-8bd6-5e53966809d2,500,20,520
00959b7e-8a1c-489b-9b63-372bdbcfc79c,779b7f09-bfd0-4ab7-a46f-9f6eecb13030,2025-08-25T08:24:00,40e6ddd6-b8f6-4e17-8bd6-5e53966809d2,400,16,416
7009cc4a-b30a-4870-bb47-c208fcf9c29c,cfefbf12-9a5a-4d61-a708-d92f785af097,2025-08-25T08:25:00,4b6c2304-2b9e-41e4-942a-cf11a1819378,500,30,530
8088aaef-aaeb-4c9a-af13-33e06bdaac79,c108b321-1696-4fbd-8457-87fd61ca65d8,2025-08-25T08:25:00,40e6ddd6-b8f6-4e17-8bd6-5e53966809d2,600,24,624
d8510e06-e6c1-4861-812f-8643c0da3d9f,76d2b7be-1fa1-441b-9de1-97c64d06c646,2025-08-25T08:25:00,40e6ddd6-b8f6-4e17-8bd6-5e53966809d2,400,16,416
a14e847e-7b64-4e2a-8e57-8a4abfcb6235,5d24b6bc-2eea-4766-a11d-b0aed43f038a,2025-08-25T08:26:00,4b6c2304-2b9e-41e4-942a-cf11a1819378,500,30,530
c404ee8d-f8e7-4020-9c0e-993a0b738e08,9455079c-4344-4995-939d-8184d7eb02e7,2025-08-25T08:26:00,4b6c2304-2b9e-41e4-942a-cf11a1819378,700,42,742
65823d75-3e62-44ad-be92-16210f374bd2,5350fafc-45eb-4871-a195-d1cc090f9d9c,2025-08-25T08:26:00,4b6c2304-2b9e-41e4-942a-cf11a1819378,600,36,636
0fbdee89-d458-45fa-a9ea-7b2c6d8befb1,3eb1c53f-4af3-42d8-8608-40548ce4843d,2025-08-25T08:26:00,40e6ddd6-b8f6-4e17-8bd6-5e53966809d2,700,28,728
1407c89b-08ca-47e0-84e2-7136ff4dd366,9668fd00-799b-4cff-811f-a3e0528d255d,2025-08-25T08:26:00,40e6ddd6-b8f6-4e17-8bd6-5e53966809d2,600,24,624
c2cc57f5-b5e3-4ebd-b80f-8a7fceed6429,84ee8f13-e5a2-4988-8f65-daa65801c5d1,2025-08-25T08:27:00,4b6c2304-2b9e-41e4-942a-cf11a1819378,400,24,424
d38697fa-38fc-4253-9b11-052c9da5a41f,485b6c22-4f0b-4e0f-bfba-0c9d38a0122d,2025-08-25T08:27:00,40e6ddd6-b8f6-4e17-8bd6-5e53966809d2,1900,76,1976
1c28577a-0105-4f29-a037-d4b3cd84aa28,7c0459a0-2d38-460e-8653-72aefbf15570,2025-08-25T08:27:00,40e6ddd6-b8f6-4e17-8bd6-5e53966809d2,1200,48,1248
216f317d-6cd9-43cc-ba9a-c7416b7e8b44,7c2a3f62-d757-4322-a213-921d7c370838,2025-08-25T08:27:00,40e6ddd6-b8f6-4e17-8bd6-5e53966809d2,400,16,416
f6cf3c55-d093-4267-9fc9-bca35e71a676,f4c4994a-5a77-4a2f-902b-4f69c22ccee3,2025-08-25T08:28:00,4b6c2304-2b9e-41e4-942a-cf11a1819378,600,36,636
c5f756fb-c7dd-4097-9712-60069fe9b4bc,b65fff66-1997-4dd8-bc91-1349a415e4a0,2025-08-25T08:28:00,40e6ddd6-b8f6-4e17-8bd6-5e53966809d2,400,16,416
bfed50be-f481-4ab6-896d-2738639b1aa3,adaf0597-4b7f-4b6a-8881-40f3787bc862,2025-08-25T08:28:00,40e6ddd6-b8f6-4e17-8bd6-5e53966809d2,600,24,624
d977e922-d06a-4b47-8b94-944ca7adab4b,a1a72036-c041-4a92-a719-9bbf0e21d53b,2025-08-25T08:28:00,40e6ddd6-b8f6-4e17-8bd6-5e53966809d2,600,24,624
d8a00305-d1a6-420e-913b-1bf7a883800c,fad2c57b-c35e-4270-8d10-2f067a5ee2b7,2025-08-25T08:30:00,40e6ddd6-b8f6-4e17-8bd6-5e53966809d2,400,16,416
1e732647-3fa0-4e36-9835-e6380986d479,72fd6924-b954-4c8f-9c0b-2545d0efe53b,2025-08-25T08:31:00,4b6c2304-2b9e-41e4-942a-cf11a1819378,700,42,742
19fbc241-57ff-46e6-86b4-409f04e66ce5,fd9f1577-416e-472f-aad7-7bd5c56293f5,2025-08-25T08:31:00,40e6ddd6-b8f6-4e17-8bd6-5e53966809d2,500,20,520
c853f75d-c8f3-48d1-b851-29e25227c1e2,285bfea1-4dec-4f9d-a9f6-3b3cb20fdde9,2025-08-25T08:32:00,4b6c2304-2b9e-41e4-942a-cf11a1819378,400,24,424
373a3cf0-2664-42ef-bbf1-596f29242eb7,c9750567-c933-4797-9313-ec159ddcb6d2,2025-08-25T08:32:00,40e6ddd6-b8f6-4e17-8bd6-5e53966809d2,600,24,624
bfb7becd-6cf4-4b5b-8eb9-5b410ffa5789,95381466-0836-4fd0-b05c-e8ca6147a51f,2025-08-25T08:33:00,40e6ddd6-b8f6-4e17-8bd6-5e53966809d2,600,24,624
b02d8560-ea7b-4830-aa56-b7016fbed530,ce69d742-4723-467f-9e5d-262fff84a6a6,2025-08-25T08:36:00,40e6ddd6-b8f6-4e17-8bd6-5e53966809d2,600,24,624
7e0f9d9c-52d6-4924-855b-cc8ec343a2f4,2aaf9fc4-0801-4163-8cc8-39558682f704,2025-08-25T08:37:00,4b6c2304-2b9e-41e4-942a-cf11a1819378,400,24,424
93b7fa93-94da-4ef8-96b4-5c14b536a3a3,3cbc7f74-54e3-47c2-b02f-229f7ca60a5c,2025-08-25T08:37:00,40e6ddd6-b8f6-4e17-8bd6-5e53966809d2,700,28,728
bbfbec3e-fca2-4c9b-b900-90e393c5a79b,8c5628d0-6d15-4a6d-80f2-9c723e39ba83,2025-08-25T08:37:00,40e6ddd6-b8f6-4e17-8bd6-5e53966809d2,500,20,520
d36381ec-91e6-4c68-83b3-6505c057fd3f,bb0bc182-b8f7-4f26-b794-dca522dd4cec,2025-08-25T08:38:00,4b6c2304-2b9e-41e4-942a-cf11a1819378,400,24,424
53f393f0-98b3-49fa-879a-c21eec03b072,3fa371d4-77dd-4e91-9a2f-86801b001903,2025-08-25T08:38:00,4b6c2304-2b9e-41e4-942a-cf11a1819378,2400,144,2544
d540741e-4f16-444a-a036-ee902400d85c,ff29ece6-95da-4800-acd2-b14950a339dd,2025-08-25T08:39:00,4b6c2304-2b9e-41e4-942a-cf11a1819378,500,30,530
b9393e9e-d4f5-4fdc-8f2b-f2eb82389213,7755a749-3460-4f0c-a33c-428dccd20885,2025-08-25T08:43:00,40e6ddd6-b8f6-4e17-8bd6-5e53966809d2,600,24,624
4a1ca390-8e9d-4fcc-a417-10fe60a3ddc2,d47a83f3-a765-4a20-b40c-e0993cf00e4f,2025-08-25T08:44:00,4b6c2304-2b9e-41e4-942a-cf11a1819378,600,36,636
4de7ad30-6bfd-40c5-bf34-b5117f5d20c4,d88e53e9-6885-44c1-a0ce-e8ea44f2dcfc,2025-08-25T08:44:00,4b6c2304-2b9e-41e4-942a-cf11a1819378,500,30,530
26b29fa0-e759-448c-aa69-ee17bb85c71d,e6e0c2ef-00b6-4d38-a129-32d4aa4e795d,2025-08-25T08:45:00,4b6c2304-2b9e-41e4-942a-cf11a1819378,500,30,530
673d06bf-3f51-439b-a4cb-219214f12e3e,f55982fc-a2f7-407d-b845-3b32df0463f7,2025-08-25T08:45:00,4b6c2304-2b9e-41e4-942a-cf11a1819378,500,30,530
2bf6dd79-5890-41fe-8a89-6e19f6fa46c5,d45ce04e-1258-4744-ab7d-af982c28565d,2025-08-25T08:46:00,40e6ddd6-b8f6-4e17-8bd6-5e53966809d2,600,24,624
2dca3310-6120-4848-9c7e-9b61e5296807,1757e1cd-b99e-42a3-9e19-1b1305127836,2025-08-25T08:47:00,40e6ddd6-b8f6-4e17-8bd6-5e53966809d2,400,16,416
cafabb21-af6d-4bf0-ba68-3a42f8ad7d7d,758b4602-0ce0-440a-9584-ad59ce4216ad,2025-08-25T08:51:00,40e6ddd6-b8f6-4e17-8bd6-5e53966809d2,600,24,624
40f8259b-aacd-40c2-aa4b-c4c23584857f,2e0d6ce4-794d-4494-bd1d-f44dbca8683f,2025-08-25T08:51:00,40e6ddd6-b8f6-4e17-8bd6-5e53966809d2,400,16,416
05fef0f7-a238-41a4-8c9e-956cc4bc2e45,1ed31084-8b68-49ca-91d6-7162d8521c02,2025-08-25T08:52:00,40e6ddd6-b8f6-4e17-8bd6-5e53966809d2,1900,76,1976
cda58d31-2bb2-4546-a362-4b1ede1ff50c,49a68f77-776a-4b4b-b668-48e489f414ae,2025-08-25T08:53:00,40e6ddd6-b8f6-4e17-8bd6-5e53966809d2,500,20,520
e37535c9-9f2c-4786-a24d-de6baf9404cd,920c0197-3c76-4cb7-90f7-b1a687043563,2025-08-25T08:55:00,40e6ddd6-b8f6-4e17-8bd6-5e53966809d2,500,20,520
c104e022-0792-4e7c-947e-624465ce3c9b,d6914b8f-0d72-4044-a61b-055adb02f005,2025-08-25T08:56:00,40e6ddd6-b8f6-4e17-8bd6-5e53966809d2,600,24,624
6c0383c6-39b3-450f-8f58-9c8af49b782a,5bc10fee-ced7-43f1-91e5-597bd89faff6,2025-08-25T08:57:00,40e6ddd6-b8f6-4e17-8bd6-5e53966809d2,500,20,520
09c24b53-6a16-4701-9722-7eae1a27d3e4,ce8210c0-c537-4fd0-80ef-c3e8063b748a,2025-08-25T08:57:00,40e6ddd6-b8f6-4e17-8bd6-5e53966809d2,400,16,416
f42d2ec1-7f0a-4503-8f90-7b5e0dc7e38c,bf03895d-6d44-49a2-8183-81c4e89eac75,2025-08-25T08:59:00,40e6ddd6-b8f6-4e17-8bd6-5e53966809d2,400,16,416
170ba2a5-a65d-444e-85e0-38c7f61a4b3b,7bb8fda6-2726-4199-a7aa-ed27cdfff312,2025-08-25T09:05:00,4b6c2304-2b9e-41e4-942a-cf11a1819378,1400,84,1484
11967acb-bb9d-4edb-aeac-f737b15de2e4,2977486c-8467-4a72-a290-db87a9022320,2025-08-25T09:07:00,4b6c2304-2b9e-41e4-942a-cf11a1819378,400,24,424
951ad4f8-6aea-4afe-885b-c96115210c27,d6ca14b1-9b55-47f7-be97-787002ca26e5,2025-08-25T09:12:00,40e6ddd6-b8f6-4e17-8bd6-5e53966809d2,400,16,416
44b24857-540a-474e-af5b-4bdbfddd9d3b,bb9bad76-c7ec-4f36-842c-54c3bbb40467,2025-08-25T09:14:00,40e6ddd6-b8f6-4e17-8bd6-5e53966809d2,600,24,624
c6a281cf-aeeb-4606-94e1-a8dd9bbd6999,4b14013f-d7e7-44b8-a287-329bf6e298c3,2025-08-25T09:18:00,40e6ddd6-b8f6-4e17-8bd6-5e53966809d2,500,20,520
ece30096-64fe-460e-8098-a1e793d7f028,5b817ccb-b122-4044-b74f-bde3d1df714d,2025-08-25T09:20:00,4b6c2304-2b9e-41e4-942a-cf11a1819378,600,36,636
43610030-04f8-452a-b864-820bbe35fee3,96e4788e-210c-4cc9-97f7-b6b855134e0b,2025-08-25T09:22:00,4b6c2304-2b9e-41e4-942a-cf11a1819378,1900,113,2013
83dc2957-cf02-4773-aa47-efaee2e9584b,19a91b0b-51dc-434f-978a-177588409f99,2025-08-25T09:38:00,4b6c2304-2b9e-41e4-942a-cf11a1819378,400,24,424
f2e46785-c2c0-4f50-a5a7-479523abf0f0,9db0e79f-fdea-4290-ba7b-114141f33d1f,2025-08-25T09:44:00,4b6c2304-2b9e-41e4-942a-cf11a1819378,1100,65,1165
3f3de144-48e0-401c-a2f4-a2262f2c4ea1,d4d6c47d-5048-4008-b088-4f13691fbefd,2025-08-25T09:44:00,40e6ddd6-b8f6-4e17-8bd6-5e53966809d2,1200,48,1248
19407fd4-7962-4a7f-9467-242cbae26e26,e8014144-a99b-4ca2-8418-56404aee2f08,2025-08-25T09:44:00,40e6ddd6-b8f6-4e17-8bd6-5e53966809d2,800,32,832
39d9ac74-69fd-419e-a23a-4b3dbe287e9c,eccb6e23-700f-4b9e-803e-9c681f12dd9e,2025-08-25T09:51:00,40e6ddd6-b8f6-4e17-8bd6-5e53966809d2,700,28,728
967d4c3f-fbea-4ac0-ac13-8c247aa3b5c6,52ecad80-29ad-4b94-8e45-82007ac63dba,2025-08-25T09:55:00,4b6c2304-2b9e-41e4-942a-cf11a1819378,400,24,424
5d0b94a7-6128-488a-8763-0fe0539a7fe1,189edb91-3f25-4f32-bfb4-64bd4052cb1c,2025-08-25T09:56:00,4b6c2304-2b9e-41e4-942a-cf11a1819378,2000,120,2120
ad814da8-405c-4f2f-8fb8-48562da3b674,6d883826-0157-47c4-a6cc-cb8134bcc6db,2025-08-25T09:56:00,40e6ddd6-b8f6-4e17-8bd6-5e53966809d2,600,24,624
65a8936a-81f6-49ab-803e-89ca98fd2660,582e9081-9542-4d02-9ed4-d41c93fa8b2c,2025-08-25T09:59:00,40e6ddd6-b8f6-4e17-8bd6-5e53966809d2,600,24,624
e24f7809-357f-4277-ad44-b05ee08ab3aa,748db0ca-899a-4da8-8177-2fa1ec2a9302,2025-08-25T10:12:00,40e6ddd6-b8f6-4e17-8bd6-5e53966809d2,700,28,728
04e5012a-eb69-45c4-91bd-921d30191dc1,03710ca1-feb1-4206-bd26-3bb8e6a1dac2,2025-08-25T10:15:00,4b6c2304-2b9e-41e4-942a-cf11a1819378,600,36,636
33857271-3017-4976-ae32-524393033133,0206c59d-8464-4845-9680-9463df25efd9,2025-08-25T10:18:00,4b6c2304-2b9e-41e4-942a-cf11a1819378,3500,210,3710
f9f96b9b-1d8f-407b-82f3-68ae886066e8,12d19891-03e3-455b-b4f2-7d8f8f6b8f01,2025-08-25T10:20:00,40e6ddd6-b8f6-4e17-8bd6-5e53966809d2,600,24,624
75614f3b-6958-450d-a1ba-5cf2a0341c98,0c7084bc-19a5-4ad6-bb26-a25f9c09b324,2025-08-25T10:23:00,4b6c2304-2b9e-41e4-942a-cf11a1819378,1300,78,1378
e3e688f4-4d62-4f04-a7cc-4b849b709af0,af3dbfea-4df6-42c8-9826-57806904f81c,2025-08-25T10:24:00,40e6ddd6-b8f6-4e17-8bd6-5e53966809d2,600,24,624
60889eaa-31f3-45cb-9d2d-db248c1b071a,670a79a3-05fc-4a33-8b9d-1b6df80347f4,2025-08-25T10:34:00,4b6c2304-2b9e-41e4-942a-cf11a1819378,400,24,424
9cbde5d1-6c94-4d43-ae8f-70c1b3bbd1c5,4041ba09-7a39-4b37-9e0e-f39a765d9c82,2025-08-25T10:34:00,40e6ddd6-b8f6-4e17-8bd6-5e53966809d2,700,28,728
09b66436-1840-4650-ae2e-56f5b69bdaaa,1fcfe435-1e78-4646-a517-19906c49735a,2025-08-25T10:48:00,4b6c2304-2b9e-41e4-942a-cf11a1819378,500,30,530
98c4ea10-5125-42ca-bb7b-9a18b9cc56bf,8cef9627-37e9-4bad-a5d7-69f87f291c90,2025-08-25T10:52:00,4b6c2304-2b9e-41e4-942a-cf11a1819378,500,30,530
e6feae19-033f-48ee-930f-fafbac1a1058,6e4bc86a-7c8c-457f-bc7a-61c6187a18f4,2025-08-25T10:57:00,40e6ddd6-b8f6-4e17-8bd6-5e53966809d2,600,24,624
eafbd655-1404-424a-aeef-878e996cca1e,10687c1c-9437-400c-a604-0e19882c65e1,2025-08-25T10:57:00,40e6ddd6-b8f6-4e17-8bd6-5e53966809d2,400,16,416
67be384b-7083-4ad7-9135-97b9fcedaf44,2e2960d6-f2e9-4048-b234-fb21f0f72405,2025-08-25T11:01:00,40e6ddd6-b8f6-4e17-8bd6-5e53966809d2,1000,40,1040
fa38cba5-e1f7-47f4-b40a-46dff64fd5ff,c64e9b29-2c3f-4a02-bf80-175c5a980c92,2025-08-25T11:08:00,4b6c2304-2b9e-41e4-942a-cf11a1819378,400,24,424
ec306dd8-86be-41a8-9a03-676c35e0fd5e,6a9699dc-eba5-4045-9b96-91504f0cfe77,2025-08-25T11:09:00,40e6ddd6-b8f6-4e17-8bd6-5e53966809d2,600,24,624
f7966712-6413-4e69-b5b7-25252f38a806,41c59ae8-bcd0-4d00-b8e9-bfaa0ce5913b,2025-08-25T11:10:00,40e6ddd6-b8f6-4e17-8bd6-5e53966809d2,600,24,624
5ea83137-73c0-4299-ad61-2bd60375f647,a57c96be-0b7a-41c6-bd9a-9330e20c497a,2025-08-25T11:16:00,4b6c2304-2b9e-41e4-942a-cf11a1819378,400,24,424
8d857350-8e7d-40fe-a28d-73f0a1aeb89b,5948da4d-8a3d-4122-9885-6f62f017c7b2,2025-08-25T11:21:00,40e6ddd6-b8f6-4e17-8bd6-5e53966809d2,700,28,728
c12a6f02-a9be-473b-b322-867237fb8e92,7e26cac1-f9ea-443d-a6d7-b0d624d82143,2025-08-25T11:21:00,40e6ddd6-b8f6-4e17-8bd6-5e53966809d2,400,16,416
af0c8e39-615c-4f1f-85d9-403b3460421b,84f7f075-d17e-4662-a11c-bc80e28b12f5,2025-08-25T11:24:00,40e6ddd6-b8f6-4e17-8bd6-5e53966809d2,600,24,624
2152b370-654f-4818-8117-bc77933b8198,c11308cb-8153-4e7b-9149-9b6b5c0aa137,2025-08-25T11:25:00,40e6ddd6-b8f6-4e17-8bd6-5e53966809d2,700,28,728
d5f0b5d5-8eb7-4693-b3a7-4f5ad62d24b2,0c621caa-4854-43bb-ab8f-74e1f79ba3e4,2025-08-25T11:29:00,40e6ddd6-b8f6-4e17-8bd6-5e53966809d2,1300,52,1352
959eeff7-d1e5-4b24-bd51-bbd7c0be7449,296a6b8f-b21e-4485-ad7f-18c1262a0764,2025-08-25T11:32:00,40e6ddd6-b8f6-4e17-8bd6-5e53966809d2,500,20,520
68144c0a-94c6-473c-ab3d-f44d26beec5c,848c50eb-5e2a-4b53-b6b9-751bfad107b7,2025-08-25T11:33:00,4b6c2304-2b9e-41e4-942a-cf11a1819378,500,30,530
b7e30575-8674-46e7-a66e-ab7d01a88ddd,eefcf9f0-dbd0-4907-a619-121deeb825dc,2025-08-25T11:34:00,40e6ddd6-b8f6-4e17-8bd6-5e53966809d2,400,16,416
98834d51-46e7-41a7-8b32-f71182594294,827eed18-8ab1-4e5d-ab00-5d8ac9bb168b,2025-08-25T11:37:00,4b6c2304-2b9e-41e4-942a-cf11a1819378,400,24,424
09ba2ed9-f237-4bbf-af5d-8f16f91a15aa,b60e68c2-1b3c-4a8b-a056-a39fb4e6a320,2025-08-25T11:37:00,40e6ddd6-b8f6-4e17-8bd6-5e53966809d2,400,16,416
cade2767-f902-44dd-943a-bdd2bac773da,ce5679e9-296a-4566-ba46-98a3e0a94136,2025-08-25T11:40:00,40e6ddd6-b8f6-4e17-8bd6-5e53966809d2,600,24,624
85a534c2-4530-47a2-bfb5-e3dc98f88d3a,3f1fc492-e8ed-4840-97a0-a56592fdc1d9,2025-08-25T11:42:00,4b6c2304-2b9e-41e4-942a-cf11a1819378,700,42,742
82404ef0-2074-4c5b-8e9c-36e7fe8cd25b,44df0dc9-35a6-4159-8141-4a8bf47c0e2b,2025-08-25T11:42:00,40e6ddd6-b8f6-4e17-8bd6-5e53966809d2,600,24,624
0156cc30-35cf-47a5-b81e-6dc62f0a8eb9,c37c5233-7b26-4427-8ed9-ce36cc9ceb00,2025-08-25T11:46:00,40e6ddd6-b8f6-4e17-8bd6-5e53966809d2,600,24,624
bcd1ca93-3b37-46ed-b04e-1a9b28b1150e,1233e680-06d7-4b38-8c6e-796ef158556a,2025-08-25T11:52:00,4b6c2304-2b9e-41e4-942a-cf11a1819378,600,36,636
5cc1ebce-7216-428e-8110-f57b88f843be,c5ee9489-e7ea-4da3-9a86-b34c76f6d340,2025-08-25T11:52:00,40e6ddd6-b8f6-4e17-8bd6-5e53966809d2,1700,68,1768
c66d46e1-57d2-4157-8973-eb21d7e1f955,6da78127-2929-4106-a298-2b58afca0a92,2025-08-25T11:53:00,40e6ddd6-b8f6-4e17-8bd6-5e53966809d2,600,24,624
b8ab59ff-095d-4bad-a5d2-8c63f4cf2198,59292cdf-6314-4444-aee9-45a78c76dcbe,2025-08-25T11:55:00,4b6c2304-2b9e-41e4-942a-cf11a1819378,400,24,424
3faad9b7-5411-4d01-b908-a394adb6b4db,b6552330-9932-4624-8855-b5b7aa13d3f4,2025-08-25T11:56:00,4b6c2304-2b9e-41e4-942a-cf11a1819378,400,24,424
5795e4c5-c79a-4649-a4d6-9acb0107f944,303bc5db-08d0-4431-b6df-29c80d0321da,2025-08-25T11:56:00,40e6ddd6-b8f6-4e17-8bd6-5e53966809d2,500,20,520
bfb2570f-f494-4840-8750-2f5811a9fc76,43086963-8392-432e-84e0-ef1902202b4c,2025-08-25T11:57:00,4b6c2304-2b9e-41e4-942a-cf11a1819378,500,30,530
33ce1be8-237d-4ee7-91a2-d0d149f3670d,cd67e795-f5fa-470f-9a4f-4060d5951279,2025-08-25T11:58:00,40e6ddd6-b8f6-4e17-8bd6-5e53966809d2,700,28,728
6f5a3e8d-298e-4bcf-a2fd-0a6018923281,37601558-3b79-4200-800f-fc03a28a5ec7,2025-08-25T11:59:00,40e6ddd6-b8f6-4e17-8bd6-5e53966809d2,600,24,624
d76c4b8a-bc7d-447c-b3c3-62a1ce2383c6,7c66bbce-e687-4e15-be85-d960c3de159b,2025-08-25T12:00:00,40e6ddd6-b8f6-4e17-8bd6-5e53966809d2,1900,76,1976
acc54630-f933-4a81-818a-0f9cc70603ef,7b971d80-7566-4bfa-93b7-b87270c4b732,2025-08-25T12:01:00,4b6c2304-2b9e-41e4-942a-cf11a1819378,3800,227,4027
0323ae6b-7d07-4dd5-bb39-90b08eb1b20f,254a6b6d-5dcb-4d20-88ce-e2e448935a93,2025-08-25T12:04:00,4b6c2304-2b9e-41e4-942a-cf11a1819378,1000,60,1060
a6f4d5cd-65fc-467e-966f-227137b191bb,5bf14829-99bd-4d3c-b504-edd1e45593a0,2025-08-25T12:04:00,40e6ddd6-b8f6-4e17-8bd6-5e53966809d2,600,24,624
f95af62e-cc8a-4bc3-ba98-6e6cc766356b,9a689679-4c75-46ba-92d3-6b5b0c51a34a,2025-08-25T12:07:00,40e6ddd6-b8f6-4e17-8bd6-5e53966809d2,700,28,728
6acb37f7-1cc7-4fd4-87a8-d89839a1a077,3d097c4e-dd09-4cfa-8460-39fd4fb8a1cc,2025-08-25T12:10:00,4b6c2304-2b9e-41e4-942a-cf11a1819378,1600,96,1696
68a99b29-11af-4221-bf99-110cdb4225ec,b01b46fd-8f75-4db5-806d-c5c5980008c4,2025-08-25T12:12:00,40e6ddd6-b8f6-4e17-8bd6-5e53966809d2,700,28,728
1393e7bf-7544-4a91-ba2e-4f7cceca1f12,298ca377-a08e-4e0d-91d6-b0b5aff14c1b,2025-08-25T12:18:00,40e6ddd6-b8f6-4e17-8bd6-5e53966809d2,700,28,728
591047d4-6176-45db-85f8-4c06d814babc,32927010-1d7d-4cd9-a500-593804ff0e77,2025-08-25T12:19:00,40e6ddd6-b8f6-4e17-8bd6-5e53966809d2,600,24,624
feb1cbd6-1d93-4e1a-9b9c-4a6f865fe8d2,ef7f92e8-2f80-4e44-9e56-9ee276819791,2025-08-25T12:24:00,4b6c2304-2b9e-41e4-942a-cf11a1819378,400,24,424
167013a6-ae60-4534-b452-cbdcbbc8a2e9,3dc87d1c-7942-471e-b947-26b7ec78cedb,2025-08-25T12:28:00,40e6ddd6-b8f6-4e17-8bd6-5e53966809d2,700,28,728
8dd30b69-1bf2-4562-bd7b-5ff8522c8d00,d6cf7caa-9dd8-48c6-b4ee-5a02f62bb280,2025-08-25T12:30:00,4b6c2304-2b9e-41e4-942a-cf11a1819378,500,30,530
3bffedce-6ba6-40f1-bac9-6bfc3b18a7a3,3f78077b-93c7-4c4e-8976-f16cb11cfcfc,2025-08-25T12:30:00,4b6c2304-2b9e-41e4-942a-cf11a1819378,2100,126,2226
11efd1d8-0606-48be-be2a-e33116d6c6aa,df8c3dd7-4bc5-4996-98e5-18e7ec0046e9,2025-08-25T12:39:00,40e6ddd6-b8f6-4e17-8bd6-5e53966809d2,1600,64,1664
6bbe5e57-6ec6-4497-93c3-0812f61b5522,902c8ddc-8ba2-42a6-b380-4afc64f50ffc,2025-08-25T12:41:00,40e6ddd6-b8f6-4e17-8bd6-5e53966809d2,2800,112,2912
7133ca25-f9fc-4e03-9fcd-a0b8874db28a,6fcd3399-b9d5-4ab0-9d50-385be83fec9c,2025-08-25T12:45:00,40e6ddd6-b8f6-4e17-8bd6-5e53966809d2,1800,72,1872
833b8e29-f3a9-40a3-865f-ae6d37037b74,d7615aca-6de3-4a17-8fd0-212330ca9c28,2025-08-25T12:46:00,40e6ddd6-b8f6-4e17-8bd6-5e53966809d2,400,16,416
b84cd414-5fa6-4534-bb65-9fc9a747a981,5f22d013-c3f9-44a7-aeba-0975da12ffcc,2025-08-25T12:48:00,40e6ddd6-b8f6-4e17-8bd6-5e53966809d2,600,24,624
a5e1a3cc-3479-41a7-9852-676117600f8e,b4624db2-8aba-4c57-a0f7-0f5cb8bf0a04,2025-08-25T12:50:00,40e6ddd6-b8f6-4e17-8bd6-5e53966809d2,3300,132,3432
868224e5-26b9-4875-aa7d-eda4d745dfac,5dbe3a93-bfd1-48f7-8040-dacc81b641f3,2025-08-25T12:51:00,4b6c2304-2b9e-41e4-942a-cf11a1819378,600,36,636
18ff5991-289a-462a-b5c9-9ffe69b45f77,fe2e9f59-c77b-4756-ad2e-fe864a560344,2025-08-25T12:56:00,4b6c2304-2b9e-41e4-942a-cf11a1819378,2200,131,2331
668bf23a-95c8-41de-8e07-c050f495dc33,e50d93de-3e78-4f09-8406-df4f27f26c8f,2025-08-25T12:56:00,4b6c2304-2b9e-41e4-942a-cf11a1819378,600,36,636
de5f2039-352a-42bb-aee7-b0e03bc4c0e4,187d49e0-634f-4e10-a10c-3b0be7408be0,2025-08-25T13:00:00,4b6c2304-2b9e-41e4-942a-cf11a1819378,600,36,636
71674191-cfe7-4c4a-88a2-cd02a5ecc6da,e60ba363-7c8f-4fba-8c98-2d4952e8fbc5,2025-08-25T13:00:00,40e6ddd6-b8f6-4e17-8bd6-5e53966809d2,600,24,624
ac61f659-df85-4aca-9c96-7aed4ff40d92,4da311cb-8e0d-487a-8fdd-4a94529db3e4,2025-08-25T13:04:00,40e6ddd6-b8f6-4e17-8bd6-5e53966809d2,400,16,416
26460010-3738-4f09-9d4f-aa4a5fc69cd0,86fb0f27-e52e-40a4-8499-5f1610574213,2025-08-25T13:04:00,40e6ddd6-b8f6-4e17-8bd6-5e53966809d2,600,24,624
96e0013b-922f-4be8-a716-84393002925e,cee4269a-3771-43d9-adc4-762ba3bc1782,2025-08-25T13:05:00,4b6c2304-2b9e-41e4-942a-cf11a1819378,500,30,530
64da986f-7b97-4ede-b607-0f2178c1258c,11498734-cebc-4784-a055-6bd08a18f1dc,2025-08-25T13:06:00,40e6ddd6-b8f6-4e17-8bd6-5e53966809d2,1800,72,1872
3023399b-8755-479b-8a4f-f1a0ae715981,7e52ce3f-191d-4d27-a0a8-76706fd6173c,2025-08-25T13:09:00,4b6c2304-2b9e-41e4-942a-cf11a1819378,1900,113,2013
e623d8fd-210b-4b6f-9824-b3a49b183e5d,fa6de1f2-ff8e-43ea-8da3-98d975b096da,2025-08-25T13:11:00,40e6ddd6-b8f6-4e17-8bd6-5e53966809d2,1700,68,1768
84ce990c-9901-4d77-aea4-f39053c02f9b,ae6e644d-c310-4f23-84dc-5063fc2e2953,2025-08-25T13:12:00,4b6c2304-2b9e-41e4-942a-cf11a1819378,400,24,424
c24f52f7-e0ca-434f-a788-8c742104d9d4,aa0533fd-252b-49cb-8070-77b5c88b04ee,2025-08-25T13:12:00,40e6ddd6-b8f6-4e17-8bd6-5e53966809d2,500,20,520
6983e7c4-971b-47e3-abf8-8af12d2f8be0,27133460-80a8-449a-b422-65bfe97af456,2025-08-25T13:12:00,40e6ddd6-b8f6-4e17-8bd6-5e53966809d2,400,16,416
137c83a4-92c3-4049-ab15-2427665f6044,f8486fce-bc07-4a4f-a6e9-ed6a06ba996c,2025-08-25T13:14:00,4b6c2304-2b9e-41e4-942a-cf11a1819378,600,36,636
5e533ced-83ca-41d9-948c-9cfe75d17e64,d5e5a6a6-cb8d-4d62-8551-298dee7f1f9f,2025-08-25T13:14:00,4b6c2304-2b9e-41e4-942a-cf11a1819378,600,36,636
dcb8f0d6-7eed-4463-ab0d-67c1b5394c75,a054cb90-d7e9-4236-9533-fc7fd2b1fd77,2025-08-25T13:16:00,40e6ddd6-b8f6-4e17-8bd6-5e53966809d2,1100,44,1144
c73f1094-9595-435a-85bb-129382da3d0b,13b24541-2c78-41cb-a6b6-e8713ab9a16f,2025-08-25T13:19:00,4b6c2304-2b9e-41e4-942a-cf11a1819378,400,24,424
0b8e26bd-016c-4e37-b95f-03b1f11607cc,090fb913-1317-4169-b150-64e304451d38,2025-08-25T13:20:00,40e6ddd6-b8f6-4e17-8bd6-5e53966809d2,700,28,728
a3437d4b-e4ea-4c55-bc9a-b08b9646cf6f,d78e6e3f-3ff1-49b6-9dcb-129816aa0ecb,2025-08-25T13:23:00,40e6ddd6-b8f6-4e17-8bd6-5e53966809d2,700,28,728
ac4b9524-3b8d-4ad3-b39b-553562ce4d58,543b48b5-22b5-41e4-8e3c-704fc8f03e8d,2025-08-25T13:23:00,40e6ddd6-b8f6-4e17-8bd6-5e53966809d2,400,16,416
ae8f7646-2962-4b91-a28f-c2ec09944a14,7fcd9f31-c0cb-4414-9981-9d014f593081,2025-08-25T13:23:00,40e6ddd6-b8f6-4e17-8bd6-5e53966809d2,1800,72,1872
4a4d8115-a9b8-4de9-8f62-c574c946360e,b8cf5c4c-27e2-4106-9058-eb38559661e0,2025-08-25T13:25:00,40e6ddd6-b8f6-4e17-8bd6-5e53966809d2,700,28,728
fe405717-c3e4-4b1a-8f15-f74040adb0fb,239409e0-b3ad-4bf6-ba7c-08628ee3cbee,2025-08-25T13:27:00,40e6ddd6-b8f6-4e17-8bd6-5e53966809d2,600,24,624
b7af4670-2893-4411-b820-90f410791264,191feb1d-2def-4cbf-a8f8-ee3eb3856ea2,2025-08-25T13:33:00,4b6c2304-2b9e-41e4-942a-cf11a1819378,500,30,530
4c58eacf-ea03-4931-8e88-2e2af1519d3c,8fd99d74-d73b-4014-a8fa-a37b39befe36,2025-08-25T13:33:00,40e6ddd6-b8f6-4e17-8bd6-5e53966809d2,600,24,624
269cebc5-0bdb-49b7-9954-7854f86b76f5,16e8d4f8-2451-446f-a254-3bc68e40621b,2025-08-25T13:34:00,4b6c2304-2b9e-41e4-942a-cf11a1819378,1600,96,1696
47847bf2-e50c-4249-8807-aaee239f66c1,922d63c5-873c-4693-9775-df99ba006ccd,2025-08-25T13:36:00,40e6ddd6-b8f6-4e17-8bd6-5e53966809d2,1100,44,1144
d26820a0-2597-4ded-ad8b-4b5e575e8ff5,fd12529b-56bd-40cf-a742-a90ad36add5e,2025-08-25T13:43:00,40e6ddd6-b8f6-4e17-8bd6-5e53966809d2,1200,48,1248
92198e56-d3a5-4fb0-bb79-7433f0cc9ee4,d7af9974-5b4c-4c70-85c5-1f7ff782da88,2025-08-25T13:44:00,40e6ddd6-b8f6-4e17-8bd6-5e53966809d2,700,28,728
cb6c120d-51a6-466b-8e23-f3e5a95d6a95,8e104807-9dc2-4625-a1b7-9d858ddd96de,2025-08-25T13:46:00,4b6c2304-2b9e-41e4-942a-cf11a1819378,400,24,424
fe19931f-a1e5-4885-9d5b-1b600700fa3e,2dbed2c3-1c68-4b90-a343-39b51de57b45,2025-08-25T13:48:00,4b6c2304-2b9e-41e4-942a-cf11a1819378,1700,102,1802
9dd00810-6f9e-4758-9948-793039a9b210,9813cce1-ec92-4b06-b6e3-ed8a73e34436,2025-08-25T13:49:00,40e6ddd6-b8f6-4e17-8bd6-5e53966809d2,500,20,520
29520907-bb09-423e-90b7-beac28b10a11,8f9052f4-d761-416e-8b74-a71f640df0d7,2025-08-25T13:50:00,4b6c2304-2b9e-41e4-942a-cf11a1819378,700,42,742
f6f47a1b-c520-4b36-a4e6-bdd377e8d477,3207b0f3-9af4-4ba4-acb1-6ba8ea25f52e,2025-08-25T13:57:00,40e6ddd6-b8f6-4e17-8bd6-5e53966809d2,1700,68,1768
72de2dc7-6fb7-4db4-94c3-6b1ef601e1f8,e4bced79-6e2c-4b22-a6d5-199ed87ca7ee,2025-08-25T13:58:00,4b6c2304-2b9e-41e4-942a-cf11a1819378,700,42,742
9295c964-225b-4a78-9086-bda5f6dc9ec9,4126c950-a88a-4305-895c-96d7e076897e,2025-08-25T14:00:00,4b6c2304-2b9e-41e4-942a-cf11a1819378,1300,78,1378
2049897e-0917-4b0a-b820-534b77efa779,06a161e4-302f-4ae9-b96b-2734ad33f946,2025-08-25T14:01:00,40e6ddd6-b8f6-4e17-8bd6-5e53966809d2,700,28,728
ca8fbac0-3565-44f7-9167-70c05ccb29e3,358fc32a-8446-4c62-b4a1-92b145a689e8,2025-08-25T14:02:00,4b6c2304-2b9e-41e4-942a-cf11a1819378,1200,72,1272
55c7a3a9-8410-49d2-a13a-47b28a2cc383,e5873f83-602d-4424-9c5e-184c56c9d4ba,2025-08-25T14:03:00,40e6ddd6-b8f6-4e17-8bd6-5e53966809d2,700,28,728
9a1f4414-6165-4c22-b985-753959d1b6db,4feef355-aeb7-41f9-a391-7f991eeb7b15,2025-08-25T14:05:00,40e6ddd6-b8f6-4e17-8bd6-5e53966809d2,600,24,624
4f4aced4-cc9c-4279-a762-3c6683dea910,d23755ac-d315-4dfd-ae80-4fa042f7d833,2025-08-25T14:07:00,4b6c2304-2b9e-41e4-942a-cf11a1819378,400,24,424
db84c7d8-3c13-4858-a7c2-c27bc2821441,cec4dd97-5c6e-415b-ba06-47dc8ef4570f,2025-08-25T14:07:00,4b6c2304-2b9e-41e4-942a-cf11a1819378,500,30,530
53fc0378-5a77-4197-93f9-85c26ede59c3,18b69140-479d-44b6-8369-04a49414f975,2025-08-25T14:11:00,4b6c2304-2b9e-41e4-942a-cf11a1819378,2200,131,2331
220fffb4-aa8e-4f10-bc59-36b7e38db508,5f2b73d5-f495-401c-82ee-47cf4886bfa2,2025-08-25T14:12:00,40e6ddd6-b8f6-4e17-8bd6-5e53966809d2,1200,48,1248
a3d77cff-5a58-4b3e-a65a-81ede27a8592,73b79064-9e0d-4b3f-87d0-6ab33593b492,2025-08-25T14:13:00,4b6c2304-2b9e-41e4-942a-cf11a1819378,2300,138,2438
b70cb11d-d188-45bd-a8d1-e08fb77f3333,9400a9f1-7dfe-440e-9992-ce7a2dd5b296,2025-08-25T14:13:00,40e6ddd6-b8f6-4e17-8bd6-5e53966809d2,600,24,624
bcec196f-6df0-4c30-b3b7-002f5e648e40,07571aa5-5581-4cf0-9a68-006051f37c8c,2025-08-25T14:15:00,40e6ddd6-b8f6-4e17-8bd6-5e53966809d2,600,24,624
3ede2638-1e10-4142-b75b-7cb5c111d4ad,758d0e66-e551-46a4-b8f9-0a98d7161e93,2025-08-25T14:20:00,40e6ddd6-b8f6-4e17-8bd6-5e53966809d2,500,20,520
0f3da162-6d90-492b-ab68-08297b1ed9d7,e8e92a9f-bec3-4873-951c-b05d0fe37715,2025-08-25T14:22:00,4b6c2304-2b9e-41e4-942a-cf11a1819378,1300,78,1378
b0e23350-c1bb-4cfe-a2a9-6b59121e85ec,bf32ccad-096c-457c-9147-6f220d46e227,2025-08-25T14:22:00,4b6c2304-2b9e-41e4-942a-cf11a1819378,600,36,636
0fea95ca-6734-405a-8da5-a71cf9515cd8,f7d61334-5d22-49f8-a022-903921239047,2025-08-25T14:22:00,40e6ddd6-b8f6-4e17-8bd6-5e53966809d2,400,16,416
77a0192b-ec77-4161-83bb-ec7d42ca2cbb,3eaef1e6-c145-417b-875b-96a83a8a8dc8,2025-08-25T14:24:00,40e6ddd6-b8f6-4e17-8bd6-5e53966809d2,600,24,624
3937f6b1-4218-41c2-b96a-0c6908eade26,46d34d7f-a3a4-4386-89ba-fa5ac15e5a69,2025-08-25T14:26:00,40e6ddd6-b8f6-4e17-8bd6-5e53966809d2,500,20,520
867d6428-1bf1-43e7-84c6-01bb055e6e11,afa83ff8-2b40-47b8-8bcf-1f9285c11695,2025-08-25T14:28:00,40e6ddd6-b8f6-4e17-8bd6-5e53966809d2,1800,72,1872
48505d0e-bca2-4990-8208-f16fa3b8118a,7863e37d-24c8-4e18-8730-ea7e2a65606d,2025-08-25T14:29:00,40e6ddd6-b8f6-4e17-8bd6-5e53966809d2,600,24,624
096fd0fe-836d-4ce8-8599-eeb87b0301cb,3a1577eb-7860-498f-936a-da13e16cbd8c,2025-08-25T14:33:00,40e6ddd6-b8f6-4e17-8bd6-5e53966809d2,600,24,624
bfd21f94-6eda-4942-8e61-53076bd04120,e9f40ffc-bea9-4cc6-abca-7fe897f37903,2025-08-25T14:33:00,40e6ddd6-b8f6-4e17-8bd6-5e53966809d2,1100,44,1144
47243438-a096-4263-be57-a76b755224f0,d47fa6a3-60cc-4d46-8dc2-9b3fd5e43153,2025-08-25T14:35:00,4b6c2304-2b9e-41e4-942a-cf11a1819378,400,24,424
14d05b60-b2cb-41df-9647-6028b88140ab,a768163c-0781-430b-8703-ce1ce473c762,2025-08-25T15:01:00,40e6ddd6-b8f6-4e17-8bd6-5e53966809d2,400,16,416
cdd63faf-91bb-4ec2-bdc7-6d0a9c830fa6,013b644d-5645-44bd-8ca3-d7d254b2ba18,2025-08-25T15:05:00,4b6c2304-2b9e-41e4-942a-cf11a1819378,400,24,424
53184165-a5a9-41fe-942c-196ccf293b76,8f06b288-f9eb-454f-adef-47f12b7572d7,2025-08-25T15:07:00,40e6ddd6-b8f6-4e17-8bd6-5e53966809d2,600,24,624
5ebe4b83-ee24-4679-ad5b-f7d641f12ae2,98c7adf1-31bc-45c1-85fb-dbf53b4a53e2,2025-08-25T15:09:00,4b6c2304-2b9e-41e4-942a-cf11a1819378,2000,120,2120
8a87ea29-fbe4-4bf4-b1c2-bdee2c3bc528,c5dde410-2c70-486e-bb0d-974b2798825b,2025-08-25T15:12:00,4b6c2304-2b9e-41e4-942a-cf11a1819378,700,42,742
9d1afc4d-619b-4a0e-a89e-7a46be8b4c29,019bbbbd-bb75-49d2-8d74-d1c01012bd21,2025-08-25T15:17:00,40e6ddd6-b8f6-4e17-8bd6-5e53966809d2,2300,92,2392
e31f943a-13ed-4b59-9b06-a73e6730ae95,07365e1d-9d4c-4185-859e-d5757178280c,2025-08-25T15:22:00,40e6ddd6-b8f6-4e17-8bd6-5e53966809d2,2400,96,2496
ecbac954-5d02-4b8e-ba40-b149d8d1667e,3218db6b-84e5-453d-8de9-a966eecbacc6,2025-08-25T15:24:00,40e6ddd6-b8f6-4e17-8bd6-5e53966809d2,1700,68,1768
ed579c80-1b0e-413e-9fd2-6aef64eca8e9,b7428f06-b3dd-477e-8569-96068f3d3dcb,2025-08-25T15:27:00,40e6ddd6-b8f6-4e17-8bd6-5e53966809d2,4100,164,4264
5720a61c-789d-4bf2-ba7c-fba49cbdd041,3f3af4f6-a87b-4f03-8669-2e1a8e3c6d8b,2025-08-25T15:31:00,4b6c2304-2b9e-41e4-942a-cf11a1819378,500,30,530
4819cc1d-e90d-4525-a1a2-2010607483cb,1435b563-f156-4cd8-9f3d-6224260e26a4,2025-08-25T15:34:00,4b6c2304-2b9e-41e4-942a-cf11a1819378,600,36,636
409fb8c8-100e-47f4-98ad-198b98f30a32,bf060a41-af0e-4932-b757-4f010ccf07f1,2025-08-25T15:36:00,40e6ddd6-b8f6-4e17-8bd6-5e53966809d2,1600,64,1664
18f2133c-ec2d-45c4-95bc-efca0725cc66,e0cbd2e1-eee7-409c-9cf1-707eb4f867ce,2025-08-25T15:38:00,4b6c2304-2b9e-41e4-942a-cf11a1819378,500,30,530
45ba536c-74f5-4219-8086-d6d480797404,ec4bebdf-042b-4c0a-9846-f86a1a9685e9,2025-08-25T15:38:00,40e6ddd6-b8f6-4e17-8bd6-5e53966809d2,500,20,520
32e2397c-9c63-450c-a62b-b9077a094ed8,8d5d45b6-2bf0-4380-85a0-b73fcbc86e94,2025-08-25T15:40:00,4b6c2304-2b9e-41e4-942a-cf11a1819378,600,36,636
5bb51213-c202-4ef2-9550-2dabd149cba5,19d5ac88-a8cd-46b8-9f3d-d5ef3a0adfe2,2025-08-25T15:42:00,40e6ddd6-b8f6-4e17-8bd6-5e53966809d2,600,24,624
dc38a75a-66ff-4e7d-bc29-9b8be3467e9a,abf52e51-d999-45fd-a6b0-6a9cd018fb47,2025-08-25T15:42:00,40e6ddd6-b8f6-4e17-8bd6-5e53966809d2,700,28,728
71e97cef-babf-4615-bee4-41ff4848b838,8639eac0-9cd8-4fe5-9e10-8526a16018d1,2025-08-25T15:47:00,40e6ddd6-b8f6-4e17-8bd6-5e53966809d2,1200,48,1248
856e300a-a004-41c6-b16c-c0a03f7cf301,1826e2e6-ccef-4719-8707-4c18ec953356,2025-08-25T15:50:00,4b6c2304-2b9e-41e4-942a-cf11a1819378,400,24,424
c6608f26-f9ba-4bdf-9bf1-99dfdd317c72,359c05d0-e19d-463d-b3b4-43a0b4a3810f,2025-08-25T15:54:00,40e6ddd6-b8f6-4e17-8bd6-5e53966809d2,600,24,624
c34ac7a9-0c63-4675-91b1-a37dd3e72309,795d2b23-6186-4d66-beb4-690083c579a2,2025-08-25T15:57:00,4b6c2304-2b9e-41e4-942a-cf11a1819378,400,24,424
446ed15e-bdaf-42d7-8ef3-898e4dad48ff,e860f5d5-878c-468e-a446-059ba8434d4b,2025-08-25T15:59:00,4b6c2304-2b9e-41e4-942a-cf11a1819378,600,36,636
abd33c6f-1960-4856-b406-9c167b12e522,22a4c19e-c3ff-455d-8a3b-d4a9bd6b8334,2025-08-25T16:12:00,4b6c2304-2b9e-41e4-942a-cf11a1819378,1300,78,1378
32e76cd6-d850-449c-af38-380546579e14,f962820d-d110-4903-9fbd-86a2ba5a9687,2025-08-25T16:15:00,40e6ddd6-b8f6-4e17-8bd6-5e53966809d2,600,24,624
315a8f5a-6f4f-447a-b306-11e49320a2da,d6ca3f18-6708-4e27-9196-8a2238aba9b0,2025-08-25T16:24:00,40e6ddd6-b8f6-4e17-8bd6-5e53966809d2,700,28,728
fb6ff4eb-cfcb-41e7-867f-426b92cf7b31,6f80c5c6-04ed-4548-83b7-aee06e3700c4,2025-08-25T16:38:00,40e6ddd6-b8f6-4e17-8bd6-5e53966809d2,400,16,416
b8399f10-1d02-4f1a-9f22-3cf8d348c2e3,49c4bc11-2495-438d-9b87-3c395574433f,2025-08-25T16:41:00,40e6ddd6-b8f6-4e17-8bd6-5e53966809d2,600,24,624
607cfdff-14f3-4589-8287-8849f6ea577b,41b09fe3-c0bf-4484-bc20-f48aedb5e7d5,2025-08-25T17:14:00,40e6ddd6-b8f6-4e17-8bd6-5e53966809d2,1000,40,1040
fd137451-c102-4731-ad05-72fb6d41f9a6,3d0d96e7-a6da-4e11-a509-76b813d466f5,2025-08-25T17:16:00,4b6c2304-2b9e-41e4-942a-cf11a1819378,700,42,742
607fff02-44ed-437b-b10c-d8b685f038c4,f0496969-2829-4c93-834d-07ef9042cd86,2025-08-25T17:16:00,4b6c2304-2b9e-41e4-942a-cf11a1819378,600,36,636
80619d47-028f-4d2a-a37a-2996c5dbd0b9,28f88fb0-d9fb-4c32-8470-1738493e863b,2025-08-25T17:27:00,40e6ddd6-b8f6-4e17-8bd6-5e53966809d2,2200,88,2288
40af1bde-e3c3-47f5-a802-91577b20cbc5,a30edde1-4a46-4acb-905c-013e285a8101,2025-08-25T17:32:00,40e6ddd6-b8f6-4e17-8bd6-5e53966809d2,600,24,624
aea2bb9f-c660-4308-8d42-1ee9022774c3,f24f29fa-33e9-41e2-8965-ac4e39be3919,2025-08-25T17:33:00,4b6c2304-2b9e-41e4-942a-cf11a1819378,400,24,424
75141938-0f67-4358-bb0d-66e4043c75a8,4d481210-54e4-4e94-80f3-81ba408de5a5,2025-08-25T17:47:00,40e6ddd6-b8f6-4e17-8bd6-5e53966809d2,700,28,728
e95ca8f8-67a6-4519-a8ab-036b59b8b0f9,ce5ac3ba-cbec-4482-816e-1ee6def437e2,2025-08-25T18:06:00,40e6ddd6-b8f6-4e17-8bd6-5e53966809d2,1800,72,1872
b6f58f32-cd51-480b-8bad-c48dd5a11ca7,f3c5c37f-bd98-40b6-8f8b-eeb75218bbed,2025-08-25T18:08:00,40e6ddd6-b8f6-4e17-8bd6-5e53966809d2,2400,96,2496
b1e7552c-d19d-47ca-bdcf-bebe42ff3315,58491188-36e5-4fb3-ab3b-514e78a270a6,2025-08-25T18:16:00,4b6c2304-2b9e-41e4-942a-cf11a1819378,400,24,424
9b09af86-6509-4ffa-b58f-438b63496296,1991aaf6-d1b3-45f3-a33b-7a9174d18f8b,2025-08-25T18:17:00,40e6ddd6-b8f6-4e17-8bd6-5e53966809d2,600,24,624
fd7a5d4c-ccb4-4330-932d-582af8589b13,8f4f1f50-62c9-4870-bf5b-bdcd357f8ad7,2025-08-25T18:29:00,4b6c2304-2b9e-41e4-942a-cf11a1819378,1200,72,1272
8e40cea5-c8ea-488c-9eab-9cc723ec491b,1380e029-b899-4413-a8da-0741720a6a06,2025-08-25T18:36:00,4b6c2304-2b9e-41e4-942a-cf11a1819378,1200,72,1272
bc22e4ed-3d06-4236-a299-1e56a9cc1af3,33f27548-d085-481a-aa4f-a851fbebe0cd,2025-08-25T18:42:00,40e6ddd6-b8f6-4e17-8bd6-5e53966809d2,700,28,728
59ca9d6c-bf06-4da9-a9d0-3c36c2c71c1f,7d0a9ece-1d73-43ea-98e7-8bbe21e890ec,2025-08-25T18:50:00,4b6c2304-2b9e-41e4-942a-cf11a1819378,1000,60,1060
751eef7c-b717-4d8c-b8b8-b702e5d80362,531465bc-638f-4adb-9b47-cf0c1dc55550,2025-08-25T18:55:00,4b6c2304-2b9e-41e4-942a-cf11a1819378,1800,108,1908
575b7653-a455-4a4a-9b82-e41efa1367b1,66dda3b2-66cf-4b2b-90b2-91abe28f6aa4,2025-08-25T19:01:00,4b6c2304-2b9e-41e4-942a-cf11a1819378,2100,126,2226
7b88aef4-63b7-4664-acdb-2f760c9b41d7,b418aed1-0951-4085-9fe4-e750e7fe45f9,2025-08-25T19:33:00,4b6c2304-2b9e-41e4-942a-cf11a1819378,1700,102,1802
b00d937d-41c5-47a7-9058-9a18135dd7ad,c1d42cf2-74d9-44b1-a0a2-c85935c413be,2025-08-25T19:49:00,4b6c2304-2b9e-41e4-942a-cf11a1819378,2500,150,2650
d29b269c-7ddd-4130-a806-27b2d14a2284,c912d33f-5dc2-4ec9-a126-34b598046705,2025-08-25T19:52:00,4b6c2304-2b9e-41e4-942a-cf11a1819378,600,36,636
72af1dc2-f37a-403d-a51f-0048e7f7a7f4,466ab61a-8180-4d06-90cc-2a380a0e6f0f,2025-08-25T19:55:00,40e6ddd6-b8f6-4e17-8bd6-5e53966809d2,2500,100,2600
2225b10e-c3ef-4553-8cbb-d09e658510a0,94638355-4830-4837-8708-12531dc89dbf,2025-08-26T08:00:00,40e6ddd6-b8f6-4e17-8bd6-5e53966809d2,3700,148,3848
01823478-bcad-4e0e-a2f3-c5c9c1914207,438005c2-dd1d-48aa-8bfd-7fb06851b5f8,2025-08-26T08:02:00,4b6c2304-2b9e-41e4-942a-cf11a1819378,500,30,530
d2e05a05-852f-45ab-8f77-53b97f97bf61,4dc2aa9c-8633-4861-b795-5b285cf76a1f,2025-08-26T08:35:00,4b6c2304-2b9e-41e4-942a-cf11a1819378,400,24,424
40a7841c-f914-4ffb-96d0-28b1274910db,7aa35447-7686-43f7-bb98-14b1bc5fe250,2025-08-26T08:42:00,40e6ddd6-b8f6-4e17-8bd6-5e53966809d2,500,20,520
441d7174-e52a-48f9-a075-29cd9eed73a5,c5dde410-2c70-486e-bb0d-974b2798825b,2025-08-26T08:52:00,4b6c2304-2b9e-41e4-942a-cf11a1819378,400,24,424
e0d3efc3-0c25-4e50-92b5-40b0163212b1,d31efffd-fdc4-4168-ac26-83b67a6c5c47,2025-08-26T08:56:00,4b6c2304-2b9e-41e4-942a-cf11a1819378,500,30,530
aad1ddd9-a2de-4374-947d-8c50b79c051d,9c98b2d4-f4f3-440f-b28d-0e1ca7a152a5,2025-08-26T09:06:00,4b6c2304-2b9e-41e4-942a-cf11a1819378,3400,204,3604
3b480d24-6467-4375-a9ea-f51ba6f7a91d,96aa3e1c-ce39-4f76-b813-c9b4d59c0cdc,2025-08-26T09:07:00,40e6ddd6-b8f6-4e17-8bd6-5e53966809d2,600,24,624
32802ef8-5fc4-4f59-b692-a8b04efde10d,1757e1cd-b99e-42a3-9e19-1b1305127836,2025-08-26T09:13:00,40e6ddd6-b8f6-4e17-8bd6-5e53966809d2,600,24,624
f2d7c49f-aeb0-4f90-a64a-e7363cdc3393,e6173937-b216-46db-b863-ec7526285150,2025-08-26T09:15:00,40e6ddd6-b8f6-4e17-8bd6-5e53966809d2,600,24,624
301ee1cf-27a7-4d47-91cf-3d7f8550d8c0,6d622f69-5cf8-4eda-b7ff-4f57f0e66237,2025-08-26T09:23:00,40e6ddd6-b8f6-4e17-8bd6-5e53966809d2,400,16,416
7d2ce8a7-1a0e-4679-8fef-8a8684a6f75e,53ed5bac-fa7d-4b1d-a73c-6c2b9845c1d1,2025-08-26T09:36:00,40e6ddd6-b8f6-4e17-8bd6-5e53966809d2,6800,272,7072
3d67cc8f-2f10-4ce4-9e0a-97c1d95b5a5c,f6489f0b-4a7a-4dd2-97d4-d0008f662858,2025-08-26T09:42:00,40e6ddd6-b8f6-4e17-8bd6-5e53966809d2,3700,148,3848
1001d5a8-345d-42cb-b3e5-d0cbbcb884e5,6a9699dc-eba5-4045-9b96-91504f0cfe77,2025-08-26T09:52:00,40e6ddd6-b8f6-4e17-8bd6-5e53966809d2,400,16,416
5a51b729-054f-4b3d-951b-78504a9e1b70,82205f5f-43a1-4172-aab8-523ed6a89f26,2025-08-26T10:17:00,40e6ddd6-b8f6-4e17-8bd6-5e53966809d2,5800,231,6031
be631650-1b89-4318-97e7-426d9865a16a,a4c57aeb-c65a-4a1c-954e-acc7a7ba7c74,2025-08-26T10:24:00,40e6ddd6-b8f6-4e17-8bd6-5e53966809d2,9300,372,9672
45ed022c-4fa8-471f-8961-3ee954844290,27e89b40-f32c-4604-8a79-6d1613bde382,2025-08-26T10:28:00,4b6c2304-2b9e-41e4-942a-cf11a1819378,2500,150,2650
adbafc8b-5d64-4097-8d80-2cbbd3be6061,239409e0-b3ad-4bf6-ba7c-08628ee3cbee,2025-08-26T10:29:00,40e6ddd6-b8f6-4e17-8bd6-5e53966809d2,400,16,416
e2346919-56f3-48f7-992c-60a954a95f8c,066ca82d-85b8-45e6-b262-bac0bb3c0e21,2025-08-26T10:35:00,40e6ddd6-b8f6-4e17-8bd6-5e53966809d2,500,20,520
696fe7b3-594f-4d2f-a962-9cbd0f78c670,76acc7d2-0fca-4530-89dd-39889b4f3bb3,2025-08-26T10:37:00,4b6c2304-2b9e-41e4-942a-cf11a1819378,1800,108,1908
a10bceaa-f309-4065-8c60-5adeb8dc5c8e,ce73a9b8-27f8-4c9f-941c-4b99a646fb32,2025-08-26T10:44:00,4b6c2304-2b9e-41e4-942a-cf11a1819378,1000,60,1060
45ffee72-3f6d-4ab8-b970-3b5b9ce43eef,afdabd06-a2b4-497a-93b8-7bcf582b5d3b,2025-08-26T10:50:00,4b6c2304-2b9e-41e4-942a-cf11a1819378,3100,186,3286
cf199d7b-8947-4ad0-bd14-b38ddecdea9d,41db9c8c-af73-46c6-b7aa-64cee86dbe41,2025-08-26T10:55:00,4b6c2304-2b9e-41e4-942a-cf11a1819378,3400,204,3604
81f0b595-d834-4000-be00-cc78017f19ab,f84190e8-5c4a-4bec-be4d-2e554dd46614,2025-08-26T10:55:00,4b6c2304-2b9e-41e4-942a-cf11a1819378,3500,210,3710
d494bc23-1f9c-411a-8fb6-7715ba387dd8,b51ad0d8-7b4d-4859-8de9-fd9feb62c888,2025-08-26T10:55:00,40e6ddd6-b8f6-4e17-8bd6-5e53966809d2,500,20,520
e427b97c-0fce-41c1-8b91-fb56351ccab0,18e7baeb-a66e-4a7d-882d-355810698bc3,2025-08-26T10:56:00,40e6ddd6-b8f6-4e17-8bd6-5e53966809d2,1700,68,1768
5902a9d5-f766-4547-9e08-314318b1ccbd,582e9081-9542-4d02-9ed4-d41c93fa8b2c,2025-08-26T11:01:00,40e6ddd6-b8f6-4e17-8bd6-5e53966809d2,500,20,520
10367078-91e4-43fa-b0e9-99289d968c14,b66095e0-346f-477d-8c25-3b70d4dfab70,2025-08-26T11:04:00,40e6ddd6-b8f6-4e17-8bd6-5e53966809d2,1900,76,1976
1ce21600-2b0b-4fe9-abb3-92078c271bd0,2e2960d6-f2e9-4048-b234-fb21f0f72405,2025-08-26T11:07:00,40e6ddd6-b8f6-4e17-8bd6-5e53966809d2,2600,104,2704
cce7c3d7-a761-4758-967c-7fe55c856a7e,2fac4408-7728-454c-94d8-16b7262380b0,2025-08-26T11:08:00,40e6ddd6-b8f6-4e17-8bd6-5e53966809d2,9200,368,9568
a027fb7d-2838-4b41-a3d2-4b9cf737bce5,bbfdba43-2871-4e95-84d9-e2ff45960e7d,2025-08-26T11:09:00,4b6c2304-2b9e-41e4-942a-cf11a1819378,500,30,530
10c890ba-43d0-4ad7-8488-e4202b8b0b20,6bb94756-3d64-40f4-9ecb-bc26ede41625,2025-08-26T11:13:00,4b6c2304-2b9e-41e4-942a-cf11a1819378,3000,179,3179
d43be125-ccb2-4a66-9c17-96e2609b13aa,62e44a82-c99b-4d04-9abb-f6a2eb97c7ec,2025-08-26T11:23:00,40e6ddd6-b8f6-4e17-8bd6-5e53966809d2,700,28,728
e0e3b25f-6b6d-403e-9777-5882b838aa36,9adbebb4-c5dd-473e-b0ca-c36f10577392,2025-08-26T11:27:00,40e6ddd6-b8f6-4e17-8bd6-5e53966809d2,5600,224,5824
f6440b37-d524-4747-884c-f774370f31f4,9d37a85b-84b4-486d-b852-fd896a50fbf6,2025-08-26T11:32:00,4b6c2304-2b9e-41e4-942a-cf11a1819378,5000,300,5300
2a73b2c5-0aea-422e-a7cc-9c422b01ca6f,3d0fd916-f8d9-4f59-9d2f-75d16ed75c58,2025-08-26T11:32:00,40e6ddd6-b8f6-4e17-8bd6-5e53966809d2,1900,76,1976
32d51905-bbd9-4e5b-86be-f6f38f927dc1,ae6e644d-c310-4f23-84dc-5063fc2e2953,2025-08-26T11:35:00,4b6c2304-2b9e-41e4-942a-cf11a1819378,700,42,742
1d7ac71c-f966-4ee1-9af0-6af511423bfb,66dda3b2-66cf-4b2b-90b2-91abe28f6aa4,2025-08-26T11:36:00,4b6c2304-2b9e-41e4-942a-cf11a1819378,500,30,530
aaf9b3f7-f9f6-4a12-9dbd-9a3c93f2da5c,f3feb7f9-9069-4fd7-be91-3800d1307935,2025-08-26T11:39:00,4b6c2304-2b9e-41e4-942a-cf11a1819378,2400,144,2544
9c842125-05c1-4fc0-a674-8a6c600f7826,3e5dc535-3e67-47d0-8eed-547c7f51e8c9,2025-08-26T11:41:00,40e6ddd6-b8f6-4e17-8bd6-5e53966809d2,1200,48,1248
bf0f9d6b-7c28-4f6a-8784-596d3060e4bf,5bf14829-99bd-4d3c-b504-edd1e45593a0,2025-08-26T11:42:00,40e6ddd6-b8f6-4e17-8bd6-5e53966809d2,500,20,520
a3470d68-64df-4156-8ab2-b608169aa8cc,e0df02ff-f788-4191-9881-df0d6c775206,2025-08-26T11:45:00,40e6ddd6-b8f6-4e17-8bd6-5e53966809d2,400,16,416
c50f4ea5-dc4c-4240-a776-7a8d6e8fe576,d3adc9f1-fd4e-45ad-9d75-0919a6617f7a,2025-08-26T11:45:00,40e6ddd6-b8f6-4e17-8bd6-5e53966809d2,600,24,624
72cb26f0-016c-4bbb-aa4f-1cbb64c97df4,627b564c-f368-4634-b7f8-d7e1c5ee980a,2025-08-26T11:47:00,4b6c2304-2b9e-41e4-942a-cf11a1819378,3100,186,3286
619cc624-4d24-45b9-aa80-22393b529a7e,eccb6e23-700f-4b9e-803e-9c681f12dd9e,2025-08-26T11:48:00,40e6ddd6-b8f6-4e17-8bd6-5e53966809d2,600,24,624
159bb1f1-7aa4-40be-be3f-9a973ffc844e,40cff0ad-5c91-46bc-b72b-737347aafb25,2025-08-26T11:49:00,4b6c2304-2b9e-41e4-942a-cf11a1819378,5400,324,5724
5dab251b-2e8b-4ebc-8678-3aa48ae97b63,425be648-8195-4636-880e-d86e4cd8e38f,2025-08-26T11:52:00,40e6ddd6-b8f6-4e17-8bd6-5e53966809d2,3400,136,3536
8ea2070e-b350-4e0a-b0d4-b7707c142a78,af3dbfea-4df6-42c8-9826-57806904f81c,2025-08-26T11:55:00,40e6ddd6-b8f6-4e17-8bd6-5e53966809d2,400,16,416
0d7778c5-ba11-4170-9cd2-1b17ebd6c6a8,32927010-1d7d-4cd9-a500-593804ff0e77,2025-08-26T11:55:00,40e6ddd6-b8f6-4e17-8bd6-5e53966809d2,600,24,624
2f50c8ad-448e-4656-9d23-b753afb5a2e1,167ce993-af12-4071-a5cb-fb3f09045741,2025-08-26T11:58:00,4b6c2304-2b9e-41e4-942a-cf11a1819378,500,30,530
cbeab0b0-1ccb-471e-95c3-73adad4fb5aa,03710ca1-feb1-4206-bd26-3bb8e6a1dac2,2025-08-26T12:00:00,4b6c2304-2b9e-41e4-942a-cf11a1819378,700,42,742
c02dc210-aeef-41d6-a08e-7e82b5f14e9f,e7297926-0c3c-47f0-a303-8e1ddfc0eb77,2025-08-26T12:00:00,40e6ddd6-b8f6-4e17-8bd6-5e53966809d2,8900,356,9256
283d871c-8e02-4836-bbf0-b77c30c0be32,0bb6fcf3-0741-4179-af46-d26c45b77171,2025-08-26T12:01:00,4b6c2304-2b9e-41e4-942a-cf11a1819378,700,42,742
17cb8c68-a91c-4a58-ada8-058fe56f1042,d0c20886-5575-4356-8218-337197faa2fb,2025-08-26T12:02:00,40e6ddd6-b8f6-4e17-8bd6-5e53966809d2,5100,204,5304
a15a5a01-d376-44a7-8a89-aed520ecc4ba,e5873f83-602d-4424-9c5e-184c56c9d4ba,2025-08-26T12:04:00,40e6ddd6-b8f6-4e17-8bd6-5e53966809d2,500,20,520
a8d024e3-76c8-49bb-9025-b542ba86b926,a768163c-0781-430b-8703-ce1ce473c762,2025-08-26T12:07:00,40e6ddd6-b8f6-4e17-8bd6-5e53966809d2,700,28,728
625c776c-38f5-4caf-9589-94b2d2a05522,670a79a3-05fc-4a33-8b9d-1b6df80347f4,2025-08-26T12:10:00,4b6c2304-2b9e-41e4-942a-cf11a1819378,1500,89,1589
d128c7f3-3e8e-4ac8-ba96-bae8fb476694,b69dd468-7a0d-45e5-951c-ead1fcda2225,2025-08-26T12:13:00,4b6c2304-2b9e-41e4-942a-cf11a1819378,1800,108,1908
73769934-c2c0-4ed3-b7f6-99158fd78b44,a7cebb21-0f26-4834-8a09-e3269b21a77b,2025-08-26T12:16:00,4b6c2304-2b9e-41e4-942a-cf11a1819378,600,36,636
6b52d2e6-801c-41e3-8be9-9ef658d547ab,9094466a-3714-44da-802d-85c2317b80e5,2025-08-26T12:18:00,4b6c2304-2b9e-41e4-942a-cf11a1819378,5800,348,6148
0fc0082c-4eeb-4944-83cd-2f4943f709d5,1f2b91fc-75c1-4628-aec0-5cbebc88f0bf,2025-08-26T12:18:00,40e6ddd6-b8f6-4e17-8bd6-5e53966809d2,1500,60,1560
301c97f7-1bba-4887-83ea-504f12575701,96f4e93c-c759-4fc7-b4a3-c8a153858bea,2025-08-26T12:23:00,4b6c2304-2b9e-41e4-942a-cf11a1819378,2700,162,2862
75e0ee76-71b5-451b-a6ac-455ec8be06ec,c90ea8ef-05ef-4528-bb65-06a8180093d8,2025-08-26T12:23:00,4b6c2304-2b9e-41e4-942a-cf11a1819378,3600,216,3816
de058688-b1a2-40f7-b411-49b0ee6971b5,b43ea9dd-823e-4930-9110-31ea0eaa05f3,2025-08-26T12:23:00,40e6ddd6-b8f6-4e17-8bd6-5e53966809d2,3500,140,3640
c6f6cd3a-014d-4b89-b43e-048949640c42,cf2dbf35-0461-492d-81bd-a783c553409a,2025-08-26T12:24:00,40e6ddd6-b8f6-4e17-8bd6-5e53966809d2,3500,140,3640
0876c477-36da-4952-80bd-3197c44517a4,9eac28b8-2264-4e48-9c2c-b3f7384bc20a,2025-08-26T12:31:00,4b6c2304-2b9e-41e4-942a-cf11a1819378,3800,227,4027
9bbad866-55a0-460e-a7b0-5c9d84ef2b72,51e5a1ad-d8d2-4387-82fe-860a54c87f4b,2025-08-26T12:31:00,40e6ddd6-b8f6-4e17-8bd6-5e53966809d2,6800,272,7072
41651f23-7123-4e0d-b34e-9346bf95197f,4b14013f-d7e7-44b8-a287-329bf6e298c3,2025-08-26T12:32:00,40e6ddd6-b8f6-4e17-8bd6-5e53966809d2,700,28,728
c1a4df54-6eb3-4907-8ecc-95cf5c6ff2ac,8252af4b-fdbe-4139-b9a2-de4ceb670886,2025-08-26T12:32:00,40e6ddd6-b8f6-4e17-8bd6-5e53966809d2,5000,200,5200
1e719563-414c-4cd4-8748-5506d7139a9b,7160f724-2528-4ac3-ba79-b6e99e6b8a01,2025-08-26T12:36:00,4b6c2304-2b9e-41e4-942a-cf11a1819378,8900,534,9434
98d1e412-5d14-460a-985d-3b6b603b06f2,8cef9627-37e9-4bad-a5d7-69f87f291c90,2025-08-26T12:37:00,4b6c2304-2b9e-41e4-942a-cf11a1819378,600,36,636
0ba4c034-da28-4582-a1c6-be7bdf3cc38f,c50959f1-d990-44ff-837f-4062c769ae54,2025-08-26T12:40:00,40e6ddd6-b8f6-4e17-8bd6-5e53966809d2,1600,64,1664
31b571ec-f4a6-4cc1-a31a-925a3befef13,45233069-2809-4274-b243-98792794b3e9,2025-08-26T12:42:00,40e6ddd6-b8f6-4e17-8bd6-5e53966809d2,8800,352,9152
6c6701d4-6825-49de-9950-3d2251ebf131,ef7f92e8-2f80-4e44-9e56-9ee276819791,2025-08-26T12:43:00,4b6c2304-2b9e-41e4-942a-cf11a1819378,600,36,636
8afd6109-6f6f-4911-8977-0967a0881b43,1bcdbd0d-0e2f-4fdf-a8d5-214d3b49c7e2,2025-08-26T12:44:00,40e6ddd6-b8f6-4e17-8bd6-5e53966809d2,700,28,728
81a28bae-f882-4553-b0ef-a346d4a93255,63af441d-70c7-4c4e-b495-80b967849285,2025-08-26T12:45:00,40e6ddd6-b8f6-4e17-8bd6-5e53966809d2,3500,140,3640
c33850de-f496-45ba-8888-be8a347a71c7,43217606-3354-4bb8-b967-c358331d8375,2025-08-26T12:48:00,4b6c2304-2b9e-41e4-942a-cf11a1819378,1200,72,1272
f142dc8f-2116-41ed-ab70-333753fad8ec,4ed3232e-6117-4b38-9d59-265a217c91cf,2025-08-26T12:48:00,40e6ddd6-b8f6-4e17-8bd6-5e53966809d2,1700,68,1768
cacfe28d-bc70-4268-b463-7713a3a71e34,a3f993fd-aeaa-43c7-9e5c-9ad7b7c0f8d9,2025-08-26T12:49:00,4b6c2304-2b9e-41e4-942a-cf11a1819378,7200,432,7632
249c9722-4183-4f73-bf0f-6f101710fcfd,631f0e93-e48f-414d-b220-0c466b7fc584,2025-08-26T12:49:00,40e6ddd6-b8f6-4e17-8bd6-5e53966809d2,700,28,728
b12d7467-fa86-428b-8bb8-713bd5608e48,0488eb84-da07-441d-ba11-055850946457,2025-08-26T12:51:00,40e6ddd6-b8f6-4e17-8bd6-5e53966809d2,700,28,728
dc761137-f449-44fe-ad82-064508a3baf4,3b0faafa-80d0-490d-bdd0-fe1f13d22058,2025-08-26T12:53:00,40e6ddd6-b8f6-4e17-8bd6-5e53966809d2,1900,76,1976
4eac60ff-a464-49e3-a2de-e9c9bdc7f661,3f1fc492-e8ed-4840-97a0-a56592fdc1d9,2025-08-26T12:56:00,4b6c2304-2b9e-41e4-942a-cf11a1819378,500,30,530
95934f70-bf42-4ba0-99d9-d2c6b86f2d33,96f16837-3562-4765-b8dc-ddd863a970f2,2025-08-26T12:57:00,4b6c2304-2b9e-41e4-942a-cf11a1819378,9000,540,9540
4516277f-1c4a-438c-8f11-9594f4dbd56b,dec2b1be-3447-4044-b4e3-17848dfd390e,2025-08-26T13:02:00,4b6c2304-2b9e-41e4-942a-cf11a1819378,500,30,530
5948a2e2-f5ba-494d-a849-651efd2b0776,7d4b9dcb-d4ff-42fa-9c58-5657c61f4954,2025-08-26T13:07:00,40e6ddd6-b8f6-4e17-8bd6-5e53966809d2,700,28,728
f53f2cec-8e69-49a6-8c64-c220f29cf932,f8486fce-bc07-4a4f-a6e9-ed6a06ba996c,2025-08-26T13:14:00,4b6c2304-2b9e-41e4-942a-cf11a1819378,600,36,636
811b681c-a270-4dc9-a9eb-33e73490dd36,e039c2ef-fe4c-4d60-97ee-99d043299f0e,2025-08-26T13:15:00,4b6c2304-2b9e-41e4-942a-cf11a1819378,1900,113,2013
0a9aeb04-f6b9-4444-af74-3677e0ef9b3c,359ce707-dfea-41f8-be3e-8689b460486f,2025-08-26T13:16:00,4b6c2304-2b9e-41e4-942a-cf11a1819378,9000,540,9540
91bcabea-ba4a-4562-b678-b436fb7247f4,b6552330-9932-4624-8855-b5b7aa13d3f4,2025-08-26T13:16:00,4b6c2304-2b9e-41e4-942a-cf11a1819378,700,42,742
d178a0ab-488b-4219-9b1f-b99a67619f64,191feb1d-2def-4cbf-a8f8-ee3eb3856ea2,2025-08-26T13:18:00,4b6c2304-2b9e-41e4-942a-cf11a1819378,500,30,530
6d048426-cbe7-4819-88d1-9955a8c410fb,4740d6a5-b760-477f-83d9-7d1c3e04f0ba,2025-08-26T13:21:00,40e6ddd6-b8f6-4e17-8bd6-5e53966809d2,700,28,728
2db95799-a65f-406a-971e-d44ab99050f0,41c59ae8-bcd0-4d00-b8e9-bfaa0ce5913b,2025-08-26T13:23:00,40e6ddd6-b8f6-4e17-8bd6-5e53966809d2,600,24,624
e0be88e2-bb18-4cf6-83aa-4d1d49fd729b,7e7c62c1-b8a8-4e9a-ab94-81a82d76e3e5,2025-08-26T13:26:00,4b6c2304-2b9e-41e4-942a-cf11a1819378,400,24,424
dae7d714-1b71-476a-88c0-5fec4380de52,26ce484a-a527-4fe1-903f-2809a03fd21a,2025-08-26T13:27:00,40e6ddd6-b8f6-4e17-8bd6-5e53966809d2,1500,60,1560
5092408f-901b-405d-90b5-90573347386f,284f711a-5e5a-4929-bb5d-5ddba9a4a773,2025-08-26T13:28:00,40e6ddd6-b8f6-4e17-8bd6-5e53966809d2,700,28,728
f106e1f3-25dc-43e9-9f75-d829fae7f672,547f74d3-e5b0-4e69-a707-74acc44f122c,2025-08-26T13:29:00,40e6ddd6-b8f6-4e17-8bd6-5e53966809d2,5100,204,5304
c50ba2c1-a5cf-47aa-a92c-7ca16102140e,14dec3ce-7570-4c3f-af8c-e9c0d74cfcd2,2025-08-26T13:30:00,40e6ddd6-b8f6-4e17-8bd6-5e53966809d2,500,20,520
2935110e-f13c-498f-921e-71baa6a79a7f,aa0533fd-252b-49cb-8070-77b5c88b04ee,2025-08-26T13:34:00,40e6ddd6-b8f6-4e17-8bd6-5e53966809d2,600,24,624
c57a879d-23b5-4695-9a9c-c9628fc249b5,1c8233dc-8ccb-4d27-84e7-e00d33ff6674,2025-08-26T13:34:00,40e6ddd6-b8f6-4e17-8bd6-5e53966809d2,600,24,624
3bf95727-cf95-41db-a0a6-ddbd2f280b1f,4ba45839-9bf9-4071-b1ca-52719a49c9fa,2025-08-26T13:47:00,40e6ddd6-b8f6-4e17-8bd6-5e53966809d2,8200,328,8528
a0613d4e-76f4-4ae5-80b2-8a93e9ef5357,89c10b53-36ee-4f1c-8430-7090dbf04a44,2025-08-26T13:48:00,40e6ddd6-b8f6-4e17-8bd6-5e53966809d2,4700,188,4888
8b5c9a9e-c5c9-4ceb-8999-662ee0bbde30,5b4df518-7c6e-4957-8906-e33505acee31,2025-08-26T13:49:00,40e6ddd6-b8f6-4e17-8bd6-5e53966809d2,3500,140,3640
8704c4d0-cc74-4d8d-a221-5173da66d75e,cb969dd8-a609-4b10-b213-d1011a90ef2b,2025-08-26T13:50:00,4b6c2304-2b9e-41e4-942a-cf11a1819378,5800,348,6148
4e962fd4-d0b3-4601-a811-4c3e0f2ea287,53dda453-796e-4167-b482-7449bd52694f,2025-08-26T13:52:00,4b6c2304-2b9e-41e4-942a-cf11a1819378,8900,534,9434
3a2f4d19-67e4-4241-91e0-a5ee4888cb68,be999c23-fb5b-4060-b4aa-bd50fe8ab5f6,2025-08-26T13:54:00,40e6ddd6-b8f6-4e17-8bd6-5e53966809d2,1400,56,1456
3e267a69-ff31-44c1-8e84-e822cca99424,2480125c-2d37-405c-96b9-ca32b2c75b33,2025-08-26T13:56:00,4b6c2304-2b9e-41e4-942a-cf11a1819378,500,30,530
e33e92e4-0afc-43e5-bd9f-97eacb9334b4,748db0ca-899a-4da8-8177-2fa1ec2a9302,2025-08-26T13:57:00,40e6ddd6-b8f6-4e17-8bd6-5e53966809d2,600,24,624
ea356d73-b527-4597-bb5d-775b9455f673,5bc5dd9e-3670-4c84-be25-41eace68a711,2025-08-27T08:00:00,4b6c2304-2b9e-41e4-942a-cf11a1819378,1500,89,1589
45a9cf72-bc1f-4b1d-8c4e-bfbd9966fcf6,18e7baeb-a66e-4a7d-882d-355810698bc3,2025-08-27T08:00:00,40e6ddd6-b8f6-4e17-8bd6-5e53966809d2,1700,68,1768
43e8cf33-81a5-4bb9-9bff-45d1af9ecb8a,2a26f327-c9ef-40f4-bb8c-c809417caad1,2025-08-27T08:13:00,4b6c2304-2b9e-41e4-942a-cf11a1819378,600,36,636
6952cd4d-3441-4b6d-9f65-97631b477249,848485f0-198f-4efa-8335-707db71a7434,2025-08-27T08:50:00,4b6c2304-2b9e-41e4-942a-cf11a1819378,700,42,742
95d19754-ed7f-48e7-b6b0-4e3b9d9aadcf,fd9f1577-416e-472f-aad7-7bd5c56293f5,2025-08-27T08:51:00,40e6ddd6-b8f6-4e17-8bd6-5e53966809d2,700,28,728
2b81c12a-c8eb-4c19-b80d-c40106532ae1,2444fa55-4e76-4e0e-8880-6ccb037e3479,2025-08-27T08:58:00,4b6c2304-2b9e-41e4-942a-cf11a1819378,1600,96,1696
ca489b17-aa81-4aa8-970b-bd674359f019,51e5a1ad-d8d2-4387-82fe-860a54c87f4b,2025-08-27T08:59:00,40e6ddd6-b8f6-4e17-8bd6-5e53966809d2,6700,268,6968
3013a6cc-d09d-43ca-be44-692cf7b72bac,ed7f8737-2c99-408f-afd0-f91c740e414c,2025-08-27T09:05:00,4b6c2304-2b9e-41e4-942a-cf11a1819378,600,36,636
df2fe2eb-733f-409d-bd03-1e8e39340748,28c1b6d1-da1f-4187-98af-4e43f096b00d,2025-08-27T09:07:00,40e6ddd6-b8f6-4e17-8bd6-5e53966809d2,600,24,624
283fb5c0-2a4c-4991-8482-bcb7119a834e,b66095e0-346f-477d-8c25-3b70d4dfab70,2025-08-27T09:08:00,40e6ddd6-b8f6-4e17-8bd6-5e53966809d2,1800,72,1872
01fa15e7-b98f-4ed0-ab16-b6f3c65f8380,f8486fce-bc07-4a4f-a6e9-ed6a06ba996c,2025-08-27T09:10:00,4b6c2304-2b9e-41e4-942a-cf11a1819378,700,42,742
fbfd9c59-2739-4296-9946-773f580f3dee,3b5801eb-5e85-44e1-abb0-6e1879e5e0ac,2025-08-27T09:11:00,4b6c2304-2b9e-41e4-942a-cf11a1819378,500,30,530
8eac8582-c1af-4049-84d4-535d1a5785dd,167ce993-af12-4071-a5cb-fb3f09045741,2025-08-27T09:20:00,4b6c2304-2b9e-41e4-942a-cf11a1819378,500,30,530
315e5e60-0a1c-490a-b265-e71409923765,3f1fc492-e8ed-4840-97a0-a56592fdc1d9,2025-08-27T09:30:00,4b6c2304-2b9e-41e4-942a-cf11a1819378,600,36,636
6f954350-58dd-4ee6-bf3b-7c5e582fd15b,355d89d9-bf5a-41df-9382-a5e57cbbbec4,2025-08-27T09:32:00,40e6ddd6-b8f6-4e17-8bd6-5e53966809d2,500,20,520
c202926c-6104-4b5d-b05f-4a8ac9f71b71,1095b08b-dad8-473d-9ec9-bafeb20e71c9,2025-08-27T09:33:00,4b6c2304-2b9e-41e4-942a-cf11a1819378,5400,324,5724
316911fc-8469-4295-a713-934610f2c869,87fc5559-9d20-4780-8c0e-b7c248cd6236,2025-08-27T09:37:00,40e6ddd6-b8f6-4e17-8bd6-5e53966809d2,600,24,624
af916b5c-d8ed-4905-8f97-7764c2630e0a,c90ea8ef-05ef-4528-bb65-06a8180093d8,2025-08-27T09:38:00,4b6c2304-2b9e-41e4-942a-cf11a1819378,3600,216,3816
9bf519d4-dc57-4250-8719-f2dd5e11e78c,8c5628d0-6d15-4a6d-80f2-9c723e39ba83,2025-08-27T09:38:00,40e6ddd6-b8f6-4e17-8bd6-5e53966809d2,700,28,728
f1117090-5054-4012-9f1a-0f5ce6201d6d,6ffc9798-2bb6-43ca-823b-e9dda0935299,2025-08-27T09:41:00,4b6c2304-2b9e-41e4-942a-cf11a1819378,2800,168,2968
8a6c6616-07b6-4e20-a19a-3689ed444fa2,63af441d-70c7-4c4e-b495-80b967849285,2025-08-27T09:48:00,40e6ddd6-b8f6-4e17-8bd6-5e53966809d2,3300,132,3432
ec86b863-8e1b-43c8-8663-f27d42c99aa4,a296a891-b126-44e1-a271-9228cc28b3bc,2025-08-27T10:00:00,40e6ddd6-b8f6-4e17-8bd6-5e53966809d2,3700,148,3848
ccf00c52-fe58-492b-8e01-75895fb431ad,f84190e8-5c4a-4bec-be4d-2e554dd46614,2025-08-27T10:03:00,4b6c2304-2b9e-41e4-942a-cf11a1819378,3200,192,3392
57aed71d-cefd-4f5c-b186-c0e5ecc972d3,9e22e2d2-ef3f-4b75-8aa0-f3ae453183e1,2025-08-27T10:05:00,4b6c2304-2b9e-41e4-942a-cf11a1819378,3900,234,4134
03e8ae77-76c2-496f-bb4c-d0fb311a405a,d33f758e-ba0e-463c-ba18-0cd99108c547,2025-08-27T10:19:00,40e6ddd6-b8f6-4e17-8bd6-5e53966809d2,2500,100,2600
2c5bedae-018a-4f28-a4af-055339870aa7,c50959f1-d990-44ff-837f-4062c769ae54,2025-08-27T10:20:00,40e6ddd6-b8f6-4e17-8bd6-5e53966809d2,1800,72,1872
ea22cd36-765c-47ec-8e0b-8cfb71361bda,3eaef1e6-c145-417b-875b-96a83a8a8dc8,2025-08-27T10:25:00,40e6ddd6-b8f6-4e17-8bd6-5e53966809d2,500,20,520
2085c6c2-f819-4ae9-b0a1-b9a93b3c6747,72874237-a564-45ff-95cf-5fb3ab18e7c8,2025-08-27T10:34:00,4b6c2304-2b9e-41e4-942a-cf11a1819378,5800,348,6148
f87c9cb1-6668-4931-aefe-07448765b245,ce73a9b8-27f8-4c9f-941c-4b99a646fb32,2025-08-27T10:36:00,4b6c2304-2b9e-41e4-942a-cf11a1819378,1100,65,1165
0f2751a8-9236-480d-9d36-f5388bcb0d40,35bb651c-499f-433f-b5af-b793b285e727,2025-08-27T10:38:00,4b6c2304-2b9e-41e4-942a-cf11a1819378,1600,96,1696
d880c940-f1d8-467e-9781-c83c81d355db,0e105436-465e-4326-94d3-f6a0e7051725,2025-08-27T10:39:00,40e6ddd6-b8f6-4e17-8bd6-5e53966809d2,5600,224,5824
5e2597fd-800f-4fea-a512-2cab4eb1cf07,4ed3232e-6117-4b38-9d59-265a217c91cf,2025-08-27T10:42:00,40e6ddd6-b8f6-4e17-8bd6-5e53966809d2,1700,68,1768
ba9f04c3-ade4-4ab3-9891-91250d95bc2c,b69dd468-7a0d-45e5-951c-ead1fcda2225,2025-08-27T10:47:00,4b6c2304-2b9e-41e4-942a-cf11a1819378,1800,108,1908
8f0a4295-beb1-4e96-96ce-302bbc9f2d00,1c4a9464-3e0e-45d2-9ca2-87c36b03f80b,2025-08-27T10:50:00,4b6c2304-2b9e-41e4-942a-cf11a1819378,1700,102,1802
60a19acd-86d2-4216-aea1-1fb493418663,0688ed48-bbd7-41d6-b5ef-c2cd771f72c2,2025-08-27T10:51:00,4b6c2304-2b9e-41e4-942a-cf11a1819378,600,36,636
267b04b4-cccc-4f90-b8f6-32310a922a60,7c45f68c-bbba-4b82-9457-03de08fe8287,2025-08-27T10:51:00,4b6c2304-2b9e-41e4-942a-cf11a1819378,6500,390,6890
76f9af15-a696-443c-8873-fa033837d9e6,8252af4b-fdbe-4139-b9a2-de4ceb670886,2025-08-27T10:53:00,40e6ddd6-b8f6-4e17-8bd6-5e53966809d2,5100,204,5304
59545005-af7f-433e-a026-751ae5d02c29,298ca377-a08e-4e0d-91d6-b0b5aff14c1b,2025-08-27T10:57:00,40e6ddd6-b8f6-4e17-8bd6-5e53966809d2,700,28,728
e6d7df61-b195-49cb-b4d9-1a262a6ad9e7,9aaa8391-995f-4006-8413-c590098fc46a,2025-08-27T11:01:00,4b6c2304-2b9e-41e4-942a-cf11a1819378,600,36,636
2218c832-861f-4e39-b4fb-9c37ad18dd07,fa2a460e-af12-4197-b38d-d2822d96e879,2025-08-27T11:07:00,40e6ddd6-b8f6-4e17-8bd6-5e53966809d2,1700,68,1768
9eb98727-e85f-4916-915a-d7deeb86a2dd,0a42e609-2a53-4824-bf02-0088bdb9b149,2025-08-27T11:10:00,4b6c2304-2b9e-41e4-942a-cf11a1819378,2700,162,2862
2cee024c-2c00-4d89-bce4-647c3d0457ce,31d39d83-97c5-4a86-8d98-c9ea5e4d6505,2025-08-27T11:12:00,40e6ddd6-b8f6-4e17-8bd6-5e53966809d2,3200,128,3328
75512f58-c264-463d-b678-6c8a89476ec3,8699b9d8-d299-411d-82bc-9ee94abdf576,2025-08-27T11:16:00,40e6ddd6-b8f6-4e17-8bd6-5e53966809d2,3200,128,3328
b67ffb42-60a0-4fc8-970a-605dfc9befe9,748db0ca-899a-4da8-8177-2fa1ec2a9302,2025-08-27T11:17:00,40e6ddd6-b8f6-4e17-8bd6-5e53966809d2,600,24,624
8588830e-6402-48b2-8923-2d7566c1083d,d6cf7caa-9dd8-48c6-b4ee-5a02f62bb280,2025-08-27T11:18:00,4b6c2304-2b9e-41e4-942a-cf11a1819378,600,36,636
930193bf-f342-40a6-bd78-87772634e171,2a082be2-fc91-4d5a-accd-200e91693b07,2025-08-27T11:35:00,40e6ddd6-b8f6-4e17-8bd6-5e53966809d2,7100,284,7384
8ef8e51c-01f3-4e71-a454-40d78aa0631b,40c889c0-2020-4661-bb9a-564950b1a262,2025-08-27T11:36:00,40e6ddd6-b8f6-4e17-8bd6-5e53966809d2,3900,156,4056
66c9a40b-db2e-4dab-b814-8ec32fb73f26,066ca82d-85b8-45e6-b262-bac0bb3c0e21,2025-08-27T11:38:00,40e6ddd6-b8f6-4e17-8bd6-5e53966809d2,600,24,624
d38a521c-2bec-452e-8c7a-e81d3b334058,3d0fd916-f8d9-4f59-9d2f-75d16ed75c58,2025-08-27T11:45:00,40e6ddd6-b8f6-4e17-8bd6-5e53966809d2,1700,68,1768
91e83f7c-a0b3-4ff5-a2aa-10923a21b589,8416975a-1321-43a3-b3e1-577aee3b59ae,2025-08-27T11:46:00,40e6ddd6-b8f6-4e17-8bd6-5e53966809d2,1600,64,1664
702655ce-614f-428d-8bdb-79c61f13c1b2,b6552330-9932-4624-8855-b5b7aa13d3f4,2025-08-27T11:47:00,4b6c2304-2b9e-41e4-942a-cf11a1819378,500,30,530
4c41b423-e512-40f4-b0e0-7fcc549eaaa7,400ec64f-461d-45c5-b45e-b5c8dc21b4e1,2025-08-27T11:49:00,4b6c2304-2b9e-41e4-942a-cf11a1819378,1800,108,1908
403258a6-2d3d-44b5-8e2a-38018960700a,a7cebb21-0f26-4834-8a09-e3269b21a77b,2025-08-27T11:52:00,4b6c2304-2b9e-41e4-942a-cf11a1819378,700,42,742
4ff29a27-1f75-4bf4-9a59-21cb5ad9ae80,7d4b9dcb-d4ff-42fa-9c58-5657c61f4954,2025-08-27T11:54:00,40e6ddd6-b8f6-4e17-8bd6-5e53966809d2,600,24,624
a1333247-ff4d-4e6a-a48c-2dbfc679b17a,4d97e8a1-7720-4190-b326-dccfa2ec4426,2025-08-27T11:57:00,40e6ddd6-b8f6-4e17-8bd6-5e53966809d2,600,24,624
5de07342-ecd2-45e0-9756-61d8f7a29364,27133460-80a8-449a-b422-65bfe97af456,2025-08-27T11:58:00,40e6ddd6-b8f6-4e17-8bd6-5e53966809d2,600,24,624
52c953c0-f6e9-4020-b2cc-e5301f36c613,f5e8b3ff-659d-4bc9-bdc6-6b7fe343bcab,2025-08-27T11:59:00,4b6c2304-2b9e-41e4-942a-cf11a1819378,1000,60,1060
60c7b165-2dd5-4175-9b48-216d36c7e0ac,899ea741-e615-4f9e-ad30-286f6f306f00,2025-08-27T12:02:00,4b6c2304-2b9e-41e4-942a-cf11a1819378,400,24,424
2e5991fd-5122-4af9-87d3-1818d6cd7d42,0abcb3b4-7e1c-4638-a21c-af1df3702f27,2025-08-27T12:02:00,4b6c2304-2b9e-41e4-942a-cf11a1819378,600,36,636
0cadfa78-7d7c-4abe-885b-78150440d1a3,bb9bad76-c7ec-4f36-842c-54c3bbb40467,2025-08-27T12:02:00,40e6ddd6-b8f6-4e17-8bd6-5e53966809d2,400,16,416
bd590ac1-885f-4a82-81e4-2e1f89c666b4,52ecad80-29ad-4b94-8e45-82007ac63dba,2025-08-27T12:05:00,4b6c2304-2b9e-41e4-942a-cf11a1819378,400,24,424
4c0a0347-c45c-49b3-aab7-306f0755bb87,b5b5a474-4e05-47bf-b9a2-872e5dc9a328,2025-08-27T12:05:00,4b6c2304-2b9e-41e4-942a-cf11a1819378,1700,102,1802
4169d2d5-be34-4f94-a418-f8892f478968,6d883826-0157-47c4-a6cc-cb8134bcc6db,2025-08-27T12:05:00,40e6ddd6-b8f6-4e17-8bd6-5e53966809d2,600,24,624
957b3527-3ae6-45b3-b1b7-7bd94dbadec4,187d49e0-634f-4e10-a10c-3b0be7408be0,2025-08-27T12:07:00,4b6c2304-2b9e-41e4-942a-cf11a1819378,600,36,636
139fb19c-43f0-49c3-8382-0c6691601edc,3dc87d1c-7942-471e-b947-26b7ec78cedb,2025-08-27T12:08:00,40e6ddd6-b8f6-4e17-8bd6-5e53966809d2,600,24,624
1cab992b-1f74-4f89-bae3-901bf828714f,41ca48ad-5cc0-4e25-83df-63d166b91a12,2025-08-27T12:09:00,40e6ddd6-b8f6-4e17-8bd6-5e53966809d2,3300,132,3432
a883fb12-a845-4b15-a5e0-2d8ad2bb770d,153f6ea8-c8e7-4bfb-8273-72ac137733ea,2025-08-27T12:12:00,40e6ddd6-b8f6-4e17-8bd6-5e53966809d2,7000,280,7280
8de976c3-a3ee-41c1-ac5f-b9de9599f6bc,3b0faafa-80d0-490d-bdd0-fe1f13d22058,2025-08-27T12:14:00,40e6ddd6-b8f6-4e17-8bd6-5e53966809d2,1700,68,1768
cde0ceb4-1c19-4857-bbc1-3f1ff57b019c,d4d6c47d-5048-4008-b088-4f13691fbefd,2025-08-27T12:15:00,40e6ddd6-b8f6-4e17-8bd6-5e53966809d2,1600,64,1664
969565cc-2b20-4f09-8372-6596eb4dc611,e5873f83-602d-4424-9c5e-184c56c9d4ba,2025-08-27T12:15:00,40e6ddd6-b8f6-4e17-8bd6-5e53966809d2,400,16,416
3caf1089-36a6-4866-b2a4-84b17b3da772,2480125c-2d37-405c-96b9-ca32b2c75b33,2025-08-27T12:18:00,4b6c2304-2b9e-41e4-942a-cf11a1819378,400,24,424
b3b083ad-9aaa-46b7-9a7a-7f374a4a731e,28a5a7b8-b34b-47a6-91f7-8e384d6b6f59,2025-08-27T12:18:00,4b6c2304-2b9e-41e4-942a-cf11a1819378,3100,186,3286
2a53ba25-791d-42a2-9429-2e95959cb789,ba2bf5e1-4b63-4bb3-b83a-f10438f84258,2025-08-27T12:18:00,40e6ddd6-b8f6-4e17-8bd6-5e53966809d2,400,16,416
f641704c-66aa-487a-9d6a-704d95bc4119,3fa371d4-77dd-4e91-9a2f-86801b001903,2025-08-27T12:20:00,4b6c2304-2b9e-41e4-942a-cf11a1819378,3400,204,3604
bfefdfc6-af6f-4d8c-a3b3-843a76e12b93,d0299f60-146d-4716-bc55-eb830a04779e,2025-08-27T12:21:00,4b6c2304-2b9e-41e4-942a-cf11a1819378,2800,168,2968
38586467-8cf4-4fa6-a913-a569325340e0,a3f993fd-aeaa-43c7-9e5c-9ad7b7c0f8d9,2025-08-27T12:22:00,4b6c2304-2b9e-41e4-942a-cf11a1819378,7200,432,7632
2d87a1f8-90eb-48a8-b562-eb5a7ae58ad9,c0a8be37-975c-4b34-8989-1eb846c63871,2025-08-27T12:24:00,40e6ddd6-b8f6-4e17-8bd6-5e53966809d2,3700,148,3848
6f890ef4-141e-4c7a-8a51-be0e97395013,0d0eb3cb-f3ad-4673-8ef1-3b4600242421,2025-08-27T12:26:00,4b6c2304-2b9e-41e4-942a-cf11a1819378,5100,306,5406
8ba7e04c-4941-4685-8bb6-5a9d9ca048b6,1f2b91fc-75c1-4628-aec0-5cbebc88f0bf,2025-08-27T12:31:00,40e6ddd6-b8f6-4e17-8bd6-5e53966809d2,1800,72,1872
7515b3ec-9666-4c9c-8b7b-4a8045f8b83c,7160f724-2528-4ac3-ba79-b6e99e6b8a01,2025-08-27T12:32:00,4b6c2304-2b9e-41e4-942a-cf11a1819378,8700,522,9222
0d1ee7a7-ef75-4a73-95f9-6102e58c3706,84f7f075-d17e-4662-a11c-bc80e28b12f5,2025-08-27T12:33:00,40e6ddd6-b8f6-4e17-8bd6-5e53966809d2,600,24,624
249c23c5-5738-4333-ae29-ef5ed9c0dce8,9368e74c-0581-4d77-9358-94e415a80423,2025-08-27T12:41:00,4b6c2304-2b9e-41e4-942a-cf11a1819378,3300,198,3498
634be5a1-a4cb-45f4-8b7c-6116e20a0514,3bfe5d2b-8ab3-473f-b56c-cdd86fff8877,2025-08-27T12:41:00,4b6c2304-2b9e-41e4-942a-cf11a1819378,0,0,0
31e4a5f5-5336-4caf-be03-b51e473f2ace,117583ee-3cd8-4690-89c9-d804aedc86a8,2025-08-27T12:42:00,4b6c2304-2b9e-41e4-942a-cf11a1819378,3000,179,3179
e30ac41b-2ba5-442b-b7e6-3b40641edda9,d23755ac-d315-4dfd-ae80-4fa042f7d833,2025-08-27T12:45:00,4b6c2304-2b9e-41e4-942a-cf11a1819378,700,42,742
11b35e34-7256-4e4c-b841-e5459e3868ed,ed46daf6-4c46-4af8-a80d-c0cf0b307966,2025-08-27T12:46:00,40e6ddd6-b8f6-4e17-8bd6-5e53966809d2,8400,336,8736
ff115e55-08b0-4e4d-ad03-8816474c60bb,37601558-3b79-4200-800f-fc03a28a5ec7,2025-08-27T12:47:00,40e6ddd6-b8f6-4e17-8bd6-5e53966809d2,600,24,624
5919801c-8659-4071-a35f-5846518539d6,40cff0ad-5c91-46bc-b72b-737347aafb25,2025-08-27T12:50:00,4b6c2304-2b9e-41e4-942a-cf11a1819378,5600,336,5936
5af64edb-96b2-412e-89e0-1eaa3418208c,ef7f92e8-2f80-4e44-9e56-9ee276819791,2025-08-27T12:55:00,4b6c2304-2b9e-41e4-942a-cf11a1819378,500,30,530
ed586a18-320b-404f-8a66-8d29fcbd583f,0488eb84-da07-441d-ba11-055850946457,2025-08-27T12:58:00,40e6ddd6-b8f6-4e17-8bd6-5e53966809d2,700,28,728
e763a3b0-a9e8-4640-a188-dd58131f9963,f7d61334-5d22-49f8-a022-903921239047,2025-08-27T13:03:00,40e6ddd6-b8f6-4e17-8bd6-5e53966809d2,700,28,728
2af019e4-f277-4df9-b379-bb9ae920782e,834105ff-e792-4a6f-be6d-fb89b4d75d4a,2025-08-27T13:03:00,40e6ddd6-b8f6-4e17-8bd6-5e53966809d2,7300,292,7592
8fed03c3-8bb2-4ba8-827d-684764bad221,d285a28f-6fa3-4c70-9469-73e7fe1787ae,2025-08-27T13:06:00,4b6c2304-2b9e-41e4-942a-cf11a1819378,3600,216,3816
c3acd77b-3b8e-4bcd-9d01-c323452192b4,1a1397df-b2b4-4791-93d9-87ac9062f545,2025-08-27T13:07:00,40e6ddd6-b8f6-4e17-8bd6-5e53966809d2,600,24,624
fe38afc7-714e-46c0-b07e-5fdf147ca98d,aeb1bb4a-8548-48ed-a8e2-c31bc682b091,2025-08-27T13:08:00,4b6c2304-2b9e-41e4-942a-cf11a1819378,1100,65,1165
0c94b7cd-94fe-46de-91f2-d0d0873f772c,f11283f0-4183-4d8d-a117-4b2a2c070ec2,2025-08-27T13:09:00,40e6ddd6-b8f6-4e17-8bd6-5e53966809d2,5100,204,5304
17cad394-24ed-4c70-80cc-b9f13d5cecdd,82205f5f-43a1-4172-aab8-523ed6a89f26,2025-08-27T13:11:00,40e6ddd6-b8f6-4e17-8bd6-5e53966809d2,5300,212,5512
11e79b78-1e7c-495f-94fa-28a1199d0ad7,1c4373e3-238c-46b7-83f5-6cf757228aba,2025-08-27T13:13:00,4b6c2304-2b9e-41e4-942a-cf11a1819378,3500,210,3710
a25bce9d-8352-47f2-a3e5-e95c61387866,0bb6fcf3-0741-4179-af46-d26c45b77171,2025-08-27T13:14:00,4b6c2304-2b9e-41e4-942a-cf11a1819378,600,36,636
2ff8e6fd-e76f-4a46-93a6-928e59ee702a,2fac4408-7728-454c-94d8-16b7262380b0,2025-08-27T13:14:00,40e6ddd6-b8f6-4e17-8bd6-5e53966809d2,8700,348,9048
40a946ea-57aa-4b49-8b00-f9a3149bb836,af3dbfea-4df6-42c8-9826-57806904f81c,2025-08-27T13:21:00,40e6ddd6-b8f6-4e17-8bd6-5e53966809d2,600,24,624
6f7f4098-f80d-4012-a6d5-04cf164da4f9,d64805ac-2294-4438-af7d-1f1483e8fd7b,2025-08-27T13:22:00,40e6ddd6-b8f6-4e17-8bd6-5e53966809d2,3900,156,4056
17574053-6db8-4074-8e0d-7f29aa9f1027,eccb6e23-700f-4b9e-803e-9c681f12dd9e,2025-08-27T13:24:00,40e6ddd6-b8f6-4e17-8bd6-5e53966809d2,700,28,728
67a5d9be-4d07-4201-8bbc-a3af74b90189,5b4df518-7c6e-4957-8906-e33505acee31,2025-08-27T13:26:00,40e6ddd6-b8f6-4e17-8bd6-5e53966809d2,2800,112,2912
e12d87a4-eb1e-4d87-b8e3-99ea62133576,4b503eb1-da2e-4115-8f64-b4dc888db448,2025-08-27T13:27:00,4b6c2304-2b9e-41e4-942a-cf11a1819378,7300,438,7738
ca5ca5ba-aceb-45bf-91b7-096063605746,b8cf5c4c-27e2-4106-9058-eb38559661e0,2025-08-27T13:27:00,40e6ddd6-b8f6-4e17-8bd6-5e53966809d2,500,20,520
8f22b7d9-fc06-4d6a-9946-42a894d798af,598904ac-fa48-43af-8fe9-41388451ae53,2025-08-27T13:29:00,4b6c2304-2b9e-41e4-942a-cf11a1819378,400,24,424
eb1ea3f1-c0ee-4170-ae66-18b4b46c57d3,53ed5bac-fa7d-4b1d-a73c-6c2b9845c1d1,2025-08-27T13:35:00,40e6ddd6-b8f6-4e17-8bd6-5e53966809d2,6700,268,6968
fd7bcf29-f159-4adc-8158-50239479169f,4d6ee3e3-9ec6-4c2e-9552-a75af6d19f14,2025-08-27T13:41:00,4b6c2304-2b9e-41e4-942a-cf11a1819378,9200,552,9752
2cb594c8-eacc-416c-8ab2-46d4d441641d,45233069-2809-4274-b243-98792794b3e9,2025-08-27T13:44:00,40e6ddd6-b8f6-4e17-8bd6-5e53966809d2,9000,360,9360
a8e2268a-cc11-44b1-9c89-65a4fe2e985d,be999c23-fb5b-4060-b4aa-bd50fe8ab5f6,2025-08-27T13:44:00,40e6ddd6-b8f6-4e17-8bd6-5e53966809d2,2500,100,2600
7f42c2b0-6969-4357-a9f3-d0d2afaae839,631f0e93-e48f-414d-b220-0c466b7fc584,2025-08-27T13:45:00,40e6ddd6-b8f6-4e17-8bd6-5e53966809d2,500,20,520
d0692d6b-ad31-4d5d-9d6a-74b5f33061c9,76acc7d2-0fca-4530-89dd-39889b4f3bb3,2025-08-27T13:49:00,4b6c2304-2b9e-41e4-942a-cf11a1819378,1900,113,2013
9f31296a-3343-4e39-b469-9fc748a3843a,073c6c4c-9988-45b0-9224-7ad4e69d8c6f,2025-08-27T13:50:00,40e6ddd6-b8f6-4e17-8bd6-5e53966809d2,1200,48,1248
23739f71-4c7f-45a1-9fe7-7bc0b1b49544,5f22d013-c3f9-44a7-aeba-0975da12ffcc,2025-08-27T13:54:00,40e6ddd6-b8f6-4e17-8bd6-5e53966809d2,500,20,520
b0a2cd4c-ccf5-418b-90c7-06478d812563,27e89b40-f32c-4604-8a79-6d1613bde382,2025-08-27T13:59:00,4b6c2304-2b9e-41e4-942a-cf11a1819378,2200,131,2331
45d9aec5-f25b-477b-b375-7c93e3054045,dccd3e5d-2076-4fc6-aa79-87579e134ce1,2025-08-28T07:00:00,4b6c2304-2b9e-41e4-942a-cf11a1819378,600,36,636
0480a92e-40b2-4ff7-8941-e8b567740e8a,d84ec4ed-ae05-416c-9cbe-eace4567132d,2025-08-28T07:00:00,4b6c2304-2b9e-41e4-942a-cf11a1819378,400,24,424
09a8829c-0ec7-4c47-b203-374117f000f1,d63f06df-5e5d-4adc-b0a5-43b4bac6bf5c,2025-08-28T07:00:00,40e6ddd6-b8f6-4e17-8bd6-5e53966809d2,400,16,416
2d77cfba-68cd-4674-89ea-38af36ed1997,8f054a96-7920-42dc-b286-f6980ea8dbeb,2025-08-28T07:00:00,40e6ddd6-b8f6-4e17-8bd6-5e53966809d2,1800,72,1872
a39fdd25-cc40-4af0-a4fe-ebb8eaf47f8c,4acffd44-9d77-4c09-afdb-e7f93ee5518b,2025-08-28T07:01:00,4b6c2304-2b9e-41e4-942a-cf11a1819378,600,36,636
4d79f44b-a88e-4f88-b997-1c6418ac6cac,aef5051b-ee62-4974-994d-fbb200c5f89c,2025-08-28T07:02:00,40e6ddd6-b8f6-4e17-8bd6-5e53966809d2,600,24,624
197387dc-f013-493c-902c-2f8bfce9a50d,6b9cd81e-126c-4c53-b6b5-575d78951256,2025-08-28T07:03:00,4b6c2304-2b9e-41e4-942a-cf11a1819378,700,42,742
197acb5c-4f26-47df-b1df-c4cb6035fbc1,861181e6-5d97-48a8-bbe4-226caa976140,2025-08-28T07:09:00,4b6c2304-2b9e-41e4-942a-cf11a1819378,700,42,742
9c720e87-455d-4eab-9c48-900e81a48267,87a00a98-1d65-4fba-92f9-41ac07bce2bd,2025-08-28T07:09:00,40e6ddd6-b8f6-4e17-8bd6-5e53966809d2,600,24,624
35777d34-beae-40fb-8bc2-4a5410a03cdd,2f771a5a-3d76-48e3-985b-b7e91e092c46,2025-08-28T07:12:00,40e6ddd6-b8f6-4e17-8bd6-5e53966809d2,600,24,624
6c772ec1-fb0e-4248-92e2-72372594ad27,19fee9df-73a9-41e9-9777-18d2a79ab8b4,2025-08-28T07:14:00,4b6c2304-2b9e-41e4-942a-cf11a1819378,400,24,424
a763f259-a17c-4cc0-853c-260aa60ccc2e,e215d555-cc18-4890-8969-89abf72d28ae,2025-08-28T07:15:00,40e6ddd6-b8f6-4e17-8bd6-5e53966809d2,600,24,624
f5bfa045-cd5e-4444-adfe-4aecb0dc5a04,49421d99-2baa-4a3f-bbff-4e4d4e0062aa,2025-08-28T07:15:00,40e6ddd6-b8f6-4e17-8bd6-5e53966809d2,400,16,416
a5ee6086-4cbb-43fc-872f-3a737d75ebd1,9c98b2d4-f4f3-440f-b28d-0e1ca7a152a5,2025-08-28T07:16:00,4b6c2304-2b9e-41e4-942a-cf11a1819378,3200,192,3392
8521e0d2-4363-4e24-8bd6-5ee51ac577ae,b761dca2-f8ff-4709-b645-9b0591dfa353,2025-08-28T07:17:00,4b6c2304-2b9e-41e4-942a-cf11a1819378,500,30,530
bc3937c7-96d5-4037-b407-009532fde7be,73d9c423-e9d4-428f-bfaa-b073b2c1f454,2025-08-28T07:17:00,40e6ddd6-b8f6-4e17-8bd6-5e53966809d2,700,28,728
0750a1ff-6f89-4b49-b48c-026af1a4f3f1,ff29ece6-95da-4800-acd2-b14950a339dd,2025-08-28T07:19:00,4b6c2304-2b9e-41e4-942a-cf11a1819378,600,36,636
c6b3b99d-fecf-444b-8686-baabd3781104,13ae1187-ebff-4588-bbf0-db26b1bbb598,2025-08-28T07:20:00,4b6c2304-2b9e-41e4-942a-cf11a1819378,500,30,530
bf366939-028b-4a15-a910-5c9182f71861,e58c63e7-69a9-49cb-947e-5841010ca567,2025-08-28T07:21:00,4b6c2304-2b9e-41e4-942a-cf11a1819378,400,24,424
66594926-63bc-4281-94b7-7ecac5c9c0dc,7e2a9b35-5e70-4df4-889c-34732fd2ee32,2025-08-28T07:22:00,40e6ddd6-b8f6-4e17-8bd6-5e53966809d2,400,16,416
e6a6e39a-32f8-46df-9964-394044770a66,c630fcf6-11c8-465f-9498-0839aee67e55,2025-08-28T07:22:00,40e6ddd6-b8f6-4e17-8bd6-5e53966809d2,400,16,416
e3e2f528-5f3a-4977-bae4-0c74cad4f744,87fc5559-9d20-4780-8c0e-b7c248cd6236,2025-08-28T07:24:00,40e6ddd6-b8f6-4e17-8bd6-5e53966809d2,400,16,416
8a171f8e-b3a8-45f7-bdd3-30d08f6eb263,01450c81-3eae-4663-a704-f91c175e17f0,2025-08-28T07:26:00,4b6c2304-2b9e-41e4-942a-cf11a1819378,500,30,530
387f9671-ae08-48a9-9079-38bba7aa26e7,f459a5e8-b280-49fd-904a-3cd3746f4f16,2025-08-28T07:26:00,40e6ddd6-b8f6-4e17-8bd6-5e53966809d2,400,16,416
91794d5d-74e3-455a-b1d0-8eb433820d93,2977486c-8467-4a72-a290-db87a9022320,2025-08-28T07:27:00,4b6c2304-2b9e-41e4-942a-cf11a1819378,600,36,636
6afb7dc6-2ec6-4ccf-83fd-acf56a9a9d94,a2effce6-3ad2-4811-940b-bbb5a4ad9b67,2025-08-28T07:27:00,40e6ddd6-b8f6-4e17-8bd6-5e53966809d2,600,24,624
3d5c7b4a-209c-4018-9d59-abea07a6f924,a5781cf5-d32e-4370-b0f8-4f229bc0efa4,2025-08-28T07:28:00,4b6c2304-2b9e-41e4-942a-cf11a1819378,700,42,742
bef3ebe6-9ab6-4d70-af50-d83897967c1e,2949aa7a-85ad-46d1-8409-bf608167f72a,2025-08-28T07:28:00,4b6c2304-2b9e-41e4-942a-cf11a1819378,700,42,742
8019e840-1339-4a38-adfb-b2e7de778830,5a62f2b9-646a-4b84-b570-661ca33a139f,2025-08-28T07:28:00,40e6ddd6-b8f6-4e17-8bd6-5e53966809d2,700,28,728
144b0513-1242-40d6-8b5c-00ac4e2b0392,b8edba64-3db4-4841-8f8d-dc00dce6fb67,2025-08-28T07:29:00,40e6ddd6-b8f6-4e17-8bd6-5e53966809d2,600,24,624
5076a7ad-9ca5-4453-ac10-31ec454a6d73,6f595044-c1c1-4b1b-8b9a-6ba836a7d845,2025-08-28T07:30:00,40e6ddd6-b8f6-4e17-8bd6-5e53966809d2,600,24,624
3b0e38e3-8b75-44c0-965b-1a5c08f7df6b,b0fb926f-1c66-426d-b796-e9d801b13122,2025-08-28T07:33:00,40e6ddd6-b8f6-4e17-8bd6-5e53966809d2,600,24,624
dee60cb4-3cda-41b7-9f92-1d822328cfe2,12c154ff-46ac-45a7-921c-2404994ecc21,2025-08-28T07:34:00,40e6ddd6-b8f6-4e17-8bd6-5e53966809d2,500,20,520
c40eba68-7182-4201-80ec-1d5b97354d23,4d9a6ab4-f181-4f8c-9beb-e4cd9774b5d7,2025-08-28T07:35:00,40e6ddd6-b8f6-4e17-8bd6-5e53966809d2,400,16,416
c5636847-b13e-4a33-9f5f-926d6c5817a3,6a9699dc-eba5-4045-9b96-91504f0cfe77,2025-08-28T07:35:00,40e6ddd6-b8f6-4e17-8bd6-5e53966809d2,600,24,624
e17ba339-c5cb-489a-820b-d01586c905fc,866ec748-2021-45f8-9170-6c393fca1e65,2025-08-28T07:35:00,40e6ddd6-b8f6-4e17-8bd6-5e53966809d2,700,28,728
56987728-8d0e-49d6-8435-741f3fe57dc6,31006b42-8446-43cf-bd23-af4d84ca2c85,2025-08-28T07:36:00,40e6ddd6-b8f6-4e17-8bd6-5e53966809d2,700,28,728
010da8dc-2fcb-4135-be9c-b4515aaee9f8,28c1b6d1-da1f-4187-98af-4e43f096b00d,2025-08-28T07:36:00,40e6ddd6-b8f6-4e17-8bd6-5e53966809d2,400,16,416
c9777b03-619a-4d31-9db9-2214b9f43c0d,9668fd00-799b-4cff-811f-a3e0528d255d,2025-08-28T07:36:00,40e6ddd6-b8f6-4e17-8bd6-5e53966809d2,600,24,624
21c0c45b-8ad7-472c-b64b-56a4e31d88dd,847d46dd-9721-4351-8bef-5c2292b57d6f,2025-08-28T07:37:00,4b6c2304-2b9e-41e4-942a-cf11a1819378,700,42,742
564bd674-78b0-4411-b08d-190869770c65,355d89d9-bf5a-41df-9382-a5e57cbbbec4,2025-08-28T07:37:00,40e6ddd6-b8f6-4e17-8bd6-5e53966809d2,600,24,624
f661d296-07ff-4235-a5b7-4331d240829f,d31efffd-fdc4-4168-ac26-83b67a6c5c47,2025-08-28T07:38:00,4b6c2304-2b9e-41e4-942a-cf11a1819378,500,30,530
27443f0e-02e7-4be6-a6f7-166bd0e34032,d18e4429-67b8-4ac0-8d74-6c1d026d15a7,2025-08-28T07:38:00,40e6ddd6-b8f6-4e17-8bd6-5e53966809d2,600,24,624
c803c2da-a007-4f56-92e9-a393d9c976db,83864095-dda9-4a16-ab3a-ba6429fa3dbd,2025-08-28T07:38:00,40e6ddd6-b8f6-4e17-8bd6-5e53966809d2,600,24,624
bbd2e14c-0a70-4e9b-a2a8-316c4c9b3f26,ce69d742-4723-467f-9e5d-262fff84a6a6,2025-08-28T07:39:00,40e6ddd6-b8f6-4e17-8bd6-5e53966809d2,500,20,520
683a7c72-a5ee-4ba7-8f0c-32d4ffe4a48d,d6914b8f-0d72-4044-a61b-055adb02f005,2025-08-28T07:39:00,40e6ddd6-b8f6-4e17-8bd6-5e53966809d2,600,24,624
3fefde64-6dc0-481b-b46a-8fad5ab16e7e,8dcd5fa7-1a1d-413e-9468-5f4b02f2f3fe,2025-08-28T07:39:00,40e6ddd6-b8f6-4e17-8bd6-5e53966809d2,600,24,624
5dab3696-4a5f-4a3d-a9aa-953649a349ee,e77008c8-b7e1-4bb6-93d8-8383d6385531,2025-08-28T07:40:00,4b6c2304-2b9e-41e4-942a-cf11a1819378,600,36,636
2a9f329b-3087-4ea0-8829-635e5718b5af,314d5517-f29b-49b2-a076-3abe12756120,2025-08-28T07:40:00,40e6ddd6-b8f6-4e17-8bd6-5e53966809d2,600,24,624
964791ea-970c-4c4a-ba14-df806dccc953,8d5fa184-5966-49ce-b3e7-4acfaba98bfd,2025-08-28T07:41:00,40e6ddd6-b8f6-4e17-8bd6-5e53966809d2,600,24,624
6e4bcc32-ea2c-4257-a5f7-281bf74ff20d,5d59a09d-7696-4e1b-a171-abe3b79fff2d,2025-08-28T07:42:00,4b6c2304-2b9e-41e4-942a-cf11a1819378,400,24,424
03b9e6b4-cb9e-45ec-84c7-77dc1629e51c,71972ade-a5de-461b-aac8-49774ccb1a4a,2025-08-28T07:43:00,4b6c2304-2b9e-41e4-942a-cf11a1819378,600,36,636
bf42da98-75cd-4138-9601-e4a4a8d02a80,efb0203d-c970-47ec-8644-2090a658224b,2025-08-28T07:43:00,40e6ddd6-b8f6-4e17-8bd6-5e53966809d2,600,24,624
dcf1f3b2-f68c-45d9-a3e7-266b1a8b83dd,2f76575f-2d85-40ca-8f3b-82b14debc678,2025-08-28T07:43:00,40e6ddd6-b8f6-4e17-8bd6-5e53966809d2,700,28,728
a29d94ff-2519-4df8-9e68-83cc071b96d3,bd081d89-0320-4774-bb4c-798b6e253b0e,2025-08-28T07:44:00,4b6c2304-2b9e-41e4-942a-cf11a1819378,600,36,636
c523d49e-9234-4c06-a3bb-878ec06ccd67,4232e434-92ef-4ff9-a069-d1e5312ebda2,2025-08-28T07:45:00,40e6ddd6-b8f6-4e17-8bd6-5e53966809d2,600,24,624
1e37c9a9-6ed0-4ef8-bd09-9bc3d378b7a2,848485f0-198f-4efa-8335-707db71a7434,2025-08-28T07:46:00,4b6c2304-2b9e-41e4-942a-cf11a1819378,600,36,636
5e7e0862-f6d1-4351-88b8-36d111442d6e,1c3dc001-75eb-4fb9-b3ad-59a3be5b31ac,2025-08-28T07:47:00,40e6ddd6-b8f6-4e17-8bd6-5e53966809d2,600,24,624
6dc06e9b-2c09-4637-ac8a-2bcef3fa1fd2,300faed1-594b-427c-894e-c46855f06f22,2025-08-28T07:47:00,40e6ddd6-b8f6-4e17-8bd6-5e53966809d2,400,16,416
2590d73d-0de6-4858-bc7f-bf5c058293b4,b0da7a9b-77d7-407d-8506-51705503fa05,2025-08-28T07:48:00,4b6c2304-2b9e-41e4-942a-cf11a1819378,600,36,636
836f75b1-9083-4c49-a4d4-feaefa1e9de4,710200a9-2c6c-4f21-b3f1-3ed6aa684fa2,2025-08-28T07:48:00,4b6c2304-2b9e-41e4-942a-cf11a1819378,400,24,424
81fc0afd-9b38-4018-b22b-29c4dc9ec99a,3c7a4cde-d92b-4d90-a731-9c0461ae8c90,2025-08-28T07:49:00,4b6c2304-2b9e-41e4-942a-cf11a1819378,600,36,636
f2cf775e-309e-4c6a-a913-a22128aa4c51,fdd86eaf-7a5b-4598-9a08-6f4f207743bb,2025-08-28T07:49:00,4b6c2304-2b9e-41e4-942a-cf11a1819378,400,24,424
8b5d68b0-967e-435c-8c50-d8e2f37a3e75,5fccc95a-c30f-4525-a4a6-43861baae99a,2025-08-28T07:49:00,4b6c2304-2b9e-41e4-942a-cf11a1819378,600,36,636
611ba018-1dea-4db7-b5aa-91b7e4d17ffd,8ebb4b7d-ed19-43be-a647-6c3a9a6a166a,2025-08-28T07:49:00,4b6c2304-2b9e-41e4-942a-cf11a1819378,700,42,742
23f8fca0-22fb-43e6-bab8-21ff7ebed6fc,cfefbf12-9a5a-4d61-a708-d92f785af097,2025-08-28T07:50:00,4b6c2304-2b9e-41e4-942a-cf11a1819378,600,36,636
51f69bea-22c8-4707-b337-7097685be7a7,1233e680-06d7-4b38-8c6e-796ef158556a,2025-08-28T07:50:00,4b6c2304-2b9e-41e4-942a-cf11a1819378,700,42,742
6c92a711-c6e5-4cd8-8415-c6808c815a1b,143944c0-b4d0-48f7-ac1f-6ffaeff64a70,2025-08-28T07:50:00,4b6c2304-2b9e-41e4-942a-cf11a1819378,500,30,530
3479cea6-d887-4530-b4ba-a9d56e3cb686,d4d6e685-70a2-49ea-b511-383a54d18cfa,2025-08-28T07:50:00,40e6ddd6-b8f6-4e17-8bd6-5e53966809d2,600,24,624
26bcbbae-c6fd-4b5b-92c7-9d2c6b9d9824,71f1cea1-588b-47f5-93c3-4e649541a9e4,2025-08-28T07:50:00,40e6ddd6-b8f6-4e17-8bd6-5e53966809d2,600,24,624
aa81e5e6-6c44-457d-9ee8-5b2f8dbe7764,2a6409ee-29ac-483f-a2a7-9074fcb50191,2025-08-28T07:50:00,40e6ddd6-b8f6-4e17-8bd6-5e53966809d2,400,16,416
edb15305-a4cc-4c25-b6b9-743fefa4ea51,2f162c0f-4d00-4d10-88ca-6dd2b94f24f5,2025-08-28T07:50:00,40e6ddd6-b8f6-4e17-8bd6-5e53966809d2,700,28,728
14c358e3-cb62-49e4-93c1-92f671588a00,2609004e-90a8-450e-98f3-5ebc16841cd5,2025-08-28T07:51:00,4b6c2304-2b9e-41e4-942a-cf11a1819378,500,30,530
2972e58a-9f90-4552-aa23-2b16fb1856c4,af16d888-ff4c-4c16-a2f8-9e2a3a9677c7,2025-08-28T07:51:00,4b6c2304-2b9e-41e4-942a-cf11a1819378,500,30,530
9db99bdf-21bb-48d2-a6aa-5671f22cff28,3810f8e6-9278-4c26-9be0-d6d6c35fe477,2025-08-28T07:52:00,4b6c2304-2b9e-41e4-942a-cf11a1819378,600,36,636
08f172fe-e7ab-4636-9ca5-b65e9bf6ba28,3b5801eb-5e85-44e1-abb0-6e1879e5e0ac,2025-08-28T07:52:00,4b6c2304-2b9e-41e4-942a-cf11a1819378,400,24,424
3e71e1db-4a14-4a70-a82e-f095ec8c46ca,3cbc7f74-54e3-47c2-b02f-229f7ca60a5c,2025-08-28T07:52:00,40e6ddd6-b8f6-4e17-8bd6-5e53966809d2,600,24,624
fd06151b-5ac0-49d8-8433-04140a12d191,0d2974c5-d4de-4163-bf27-73d86a77b048,2025-08-28T07:53:00,4b6c2304-2b9e-41e4-942a-cf11a1819378,500,30,530
f4e6e19a-9e67-4f1c-8f81-3a90aeb1f097,84ee8f13-e5a2-4988-8f65-daa65801c5d1,2025-08-28T07:54:00,4b6c2304-2b9e-41e4-942a-cf11a1819378,700,42,742
3b6e45f3-f2d7-4d5e-8034-5ed45b5010e0,bd72d373-2261-4193-bee7-41d3bfd08ef1,2025-08-28T07:54:00,4b6c2304-2b9e-41e4-942a-cf11a1819378,400,24,424
25be1f6f-f988-403e-85ab-59aed2e0eec5,5bc10fee-ced7-43f1-91e5-597bd89faff6,2025-08-28T07:54:00,40e6ddd6-b8f6-4e17-8bd6-5e53966809d2,700,28,728
949eb516-5756-4dad-9aa1-150de69ab630,d6ca14b1-9b55-47f7-be97-787002ca26e5,2025-08-28T07:54:00,40e6ddd6-b8f6-4e17-8bd6-5e53966809d2,400,16,416
4b367f57-c813-4d47-8b5f-e143928e9165,b0cab1cc-6689-4922-a78f-5c6e1c458cd1,2025-08-28T07:55:00,4b6c2304-2b9e-41e4-942a-cf11a1819378,500,30,530
98c79ce9-8178-47c1-9d58-049ca902d62f,5b6d3273-0554-4f9d-bc05-2157626c1ad0,2025-08-28T07:55:00,40e6ddd6-b8f6-4e17-8bd6-5e53966809d2,400,16,416
5e19f2e0-c9fb-4c32-b6d7-27033a457215,b3f95dcd-caf0-4d0c-8890-a7b8e231c6b7,2025-08-28T07:55:00,40e6ddd6-b8f6-4e17-8bd6-5e53966809d2,600,24,624
65dcfbe2-2f3a-42e9-9720-8697dcc94d1d,8976b896-e0e8-4696-b268-5587e42efaa0,2025-08-28T07:55:00,40e6ddd6-b8f6-4e17-8bd6-5e53966809d2,400,16,416
5b702a4d-3780-41c6-8291-b427df844412,b66b0e13-b74e-40e7-b3e7-1583f2f08a9b,2025-08-28T07:56:00,40e6ddd6-b8f6-4e17-8bd6-5e53966809d2,400,16,416
809acaa7-1b6d-4d88-bf54-fd64eb3747c7,f419edd5-8bb5-4809-8cfc-599ab209f6da,2025-08-28T07:56:00,40e6ddd6-b8f6-4e17-8bd6-5e53966809d2,700,28,728
2d94df59-cca2-4972-9bc8-70a50e2a70d9,50e6ae18-ad0a-4f68-bb3d-e1a8b80eb58f,2025-08-28T07:56:00,40e6ddd6-b8f6-4e17-8bd6-5e53966809d2,700,28,728
17a9436e-2263-436c-bc06-1632aa79ca1e,446153de-73e0-4d85-a593-2c3ae8664564,2025-08-28T07:57:00,40e6ddd6-b8f6-4e17-8bd6-5e53966809d2,400,16,416
e53dce12-e456-47ea-92cc-218fc25655de,b65fff66-1997-4dd8-bc91-1349a415e4a0,2025-08-28T07:58:00,40e6ddd6-b8f6-4e17-8bd6-5e53966809d2,400,16,416
1924739c-2123-4808-80d6-457163219b97,80617fda-335d-411d-aed3-ca3917a8cff2,2025-08-28T07:58:00,40e6ddd6-b8f6-4e17-8bd6-5e53966809d2,700,28,728
5661f4ab-3aa3-4dc4-b7c6-2e28d2772f7d,779b7f09-bfd0-4ab7-a46f-9f6eecb13030,2025-08-28T07:58:00,40e6ddd6-b8f6-4e17-8bd6-5e53966809d2,700,28,728
7ea1b105-b620-4392-94e2-daa68bbc5743,36708614-1e24-453b-8593-b03eb1a7c5b8,2025-08-28T07:58:00,40e6ddd6-b8f6-4e17-8bd6-5e53966809d2,500,20,520
2a143ebd-82d4-4cec-9a89-a6220fcc2682,89a5d615-2bb0-4843-8177-90bf7f452bfe,2025-08-28T07:59:00,40e6ddd6-b8f6-4e17-8bd6-5e53966809d2,400,16,416
06bfd371-4c8c-4424-8990-7deeeadb4d8a,67f25b4e-183c-4a43-9227-09966e445b42,2025-08-28T07:59:00,40e6ddd6-b8f6-4e17-8bd6-5e53966809d2,400,16,416
557e2a50-972e-4f6d-93d7-1c0089f66524,8a77ab59-ae1e-4b71-ab66-66bda4615cfd,2025-08-28T08:00:00,4b6c2304-2b9e-41e4-942a-cf11a1819378,600,36,636
c61c2a79-2691-4f9b-9f3e-9ca71895b6ff,89b94667-2d12-4e7a-bfdd-f37056d10195,2025-08-28T08:00:00,40e6ddd6-b8f6-4e17-8bd6-5e53966809d2,500,20,520
c0db78d8-da4c-4303-9e20-d19a081b815b,2660b7ac-6c46-4392-8ddc-26194c532341,2025-08-28T08:01:00,4b6c2304-2b9e-41e4-942a-cf11a1819378,400,24,424
ad85ed9c-17b5-4906-b307-480b19737460,212484cd-56e9-4934-ab9b-69d43228ee16,2025-08-28T08:01:00,40e6ddd6-b8f6-4e17-8bd6-5e53966809d2,400,16,416
c0e4c00a-e9d2-4f67-bd15-4145dfcdd148,bbe44e0a-dc83-4c13-a357-89d0c4f06f29,2025-08-28T08:01:00,40e6ddd6-b8f6-4e17-8bd6-5e53966809d2,400,16,416
3b1e1fcd-a60d-4046-ab77-5f9bb01d4ae5,cc1816db-c3dd-4c16-8ea7-18fe313472b9,2025-08-28T08:02:00,4b6c2304-2b9e-41e4-942a-cf11a1819378,500,30,530
871ea900-437f-47d0-bdb2-1ed2ebb56646,890861ac-5e77-4568-aaff-807b37e6f872,2025-08-28T08:02:00,4b6c2304-2b9e-41e4-942a-cf11a1819378,400,24,424
11436f0f-c5e0-4235-84cf-206ece000662,97bbee89-2209-4d9a-9f20-d3327baf7efe,2025-08-28T08:02:00,40e6ddd6-b8f6-4e17-8bd6-5e53966809d2,500,20,520
fc639227-0595-4fad-8102-c85b793e8f9d,388a03fa-6bff-4153-afbb-2349b43c876e,2025-08-28T08:02:00,40e6ddd6-b8f6-4e17-8bd6-5e53966809d2,700,28,728
8e12bf88-5684-44b0-94bd-df41f4096c16,0f1df561-31c0-417e-909b-4b054c45baaf,2025-08-28T08:02:00,40e6ddd6-b8f6-4e17-8bd6-5e53966809d2,700,28,728
19f4dbe6-4257-4a6e-8c5d-32e392558385,7aa35447-7686-43f7-bb98-14b1bc5fe250,2025-08-28T08:02:00,40e6ddd6-b8f6-4e17-8bd6-5e53966809d2,600,24,624
24055dc8-0192-4fc7-ad73-e2c9fbdc0967,bab8979a-8cd9-477b-bbd7-2e1dbab88437,2025-08-28T08:03:00,4b6c2304-2b9e-41e4-942a-cf11a1819378,500,30,530
036947b8-b72a-4bdb-a976-29e40b532a92,f4c0d073-250c-455a-a84a-848e56ae7048,2025-08-28T08:03:00,40e6ddd6-b8f6-4e17-8bd6-5e53966809d2,400,16,416
77cd170a-8f09-4335-80a0-8ecb55b8c413,661d2fc6-9fa2-4c79-9d19-44c73cb68448,2025-08-28T08:03:00,40e6ddd6-b8f6-4e17-8bd6-5e53966809d2,400,16,416
d4cb1f49-25f5-4b02-b507-8a532e609e5a,a692df88-38f3-4725-84a6-73ec7e6c7ab5,2025-08-28T08:03:00,40e6ddd6-b8f6-4e17-8bd6-5e53966809d2,500,20,520
4763a89e-12bf-4b56-814d-43fed42cac44,b998f134-9c6e-4e5b-9a37-d0d9dbc72f85,2025-08-28T08:04:00,4b6c2304-2b9e-41e4-942a-cf11a1819378,500,30,530
750d5c45-f355-401a-8e2f-6858d97629dc,4d97e8a1-7720-4190-b326-dccfa2ec4426,2025-08-28T08:04:00,40e6ddd6-b8f6-4e17-8bd6-5e53966809d2,500,20,520
80b6727b-16c0-4e2c-91ae-57543ee80720,1d94038e-346e-4263-a10f-7fa4e5d1179e,2025-08-28T08:04:00,40e6ddd6-b8f6-4e17-8bd6-5e53966809d2,500,20,520
5d1474c5-ec46-4c73-b51e-ade447f5bf3f,be6fcaa5-9911-4bb6-b97c-47eb53c88b32,2025-08-28T08:05:00,4b6c2304-2b9e-41e4-942a-cf11a1819378,400,24,424
1d9dcc84-27f8-4f8f-bcbd-b89af2068854,b9915f58-4f74-4518-bb97-0b1e58c541a5,2025-08-28T08:05:00,4b6c2304-2b9e-41e4-942a-cf11a1819378,700,42,742
3ca3e277-42fd-49ed-95c3-0180654d60a6,1a1fa253-a2de-457a-9397-7c6c80d5d589,2025-08-28T08:05:00,40e6ddd6-b8f6-4e17-8bd6-5e53966809d2,400,16,416
c6801723-f10b-484a-baa1-2686cd0354e7,2e1fd151-264e-4a4a-8584-733dd5da3152,2025-08-28T08:05:00,40e6ddd6-b8f6-4e17-8bd6-5e53966809d2,600,24,624
7c7907b5-f864-4d39-9055-2c909cfc4127,bd463573-d217-4411-9ac0-8b72bd7609cd,2025-08-28T08:06:00,4b6c2304-2b9e-41e4-942a-cf11a1819378,500,30,530
c85510c8-7bff-458b-97d5-1494fc8ed399,45ed3c5a-3c94-463b-91d2-73d3333fe5fc,2025-08-28T08:06:00,40e6ddd6-b8f6-4e17-8bd6-5e53966809d2,600,24,624
8a941eef-a2fe-4670-a84e-861b7581ab38,0000bd8e-496c-42aa-9430-fea7f9bd6a96,2025-08-28T08:07:00,4b6c2304-2b9e-41e4-942a-cf11a1819378,600,36,636
e1f64582-1a44-46b1-9c25-25132aadca8c,95381466-0836-4fd0-b05c-e8ca6147a51f,2025-08-28T08:07:00,40e6ddd6-b8f6-4e17-8bd6-5e53966809d2,400,16,416
76d6f86e-4a8c-4553-af5d-bb960ff50d82,ed7f8737-2c99-408f-afd0-f91c740e414c,2025-08-28T08:08:00,4b6c2304-2b9e-41e4-942a-cf11a1819378,600,36,636
d9d78ff9-2948-4c56-9b87-4cd2b84d615c,4fc0f100-7ad9-49a8-9620-f0e3a0e42a80,2025-08-28T08:08:00,4b6c2304-2b9e-41e4-942a-cf11a1819378,500,30,530
fc766239-3d3e-4688-9097-c6e58226e0f0,b4413ac0-2fc9-4c91-b188-71c109d9be8f,2025-08-28T08:09:00,4b6c2304-2b9e-41e4-942a-cf11a1819378,400,24,424
491c2dd3-d095-40e2-9ba1-bdc0a1a7886b,5d24b6bc-2eea-4766-a11d-b0aed43f038a,2025-08-28T08:09:00,4b6c2304-2b9e-41e4-942a-cf11a1819378,700,42,742
8ef0a452-0884-422b-b73f-ba9675c69c1a,c9750567-c933-4797-9313-ec159ddcb6d2,2025-08-28T08:09:00,40e6ddd6-b8f6-4e17-8bd6-5e53966809d2,500,20,520
f5955d87-59cb-448e-b70b-0cfed6146077,132425e2-d22d-43aa-a372-e3d9bfd77f8c,2025-08-28T08:10:00,4b6c2304-2b9e-41e4-942a-cf11a1819378,600,36,636
41fcb29b-47ae-4695-bc5b-9af8f5bfc545,63b6d2f8-4e38-4b4c-bf67-6651399b4453,2025-08-28T08:10:00,4b6c2304-2b9e-41e4-942a-cf11a1819378,700,42,742
4738b2c8-57a2-45e8-887a-40548dcaf10a,adaf0597-4b7f-4b6a-8881-40f3787bc862,2025-08-28T08:10:00,40e6ddd6-b8f6-4e17-8bd6-5e53966809d2,400,16,416
d31484f2-89d4-42d8-92f6-c1e24ba155c1,76d2b7be-1fa1-441b-9de1-97c64d06c646,2025-08-28T08:10:00,40e6ddd6-b8f6-4e17-8bd6-5e53966809d2,700,28,728
f962733b-506d-4640-aa23-e05b6dd0bc10,0872893c-bf01-4853-b91f-a1cc0263fedf,2025-08-28T08:12:00,4b6c2304-2b9e-41e4-942a-cf11a1819378,500,30,530
53068af7-9e2e-4fcd-bdde-fba3424235c0,2f0fa97b-f713-40a9-8e11-3e18580cd97b,2025-08-28T08:12:00,40e6ddd6-b8f6-4e17-8bd6-5e53966809d2,400,16,416
00b08006-bcf8-4751-8e5e-d1865eded5e2,5484b02b-221a-4bbe-86a3-3eccdcf8d2ae,2025-08-28T08:12:00,40e6ddd6-b8f6-4e17-8bd6-5e53966809d2,600,24,624
8abe649b-b9e3-44fa-8d55-1cef15f67ecf,c0ec2b5c-22e2-4010-a8f9-94431d5860c7,2025-08-28T08:12:00,40e6ddd6-b8f6-4e17-8bd6-5e53966809d2,600,24,624
cfd0d986-3d42-4d06-80c1-ff4d52e82f25,1b25718d-795f-4b30-a424-50167ae8c0ad,2025-08-28T08:13:00,40e6ddd6-b8f6-4e17-8bd6-5e53966809d2,700,28,728
9494baac-e42d-4890-8008-40c44bc48fcb,66983396-cb40-4613-8d6d-306b8f9ca5c4,2025-08-28T08:14:00,4b6c2304-2b9e-41e4-942a-cf11a1819378,400,24,424
f9066d64-19da-47b2-b71f-3c62a51e272f,34a9dd73-95d0-45d9-a3fb-636e4e080a6c,2025-08-28T08:14:00,4b6c2304-2b9e-41e4-942a-cf11a1819378,400,24,424
e6438507-6c9e-42c8-9c5c-b47cd4bacdae,ead66f31-3437-42c5-9145-8281898ce326,2025-08-28T08:14:00,4b6c2304-2b9e-41e4-942a-cf11a1819378,500,30,530
2060553c-84f2-45a5-9666-f01c77167fd9,3e28e5b6-fe21-474e-b5bc-95ac85c187ad,2025-08-28T08:14:00,4b6c2304-2b9e-41e4-942a-cf11a1819378,600,36,636
566bf8a1-84b3-4154-92bf-70643cb7b52b,53352c2c-02b9-41af-b276-94d6d22379fe,2025-08-28T08:14:00,40e6ddd6-b8f6-4e17-8bd6-5e53966809d2,400,16,416
9be9242e-d1de-4011-8c4a-ca278d6cebf7,2661b9e7-3b2c-40ea-b349-251363d10a4e,2025-08-28T08:14:00,40e6ddd6-b8f6-4e17-8bd6-5e53966809d2,600,24,624
92158906-4c32-4ad8-93b8-1b00e4c637ec,bb0bc182-b8f7-4f26-b794-dca522dd4cec,2025-08-28T08:15:00,4b6c2304-2b9e-41e4-942a-cf11a1819378,600,36,636
9b87e3e3-6789-435d-a033-76ad5979066b,c108b321-1696-4fbd-8457-87fd61ca65d8,2025-08-28T08:15:00,40e6ddd6-b8f6-4e17-8bd6-5e53966809d2,500,20,520
19916c1d-1286-4092-be35-36a2742a895f,a5066e8e-de65-4798-9ed5-f6cae5f86031,2025-08-28T08:16:00,40e6ddd6-b8f6-4e17-8bd6-5e53966809d2,400,16,416
bd19430f-69ca-4905-9a8f-8868a331dc44,e4adb740-2faa-44fc-bc18-4aa698032414,2025-08-28T08:17:00,4b6c2304-2b9e-41e4-942a-cf11a1819378,600,36,636
3a6d336c-6193-4b52-99b1-f1e77b74fd60,fd9f1577-416e-472f-aad7-7bd5c56293f5,2025-08-28T08:17:00,40e6ddd6-b8f6-4e17-8bd6-5e53966809d2,500,20,520
65431e9d-cd4a-46cf-a345-765a2172b77e,e6173937-b216-46db-b863-ec7526285150,2025-08-28T08:17:00,40e6ddd6-b8f6-4e17-8bd6-5e53966809d2,600,24,624
4e5d9524-83ca-453f-ac89-49725c568eab,3483e39a-260f-4974-9366-50c2d833307f,2025-08-28T08:19:00,4b6c2304-2b9e-41e4-942a-cf11a1819378,600,36,636
9118c49a-9cc1-4f18-ae2d-3201cc1a8d3a,2aaf9fc4-0801-4163-8cc8-39558682f704,2025-08-28T08:19:00,4b6c2304-2b9e-41e4-942a-cf11a1819378,600,36,636
93b3e362-0aec-4908-8818-b0e93639c3ba,0db82818-585b-4e3f-9898-2a72727c2e42,2025-08-28T08:20:00,4b6c2304-2b9e-41e4-942a-cf11a1819378,700,42,742
79a6a397-b67f-4ce4-bff3-625c66ea03b6,125d87d5-a36a-4f4e-865c-3122386e88ca,2025-08-28T08:20:00,4b6c2304-2b9e-41e4-942a-cf11a1819378,700,42,742
bcbafe47-3693-4086-942d-ae95886e8481,04b679f3-0691-47bc-975a-fdac41f52db4,2025-08-28T08:20:00,4b6c2304-2b9e-41e4-942a-cf11a1819378,700,42,742
274e6415-7ff6-4e65-aa6e-64c4f0ccf904,c2457423-d813-4e9b-8cac-e77de71eef5d,2025-08-28T08:21:00,40e6ddd6-b8f6-4e17-8bd6-5e53966809d2,500,20,520
50603b0d-e6b0-4c66-869b-6c78f9df2e17,436ca6dd-1cc3-4ff0-986c-eabb97606b9b,2025-08-28T08:21:00,40e6ddd6-b8f6-4e17-8bd6-5e53966809d2,500,20,520
7da3cbb4-5506-4c5c-a96d-885ecae7e940,9455079c-4344-4995-939d-8184d7eb02e7,2025-08-28T08:22:00,4b6c2304-2b9e-41e4-942a-cf11a1819378,700,42,742
4daefd1d-ce0c-483d-bd5d-8c908ea38b04,4559b465-3dfc-40aa-84fe-31c153b4c0d8,2025-08-28T08:22:00,40e6ddd6-b8f6-4e17-8bd6-5e53966809d2,400,16,416
015dd017-af71-4f0e-86a6-483c3c06132d,6058494e-8390-41a7-9c1b-182902dda8db,2025-08-28T08:23:00,4b6c2304-2b9e-41e4-942a-cf11a1819378,400,24,424
543459e2-7876-4e43-99ee-ff406c39386c,09a354a5-a7cb-4687-8a52-c4a71feba0d2,2025-08-28T08:23:00,4b6c2304-2b9e-41e4-942a-cf11a1819378,600,36,636
b5982769-45a4-4c82-af75-a3c398b1bc9d,d1c356c7-a230-4e49-abb6-3eb1f58155cd,2025-08-28T08:23:00,40e6ddd6-b8f6-4e17-8bd6-5e53966809d2,600,24,624
79c7c4d9-093b-4ed5-a806-ed9805590df7,03410ea3-1e8a-40ef-9322-bc532f78f7ff,2025-08-28T08:23:00,40e6ddd6-b8f6-4e17-8bd6-5e53966809d2,400,16,416
6119e4c7-16a7-458b-95e2-2e09d72d9d40,9bac4be0-d703-4f1d-a088-1bdb362d3246,2025-08-28T08:24:00,4b6c2304-2b9e-41e4-942a-cf11a1819378,400,24,424
55fd780c-482a-490f-997d-333be8a339f4,72fd6924-b954-4c8f-9c0b-2545d0efe53b,2025-08-28T08:25:00,4b6c2304-2b9e-41e4-942a-cf11a1819378,600,36,636
77799d7f-1a3b-4f42-8bf0-2fe0d1c54acf,c6fb82d9-b6e6-445a-a3d3-0158405a9d16,2025-08-28T08:26:00,4b6c2304-2b9e-41e4-942a-cf11a1819378,400,24,424
814c47ad-7beb-4e42-8d4f-b1acab24a4a7,a0a83e46-f548-4a18-a79a-5ecdd85b6c8e,2025-08-28T08:26:00,40e6ddd6-b8f6-4e17-8bd6-5e53966809d2,400,16,416
f37d2ed8-805a-4591-b10e-21aab3b9c812,2dcc7662-f1ce-442c-b998-bbe351d5e186,2025-08-28T08:26:00,40e6ddd6-b8f6-4e17-8bd6-5e53966809d2,600,24,624
3c436fbb-24b3-46ec-850c-c4a1e3eae272,6d622f69-5cf8-4eda-b7ff-4f57f0e66237,2025-08-28T08:27:00,40e6ddd6-b8f6-4e17-8bd6-5e53966809d2,700,28,728
c045c610-2e8a-45b9-9b26-0ffb0b0bb4d7,33d208d7-91f2-4d70-9f75-c1bf87481c15,2025-08-28T08:27:00,40e6ddd6-b8f6-4e17-8bd6-5e53966809d2,600,24,624
36bf1f09-41e2-408b-badb-90be8b1830c7,a3867ed0-9303-4ce2-b40d-a9711a5efef0,2025-08-28T08:27:00,40e6ddd6-b8f6-4e17-8bd6-5e53966809d2,400,16,416
dfd87362-20a7-403b-8ed3-dbcc2836bb11,2a26f327-c9ef-40f4-bb8c-c809417caad1,2025-08-28T08:28:00,4b6c2304-2b9e-41e4-942a-cf11a1819378,600,36,636
78b387a4-6e1f-47de-9918-ae1a6563d432,a311b0c8-1b63-4405-8097-09a984512389,2025-08-28T08:29:00,4b6c2304-2b9e-41e4-942a-cf11a1819378,600,36,636
3a35944d-f348-406d-a305-35885c32d651,3eb1c53f-4af3-42d8-8608-40548ce4843d,2025-08-28T08:29:00,40e6ddd6-b8f6-4e17-8bd6-5e53966809d2,600,24,624
dafa493c-8bfd-48e8-9289-9c4b06778e16,9ff834d1-4ca0-4dd5-bb53-ea96ad8611bb,2025-08-28T08:31:00,4b6c2304-2b9e-41e4-942a-cf11a1819378,500,30,530
7a218754-f9d0-4230-bfbd-0faa579c182f,71ed3bfb-d094-47b4-bd02-9589f31e4c1d,2025-08-28T08:31:00,4b6c2304-2b9e-41e4-942a-cf11a1819378,600,36,636
e17fd803-0599-4fe2-b3fb-118831167eea,1bc088f8-fdf1-442f-9491-1287abc066d3,2025-08-28T08:31:00,40e6ddd6-b8f6-4e17-8bd6-5e53966809d2,400,16,416
be136895-49f6-46d9-860d-e908b16427dd,3785fc7c-35aa-4e40-b620-f54b10e8a832,2025-08-28T08:32:00,40e6ddd6-b8f6-4e17-8bd6-5e53966809d2,600,24,624
980418ed-9cd6-4f4c-8b1f-c56528402a5f,5261268c-aa94-438a-921a-05efc0d414ac,2025-08-28T08:35:00,4b6c2304-2b9e-41e4-942a-cf11a1819378,600,36,636
c7040560-e316-4f40-b3fd-f6865399b411,e6debecd-a5cf-4ced-957e-7fb31720480c,2025-08-28T08:36:00,40e6ddd6-b8f6-4e17-8bd6-5e53966809d2,600,24,624
0dbc0e0f-c8b7-4bf2-8421-5362c4b4964f,376d586e-00b0-4a49-9695-ddac46fb337e,2025-08-28T08:36:00,40e6ddd6-b8f6-4e17-8bd6-5e53966809d2,600,24,624
1b2b0182-60fe-4630-9779-35be8aecdcdb,f1c1c41c-e3ac-4d0f-9604-06a648c54aa4,2025-08-28T08:36:00,40e6ddd6-b8f6-4e17-8bd6-5e53966809d2,400,16,416
9cd79933-6435-495a-8f67-8c251ece944b,a43342bc-a956-480b-8ef3-7b28e61c9b9b,2025-08-28T08:36:00,40e6ddd6-b8f6-4e17-8bd6-5e53966809d2,700,28,728
5fbb9bdb-87c4-465a-b939-b5d5a8a6a149,b08f3b44-9c9f-407f-a89d-961068f5f58c,2025-08-28T08:37:00,40e6ddd6-b8f6-4e17-8bd6-5e53966809d2,4900,196,5096
16e688b5-bd81-4f7c-b98a-c5a905d6eed2,26ebc43f-cfbf-4fa1-9c7f-9134871f7b65,2025-08-28T08:37:00,40e6ddd6-b8f6-4e17-8bd6-5e53966809d2,500,20,520
8cc5765c-a5ca-4808-8ca6-923ceff319a5,1076f00e-5dd1-41d1-b2a5-0c59e18a5310,2025-08-28T08:38:00,4b6c2304-2b9e-41e4-942a-cf11a1819378,400,24,424
5e91dc74-ff96-45d1-b600-f2ae941e874b,aa006c1b-6b97-4f02-99a9-57923d13eb8f,2025-08-28T08:38:00,4b6c2304-2b9e-41e4-942a-cf11a1819378,600,36,636
48fe1abe-902f-4a76-9a2b-62540f886f2f,0e4dbbf0-e4a8-4015-9595-c0b9bec0f9e5,2025-08-28T08:38:00,40e6ddd6-b8f6-4e17-8bd6-5e53966809d2,500,20,520
fb74e018-fa36-40e6-b885-cad70157a06d,adf0d9db-c6a0-4226-a93f-30482ccd9d28,2025-08-28T08:39:00,4b6c2304-2b9e-41e4-942a-cf11a1819378,500,30,530
02c801bb-81df-4e08-b7aa-1edc6c2d197a,a1a72036-c041-4a92-a719-9bbf0e21d53b,2025-08-28T08:39:00,40e6ddd6-b8f6-4e17-8bd6-5e53966809d2,400,16,416
aac09282-7bf3-4f58-b86a-5e2c2239f588,8e5821f5-d035-421b-a56a-6ed02c100432,2025-08-28T08:42:00,4b6c2304-2b9e-41e4-942a-cf11a1819378,600,36,636
fba8b333-d079-442e-bd85-a8c5848c68b8,2ef2eede-fcc3-4c79-a843-4f5ae828d591,2025-08-28T08:42:00,4b6c2304-2b9e-41e4-942a-cf11a1819378,600,36,636
ea9b0f11-e082-4de8-b2fb-3ec3590e54c8,07837268-1f07-43d7-a271-fa0ab4370eee,2025-08-28T08:42:00,40e6ddd6-b8f6-4e17-8bd6-5e53966809d2,600,24,624
a7ed7a27-baee-4fda-be2f-d110ff522196,430e5411-6ed3-439b-93c3-e885b2a37d0f,2025-08-28T08:44:00,40e6ddd6-b8f6-4e17-8bd6-5e53966809d2,400,16,416
82abbcd0-1128-4d1a-8b01-ca63b64b9875,36654075-c818-484d-aa9f-b6e8834b1bd5,2025-08-28T08:46:00,4b6c2304-2b9e-41e4-942a-cf11a1819378,400,24,424
08906030-8bda-4e87-95ce-e12a1bba667e,b5261e71-886e-4d78-8d1d-310ed9754704,2025-08-28T08:46:00,40e6ddd6-b8f6-4e17-8bd6-5e53966809d2,600,24,624
43eb32cf-1104-4989-b9f5-95f3841536dc,ed5f2f3e-8bef-4da7-b30c-90c3fa5f40ea,2025-08-28T08:47:00,40e6ddd6-b8f6-4e17-8bd6-5e53966809d2,500,20,520
e38c3496-4f65-402f-b239-8e9ccc84bdd9,7767d63a-0293-4866-ae0a-724670463aa1,2025-08-28T08:48:00,40e6ddd6-b8f6-4e17-8bd6-5e53966809d2,400,16,416
5992b388-1d03-4614-a676-fdb4b27869a5,a3d91be1-b5d9-4d3c-bdd8-ab49cd378f30,2025-08-28T08:49:00,4b6c2304-2b9e-41e4-942a-cf11a1819378,500,30,530
a5225758-3c35-446a-9ceb-98018230de4f,77475cfc-c7a4-44fd-aa82-b68053aa7540,2025-08-28T08:50:00,40e6ddd6-b8f6-4e17-8bd6-5e53966809d2,600,24,624
13cd49a3-bc9d-4a29-864c-63402d6266b2,ce8210c0-c537-4fd0-80ef-c3e8063b748a,2025-08-28T08:50:00,40e6ddd6-b8f6-4e17-8bd6-5e53966809d2,700,28,728
d97bf4ec-7b0c-499b-9d47-7de3905e7a16,b2310c7d-702b-4e62-b938-3b19262bd9e9,2025-08-28T08:51:00,40e6ddd6-b8f6-4e17-8bd6-5e53966809d2,700,28,728
b0616816-6361-4d4a-acbc-ebbf8e172a1f,5bbca380-854e-47a4-ae5c-fd631650a115,2025-08-28T08:55:00,4b6c2304-2b9e-41e4-942a-cf11a1819378,500,30,530
d28e8e3f-1d26-4e49-8c5a-612c792c6447,1acd402c-8758-4f7a-9a24-57636d44ede6,2025-08-28T08:56:00,40e6ddd6-b8f6-4e17-8bd6-5e53966809d2,700,28,728
2cac2b1c-fff6-443f-beef-b39c8de6f3b2,1439dc05-4ab9-4995-90c7-d9437ae94f50,2025-08-28T08:56:00,40e6ddd6-b8f6-4e17-8bd6-5e53966809d2,700,28,728
17107628-134a-4472-a645-c4c154bc5fd1,758b4602-0ce0-440a-9584-ad59ce4216ad,2025-08-28T09:00:00,40e6ddd6-b8f6-4e17-8bd6-5e53966809d2,400,16,416
6ca6a152-a85b-4ed8-8684-57dead7ecfc8,41c59ae8-bcd0-4d00-b8e9-bfaa0ce5913b,2025-08-28T09:01:00,40e6ddd6-b8f6-4e17-8bd6-5e53966809d2,700,28,728
ec0b39e6-f99b-4266-9232-7f7fce465a95,d6de888a-0aee-4f77-a7d4-daba8f0da415,2025-08-28T09:02:00,4b6c2304-2b9e-41e4-942a-cf11a1819378,600,36,636
9e8da449-6ad2-4fd3-8c8d-e3586ddd1994,447fed8a-4bae-41c5-b5cd-cbf6a09c4782,2025-08-28T09:03:00,4b6c2304-2b9e-41e4-942a-cf11a1819378,600,36,636
55a890b1-e779-4d8c-96a8-f778d5253e5a,03710ca1-feb1-4206-bd26-3bb8e6a1dac2,2025-08-28T09:04:00,4b6c2304-2b9e-41e4-942a-cf11a1819378,500,30,530
c2a277be-131e-439f-bb2b-8fa27c11b864,6e4bc86a-7c8c-457f-bc7a-61c6187a18f4,2025-08-28T09:04:00,40e6ddd6-b8f6-4e17-8bd6-5e53966809d2,600,24,624
49eb0a92-3b66-4559-b4d6-40121bf7a7be,d3adc9f1-fd4e-45ad-9d75-0919a6617f7a,2025-08-28T09:04:00,40e6ddd6-b8f6-4e17-8bd6-5e53966809d2,400,16,416
1ac4f5d8-f40c-4b9e-9071-cfb18fdf95b1,e6e0c2ef-00b6-4d38-a129-32d4aa4e795d,2025-08-28T09:07:00,4b6c2304-2b9e-41e4-942a-cf11a1819378,500,30,530
c0eff1d7-aed5-4dc2-98ec-33302229ba5d,fa08fd03-3569-400d-9d63-e8ae15712195,2025-08-28T09:09:00,4b6c2304-2b9e-41e4-942a-cf11a1819378,600,36,636
556f8a61-960e-477f-9119-f6f6f8c6f875,bf03895d-6d44-49a2-8183-81c4e89eac75,2025-08-28T09:11:00,40e6ddd6-b8f6-4e17-8bd6-5e53966809d2,400,16,416
7fd57de1-dab0-4df2-8dda-3747e79d51c7,bb35efe0-ac42-4801-bc72-7bea481716da,2025-08-28T09:14:00,40e6ddd6-b8f6-4e17-8bd6-5e53966809d2,700,28,728
1ea13fde-971b-49a6-9a40-1f6217d10596,05d8d4ba-5569-4f0e-985d-5f63fbfee659,2025-08-28T09:17:00,40e6ddd6-b8f6-4e17-8bd6-5e53966809d2,1800,72,1872
7989a5d2-de29-47b2-af86-2d09e622cbd6,40353a67-5df0-44ca-9c10-b42fab44c6f3,2025-08-28T09:19:00,4b6c2304-2b9e-41e4-942a-cf11a1819378,600,36,636
6daa9bbf-7e25-4e90-864b-4ec9a989f340,5b070f80-9227-43fd-951b-4c758d20070e,2025-08-28T09:19:00,40e6ddd6-b8f6-4e17-8bd6-5e53966809d2,600,24,624
e7a382f9-60b7-44cc-af17-c17b60fa5ed2,cc6587b9-1ad1-4f99-bb8b-dc23f1621ea6,2025-08-28T09:21:00,40e6ddd6-b8f6-4e17-8bd6-5e53966809d2,400,16,416
9c3c56d1-69f7-4a19-978c-77e58ec1a506,4740d6a5-b760-477f-83d9-7d1c3e04f0ba,2025-08-28T09:28:00,40e6ddd6-b8f6-4e17-8bd6-5e53966809d2,600,24,624
93c89cee-c9bb-4328-a5cf-3354ea575249,3fa371d4-77dd-4e91-9a2f-86801b001903,2025-08-28T09:39:00,4b6c2304-2b9e-41e4-942a-cf11a1819378,4400,263,4663
2f051cd2-5fa9-488e-b092-fe1dbd8b1f9a,e039c2ef-fe4c-4d60-97ee-99d043299f0e,2025-08-28T09:46:00,4b6c2304-2b9e-41e4-942a-cf11a1819378,3200,192,3392
f096a73e-c34a-4738-b913-2363a6444fb6,35bb651c-499f-433f-b5af-b793b285e727,2025-08-28T09:57:00,4b6c2304-2b9e-41e4-942a-cf11a1819378,2300,138,2438
5144a34d-1fcd-4cbc-b598-f5d6283c30f6,0edeaba5-35f3-4e68-98ca-f412d9cd14b5,2025-08-28T09:57:00,40e6ddd6-b8f6-4e17-8bd6-5e53966809d2,500,20,520
def795cf-37d4-46c3-8d4d-71835be64cd3,bbe9e834-7071-42d6-8970-aa7301b72ec2,2025-08-28T09:59:00,4b6c2304-2b9e-41e4-942a-cf11a1819378,400,24,424
ada0c462-0dc2-4f6f-84ec-a49a47f04d0f,e9f40ffc-bea9-4cc6-abca-7fe897f37903,2025-08-28T10:00:00,40e6ddd6-b8f6-4e17-8bd6-5e53966809d2,2200,88,2288
a135177d-2dc6-46ae-8918-717996377206,c5dde410-2c70-486e-bb0d-974b2798825b,2025-08-28T10:01:00,4b6c2304-2b9e-41e4-942a-cf11a1819378,1200,72,1272
5321ba09-4c1a-4ba5-9d8a-18ab1508f650,f7d61334-5d22-49f8-a022-903921239047,2025-08-28T10:04:00,40e6ddd6-b8f6-4e17-8bd6-5e53966809d2,400,16,416
76d6a48e-1fd2-4098-8653-c06fff210a4e,878f6e41-bcd7-4f18-aa89-90133272eafa,2025-08-28T10:12:00,4b6c2304-2b9e-41e4-942a-cf11a1819378,800,48,848
ff370423-d7be-4862-b418-00b583bc9391,5a2b4f14-e7ac-4b3a-bf58-688bca696e5f,2025-08-28T10:14:00,40e6ddd6-b8f6-4e17-8bd6-5e53966809d2,700,28,728
ae1919f6-4716-413a-a9af-91a6ad5a21a2,e0df02ff-f788-4191-9881-df0d6c775206,2025-08-28T10:18:00,40e6ddd6-b8f6-4e17-8bd6-5e53966809d2,600,24,624
15065dd1-bcb5-475c-a0c3-efdd3b862bcf,8639eac0-9cd8-4fe5-9e10-8526a16018d1,2025-08-28T10:23:00,40e6ddd6-b8f6-4e17-8bd6-5e53966809d2,400,16,416
31d1f2fa-589b-4ba2-80dc-533a44dfb3aa,d6cf7caa-9dd8-48c6-b4ee-5a02f62bb280,2025-08-28T10:24:00,4b6c2304-2b9e-41e4-942a-cf11a1819378,600,36,636
efe93ef9-5fe0-4e72-abab-dd7b45946987,d4d6c47d-5048-4008-b088-4f13691fbefd,2025-08-28T10:24:00,40e6ddd6-b8f6-4e17-8bd6-5e53966809d2,4000,160,4160
45deb66d-71ac-4373-b034-25fedfc33593,ce5679e9-296a-4566-ba46-98a3e0a94136,2025-08-28T10:24:00,40e6ddd6-b8f6-4e17-8bd6-5e53966809d2,600,24,624
817ff624-96d2-4feb-909b-c294245aff28,fa6de1f2-ff8e-43ea-8da3-98d975b096da,2025-08-28T10:25:00,40e6ddd6-b8f6-4e17-8bd6-5e53966809d2,500,20,520
ef3654a4-29a7-42b0-9f85-79a3eb9f0474,f8b1caa2-10e7-4302-963a-252a15b4a714,2025-08-28T10:31:00,40e6ddd6-b8f6-4e17-8bd6-5e53966809d2,1200,48,1248
4bc73235-6557-4e46-b9c7-2267c3473c07,0327ed4c-b4a3-4746-9221-3bb172a05c50,2025-08-28T10:33:00,4b6c2304-2b9e-41e4-942a-cf11a1819378,700,42,742
3b6cd0e0-ba96-4662-b8cb-c7d301d3a648,f78c30cb-fcda-4209-9aea-0ae7ce4f7b81,2025-08-28T10:34:00,4b6c2304-2b9e-41e4-942a-cf11a1819378,1100,65,1165
295296ac-693f-4054-b257-a5062b2adce7,5b817ccb-b122-4044-b74f-bde3d1df714d,2025-08-28T10:35:00,4b6c2304-2b9e-41e4-942a-cf11a1819378,600,36,636
9eb68050-cacc-4204-851d-565280516f6f,fe1ef2c8-17e9-4560-bca8-d42ce43d899f,2025-08-28T10:36:00,4b6c2304-2b9e-41e4-942a-cf11a1819378,600,36,636
304ced8a-548f-4298-8961-e67f03808d78,e60ba363-7c8f-4fba-8c98-2d4952e8fbc5,2025-08-28T10:40:00,40e6ddd6-b8f6-4e17-8bd6-5e53966809d2,400,16,416
b01d161e-4b92-4ce9-aafd-5fe5c2f6134b,af3dbfea-4df6-42c8-9826-57806904f81c,2025-08-28T10:41:00,40e6ddd6-b8f6-4e17-8bd6-5e53966809d2,700,28,728
35b62fcf-3835-4618-8d5d-a5bc04dcbf54,1a1397df-b2b4-4791-93d9-87ac9062f545,2025-08-28T10:42:00,40e6ddd6-b8f6-4e17-8bd6-5e53966809d2,700,28,728
c2fb0f91-0032-4538-81c3-9a424789590b,11498734-cebc-4784-a055-6bd08a18f1dc,2025-08-28T10:46:00,40e6ddd6-b8f6-4e17-8bd6-5e53966809d2,1700,68,1768
791e52a9-45c1-4ee6-bdb8-c9e183c94f2b,be999c23-fb5b-4060-b4aa-bd50fe8ab5f6,2025-08-28T10:51:00,40e6ddd6-b8f6-4e17-8bd6-5e53966809d2,1900,76,1976
cb56f57d-04c1-404a-b74a-e4bc6c30d154,758d0e66-e551-46a4-b8f9-0a98d7161e93,2025-08-28T10:57:00,40e6ddd6-b8f6-4e17-8bd6-5e53966809d2,1500,60,1560
07e92f09-a233-49c1-bebe-11e74daae813,afa83ff8-2b40-47b8-8bcf-1f9285c11695,2025-08-28T10:58:00,40e6ddd6-b8f6-4e17-8bd6-5e53966809d2,1900,76,1976
a6baec37-c511-4ba7-9a30-c0a8253b11b6,07365e1d-9d4c-4185-859e-d5757178280c,2025-08-28T10:58:00,40e6ddd6-b8f6-4e17-8bd6-5e53966809d2,2100,84,2184
02f55a7e-9041-45d7-8518-1ea4b1d5ea60,b7428f06-b3dd-477e-8569-96068f3d3dcb,2025-08-28T10:59:00,40e6ddd6-b8f6-4e17-8bd6-5e53966809d2,4800,192,4992
adcd82cf-2e31-420e-a1bb-b2b48ed60a23,117c9a65-4a4c-494f-8a54-64305d57c551,2025-08-28T11:00:00,4b6c2304-2b9e-41e4-942a-cf11a1819378,1700,102,1802
a3d59841-1aef-40ec-93ef-ae44d9804b52,34b17474-7fef-4a04-8009-f83028f66521,2025-08-28T11:00:00,4b6c2304-2b9e-41e4-942a-cf11a1819378,400,24,424
34d43bf4-6d6f-4deb-8def-05b4d278f787,37601558-3b79-4200-800f-fc03a28a5ec7,2025-08-28T11:07:00,40e6ddd6-b8f6-4e17-8bd6-5e53966809d2,700,28,728
635b9aac-65b6-4e39-858c-e86a40bbb3e1,3b47f466-5256-41a1-951c-efee13597676,2025-08-28T11:09:00,4b6c2304-2b9e-41e4-942a-cf11a1819378,500,30,530
d87bc165-ef7b-4e4d-a64f-b97640b3486e,3207b0f3-9af4-4ba4-acb1-6ba8ea25f52e,2025-08-28T11:11:00,40e6ddd6-b8f6-4e17-8bd6-5e53966809d2,2400,96,2496
6d8a3b6b-e416-4246-818f-ec8e65db2b94,1380e029-b899-4413-a8da-0741720a6a06,2025-08-28T11:14:00,4b6c2304-2b9e-41e4-942a-cf11a1819378,600,36,636
c6c6f2ad-381f-4631-a225-433cfd3e1386,f24f29fa-33e9-41e2-8965-ac4e39be3919,2025-08-28T11:17:00,4b6c2304-2b9e-41e4-942a-cf11a1819378,600,36,636
a937ec5b-1e0b-4b83-b1f4-17a058803842,d0299f60-146d-4716-bc55-eb830a04779e,2025-08-28T11:19:00,4b6c2304-2b9e-41e4-942a-cf11a1819378,1200,72,1272
ef6dba82-8cf9-4c06-aff9-2a716dc7f834,2030e11b-f809-402e-8a1e-00aa3cb751da,2025-08-28T11:23:00,4b6c2304-2b9e-41e4-942a-cf11a1819378,2200,131,2331
46f011b4-f82b-4b8f-b1ba-b4e4546577a9,da9de603-2c96-4356-820d-7c1e9ac4dde7,2025-08-28T11:23:00,40e6ddd6-b8f6-4e17-8bd6-5e53966809d2,1100,44,1144
427402bc-01da-4080-9aba-20f918afea95,438005c2-dd1d-48aa-8bfd-7fb06851b5f8,2025-08-28T11:29:00,4b6c2304-2b9e-41e4-942a-cf11a1819378,500,30,530
8144e5ea-6417-4ccf-bf43-ae8d36dc1117,899ea741-e615-4f9e-ad30-286f6f306f00,2025-08-28T11:30:00,4b6c2304-2b9e-41e4-942a-cf11a1819378,700,42,742
6dbec937-e5e7-4722-a1bb-8018b903f2f1,d477b62b-46ba-4eaa-a26a-8e3d43ea5a28,2025-08-28T11:30:00,4b6c2304-2b9e-41e4-942a-cf11a1819378,1200,72,1272
01b18876-bffd-4620-8868-a5a73c8f5ead,ba2bf5e1-4b63-4bb3-b83a-f10438f84258,2025-08-28T11:32:00,40e6ddd6-b8f6-4e17-8bd6-5e53966809d2,400,16,416
d1cda8e8-5754-48a3-b861-6d02cf936201,ec4bebdf-042b-4c0a-9846-f86a1a9685e9,2025-08-28T11:35:00,40e6ddd6-b8f6-4e17-8bd6-5e53966809d2,2400,96,2496
a5702112-5ebf-4d95-af53-e6ae87192fe4,922d63c5-873c-4693-9775-df99ba006ccd,2025-08-28T11:38:00,40e6ddd6-b8f6-4e17-8bd6-5e53966809d2,1700,68,1768
0c16b0bd-4ba5-4d14-ae5d-2c852e831a8c,e0cbd2e1-eee7-409c-9cf1-707eb4f867ce,2025-08-28T11:41:00,4b6c2304-2b9e-41e4-942a-cf11a1819378,2600,156,2756
21d69cee-cdd6-4c88-af39-6fa8a9095ffd,7863e37d-24c8-4e18-8730-ea7e2a65606d,2025-08-28T11:46:00,40e6ddd6-b8f6-4e17-8bd6-5e53966809d2,400,16,416
a033c773-9913-42f7-8354-d7b00de544df,0488eb84-da07-441d-ba11-055850946457,2025-08-28T11:47:00,40e6ddd6-b8f6-4e17-8bd6-5e53966809d2,400,16,416
f484de90-6ec5-415d-8e95-8c17b0664b14,425be648-8195-4636-880e-d86e4cd8e38f,2025-08-28T11:48:00,40e6ddd6-b8f6-4e17-8bd6-5e53966809d2,1600,64,1664
7740a134-c3dc-4f5e-997b-05f1eeba5148,1c4a9464-3e0e-45d2-9ca2-87c36b03f80b,2025-08-28T11:49:00,4b6c2304-2b9e-41e4-942a-cf11a1819378,3200,192,3392
c9352114-7e6e-407f-af3e-eb0d143f9da3,2480125c-2d37-405c-96b9-ca32b2c75b33,2025-08-28T11:51:00,4b6c2304-2b9e-41e4-942a-cf11a1819378,500,30,530
a9712f0a-2ee3-404d-ba0f-d2499e9d453c,b60e68c2-1b3c-4a8b-a056-a39fb4e6a320,2025-08-28T11:51:00,40e6ddd6-b8f6-4e17-8bd6-5e53966809d2,400,16,416
7d0fa2f0-922e-49ff-bd7a-2936675420fd,0855291e-0a0d-4e17-931b-beabbc173f85,2025-08-28T11:52:00,40e6ddd6-b8f6-4e17-8bd6-5e53966809d2,400,16,416
5afefcce-14d5-41c8-a771-df7b4ce406e6,ea224baf-b892-4ba2-b9f3-d14cc512820c,2025-08-28T11:59:00,4b6c2304-2b9e-41e4-942a-cf11a1819378,1000,60,1060
4d0d309b-8580-4306-8eb9-827ed0c9da18,4feef355-aeb7-41f9-a391-7f991eeb7b15,2025-08-28T11:59:00,40e6ddd6-b8f6-4e17-8bd6-5e53966809d2,1000,40,1040
2a6d9182-1884-4e23-a9dd-dbfc9d4ff079,0a42e609-2a53-4824-bf02-0088bdb9b149,2025-08-28T12:01:00,4b6c2304-2b9e-41e4-942a-cf11a1819378,0,0,0
ff36a4ce-2080-4708-aeb6-b13342f356d1,bb9bad76-c7ec-4f36-842c-54c3bbb40467,2025-08-28T12:02:00,40e6ddd6-b8f6-4e17-8bd6-5e53966809d2,700,28,728
a0376200-2e70-4471-bedb-fb0b3efd2053,a30edde1-4a46-4acb-905c-013e285a8101,2025-08-28T12:03:00,40e6ddd6-b8f6-4e17-8bd6-5e53966809d2,700,28,728
17f29c19-c19a-4f89-8649-707f5146870c,b27a07f1-ddf4-4134-9f7d-1b1ac869b110,2025-08-28T12:04:00,4b6c2304-2b9e-41e4-942a-cf11a1819378,500,30,530
e168341c-1c2c-4836-9917-6d6afc821b25,d64805ac-2294-4438-af7d-1f1483e8fd7b,2025-08-28T12:06:00,40e6ddd6-b8f6-4e17-8bd6-5e53966809d2,2900,115,3015
6efee508-882e-4cac-b56f-aceef911b0ce,62e44a82-c99b-4d04-9abb-f6a2eb97c7ec,2025-08-28T12:10:00,40e6ddd6-b8f6-4e17-8bd6-5e53966809d2,400,16,416
01960856-46f1-4964-a0df-1d2b8745c65f,43086963-8392-432e-84e0-ef1902202b4c,2025-08-28T12:13:00,4b6c2304-2b9e-41e4-942a-cf11a1819378,1100,65,1165
92567c56-c922-41cc-a54b-95db84b29113,cd67e795-f5fa-470f-9a4f-4060d5951279,2025-08-28T12:15:00,40e6ddd6-b8f6-4e17-8bd6-5e53966809d2,700,28,728
91f423e3-9bb9-4bf9-ae1c-8b8442360f71,a57c96be-0b7a-41c6-bd9a-9330e20c497a,2025-08-28T12:17:00,4b6c2304-2b9e-41e4-942a-cf11a1819378,700,42,742
f20c4146-ca15-4f1b-aa8f-6fee69d8e7cd,8fd99d74-d73b-4014-a8fa-a37b39befe36,2025-08-28T12:18:00,40e6ddd6-b8f6-4e17-8bd6-5e53966809d2,1100,44,1144
79748b37-e863-4ade-9560-764e40e80fcc,44df0dc9-35a6-4159-8141-4a8bf47c0e2b,2025-08-28T12:20:00,40e6ddd6-b8f6-4e17-8bd6-5e53966809d2,400,16,416
d4f77b00-cfdd-469f-bd13-97e1e3cb6d63,d7615aca-6de3-4a17-8fd0-212330ca9c28,2025-08-28T12:21:00,40e6ddd6-b8f6-4e17-8bd6-5e53966809d2,1800,72,1872
5fca381d-c0f0-4412-b4c7-5be12bbad5c2,b43ea9dd-823e-4930-9110-31ea0eaa05f3,2025-08-28T12:21:00,40e6ddd6-b8f6-4e17-8bd6-5e53966809d2,2300,92,2392
8aa0ed73-a6ce-4bdf-910d-70b60d8da337,ddd9ed38-6351-4568-b08c-8f6c92cb84a8,2025-08-28T12:23:00,4b6c2304-2b9e-41e4-942a-cf11a1819378,600,36,636
cd484381-a5fc-4d25-aa7e-52a8d61e4b9b,7d4b9dcb-d4ff-42fa-9c58-5657c61f4954,2025-08-28T12:24:00,40e6ddd6-b8f6-4e17-8bd6-5e53966809d2,400,16,416
567f8209-3d1b-46d5-957c-556fcc51cb1d,40c889c0-2020-4661-bb9a-564950b1a262,2025-08-28T12:25:00,40e6ddd6-b8f6-4e17-8bd6-5e53966809d2,0,0,0
f57661f6-2e04-47a6-9c7f-2721c1009ffe,0e7b96a0-3300-42a0-b46a-0376d91610eb,2025-08-28T12:27:00,4b6c2304-2b9e-41e4-942a-cf11a1819378,600,36,636
8cea2d65-1ab3-4cfa-affe-5ec856410afe,3eaef1e6-c145-417b-875b-96a83a8a8dc8,2025-08-28T12:29:00,40e6ddd6-b8f6-4e17-8bd6-5e53966809d2,400,16,416
b7015ab6-9519-4280-9d04-14bca8daf7f8,84f7f075-d17e-4662-a11c-bc80e28b12f5,2025-08-28T12:31:00,40e6ddd6-b8f6-4e17-8bd6-5e53966809d2,700,28,728
c33f0c66-afda-4648-a16d-5ae91bf7c8e1,30380af9-7c90-4e56-9717-61064c5ca79c,2025-08-28T12:35:00,40e6ddd6-b8f6-4e17-8bd6-5e53966809d2,500,20,520
5d5f2340-0a58-4ba8-9a9f-9102e9ec85e5,7c2a3f62-d757-4322-a213-921d7c370838,2025-08-28T12:36:00,40e6ddd6-b8f6-4e17-8bd6-5e53966809d2,600,24,624
76471c78-9c47-4395-bbc5-a3e8be5861b1,358fc32a-8446-4c62-b4a1-92b145a689e8,2025-08-28T12:38:00,4b6c2304-2b9e-41e4-942a-cf11a1819378,500,30,530
ea09f7de-9676-4ea4-ba16-98f20fb208eb,bf060a41-af0e-4932-b757-4f010ccf07f1,2025-08-28T12:39:00,40e6ddd6-b8f6-4e17-8bd6-5e53966809d2,700,28,728
67ddd132-cecc-4d71-936e-157187262c02,e4bced79-6e2c-4b22-a6d5-199ed87ca7ee,2025-08-28T12:41:00,4b6c2304-2b9e-41e4-942a-cf11a1819378,3900,234,4134
0f6a2b90-2d11-4ac2-ab6b-6bf9447d1505,96f4e93c-c759-4fc7-b4a3-c8a153858bea,2025-08-28T12:42:00,4b6c2304-2b9e-41e4-942a-cf11a1819378,4600,276,4876
f5d5b559-200a-4981-a9e3-37ad5c4606aa,8f4f1f50-62c9-4870-bf5b-bdcd357f8ad7,2025-08-28T12:43:00,4b6c2304-2b9e-41e4-942a-cf11a1819378,1600,96,1696
9d5ee16d-6812-40f7-bd2d-821f6a10158b,bbffd265-99c5-491d-a03e-fee1fec9e123,2025-08-28T12:44:00,40e6ddd6-b8f6-4e17-8bd6-5e53966809d2,2300,92,2392
f90834bd-6b05-45cb-aab0-3eecd1f39647,8386c889-4e1d-49ce-9d61-12c967dad0f9,2025-08-28T12:47:00,4b6c2304-2b9e-41e4-942a-cf11a1819378,600,36,636
491da533-0b7f-45f4-b4fe-6e2c759b2ef0,6939d1d2-fba3-4888-8c53-6898bb73c26f,2025-08-28T12:51:00,40e6ddd6-b8f6-4e17-8bd6-5e53966809d2,1100,44,1144
168a5b88-3b32-42e0-9719-e42170c8bd79,7b971d80-7566-4bfa-93b7-b87270c4b732,2025-08-28T12:52:00,4b6c2304-2b9e-41e4-942a-cf11a1819378,1200,72,1272
8c93d4f2-6cb3-41e4-ad58-b550e0c91885,3d0d96e7-a6da-4e11-a509-76b813d466f5,2025-08-28T12:59:00,4b6c2304-2b9e-41e4-942a-cf11a1819378,700,42,742
c55793ab-c361-4330-9990-4edd41dd61e9,6ffc9798-2bb6-43ca-823b-e9dda0935299,2025-08-28T13:02:00,4b6c2304-2b9e-41e4-942a-cf11a1819378,700,42,742
d88cfa60-b374-4916-b0f0-3e6b3a335a9e,3f13d579-3df8-478c-b978-eec7255facfa,2025-08-28T13:04:00,4b6c2304-2b9e-41e4-942a-cf11a1819378,1100,65,1165
1afd6f8a-40af-48d8-b31c-02a06392226f,9a689679-4c75-46ba-92d3-6b5b0c51a34a,2025-08-28T13:05:00,40e6ddd6-b8f6-4e17-8bd6-5e53966809d2,600,24,624
c8fb7907-8801-47a5-ac42-1ae31493c625,46d34d7f-a3a4-4386-89ba-fa5ac15e5a69,2025-08-28T13:07:00,40e6ddd6-b8f6-4e17-8bd6-5e53966809d2,2200,88,2288
816adef7-bd8a-472b-8c66-a3eccf1b2bee,ab833d6f-87cf-4229-a1f8-707b52a55e5e,2025-08-28T13:13:00,4b6c2304-2b9e-41e4-942a-cf11a1819378,2200,131,2331
d9b48e0b-7d02-437e-bb2d-21a3e2e8ada1,0815e683-4b1e-4ea3-b9e8-9d06bbfaedb5,2025-08-28T13:13:00,40e6ddd6-b8f6-4e17-8bd6-5e53966809d2,1600,64,1664
2b38f6ff-d73f-4375-bdc5-52f1a6d9f993,36df5a68-777a-4824-9342-f7f557e872ba,2025-08-28T13:14:00,4b6c2304-2b9e-41e4-942a-cf11a1819378,400,24,424
9f250694-0015-484d-9468-a2ee5c750c39,4d481210-54e4-4e94-80f3-81ba408de5a5,2025-08-28T13:22:00,40e6ddd6-b8f6-4e17-8bd6-5e53966809d2,2000,80,2080
c0c7a88d-4d16-4f37-a407-0bf4b9dda166,531465bc-638f-4adb-9b47-cf0c1dc55550,2025-08-28T13:23:00,4b6c2304-2b9e-41e4-942a-cf11a1819378,1300,78,1378
92a49498-864f-4696-aca0-6fcdd5c2ef48,3f1fc492-e8ed-4840-97a0-a56592fdc1d9,2025-08-28T13:24:00,4b6c2304-2b9e-41e4-942a-cf11a1819378,600,36,636
c2f5d321-7898-4b85-a834-c5133efe2889,f8486fce-bc07-4a4f-a6e9-ed6a06ba996c,2025-08-28T13:25:00,4b6c2304-2b9e-41e4-942a-cf11a1819378,600,36,636
ff9bfff9-551b-4444-ac08-76caaa6fc387,bbce772f-b9b7-49f2-b79e-fa5d953ced6b,2025-08-28T13:25:00,4b6c2304-2b9e-41e4-942a-cf11a1819378,1900,113,2013
6071cdf3-cf58-474f-947f-dced732251e3,7528c8de-b892-4894-8892-94a29730aa9c,2025-08-28T13:29:00,4b6c2304-2b9e-41e4-942a-cf11a1819378,700,42,742
7129f475-ab9d-42b4-9935-b0387bf82f52,63b14504-d172-4e5e-b0fa-abd9cb43352e,2025-08-28T13:30:00,40e6ddd6-b8f6-4e17-8bd6-5e53966809d2,3600,144,3744
91124d51-287f-431c-ba56-2b0b123e92e1,7e7c62c1-b8a8-4e9a-ab94-81a82d76e3e5,2025-08-28T13:37:00,4b6c2304-2b9e-41e4-942a-cf11a1819378,700,42,742
2fb8ced9-aa05-4ee8-bd67-987fb8e052a1,96aa3e1c-ce39-4f76-b813-c9b4d59c0cdc,2025-08-28T13:40:00,40e6ddd6-b8f6-4e17-8bd6-5e53966809d2,600,24,624
75892d21-048e-42e5-8577-6066daeff7f6,167ce993-af12-4071-a5cb-fb3f09045741,2025-08-28T13:41:00,4b6c2304-2b9e-41e4-942a-cf11a1819378,600,36,636
478034fc-e326-44af-8567-7a1c9634c209,0bc37503-ab88-4833-9b4e-1355bdd20deb,2025-08-28T13:41:00,40e6ddd6-b8f6-4e17-8bd6-5e53966809d2,800,32,832
65c360bc-8707-4a06-8fe1-1b85ea26597f,6d91807a-84e4-47c1-8e47-925d52e0dd48,2025-08-28T13:43:00,4b6c2304-2b9e-41e4-942a-cf11a1819378,400,24,424
b567acb3-4598-4381-9d20-767e3bec8670,2d4e6ed6-f081-4049-b92a-7792dbe97b89,2025-08-28T13:43:00,40e6ddd6-b8f6-4e17-8bd6-5e53966809d2,1200,48,1248
e2cbd431-458b-4bc4-b6c0-d33f15c0bbfc,0abcb3b4-7e1c-4638-a21c-af1df3702f27,2025-08-28T13:45:00,4b6c2304-2b9e-41e4-942a-cf11a1819378,400,24,424
5ca4c93f-5ccf-42f0-82ed-525cecb95a2b,795d2b23-6186-4d66-beb4-690083c579a2,2025-08-28T13:48:00,4b6c2304-2b9e-41e4-942a-cf11a1819378,2300,138,2438
f8befb2b-ae50-4e38-a5b0-1e96620d98d1,090fb913-1317-4169-b150-64e304451d38,2025-08-28T13:50:00,40e6ddd6-b8f6-4e17-8bd6-5e53966809d2,600,24,624
91d913b6-4343-43a0-8f5c-b1050fafbf13,ae6e644d-c310-4f23-84dc-5063fc2e2953,2025-08-28T13:51:00,4b6c2304-2b9e-41e4-942a-cf11a1819378,400,24,424
64f8d18e-02c0-4c35-96bb-905a9e959905,8f34cf8e-4ab5-436b-b34d-d43e654c8d6b,2025-08-28T13:51:00,40e6ddd6-b8f6-4e17-8bd6-5e53966809d2,1200,48,1248
09b8eb25-b4ce-4293-b5d3-0dad51c3e106,3a1577eb-7860-498f-936a-da13e16cbd8c,2025-08-28T13:52:00,40e6ddd6-b8f6-4e17-8bd6-5e53966809d2,700,28,728
d363425e-773c-4a3d-b0da-f9988a96159f,b01b46fd-8f75-4db5-806d-c5c5980008c4,2025-08-28T13:56:00,40e6ddd6-b8f6-4e17-8bd6-5e53966809d2,400,16,416
5d2da5f2-398d-41e8-99d9-67238b9906a9,303bc5db-08d0-4431-b6df-29c80d0321da,2025-08-28T13:57:00,40e6ddd6-b8f6-4e17-8bd6-5e53966809d2,600,24,624
27602a70-3ee4-4645-94c1-37d2f10a300c,9368e74c-0581-4d77-9358-94e415a80423,2025-08-28T14:00:00,4b6c2304-2b9e-41e4-942a-cf11a1819378,5000,300,5300
c9d43eb8-a53c-46df-a56c-f3e13f3039d5,6f80c5c6-04ed-4548-83b7-aee06e3700c4,2025-08-28T14:00:00,40e6ddd6-b8f6-4e17-8bd6-5e53966809d2,2100,84,2184
618526f1-e56d-4c03-a0ee-a8a8047f5e7b,296a6b8f-b21e-4485-ad7f-18c1262a0764,2025-08-28T14:08:00,40e6ddd6-b8f6-4e17-8bd6-5e53966809d2,500,20,520
7c4136b0-d852-4962-8964-4311ee2c374e,2aee3fe5-2eb0-4391-bb79-d4d4ffdd9931,2025-08-28T14:12:00,4b6c2304-2b9e-41e4-942a-cf11a1819378,3500,210,3710
564d5332-c792-4e9a-b202-e65e596a62af,a7cebb21-0f26-4834-8a09-e3269b21a77b,2025-08-28T14:13:00,4b6c2304-2b9e-41e4-942a-cf11a1819378,700,42,742
92c6056d-5018-43fa-9b27-147495573fa0,52ecad80-29ad-4b94-8e45-82007ac63dba,2025-08-28T14:15:00,4b6c2304-2b9e-41e4-942a-cf11a1819378,600,36,636
d0fea59d-cad3-49fc-a3f7-b1aa66fe1183,2e2960d6-f2e9-4048-b234-fb21f0f72405,2025-08-28T14:16:00,40e6ddd6-b8f6-4e17-8bd6-5e53966809d2,3000,120,3120
385efa34-3316-4fc7-b351-0747dc95ff5c,848c50eb-5e2a-4b53-b6b9-751bfad107b7,2025-08-28T14:18:00,4b6c2304-2b9e-41e4-942a-cf11a1819378,600,36,636
d6f10b3f-022b-4a05-afbd-9cfa17f8d729,0bb6fcf3-0741-4179-af46-d26c45b77171,2025-08-28T14:20:00,4b6c2304-2b9e-41e4-942a-cf11a1819378,600,36,636
d6afc494-ef5b-41b8-8981-b20fd90ec2ef,d88e53e9-6885-44c1-a0ce-e8ea44f2dcfc,2025-08-28T14:25:00,4b6c2304-2b9e-41e4-942a-cf11a1819378,1000,60,1060
8444515a-fc53-4863-b8b3-6b74d73de66f,1fcfe435-1e78-4646-a517-19906c49735a,2025-08-28T14:31:00,4b6c2304-2b9e-41e4-942a-cf11a1819378,600,36,636
62658813-2b5b-4861-83cb-5aa966afb30d,c11308cb-8153-4e7b-9149-9b6b5c0aa137,2025-08-28T14:31:00,40e6ddd6-b8f6-4e17-8bd6-5e53966809d2,400,16,416
f01b7398-a047-43ff-a16d-e25577b230e2,e7f5d853-30ed-4302-9303-e11752f57b2f,2025-08-28T14:33:00,4b6c2304-2b9e-41e4-942a-cf11a1819378,600,36,636
bba1b51e-8b3e-4b75-8fef-f5e8063bc9e8,748db0ca-899a-4da8-8177-2fa1ec2a9302,2025-08-28T14:33:00,40e6ddd6-b8f6-4e17-8bd6-5e53966809d2,700,28,728
bb5107bf-0ebc-4e60-ade5-18e582957eb3,7e52ce3f-191d-4d27-a0a8-76706fd6173c,2025-08-28T14:37:00,4b6c2304-2b9e-41e4-942a-cf11a1819378,400,24,424
0519fc26-20dd-4289-b8ce-b929f1db85ce,19296d35-a0df-426f-88ed-d3f5323adb8a,2025-08-28T14:39:00,40e6ddd6-b8f6-4e17-8bd6-5e53966809d2,1600,64,1664
74d1a89f-7768-4147-b1f1-7a17076fa97f,827eed18-8ab1-4e5d-ab00-5d8ac9bb168b,2025-08-28T14:40:00,4b6c2304-2b9e-41e4-942a-cf11a1819378,600,36,636
ac835131-b311-40a6-8d4e-0740e04e9472,5b2179c5-dd1c-45b4-b99c-10f1c7c201f4,2025-08-28T14:51:00,4b6c2304-2b9e-41e4-942a-cf11a1819378,700,42,742
527cdce0-d462-44b9-bf8d-631806680d47,2347081e-7ae5-4085-a0d6-d1f551721f69,2025-08-28T14:51:00,40e6ddd6-b8f6-4e17-8bd6-5e53966809d2,900,36,936
746803b6-7413-4d68-824a-17a394ad9e80,a59ab98c-fe50-412b-aa83-a693a561092f,2025-08-28T14:53:00,40e6ddd6-b8f6-4e17-8bd6-5e53966809d2,1700,68,1768
14d507b5-8654-4514-ba1d-92b081c64689,45514547-8413-41d4-ba88-c1240763e5e8,2025-08-28T15:00:00,4b6c2304-2b9e-41e4-942a-cf11a1819378,700,42,742
5cf7661d-a27c-4fa1-90d0-96999e219f3f,73b79064-9e0d-4b3f-87d0-6ab33593b492,2025-08-28T15:00:00,4b6c2304-2b9e-41e4-942a-cf11a1819378,4300,258,4558
9737a5e1-a6c1-4f99-b65a-9819aeb6345d,d10408ec-2013-471e-b6a9-e3bcf0e25322,2025-08-28T15:00:00,40e6ddd6-b8f6-4e17-8bd6-5e53966809d2,700,28,728
19ec34b6-a9e9-4a4b-80fb-a38c63103760,d23755ac-d315-4dfd-ae80-4fa042f7d833,2025-08-28T15:07:00,4b6c2304-2b9e-41e4-942a-cf11a1819378,600,36,636
d9368d3d-4a53-4551-91f8-7390ae21313f,c37c5233-7b26-4427-8ed9-ce36cc9ceb00,2025-08-28T15:13:00,40e6ddd6-b8f6-4e17-8bd6-5e53966809d2,900,36,936
d41604c5-e522-49a6-8f47-5f19e8f29f52,12d19891-03e3-455b-b4f2-7d8f8f6b8f01,2025-08-28T15:18:00,40e6ddd6-b8f6-4e17-8bd6-5e53966809d2,600,24,624
7305079b-9256-44c9-a71a-ac2306c5c179,98c7adf1-31bc-45c1-85fb-dbf53b4a53e2,2025-08-28T15:22:00,4b6c2304-2b9e-41e4-942a-cf11a1819378,700,42,742
a08e133a-15c3-41dd-b5d9-a2695f060768,c912d33f-5dc2-4ec9-a126-34b598046705,2025-08-28T15:23:00,4b6c2304-2b9e-41e4-942a-cf11a1819378,1200,72,1272
02ae9d0a-606d-42ce-871a-5316c7ae92ac,c5ee9489-e7ea-4da3-9a86-b34c76f6d340,2025-08-28T15:23:00,40e6ddd6-b8f6-4e17-8bd6-5e53966809d2,900,36,936
7e3d3472-736a-49c6-be95-2f5ec565601e,26ce484a-a527-4fe1-903f-2809a03fd21a,2025-08-28T15:25:00,40e6ddd6-b8f6-4e17-8bd6-5e53966809d2,2800,112,2912
9118b350-e128-4a3e-aa44-cba4b93b907a,102e02b0-7f44-4058-881f-7896edc964b2,2025-08-28T15:27:00,4b6c2304-2b9e-41e4-942a-cf11a1819378,600,36,636
c0e4db7c-aef0-4f90-b5d1-a30747183c0d,2068f48f-4c39-4084-81d1-95af149d8547,2025-08-28T15:30:00,4b6c2304-2b9e-41e4-942a-cf11a1819378,700,42,742
81cc2fcf-a27e-420e-88e3-1e6bdcf55c1a,69819ace-cccb-4f20-aa31-be439b1b8e2b,2025-08-28T15:43:00,40e6ddd6-b8f6-4e17-8bd6-5e53966809d2,500,20,520
d348b289-e33d-4e26-bb27-e0a8ccf37fd2,5960ff74-c2aa-4a55-9cee-c8f0532e2256,2025-08-28T16:02:00,40e6ddd6-b8f6-4e17-8bd6-5e53966809d2,600,24,624
f9b0d9b5-6327-4d8c-a8c3-4e3b36b4d7d2,6fcd3399-b9d5-4ab0-9d50-385be83fec9c,2025-08-28T16:09:00,40e6ddd6-b8f6-4e17-8bd6-5e53966809d2,600,24,624
e6ac75aa-1753-4fb5-b61e-4f24e9d046c9,28447ab4-5e16-465e-acd1-7fcacd2d97e2,2025-08-28T16:13:00,4b6c2304-2b9e-41e4-942a-cf11a1819378,1100,65,1165
00135f8a-3676-42e6-aa26-604f7ceca585,10d7cb3c-5a86-4eae-9da6-611ddf67fdd8,2025-08-28T16:15:00,4b6c2304-2b9e-41e4-942a-cf11a1819378,1500,89,1589
32e43f8e-265f-4dd5-bde4-91f1443a80af,6a49a618-20de-4b7a-af94-1b4afeb9a85e,2025-08-28T16:18:00,4b6c2304-2b9e-41e4-942a-cf11a1819378,600,36,636
bf0d69a9-7836-4b07-9301-41b2653d6c86,32927010-1d7d-4cd9-a500-593804ff0e77,2025-08-28T16:32:00,40e6ddd6-b8f6-4e17-8bd6-5e53966809d2,500,20,520
5abdfe6a-496a-4ead-a961-355a377d11d3,f9f4d7f7-6884-4f0c-88d9-0d3432a666ca,2025-08-28T16:33:00,40e6ddd6-b8f6-4e17-8bd6-5e53966809d2,400,16,416
6a90db52-f293-4639-9942-d7d0ad7909dd,07571aa5-5581-4cf0-9a68-006051f37c8c,2025-08-28T16:33:00,40e6ddd6-b8f6-4e17-8bd6-5e53966809d2,1200,48,1248
878ecf4a-2a43-4f17-9e71-6c88d1bbf64b,86fb0f27-e52e-40a4-8499-5f1610574213,2025-08-28T16:37:00,40e6ddd6-b8f6-4e17-8bd6-5e53966809d2,1700,68,1768
9be851ff-9096-451d-bb9a-3f032af59734,59292cdf-6314-4444-aee9-45a78c76dcbe,2025-08-28T16:39:00,4b6c2304-2b9e-41e4-942a-cf11a1819378,500,30,530
3b4c08a0-59ca-45f3-afbe-78ffa48b91b0,69731d27-9caa-46cf-8933-d01e29b20043,2025-08-28T16:45:00,4b6c2304-2b9e-41e4-942a-cf11a1819378,600,36,636
11ea3a19-dabc-46cd-b84c-014b2f4ffeb2,8d5d45b6-2bf0-4380-85a0-b73fcbc86e94,2025-08-28T16:46:00,4b6c2304-2b9e-41e4-942a-cf11a1819378,800,48,848
fefcc913-6d11-44b7-88a1-31bbb300cc35,2dbed2c3-1c68-4b90-a343-39b51de57b45,2025-08-28T16:49:00,4b6c2304-2b9e-41e4-942a-cf11a1819378,400,24,424
ddc50221-68b5-447b-8f32-101093ee4d40,62b38185-a937-473c-b04e-833be36219e6,2025-08-28T16:49:00,40e6ddd6-b8f6-4e17-8bd6-5e53966809d2,500,20,520
135ca7eb-e8fc-437d-87b1-651c8a8702ec,c712217e-16e5-4f51-a9f4-055b5176e747,2025-08-28T16:50:00,40e6ddd6-b8f6-4e17-8bd6-5e53966809d2,2300,92,2392
eeef9ea0-ba7f-41bf-ac4a-414156f22a0e,529867fe-75f6-4cd9-b913-543b3d6e583c,2025-08-28T16:52:00,40e6ddd6-b8f6-4e17-8bd6-5e53966809d2,1100,44,1144
35f17804-47d7-4511-a4ec-c5298ec514c4,6da78127-2929-4106-a298-2b58afca0a92,2025-08-28T16:56:00,40e6ddd6-b8f6-4e17-8bd6-5e53966809d2,1900,76,1976
8fc13857-9aaf-4a51-9462-e44716fd4f0b,8cf43099-d49e-4e95-8b08-3d61df8b947f,2025-08-28T16:59:00,40e6ddd6-b8f6-4e17-8bd6-5e53966809d2,1600,64,1664
eb730685-d453-420e-b66d-6304fe331a2c,4126c950-a88a-4305-895c-96d7e076897e,2025-08-28T17:02:00,4b6c2304-2b9e-41e4-942a-cf11a1819378,2200,131,2331
450886ca-5321-4e3d-ae30-5e7f19fb7998,cec4dd97-5c6e-415b-ba06-47dc8ef4570f,2025-08-28T17:47:00,4b6c2304-2b9e-41e4-942a-cf11a1819378,1300,78,1378
fd86876e-5d45-4d55-bb2b-6815d32d40de,33f27548-d085-481a-aa4f-a851fbebe0cd,2025-08-28T17:48:00,40e6ddd6-b8f6-4e17-8bd6-5e53966809d2,1800,72,1872
51f0bfff-79b8-492e-964b-b367f2885b24,0c7084bc-19a5-4ad6-bb26-a25f9c09b324,2025-08-28T17:55:00,4b6c2304-2b9e-41e4-942a-cf11a1819378,1000,60,1060
199dff5a-83aa-436b-bb91-a1368b199e97,5a95b7ee-17bf-44cc-9775-835c337d4cb4,2025-08-28T17:59:00,40e6ddd6-b8f6-4e17-8bd6-5e53966809d2,400,16,416
57b895b4-c5f3-4947-b085-183b71fc600d,8e6a03da-15e7-44e8-bec1-426b65edb389,2025-08-28T18:15:00,40e6ddd6-b8f6-4e17-8bd6-5e53966809d2,1000,40,1040
26e57540-179b-49e7-96c1-d785dbd47cf7,dc634429-12c2-417d-b460-f3ed4903d539,2025-08-28T18:46:00,4b6c2304-2b9e-41e4-942a-cf11a1819378,1600,96,1696
85502a6a-90cf-4334-a234-70b2bdc66c9b,0d78df79-b2dc-4cea-b7a0-712c91c0433d,2025-08-28T19:31:00,4b6c2304-2b9e-41e4-942a-cf11a1819378,2200,131,2331
dca42329-97c9-4342-b2bd-c88c80031fea,485b6c22-4f0b-4e0f-bfba-0c9d38a0122d,2025-08-28T19:40:00,40e6ddd6-b8f6-4e17-8bd6-5e53966809d2,2000,80,2080
c04bde43-cf18-4b00-8e5c-aaca0872d898,f0496969-2829-4c93-834d-07ef9042cd86,2025-08-28T19:50:00,4b6c2304-2b9e-41e4-942a-cf11a1819378,600,36,636
99fe596f-5fc0-4923-adf2-be3eec3eeebf,df8c3dd7-4bc5-4996-98e5-18e7ec0046e9,2025-08-28T19:55:00,40e6ddd6-b8f6-4e17-8bd6-5e53966809d2,1000,40,1040
a1f0318b-ec60-49e7-9754-b72c67a080d5,d9464bcd-0a19-4058-8fc1-bea843e6c339,2025-08-29T07:00:00,4b6c2304-2b9e-41e4-942a-cf11a1819378,600,36,636
6a3a29d4-2a67-42a5-ad77-31d23218485d,ff29ece6-95da-4800-acd2-b14950a339dd,2025-08-29T07:00:00,4b6c2304-2b9e-41e4-942a-cf11a1819378,500,30,530
be243d3e-7a2c-48b7-8715-305616c74df8,64fec69e-52e2-471f-9fbc-7a8e33f991bd,2025-08-29T07:00:00,4b6c2304-2b9e-41e4-942a-cf11a1819378,600,36,636
080487cf-07c1-41f4-9a7d-678cf96bf927,b9915f58-4f74-4518-bb97-0b1e58c541a5,2025-08-29T07:00:00,4b6c2304-2b9e-41e4-942a-cf11a1819378,600,36,636
b3199a22-1300-4824-bbd3-3d32a371e16d,61004774-fb70-403c-ae81-a1e9cd187146,2025-08-29T07:00:00,40e6ddd6-b8f6-4e17-8bd6-5e53966809d2,700,28,728
2b703eb2-38e3-4d3a-b221-8d5676487070,33d208d7-91f2-4d70-9f75-c1bf87481c15,2025-08-29T07:00:00,40e6ddd6-b8f6-4e17-8bd6-5e53966809d2,600,24,624
6f56e4b8-c77b-4545-b208-c833a5044a6f,26ebc43f-cfbf-4fa1-9c7f-9134871f7b65,2025-08-29T07:00:00,40e6ddd6-b8f6-4e17-8bd6-5e53966809d2,600,24,624
b69fe417-b78d-455e-9759-2c900de99fcb,3d6f18db-a49c-4563-9445-68d4e02bd664,2025-08-29T07:00:00,40e6ddd6-b8f6-4e17-8bd6-5e53966809d2,600,24,624
721212d0-e3c6-41bf-92eb-1b07b466d4a3,fa08fd03-3569-400d-9d63-e8ae15712195,2025-08-29T07:05:00,4b6c2304-2b9e-41e4-942a-cf11a1819378,600,36,636
13b8a5ce-bd56-47ce-8f09-25aea9ae61c5,5b070f80-9227-43fd-951b-4c758d20070e,2025-08-29T07:07:00,40e6ddd6-b8f6-4e17-8bd6-5e53966809d2,400,16,416
4d1c54c3-86c2-4181-a352-ab7123f32027,13ae1187-ebff-4588-bbf0-db26b1bbb598,2025-08-29T07:09:00,4b6c2304-2b9e-41e4-942a-cf11a1819378,700,42,742
75bbbede-4bc9-421e-9e32-a5c033d7f9b2,8d5fa184-5966-49ce-b3e7-4acfaba98bfd,2025-08-29T07:09:00,40e6ddd6-b8f6-4e17-8bd6-5e53966809d2,500,20,520
f2bbe035-5f6b-4458-8115-f3927894cac3,67f25b4e-183c-4a43-9227-09966e445b42,2025-08-29T07:09:00,40e6ddd6-b8f6-4e17-8bd6-5e53966809d2,700,28,728
4f1f3c1e-3ebd-436a-877b-026306facb1c,bd081d89-0320-4774-bb4c-798b6e253b0e,2025-08-29T07:10:00,4b6c2304-2b9e-41e4-942a-cf11a1819378,400,24,424
e4e09a02-a025-4428-af48-b70772dd7e36,4fc0f100-7ad9-49a8-9620-f0e3a0e42a80,2025-08-29T07:12:00,4b6c2304-2b9e-41e4-942a-cf11a1819378,400,24,424
7f250d01-1d88-4372-867c-90d67671cc8d,9bac4be0-d703-4f1d-a088-1bdb362d3246,2025-08-29T07:17:00,4b6c2304-2b9e-41e4-942a-cf11a1819378,400,24,424
5d06073e-241c-4af7-97e6-23ef6af58e28,8639eac0-9cd8-4fe5-9e10-8526a16018d1,2025-08-29T07:18:00,40e6ddd6-b8f6-4e17-8bd6-5e53966809d2,2400,96,2496
b010ca51-642c-4786-8c62-8be48363a7d4,3e28e5b6-fe21-474e-b5bc-95ac85c187ad,2025-08-29T07:19:00,4b6c2304-2b9e-41e4-942a-cf11a1819378,600,36,636
aabeb25b-8609-4052-8226-be4e89565528,36708614-1e24-453b-8593-b03eb1a7c5b8,2025-08-29T07:21:00,40e6ddd6-b8f6-4e17-8bd6-5e53966809d2,600,24,624
3b7c40f1-e57b-484e-8bb6-0aaa54bc16a3,5bbca380-854e-47a4-ae5c-fd631650a115,2025-08-29T07:22:00,4b6c2304-2b9e-41e4-942a-cf11a1819378,700,42,742
1a74a5cf-5dfb-484c-81e8-71c71855a3fc,300faed1-594b-427c-894e-c46855f06f22,2025-08-29T07:22:00,40e6ddd6-b8f6-4e17-8bd6-5e53966809d2,600,24,624
464f0f06-16f5-4391-9e7f-d39620728752,ead66f31-3437-42c5-9145-8281898ce326,2025-08-29T07:23:00,4b6c2304-2b9e-41e4-942a-cf11a1819378,400,24,424
73324142-892b-4ec4-b89c-fc42be39b520,80617fda-335d-411d-aed3-ca3917a8cff2,2025-08-29T07:23:00,40e6ddd6-b8f6-4e17-8bd6-5e53966809d2,700,28,728
a4fdd6f2-4b45-4f7a-89c4-952dc6c1d8bf,7aa35447-7686-43f7-bb98-14b1bc5fe250,2025-08-29T07:23:00,40e6ddd6-b8f6-4e17-8bd6-5e53966809d2,400,16,416
991c5db2-7102-497c-b902-a482e2a84533,3810f8e6-9278-4c26-9be0-d6d6c35fe477,2025-08-29T07:24:00,4b6c2304-2b9e-41e4-942a-cf11a1819378,700,42,742
28a8f914-23d1-4075-88c1-d28c9bc0e752,125d87d5-a36a-4f4e-865c-3122386e88ca,2025-08-29T07:24:00,4b6c2304-2b9e-41e4-942a-cf11a1819378,500,30,530
d5b6d4e9-0ba4-456c-b890-33a096e044fb,5a62f2b9-646a-4b84-b570-661ca33a139f,2025-08-29T07:24:00,40e6ddd6-b8f6-4e17-8bd6-5e53966809d2,700,28,728
09b03d32-14fb-4b27-8ada-e3ef2ee2b2bc,cc6587b9-1ad1-4f99-bb8b-dc23f1621ea6,2025-08-29T07:24:00,40e6ddd6-b8f6-4e17-8bd6-5e53966809d2,400,16,416
a0d524ff-27ef-4b02-ae8f-44991f334161,143944c0-b4d0-48f7-ac1f-6ffaeff64a70,2025-08-29T07:25:00,4b6c2304-2b9e-41e4-942a-cf11a1819378,700,42,742
88c9f953-133b-4017-b1d8-330a3f9a1765,2949aa7a-85ad-46d1-8409-bf608167f72a,2025-08-29T07:25:00,4b6c2304-2b9e-41e4-942a-cf11a1819378,600,36,636
1e9e1388-1649-4511-98e2-70abd43b4c76,83864095-dda9-4a16-ab3a-ba6429fa3dbd,2025-08-29T07:25:00,40e6ddd6-b8f6-4e17-8bd6-5e53966809d2,700,28,728
11ace2ca-d2fc-4711-a15c-4aeff45e1038,1bc088f8-fdf1-442f-9491-1287abc066d3,2025-08-29T07:25:00,40e6ddd6-b8f6-4e17-8bd6-5e53966809d2,600,24,624
14187e91-61da-4fc2-870a-292acf258fc3,1757e1cd-b99e-42a3-9e19-1b1305127836,2025-08-29T07:25:00,40e6ddd6-b8f6-4e17-8bd6-5e53966809d2,600,24,624
3ccf33a7-008e-4649-bd68-8f5a63dd5d5e,84f816bd-12e2-4633-a419-fc80705977e6,2025-08-29T07:27:00,4b6c2304-2b9e-41e4-942a-cf11a1819378,700,42,742
6f9cb23a-ffcd-46db-b680-e405977809de,9455079c-4344-4995-939d-8184d7eb02e7,2025-08-29T07:27:00,4b6c2304-2b9e-41e4-942a-cf11a1819378,700,42,742
55bf517a-1b59-4633-8021-1e0e8ba4289f,436ca6dd-1cc3-4ff0-986c-eabb97606b9b,2025-08-29T07:28:00,40e6ddd6-b8f6-4e17-8bd6-5e53966809d2,600,24,624
4b9351a9-241b-4602-8083-eb98118c0eb4,adf0d9db-c6a0-4226-a93f-30482ccd9d28,2025-08-29T07:29:00,4b6c2304-2b9e-41e4-942a-cf11a1819378,600,36,636
41e8d744-0ccb-4e36-b675-99fd205ca845,6b9cd81e-126c-4c53-b6b5-575d78951256,2025-08-29T07:29:00,4b6c2304-2b9e-41e4-942a-cf11a1819378,700,42,742
76f87fed-ebf1-4cb1-b160-8c55f698f814,d6ca14b1-9b55-47f7-be97-787002ca26e5,2025-08-29T07:29:00,40e6ddd6-b8f6-4e17-8bd6-5e53966809d2,500,20,520
69bc8f93-97f4-4d08-b1a4-f668de230b15,0db82818-585b-4e3f-9898-2a72727c2e42,2025-08-29T07:30:00,4b6c2304-2b9e-41e4-942a-cf11a1819378,600,36,636
2d6282bf-48d1-4cb6-96df-2fe008fd494a,f419edd5-8bb5-4809-8cfc-599ab209f6da,2025-08-29T07:33:00,40e6ddd6-b8f6-4e17-8bd6-5e53966809d2,600,24,624
2976c018-6935-488e-a21c-4dfa578a25b9,6058494e-8390-41a7-9c1b-182902dda8db,2025-08-29T07:34:00,4b6c2304-2b9e-41e4-942a-cf11a1819378,500,30,530
23e6b812-8fd2-4608-90ef-bba418d85a2d,5d24b6bc-2eea-4766-a11d-b0aed43f038a,2025-08-29T07:34:00,4b6c2304-2b9e-41e4-942a-cf11a1819378,400,24,424
4c00a083-1df9-4e25-a4ff-3fefd85fdd67,2e1fd151-264e-4a4a-8584-733dd5da3152,2025-08-29T07:35:00,40e6ddd6-b8f6-4e17-8bd6-5e53966809d2,600,24,624
bd505c9b-4029-44cd-b3f9-29ffc8fea80f,ce8210c0-c537-4fd0-80ef-c3e8063b748a,2025-08-29T07:36:00,40e6ddd6-b8f6-4e17-8bd6-5e53966809d2,600,24,624
fd24ca88-f073-4137-802f-b62c2ae35dff,333d41f0-5f4d-48cb-b3bd-042814f9b7f8,2025-08-29T07:38:00,4b6c2304-2b9e-41e4-942a-cf11a1819378,500,30,530
901fdeef-a880-4a0a-9536-916a8974591a,5b6d3273-0554-4f9d-bc05-2157626c1ad0,2025-08-29T07:38:00,40e6ddd6-b8f6-4e17-8bd6-5e53966809d2,600,24,624
7bc6660c-9aa5-4e62-be9d-7fe05d41d745,5484b02b-221a-4bbe-86a3-3eccdcf8d2ae,2025-08-29T07:38:00,40e6ddd6-b8f6-4e17-8bd6-5e53966809d2,600,24,624
d80f718b-c4b0-49f5-a781-8eac1d153f66,d31efffd-fdc4-4168-ac26-83b67a6c5c47,2025-08-29T07:39:00,4b6c2304-2b9e-41e4-942a-cf11a1819378,600,36,636
bea97033-aafc-498a-b37d-1c80e02915b2,4dc2aa9c-8633-4861-b795-5b285cf76a1f,2025-08-29T07:39:00,4b6c2304-2b9e-41e4-942a-cf11a1819378,600,36,636
b857725e-726a-4943-9029-afb86708bd13,d84ec4ed-ae05-416c-9cbe-eace4567132d,2025-08-29T07:40:00,4b6c2304-2b9e-41e4-942a-cf11a1819378,400,24,424
3a43b069-2603-407e-a5ec-8a759a7a6a3b,e215d555-cc18-4890-8969-89abf72d28ae,2025-08-29T07:40:00,40e6ddd6-b8f6-4e17-8bd6-5e53966809d2,500,20,520
9b4220cc-0e70-406d-8355-7b7bcdea4630,c630fcf6-11c8-465f-9498-0839aee67e55,2025-08-29T07:40:00,40e6ddd6-b8f6-4e17-8bd6-5e53966809d2,400,16,416
db811219-33f7-4cf1-a4b7-4a14522968f2,1a1fa253-a2de-457a-9397-7c6c80d5d589,2025-08-29T07:40:00,40e6ddd6-b8f6-4e17-8bd6-5e53966809d2,600,24,624
709db157-dbd3-4ff8-b207-031fdf1d35bd,b5261e71-886e-4d78-8d1d-310ed9754704,2025-08-29T07:40:00,40e6ddd6-b8f6-4e17-8bd6-5e53966809d2,600,24,624
c4dbe304-428a-42d7-9f55-26a3804b2498,5d59a09d-7696-4e1b-a171-abe3b79fff2d,2025-08-29T07:41:00,4b6c2304-2b9e-41e4-942a-cf11a1819378,600,36,636
999a798a-40ab-48ce-a1a1-80bcbd4436b9,e6debecd-a5cf-4ced-957e-7fb31720480c,2025-08-29T07:41:00,40e6ddd6-b8f6-4e17-8bd6-5e53966809d2,600,24,624
cf257238-02fd-46f6-89e5-eeb1b4ffef81,3483e39a-260f-4974-9366-50c2d833307f,2025-08-29T07:42:00,4b6c2304-2b9e-41e4-942a-cf11a1819378,700,42,742
a27ee66c-94da-4020-a23e-420cbe9ebbc8,e77008c8-b7e1-4bb6-93d8-8383d6385531,2025-08-29T07:43:00,4b6c2304-2b9e-41e4-942a-cf11a1819378,700,42,742
263bdbbe-c52e-4598-9da0-467ce0760da8,758d0e66-e551-46a4-b8f9-0a98d7161e93,2025-08-29T07:43:00,40e6ddd6-b8f6-4e17-8bd6-5e53966809d2,700,28,728
6e18d878-0128-4f2b-96ce-504f7336610b,71f1cea1-588b-47f5-93c3-4e649541a9e4,2025-08-29T07:43:00,40e6ddd6-b8f6-4e17-8bd6-5e53966809d2,700,28,728
da91742b-3a73-4867-96a8-5f844c070ff1,920c0197-3c76-4cb7-90f7-b1a687043563,2025-08-29T07:43:00,40e6ddd6-b8f6-4e17-8bd6-5e53966809d2,700,28,728
41f5be9d-f29f-4fc3-8ebb-2973a140c9eb,d6de888a-0aee-4f77-a7d4-daba8f0da415,2025-08-29T07:44:00,4b6c2304-2b9e-41e4-942a-cf11a1819378,600,36,636
d8c7e1a2-4589-42c3-a6cf-c8db5796d87a,430e5411-6ed3-439b-93c3-e885b2a37d0f,2025-08-29T07:44:00,40e6ddd6-b8f6-4e17-8bd6-5e53966809d2,400,16,416
2af21b7c-153a-49ec-96a7-e7f8e5077747,1076f00e-5dd1-41d1-b2a5-0c59e18a5310,2025-08-29T07:45:00,4b6c2304-2b9e-41e4-942a-cf11a1819378,600,36,636
72b12e2f-7a28-4f31-91b7-cf31990acff6,bf03895d-6d44-49a2-8183-81c4e89eac75,2025-08-29T07:45:00,40e6ddd6-b8f6-4e17-8bd6-5e53966809d2,600,24,624
e69340e9-4955-4639-b03c-dfe4d6c3efc1,b0fb926f-1c66-426d-b796-e9d801b13122,2025-08-29T07:45:00,40e6ddd6-b8f6-4e17-8bd6-5e53966809d2,600,24,624
a7960c27-5d3e-4b05-824c-e627faaee00f,d6914b8f-0d72-4044-a61b-055adb02f005,2025-08-29T07:46:00,40e6ddd6-b8f6-4e17-8bd6-5e53966809d2,600,24,624
42c57480-e1ad-4212-9302-8f436e2fe26e,779b7f09-bfd0-4ab7-a46f-9f6eecb13030,2025-08-29T07:46:00,40e6ddd6-b8f6-4e17-8bd6-5e53966809d2,600,24,624
7154ecaf-1833-4c51-95c8-c57f0a196d75,446153de-73e0-4d85-a593-2c3ae8664564,2025-08-29T07:46:00,40e6ddd6-b8f6-4e17-8bd6-5e53966809d2,500,20,520
e7ce47cf-76cb-44ff-831e-cf8016101ce8,b761dca2-f8ff-4709-b645-9b0591dfa353,2025-08-29T07:47:00,4b6c2304-2b9e-41e4-942a-cf11a1819378,600,36,636
08b3877d-216f-4612-8e93-0e8d3e32d2fd,d45ce04e-1258-4744-ab7d-af982c28565d,2025-08-29T07:47:00,40e6ddd6-b8f6-4e17-8bd6-5e53966809d2,700,28,728
511de2dc-0927-4417-bb6c-11d99ef44f2f,3eb1c53f-4af3-42d8-8608-40548ce4843d,2025-08-29T07:47:00,40e6ddd6-b8f6-4e17-8bd6-5e53966809d2,600,24,624
2b8b1e75-ca73-4f9c-bf9e-582663cd3d24,3785fc7c-35aa-4e40-b620-f54b10e8a832,2025-08-29T07:47:00,40e6ddd6-b8f6-4e17-8bd6-5e53966809d2,700,28,728
b5521e79-4e0f-480e-9b93-26ab7f8523ea,e4adb740-2faa-44fc-bc18-4aa698032414,2025-08-29T07:48:00,4b6c2304-2b9e-41e4-942a-cf11a1819378,500,30,530
eb4744fe-c9d8-4750-a18d-da35a800b991,8e119f8a-036b-4da9-bbae-98ab4fb61e2f,2025-08-29T07:48:00,40e6ddd6-b8f6-4e17-8bd6-5e53966809d2,700,28,728
796697d6-b62f-4c5c-925f-af3781f1f5d3,ff4e2ef5-4f72-41f4-90ea-4f40665b9f5b,2025-08-29T07:49:00,4b6c2304-2b9e-41e4-942a-cf11a1819378,500,30,530
b59ecb16-60df-4d6e-b08a-f3588b7be6d5,bbe44e0a-dc83-4c13-a357-89d0c4f06f29,2025-08-29T07:49:00,40e6ddd6-b8f6-4e17-8bd6-5e53966809d2,500,20,520
950e5482-24b2-41de-ae28-a675599c6d8c,53352c2c-02b9-41af-b276-94d6d22379fe,2025-08-29T07:50:00,40e6ddd6-b8f6-4e17-8bd6-5e53966809d2,400,16,416
8eb55269-1de6-4c2d-baa2-1b96ccd4c45c,d18e4429-67b8-4ac0-8d74-6c1d026d15a7,2025-08-29T07:50:00,40e6ddd6-b8f6-4e17-8bd6-5e53966809d2,500,20,520
deb699fe-bca1-497d-bf5a-0ce796c7c5cc,77475cfc-c7a4-44fd-aa82-b68053aa7540,2025-08-29T07:50:00,40e6ddd6-b8f6-4e17-8bd6-5e53966809d2,500,20,520
538e6ed7-eeac-430b-ac2f-ad7349656737,a692df88-38f3-4725-84a6-73ec7e6c7ab5,2025-08-29T07:50:00,40e6ddd6-b8f6-4e17-8bd6-5e53966809d2,600,24,624
415383ae-e57c-443c-9744-f543d669c9a4,3cbc7f74-54e3-47c2-b02f-229f7ca60a5c,2025-08-29T07:51:00,40e6ddd6-b8f6-4e17-8bd6-5e53966809d2,600,24,624
7b7fff24-5833-429c-8d0f-26108f97d736,fdd86eaf-7a5b-4598-9a08-6f4f207743bb,2025-08-29T07:52:00,4b6c2304-2b9e-41e4-942a-cf11a1819378,400,24,424
b8d93894-0479-48ba-a274-4e7adf668950,71ed3bfb-d094-47b4-bd02-9589f31e4c1d,2025-08-29T07:52:00,4b6c2304-2b9e-41e4-942a-cf11a1819378,600,36,636
7574c090-298c-4237-bb99-3ea6a2de8cab,63b6d2f8-4e38-4b4c-bf67-6651399b4453,2025-08-29T07:52:00,4b6c2304-2b9e-41e4-942a-cf11a1819378,600,36,636
4fd53a43-870b-4ae6-889c-45b1a9dc8e95,efb0203d-c970-47ec-8644-2090a658224b,2025-08-29T07:53:00,40e6ddd6-b8f6-4e17-8bd6-5e53966809d2,500,20,520
e65fff3d-70c1-4a31-8771-cd32befda9ae,0e4dbbf0-e4a8-4015-9595-c0b9bec0f9e5,2025-08-29T07:53:00,40e6ddd6-b8f6-4e17-8bd6-5e53966809d2,400,16,416
274c270c-c87d-4cf3-9687-593f06a8f055,49421d99-2baa-4a3f-bbff-4e4d4e0062aa,2025-08-29T07:54:00,40e6ddd6-b8f6-4e17-8bd6-5e53966809d2,600,24,624
bbd5186f-02b3-4ef0-b15c-72b0ced0d94e,8416975a-1321-43a3-b3e1-577aee3b59ae,2025-08-29T07:55:00,40e6ddd6-b8f6-4e17-8bd6-5e53966809d2,0,0,0
d74d6016-a261-491f-9863-03997d55d6d4,49a68f77-776a-4b4b-b668-48e489f414ae,2025-08-29T07:55:00,40e6ddd6-b8f6-4e17-8bd6-5e53966809d2,600,24,624
302a9eff-26c0-48f7-98e4-4c58ba7c0591,1d94038e-346e-4263-a10f-7fa4e5d1179e,2025-08-29T07:56:00,40e6ddd6-b8f6-4e17-8bd6-5e53966809d2,600,24,624
08a0d4b1-70e4-4534-b6b1-5048fdb500de,b8edba64-3db4-4841-8f8d-dc00dce6fb67,2025-08-29T07:56:00,40e6ddd6-b8f6-4e17-8bd6-5e53966809d2,400,16,416
70a2e771-5bf3-4167-9da1-928380e5f625,5fccc95a-c30f-4525-a4a6-43861baae99a,2025-08-29T07:57:00,4b6c2304-2b9e-41e4-942a-cf11a1819378,700,42,742
0e8c5275-6799-4c26-9746-f963c1ee3cf1,01450c81-3eae-4663-a704-f91c175e17f0,2025-08-29T07:57:00,4b6c2304-2b9e-41e4-942a-cf11a1819378,400,24,424
2017886f-5c02-4912-abbe-9b01605ad519,355d89d9-bf5a-41df-9382-a5e57cbbbec4,2025-08-29T07:57:00,40e6ddd6-b8f6-4e17-8bd6-5e53966809d2,400,16,416
de640d9b-f147-4279-9850-47625b281612,2f162c0f-4d00-4d10-88ca-6dd2b94f24f5,2025-08-29T07:57:00,40e6ddd6-b8f6-4e17-8bd6-5e53966809d2,400,16,416
ad752e43-dbf9-4165-869c-06a3c0638c5a,2609004e-90a8-450e-98f3-5ebc16841cd5,2025-08-29T07:58:00,4b6c2304-2b9e-41e4-942a-cf11a1819378,700,42,742
52f9929f-f34b-40f4-9df4-5b03aced0f6b,7755a749-3460-4f0c-a33c-428dccd20885,2025-08-29T07:58:00,40e6ddd6-b8f6-4e17-8bd6-5e53966809d2,600,24,624
6c6dd97a-d2fd-44e6-b0b9-130962b19201,31006b42-8446-43cf-bd23-af4d84ca2c85,2025-08-29T07:58:00,40e6ddd6-b8f6-4e17-8bd6-5e53966809d2,600,24,624
72052c27-1546-480d-bc62-621afe33e9f8,97bbee89-2209-4d9a-9f20-d3327baf7efe,2025-08-29T07:58:00,40e6ddd6-b8f6-4e17-8bd6-5e53966809d2,600,24,624
e52a9ffb-dc4f-453a-8883-0c7c964f575a,03410ea3-1e8a-40ef-9322-bc532f78f7ff,2025-08-29T07:58:00,40e6ddd6-b8f6-4e17-8bd6-5e53966809d2,500,20,520
88a36fae-2457-413a-ae0d-98512068fc53,710200a9-2c6c-4f21-b3f1-3ed6aa684fa2,2025-08-29T07:59:00,4b6c2304-2b9e-41e4-942a-cf11a1819378,500,30,530
30dc6aa8-5875-45bd-a5a1-ccf7c64c64d3,661d2fc6-9fa2-4c79-9d19-44c73cb68448,2025-08-29T07:59:00,40e6ddd6-b8f6-4e17-8bd6-5e53966809d2,700,28,728
a47ce97e-0995-49cd-be77-1a916e8b7deb,a43342bc-a956-480b-8ef3-7b28e61c9b9b,2025-08-29T08:00:00,40e6ddd6-b8f6-4e17-8bd6-5e53966809d2,600,24,624
a0c17c98-9ed7-4aa8-bd56-b159ed7ff93b,5261268c-aa94-438a-921a-05efc0d414ac,2025-08-29T08:01:00,4b6c2304-2b9e-41e4-942a-cf11a1819378,600,36,636
f818708d-9124-4015-81c5-88b238f0d0d0,09a354a5-a7cb-4687-8a52-c4a71feba0d2,2025-08-29T08:01:00,4b6c2304-2b9e-41e4-942a-cf11a1819378,700,42,742
f36b56b3-9f57-480b-81c7-a9dcce4cf9a1,2661b9e7-3b2c-40ea-b349-251363d10a4e,2025-08-29T08:01:00,40e6ddd6-b8f6-4e17-8bd6-5e53966809d2,600,24,624
34026cfd-e350-4bd1-9ead-bb4de09fafba,76d2b7be-1fa1-441b-9de1-97c64d06c646,2025-08-29T08:01:00,40e6ddd6-b8f6-4e17-8bd6-5e53966809d2,600,24,624
42a96147-a12c-4aa3-bc06-abfb7a0569e6,b2310c7d-702b-4e62-b938-3b19262bd9e9,2025-08-29T08:01:00,40e6ddd6-b8f6-4e17-8bd6-5e53966809d2,600,24,624
e44b9628-6eba-4561-9a1a-dea80a46d41b,9f72b282-1f70-450b-988f-9b3029fa121e,2025-08-29T08:01:00,40e6ddd6-b8f6-4e17-8bd6-5e53966809d2,600,24,624
1ab20a2f-372b-47d9-a284-8b0177579008,72fd6924-b954-4c8f-9c0b-2545d0efe53b,2025-08-29T08:02:00,4b6c2304-2b9e-41e4-942a-cf11a1819378,700,42,742
86218e87-1ac5-4e0e-844e-7ce6bc0f5fdb,a5f46489-06cf-45af-9efd-dbd27067716c,2025-08-29T08:02:00,4b6c2304-2b9e-41e4-942a-cf11a1819378,400,24,424
5b4963a7-6534-4960-9284-b4a5de0f6994,ce69d742-4723-467f-9e5d-262fff84a6a6,2025-08-29T08:02:00,40e6ddd6-b8f6-4e17-8bd6-5e53966809d2,400,16,416
a9b7b50f-6194-4d5c-8b9e-0d8db75273cb,b65fff66-1997-4dd8-bc91-1349a415e4a0,2025-08-29T08:02:00,40e6ddd6-b8f6-4e17-8bd6-5e53966809d2,600,24,624
5cb6090e-e058-44f1-9141-5cc987286e8c,1439dc05-4ab9-4995-90c7-d9437ae94f50,2025-08-29T08:02:00,40e6ddd6-b8f6-4e17-8bd6-5e53966809d2,600,24,624
6ca16470-900f-4001-99bc-75be37b3e65f,2dcc7662-f1ce-442c-b998-bbe351d5e186,2025-08-29T08:02:00,40e6ddd6-b8f6-4e17-8bd6-5e53966809d2,400,16,416
b81ff413-a323-405e-bdf7-8e225dffdeec,866ec748-2021-45f8-9170-6c393fca1e65,2025-08-29T08:03:00,40e6ddd6-b8f6-4e17-8bd6-5e53966809d2,600,24,624
49502490-9a1b-4bab-a577-5c759b069710,89a5d615-2bb0-4843-8177-90bf7f452bfe,2025-08-29T08:03:00,40e6ddd6-b8f6-4e17-8bd6-5e53966809d2,400,16,416
a87baed2-86a8-4316-b037-2938403d0665,e6e0c2ef-00b6-4d38-a129-32d4aa4e795d,2025-08-29T08:04:00,4b6c2304-2b9e-41e4-942a-cf11a1819378,500,30,530
e9ce00cf-b223-42d7-8cc5-7175d36cba7c,41c59ae8-bcd0-4d00-b8e9-bfaa0ce5913b,2025-08-29T08:04:00,40e6ddd6-b8f6-4e17-8bd6-5e53966809d2,600,24,624
20b9b2a4-3710-472f-bc5f-52fc9a6dfc95,f4c0d073-250c-455a-a84a-848e56ae7048,2025-08-29T08:04:00,40e6ddd6-b8f6-4e17-8bd6-5e53966809d2,700,28,728
6627eca9-58fe-425f-b212-d7a4414bea3a,1acd402c-8758-4f7a-9a24-57636d44ede6,2025-08-29T08:04:00,40e6ddd6-b8f6-4e17-8bd6-5e53966809d2,500,20,520
66ff9fa8-69df-4d06-85fd-a378dde87b10,d4d6e685-70a2-49ea-b511-383a54d18cfa,2025-08-29T08:04:00,40e6ddd6-b8f6-4e17-8bd6-5e53966809d2,600,24,624
c6563e2d-f5be-49c3-a431-29f3dead80eb,2aaf9fc4-0801-4163-8cc8-39558682f704,2025-08-29T08:05:00,4b6c2304-2b9e-41e4-942a-cf11a1819378,700,42,742
142a51a0-3613-47e0-9333-d75f2905ca82,c108b321-1696-4fbd-8457-87fd61ca65d8,2025-08-29T08:05:00,40e6ddd6-b8f6-4e17-8bd6-5e53966809d2,600,24,624
06c9774d-ea50-4dbb-98e1-31103b9b04c2,f1c1c41c-e3ac-4d0f-9604-06a648c54aa4,2025-08-29T08:05:00,40e6ddd6-b8f6-4e17-8bd6-5e53966809d2,600,24,624
0d1ebd85-64c5-469c-a068-8ab79254745e,50e6ae18-ad0a-4f68-bb3d-e1a8b80eb58f,2025-08-29T08:05:00,40e6ddd6-b8f6-4e17-8bd6-5e53966809d2,600,24,624
6e3f764f-178a-41d3-a6e0-e8c2b1bad30e,4acffd44-9d77-4c09-afdb-e7f93ee5518b,2025-08-29T08:06:00,4b6c2304-2b9e-41e4-942a-cf11a1819378,600,36,636
d634067d-957b-4cd2-8d56-c61912d4b6dd,4d9a6ab4-f181-4f8c-9beb-e4cd9774b5d7,2025-08-29T08:06:00,40e6ddd6-b8f6-4e17-8bd6-5e53966809d2,600,24,624
fd199e78-bc7c-45c6-a27e-5fdab23d7eab,a5066e8e-de65-4798-9ed5-f6cae5f86031,2025-08-29T08:06:00,40e6ddd6-b8f6-4e17-8bd6-5e53966809d2,600,24,624
01f8bc02-d61d-4231-be9b-7ad28df45ad0,2660b7ac-6c46-4392-8ddc-26194c532341,2025-08-29T08:09:00,4b6c2304-2b9e-41e4-942a-cf11a1819378,600,36,636
f48acd76-9eed-4bf9-93da-abf751587e54,95381466-0836-4fd0-b05c-e8ca6147a51f,2025-08-29T08:10:00,40e6ddd6-b8f6-4e17-8bd6-5e53966809d2,600,24,624
421fa44f-7ad5-4cba-8860-bc1d14d1b449,b3f95dcd-caf0-4d0c-8890-a7b8e231c6b7,2025-08-29T08:11:00,40e6ddd6-b8f6-4e17-8bd6-5e53966809d2,600,24,624
b7f6cfd1-b5a2-4239-8216-6a137b356618,f459a5e8-b280-49fd-904a-3cd3746f4f16,2025-08-29T08:13:00,40e6ddd6-b8f6-4e17-8bd6-5e53966809d2,600,24,624
c46a2d3c-3fcf-4db4-a5aa-4d7c91467aa4,07837268-1f07-43d7-a271-fa0ab4370eee,2025-08-29T08:13:00,40e6ddd6-b8f6-4e17-8bd6-5e53966809d2,500,20,520
9a2f943d-0792-428d-92fe-87e6af65b131,6f595044-c1c1-4b1b-8b9a-6ba836a7d845,2025-08-29T08:13:00,40e6ddd6-b8f6-4e17-8bd6-5e53966809d2,500,20,520
e266a678-2446-45c5-8aea-53adb5110b36,c9750567-c933-4797-9313-ec159ddcb6d2,2025-08-29T08:14:00,40e6ddd6-b8f6-4e17-8bd6-5e53966809d2,500,20,520
fa692e3d-31dd-4c37-b532-49b4a6be7192,3f13d579-3df8-478c-b978-eec7255facfa,2025-08-29T08:15:00,4b6c2304-2b9e-41e4-942a-cf11a1819378,2200,131,2331
f89377ae-e5b1-4523-ae6a-ae664f66e2f4,7e2a9b35-5e70-4df4-889c-34732fd2ee32,2025-08-29T08:15:00,40e6ddd6-b8f6-4e17-8bd6-5e53966809d2,400,16,416
696f479e-8bb4-45b6-ac67-fc6bca9cfcb2,2f0fa97b-f713-40a9-8e11-3e18580cd97b,2025-08-29T08:15:00,40e6ddd6-b8f6-4e17-8bd6-5e53966809d2,500,20,520
ac39b8c4-6e22-4500-b1e9-c3136d1e6839,0ed041f5-3d65-4f50-b23e-849b527ee107,2025-08-29T08:15:00,40e6ddd6-b8f6-4e17-8bd6-5e53966809d2,700,28,728
b2509bed-ff83-44d7-8272-11149ca3d8cf,a3867ed0-9303-4ce2-b40d-a9711a5efef0,2025-08-29T08:15:00,40e6ddd6-b8f6-4e17-8bd6-5e53966809d2,400,16,416
8f15d0bb-c29a-459b-8043-ec795898d8ef,8ebb4b7d-ed19-43be-a647-6c3a9a6a166a,2025-08-29T08:17:00,4b6c2304-2b9e-41e4-942a-cf11a1819378,400,24,424
074ead35-eeb2-4f40-8743-e893aeec4f25,a311b0c8-1b63-4405-8097-09a984512389,2025-08-29T08:18:00,4b6c2304-2b9e-41e4-942a-cf11a1819378,600,36,636
e9088dc9-df13-4004-be81-ff6f5cd73735,ed7f8737-2c99-408f-afd0-f91c740e414c,2025-08-29T08:18:00,4b6c2304-2b9e-41e4-942a-cf11a1819378,600,36,636
deb3d85a-3f73-406f-9617-754c734ad9e0,5350fafc-45eb-4871-a195-d1cc090f9d9c,2025-08-29T08:18:00,4b6c2304-2b9e-41e4-942a-cf11a1819378,400,24,424
8f14c3ac-4b7b-49af-90b9-c1590b96bb0d,bd463573-d217-4411-9ac0-8b72bd7609cd,2025-08-29T08:19:00,4b6c2304-2b9e-41e4-942a-cf11a1819378,400,24,424
72da7a6c-3722-46bb-ac14-bd7a63ec3657,aa006c1b-6b97-4f02-99a9-57923d13eb8f,2025-08-29T08:19:00,4b6c2304-2b9e-41e4-942a-cf11a1819378,600,36,636
2d2504b8-a6d9-484c-ae23-0e2f802181e2,fd9f1577-416e-472f-aad7-7bd5c56293f5,2025-08-29T08:19:00,40e6ddd6-b8f6-4e17-8bd6-5e53966809d2,600,24,624
f939da5f-6d82-490e-a8d7-f5b82d89257a,314d5517-f29b-49b2-a076-3abe12756120,2025-08-29T08:19:00,40e6ddd6-b8f6-4e17-8bd6-5e53966809d2,700,28,728
72c4602e-9bca-4b98-abcd-aa12ff4d0c7b,89b94667-2d12-4e7a-bfdd-f37056d10195,2025-08-29T08:19:00,40e6ddd6-b8f6-4e17-8bd6-5e53966809d2,700,28,728
71a50224-6977-404a-8c5b-bcd6acb43ef1,cfefbf12-9a5a-4d61-a708-d92f785af097,2025-08-29T08:20:00,4b6c2304-2b9e-41e4-942a-cf11a1819378,700,42,742
8a89650a-adf4-4209-8f65-247105af0477,45ed3c5a-3c94-463b-91d2-73d3333fe5fc,2025-08-29T08:20:00,40e6ddd6-b8f6-4e17-8bd6-5e53966809d2,600,24,624
f13c9a49-de58-469d-8dfa-4495b83ce881,0f1df561-31c0-417e-909b-4b054c45baaf,2025-08-29T08:20:00,40e6ddd6-b8f6-4e17-8bd6-5e53966809d2,500,20,520
62f05eac-24be-4b3a-9528-b2b424019b72,2b4b540f-9423-4186-8164-4566e5e908f2,2025-08-29T08:20:00,40e6ddd6-b8f6-4e17-8bd6-5e53966809d2,600,24,624
fd67e8a2-6a6e-47bf-a2a7-c72b4e8221ec,73d9c423-e9d4-428f-bfaa-b073b2c1f454,2025-08-29T08:21:00,40e6ddd6-b8f6-4e17-8bd6-5e53966809d2,500,20,520
331de939-6125-4581-ac7e-111e02f95aa3,a5781cf5-d32e-4370-b0f8-4f229bc0efa4,2025-08-29T08:22:00,4b6c2304-2b9e-41e4-942a-cf11a1819378,600,36,636
fe29ee2b-eb3a-4ced-b767-2f755b5c14a9,8e5821f5-d035-421b-a56a-6ed02c100432,2025-08-29T08:22:00,4b6c2304-2b9e-41e4-942a-cf11a1819378,700,42,742
6dfa9eca-d6ef-49e3-b091-5ee501b393c8,d77ac8a9-6445-4f65-9a77-b0fb3abe853d,2025-08-29T08:22:00,4b6c2304-2b9e-41e4-942a-cf11a1819378,500,30,530
8addaf90-2c21-45e6-91ed-15ae4712ba7d,f7d61334-5d22-49f8-a022-903921239047,2025-08-29T08:22:00,40e6ddd6-b8f6-4e17-8bd6-5e53966809d2,500,20,520
7a6f5214-371d-4ffd-8e67-08c45a518c51,4232e434-92ef-4ff9-a069-d1e5312ebda2,2025-08-29T08:23:00,40e6ddd6-b8f6-4e17-8bd6-5e53966809d2,400,16,416
25a183d4-2918-4e35-841b-4de8bc03200a,6d622f69-5cf8-4eda-b7ff-4f57f0e66237,2025-08-29T08:23:00,40e6ddd6-b8f6-4e17-8bd6-5e53966809d2,600,24,624
9803b55b-40d0-4a5b-a2b5-c61d5d3a310e,2a6409ee-29ac-483f-a2a7-9074fcb50191,2025-08-29T08:24:00,40e6ddd6-b8f6-4e17-8bd6-5e53966809d2,400,16,416
023379f9-a137-47a2-b41f-04a84ab106d6,bea5ef1d-43b9-4df5-b3d1-436f675ec066,2025-08-29T08:25:00,4b6c2304-2b9e-41e4-942a-cf11a1819378,0,0,0
a6e4fe27-ad34-4790-8dee-e72e06e17e75,8dcd5fa7-1a1d-413e-9468-5f4b02f2f3fe,2025-08-29T08:25:00,40e6ddd6-b8f6-4e17-8bd6-5e53966809d2,400,16,416
68ff868c-bdb8-4d89-b850-93f11847f3e9,12c154ff-46ac-45a7-921c-2404994ecc21,2025-08-29T08:25:00,40e6ddd6-b8f6-4e17-8bd6-5e53966809d2,500,20,520
dbcb9f1e-4bef-4d2e-a58e-78c16843c9b1,9aaa8391-995f-4006-8413-c590098fc46a,2025-08-29T08:26:00,4b6c2304-2b9e-41e4-942a-cf11a1819378,500,30,530
bde8e087-8b52-47aa-8bd3-21e5cb5737db,341da637-6927-4a64-8183-13ec96005b5f,2025-08-29T08:26:00,4b6c2304-2b9e-41e4-942a-cf11a1819378,500,30,530
7d25134e-8fbf-48f0-9345-c62b45ff244f,e4d6980c-4b68-4255-97a5-2540f5ef35bc,2025-08-29T08:26:00,4b6c2304-2b9e-41e4-942a-cf11a1819378,600,36,636
163ee686-e110-47f0-b7a1-06c557e9de23,2f771a5a-3d76-48e3-985b-b7e91e092c46,2025-08-29T08:26:00,40e6ddd6-b8f6-4e17-8bd6-5e53966809d2,600,24,624
0e5fa6bb-390e-4cdc-bf11-e95f9c64e3fb,e6173937-b216-46db-b863-ec7526285150,2025-08-29T08:27:00,40e6ddd6-b8f6-4e17-8bd6-5e53966809d2,500,20,520
09d808a7-14a8-400c-9e32-1bddb553d882,ed5f2f3e-8bef-4da7-b30c-90c3fa5f40ea,2025-08-29T08:27:00,40e6ddd6-b8f6-4e17-8bd6-5e53966809d2,600,24,624
2203211d-2a9a-46e9-b360-70e9660480dd,758b4602-0ce0-440a-9584-ad59ce4216ad,2025-08-29T08:27:00,40e6ddd6-b8f6-4e17-8bd6-5e53966809d2,500,20,520
d5899754-91f0-4a4f-ada8-7b7260d61fca,b0cab1cc-6689-4922-a78f-5c6e1c458cd1,2025-08-29T08:28:00,4b6c2304-2b9e-41e4-942a-cf11a1819378,500,30,530
f27ff63f-95bd-4a43-bf76-fb35d372ba0d,2ef2eede-fcc3-4c79-a843-4f5ae828d591,2025-08-29T08:28:00,4b6c2304-2b9e-41e4-942a-cf11a1819378,700,42,742
f1b34e47-ba62-4e8d-b615-505a7ac19da7,2f76575f-2d85-40ca-8f3b-82b14debc678,2025-08-29T08:28:00,40e6ddd6-b8f6-4e17-8bd6-5e53966809d2,600,24,624
0e9061b4-4b80-4a61-ba63-02a06fd0c6a2,5f22d013-c3f9-44a7-aeba-0975da12ffcc,2025-08-29T08:28:00,40e6ddd6-b8f6-4e17-8bd6-5e53966809d2,700,28,728
26e1f8eb-db6e-40f4-9328-12b35abe6110,a1a72036-c041-4a92-a719-9bbf0e21d53b,2025-08-29T08:28:00,40e6ddd6-b8f6-4e17-8bd6-5e53966809d2,700,28,728
8ee72e8b-5469-42b9-b1d0-8e77da9c7d89,b0da7a9b-77d7-407d-8506-51705503fa05,2025-08-29T08:29:00,4b6c2304-2b9e-41e4-942a-cf11a1819378,700,42,742
c2f04ece-47e7-4206-adf6-e8d1b6722b61,19fee9df-73a9-41e9-9777-18d2a79ab8b4,2025-08-29T08:30:00,4b6c2304-2b9e-41e4-942a-cf11a1819378,600,36,636
3bb597d6-74c3-45dd-bc51-26fc0a3023f0,04b679f3-0691-47bc-975a-fdac41f52db4,2025-08-29T08:31:00,4b6c2304-2b9e-41e4-942a-cf11a1819378,600,36,636
aafb9418-9826-45d1-b502-95355b2ccab3,296a6b8f-b21e-4485-ad7f-18c1262a0764,2025-08-29T08:31:00,40e6ddd6-b8f6-4e17-8bd6-5e53966809d2,600,24,624
9fe166e1-04fb-45e7-b2b4-3a9e5a1ec3c4,b4413ac0-2fc9-4c91-b188-71c109d9be8f,2025-08-29T08:32:00,4b6c2304-2b9e-41e4-942a-cf11a1819378,500,30,530
252d8707-e0e4-441a-aca1-ba965f22fecf,bb0bc182-b8f7-4f26-b794-dca522dd4cec,2025-08-29T08:33:00,4b6c2304-2b9e-41e4-942a-cf11a1819378,700,42,742
a9bda6e5-6145-4782-a225-13e3ab825f07,1c3dc001-75eb-4fb9-b3ad-59a3be5b31ac,2025-08-29T08:33:00,40e6ddd6-b8f6-4e17-8bd6-5e53966809d2,700,28,728
0e3eeaf4-f18f-4148-be3c-611eccb5f59c,af16d888-ff4c-4c16-a2f8-9e2a3a9677c7,2025-08-29T08:35:00,4b6c2304-2b9e-41e4-942a-cf11a1819378,400,24,424
cff81700-5b55-49a7-9f03-2f317b05c29c,87a00a98-1d65-4fba-92f9-41ac07bce2bd,2025-08-29T08:35:00,40e6ddd6-b8f6-4e17-8bd6-5e53966809d2,600,24,624
512be63e-e16b-45e8-a2b1-d09a0d948806,7767d63a-0293-4866-ae0a-724670463aa1,2025-08-29T08:36:00,40e6ddd6-b8f6-4e17-8bd6-5e53966809d2,700,28,728
397dca19-c5c9-4402-835d-e0a66d3301aa,1b25718d-795f-4b30-a424-50167ae8c0ad,2025-08-29T08:36:00,40e6ddd6-b8f6-4e17-8bd6-5e53966809d2,600,24,624
8cfc5f7a-e127-41a8-9f58-c46b4c569db2,6faa20a4-1e8f-43a8-9a45-33ae5f675190,2025-08-29T08:38:00,4b6c2304-2b9e-41e4-942a-cf11a1819378,500,30,530
a447f906-20b6-47e4-896e-24b4b602177b,9ff834d1-4ca0-4dd5-bb53-ea96ad8611bb,2025-08-29T08:38:00,4b6c2304-2b9e-41e4-942a-cf11a1819378,400,24,424
5189907b-2e45-45c3-a3dd-ba76668062ed,aef5051b-ee62-4974-994d-fbb200c5f89c,2025-08-29T08:38:00,40e6ddd6-b8f6-4e17-8bd6-5e53966809d2,600,24,624
0a3d7f9f-8bcb-41d2-8a0f-f5860f87e338,8976b896-e0e8-4696-b268-5587e42efaa0,2025-08-29T08:38:00,40e6ddd6-b8f6-4e17-8bd6-5e53966809d2,400,16,416
18fb54d3-7230-4686-979a-749106a4af9c,0000bd8e-496c-42aa-9430-fea7f9bd6a96,2025-08-29T08:39:00,4b6c2304-2b9e-41e4-942a-cf11a1819378,600,36,636
1cd765ad-8636-4e74-9b5c-a01e6fb6c96e,a2effce6-3ad2-4811-940b-bbb5a4ad9b67,2025-08-29T08:39:00,40e6ddd6-b8f6-4e17-8bd6-5e53966809d2,500,20,520
b1ae34a3-6163-4f46-88b5-4d13b736bb1b,b66b0e13-b74e-40e7-b3e7-1583f2f08a9b,2025-08-29T08:44:00,40e6ddd6-b8f6-4e17-8bd6-5e53966809d2,500,20,520
30695f9e-3d89-4fc1-bea1-764c7460c396,285bfea1-4dec-4f9d-a9f6-3b3cb20fdde9,2025-08-29T08:46:00,4b6c2304-2b9e-41e4-942a-cf11a1819378,600,36,636
b0695685-7869-4ab1-88b7-b68b850fd9f0,c2457423-d813-4e9b-8cac-e77de71eef5d,2025-08-29T08:46:00,40e6ddd6-b8f6-4e17-8bd6-5e53966809d2,400,16,416
5be59e20-d1d1-4560-9d01-ef667c9f00c0,d47a83f3-a765-4a20-b40c-e0993cf00e4f,2025-08-29T08:47:00,4b6c2304-2b9e-41e4-942a-cf11a1819378,600,36,636
cbb36539-360a-4021-a786-2c9269ce36a2,890861ac-5e77-4568-aaff-807b37e6f872,2025-08-29T08:49:00,4b6c2304-2b9e-41e4-942a-cf11a1819378,600,36,636
cdcefd14-476c-4371-9028-0b8c12a5b68b,627b564c-f368-4634-b7f8-d7e1c5ee980a,2025-08-29T08:52:00,4b6c2304-2b9e-41e4-942a-cf11a1819378,900,54,954
430b472f-bc9c-420a-8e40-926c80187753,5bc10fee-ced7-43f1-91e5-597bd89faff6,2025-08-29T08:53:00,40e6ddd6-b8f6-4e17-8bd6-5e53966809d2,600,24,624
aad2dce3-3b7c-4771-bd58-95566bf26e5d,7e06ea60-a336-46ee-a77d-ca114267af0d,2025-08-29T08:54:00,4b6c2304-2b9e-41e4-942a-cf11a1819378,600,36,636
57144cdb-e3d3-423e-b1a3-990c073475c0,8c5628d0-6d15-4a6d-80f2-9c723e39ba83,2025-08-29T08:57:00,40e6ddd6-b8f6-4e17-8bd6-5e53966809d2,600,24,624
6240e0e3-eec8-4aeb-a57e-0fd7a6364028,a7cebb21-0f26-4834-8a09-e3269b21a77b,2025-08-29T08:58:00,4b6c2304-2b9e-41e4-942a-cf11a1819378,600,36,636
596278c4-2bd4-47ba-89e9-9d9ab1a8c551,019bbbbd-bb75-49d2-8d74-d1c01012bd21,2025-08-29T08:59:00,40e6ddd6-b8f6-4e17-8bd6-5e53966809d2,400,16,416
3114bbcb-0f73-41dc-98cc-2a152720b1a1,84ee8f13-e5a2-4988-8f65-daa65801c5d1,2025-08-29T09:00:00,4b6c2304-2b9e-41e4-942a-cf11a1819378,600,36,636
71819881-7aa5-4248-a5f8-3110a0222fff,af3dbfea-4df6-42c8-9826-57806904f81c,2025-08-29T09:01:00,40e6ddd6-b8f6-4e17-8bd6-5e53966809d2,700,28,728
eefcb387-bb32-48f4-ba43-c0520bfc8174,a768163c-0781-430b-8703-ce1ce473c762,2025-08-29T09:01:00,40e6ddd6-b8f6-4e17-8bd6-5e53966809d2,600,24,624
1d2fb5b9-d5f5-400b-beb0-47e71f16de65,388a03fa-6bff-4153-afbb-2349b43c876e,2025-08-29T09:03:00,40e6ddd6-b8f6-4e17-8bd6-5e53966809d2,700,28,728
3498152b-6006-4fd9-b8ca-e06de991955d,37601558-3b79-4200-800f-fc03a28a5ec7,2025-08-29T09:04:00,40e6ddd6-b8f6-4e17-8bd6-5e53966809d2,500,20,520
bd6665fc-7c54-4aa0-bb41-f1e088e00554,bbfdba43-2871-4e95-84d9-e2ff45960e7d,2025-08-29T09:05:00,4b6c2304-2b9e-41e4-942a-cf11a1819378,600,36,636
4fd0cc62-afc7-415e-91a4-15816da13ffc,d78e6e3f-3ff1-49b6-9dcb-129816aa0ecb,2025-08-29T09:09:00,40e6ddd6-b8f6-4e17-8bd6-5e53966809d2,1100,44,1144
26699c4b-e65d-43c9-81f8-a3d34e1fa565,6a7675ef-2c9d-4e2d-80c0-b5f38fffb6ea,2025-08-29T09:12:00,40e6ddd6-b8f6-4e17-8bd6-5e53966809d2,1500,60,1560
d8871b37-bc5a-4d47-8bde-c1530beed87e,4b14013f-d7e7-44b8-a287-329bf6e298c3,2025-08-29T09:17:00,40e6ddd6-b8f6-4e17-8bd6-5e53966809d2,400,16,416
3a626e9d-f879-423b-9e77-4af6640e671c,19d5ac88-a8cd-46b8-9f3d-d5ef3a0adfe2,2025-08-29T09:19:00,40e6ddd6-b8f6-4e17-8bd6-5e53966809d2,1300,52,1352
6e811bb4-39c6-435a-8f3a-97e6de11adf8,3f1fc492-e8ed-4840-97a0-a56592fdc1d9,2025-08-29T09:20:00,4b6c2304-2b9e-41e4-942a-cf11a1819378,500,30,530
d12211d4-f464-4e0a-a1a2-c831ca27722a,2bdeb3b7-a894-4fcf-8218-e41167bc557e,2025-08-29T09:24:00,4b6c2304-2b9e-41e4-942a-cf11a1819378,4100,246,4346
0f20d82f-4424-4c15-b7c6-fa447ac2ad0b,62e44a82-c99b-4d04-9abb-f6a2eb97c7ec,2025-08-29T09:26:00,40e6ddd6-b8f6-4e17-8bd6-5e53966809d2,600,24,624
950a0b44-19bc-41d8-8eb7-05f93c5cecea,e4bced79-6e2c-4b22-a6d5-199ed87ca7ee,2025-08-29T09:27:00,4b6c2304-2b9e-41e4-942a-cf11a1819378,2100,126,2226
bcc7f345-e27d-4df7-90a8-03e3957af206,0855291e-0a0d-4e17-931b-beabbc173f85,2025-08-29T09:32:00,40e6ddd6-b8f6-4e17-8bd6-5e53966809d2,600,24,624
c4c39c5b-ef1f-4866-b109-51a9aa2323f8,485b6c22-4f0b-4e0f-bfba-0c9d38a0122d,2025-08-29T09:33:00,40e6ddd6-b8f6-4e17-8bd6-5e53966809d2,1200,48,1248
8e7b75f2-956b-41cd-942a-37d92123bc56,4c710db6-7317-4d70-8dcb-6af9a4068e8d,2025-08-29T09:37:00,40e6ddd6-b8f6-4e17-8bd6-5e53966809d2,2100,84,2184
4921fa9f-c0bc-4545-8a80-0c4fe41ff19e,bcff2252-fa4f-4a03-88eb-6ff7b0e010a0,2025-08-29T09:38:00,40e6ddd6-b8f6-4e17-8bd6-5e53966809d2,500,20,520
06aa2510-9ce0-47a4-8fd5-406b424a371c,84a120aa-c994-404e-9e74-8277a6f9eb4e,2025-08-29T09:54:00,40e6ddd6-b8f6-4e17-8bd6-5e53966809d2,600,24,624
e75e141e-7fe4-4e9f-8f7b-0cc8953fa6b6,30380af9-7c90-4e56-9717-61064c5ca79c,2025-08-29T10:02:00,40e6ddd6-b8f6-4e17-8bd6-5e53966809d2,400,16,416
ba2ef3c6-c9ad-4bae-b43f-9badad4d1fb9,e5873f83-602d-4424-9c5e-184c56c9d4ba,2025-08-29T10:06:00,40e6ddd6-b8f6-4e17-8bd6-5e53966809d2,600,24,624
e70ff3bc-44e9-4c75-a2d0-b0bfa75b4c98,b01b46fd-8f75-4db5-806d-c5c5980008c4,2025-08-29T10:07:00,40e6ddd6-b8f6-4e17-8bd6-5e53966809d2,400,16,416
dff88749-08ff-4f66-99a8-e6a01fed0795,b51ad0d8-7b4d-4859-8de9-fd9feb62c888,2025-08-29T10:07:00,40e6ddd6-b8f6-4e17-8bd6-5e53966809d2,700,28,728
8d95cf7f-825e-4edc-9176-67ace2ddb72a,94e0e084-e14c-4061-80da-7e6030bf14d5,2025-08-29T10:10:00,4b6c2304-2b9e-41e4-942a-cf11a1819378,1900,113,2013
8978bd07-6614-48d6-af4e-270096db19ff,19a91b0b-51dc-434f-978a-177588409f99,2025-08-29T10:15:00,4b6c2304-2b9e-41e4-942a-cf11a1819378,600,36,636
ace58b09-46e1-40bb-b1e1-266231397f24,7e7c62c1-b8a8-4e9a-ab94-81a82d76e3e5,2025-08-29T10:16:00,4b6c2304-2b9e-41e4-942a-cf11a1819378,400,24,424
2da52c67-d8ba-4667-b7b6-1d629048b1c7,5948da4d-8a3d-4122-9885-6f62f017c7b2,2025-08-29T10:18:00,40e6ddd6-b8f6-4e17-8bd6-5e53966809d2,500,20,520
35aa6964-414c-4f69-b7f7-39f98a37bb57,298ca377-a08e-4e0d-91d6-b0b5aff14c1b,2025-08-29T10:19:00,40e6ddd6-b8f6-4e17-8bd6-5e53966809d2,600,24,624
8ab8bb2e-5fff-406b-9dd3-a71c99ebe013,5b817ccb-b122-4044-b74f-bde3d1df714d,2025-08-29T10:20:00,4b6c2304-2b9e-41e4-942a-cf11a1819378,400,24,424
ad4f63ba-e3ca-4a2a-b056-df85993e88e3,303bc5db-08d0-4431-b6df-29c80d0321da,2025-08-29T10:26:00,40e6ddd6-b8f6-4e17-8bd6-5e53966809d2,700,28,728
18bd0a78-1dd3-46de-8fb1-d96909484819,be999c23-fb5b-4060-b4aa-bd50fe8ab5f6,2025-08-29T10:28:00,40e6ddd6-b8f6-4e17-8bd6-5e53966809d2,1300,52,1352
a35f63cf-aae8-4080-87e1-beebe0d93c42,7c66bbce-e687-4e15-be85-d960c3de159b,2025-08-29T10:33:00,40e6ddd6-b8f6-4e17-8bd6-5e53966809d2,600,24,624
95fe4ab2-8154-4160-bb0b-9f43756414c8,3e5dc535-3e67-47d0-8eed-547c7f51e8c9,2025-08-29T10:34:00,40e6ddd6-b8f6-4e17-8bd6-5e53966809d2,3800,152,3952
4be20b4c-c071-497e-94cd-52e06e4a297c,b7428f06-b3dd-477e-8569-96068f3d3dcb,2025-08-29T10:36:00,40e6ddd6-b8f6-4e17-8bd6-5e53966809d2,1800,72,1872
841c9da1-8deb-4dd2-9b77-d7e535e456f6,e9f40ffc-bea9-4cc6-abca-7fe897f37903,2025-08-29T10:36:00,40e6ddd6-b8f6-4e17-8bd6-5e53966809d2,3100,124,3224
21e756d7-daaf-4131-acdc-ef86ad2a220b,bb35efe0-ac42-4801-bc72-7bea481716da,2025-08-29T10:41:00,40e6ddd6-b8f6-4e17-8bd6-5e53966809d2,600,24,624
2d98403c-36de-471d-80a9-0b0222b8734d,7c2a3f62-d757-4322-a213-921d7c370838,2025-08-29T10:47:00,40e6ddd6-b8f6-4e17-8bd6-5e53966809d2,400,16,416
a737ff23-ea9a-4b32-85df-dcbf95c46c96,fd12529b-56bd-40cf-a742-a90ad36add5e,2025-08-29T10:49:00,40e6ddd6-b8f6-4e17-8bd6-5e53966809d2,1500,60,1560
63f3dfd0-506e-4779-bb01-11721c9de69a,e7f5d853-30ed-4302-9303-e11752f57b2f,2025-08-29T10:50:00,4b6c2304-2b9e-41e4-942a-cf11a1819378,1000,60,1060
21ecec0b-8403-4ecf-af17-e28c247a39ba,4740d6a5-b760-477f-83d9-7d1c3e04f0ba,2025-08-29T10:51:00,40e6ddd6-b8f6-4e17-8bd6-5e53966809d2,600,24,624
8bb587bf-599f-4dc2-a8a1-649f48b6ffb1,2068f48f-4c39-4084-81d1-95af149d8547,2025-08-29T10:55:00,4b6c2304-2b9e-41e4-942a-cf11a1819378,1600,96,1696
e53e1ace-25f8-4627-8124-13e18d358c4a,5bf14829-99bd-4d3c-b504-edd1e45593a0,2025-08-29T10:58:00,40e6ddd6-b8f6-4e17-8bd6-5e53966809d2,400,16,416
beeec27a-6b3c-4024-9635-4e4fa8ac3e96,827eed18-8ab1-4e5d-ab00-5d8ac9bb168b,2025-08-29T11:01:00,4b6c2304-2b9e-41e4-942a-cf11a1819378,500,30,530
0f251ad1-7ec5-4b6f-b91f-30e8696e18b9,438005c2-dd1d-48aa-8bfd-7fb06851b5f8,2025-08-29T11:06:00,4b6c2304-2b9e-41e4-942a-cf11a1819378,600,36,636
fb8e561d-8c55-47af-9513-966d78ec9013,f3feb7f9-9069-4fd7-be91-3800d1307935,2025-08-29T11:07:00,4b6c2304-2b9e-41e4-942a-cf11a1819378,3200,192,3392
b96a927f-a9e5-4133-8286-2381b1942c17,e60ba363-7c8f-4fba-8c98-2d4952e8fbc5,2025-08-29T11:19:00,40e6ddd6-b8f6-4e17-8bd6-5e53966809d2,500,20,520
8361bcc3-87c9-4564-b703-70cfcbd0dbbe,63b14504-d172-4e5e-b0fa-abd9cb43352e,2025-08-29T11:20:00,40e6ddd6-b8f6-4e17-8bd6-5e53966809d2,2500,100,2600
aa7b6872-9531-41d8-a505-8b70502cadda,98c7adf1-31bc-45c1-85fb-dbf53b4a53e2,2025-08-29T11:33:00,4b6c2304-2b9e-41e4-942a-cf11a1819378,1900,113,2013
b6a1b1a8-7f5a-425f-a976-31bc18354492,9db0e79f-fdea-4290-ba7b-114141f33d1f,2025-08-29T11:34:00,4b6c2304-2b9e-41e4-942a-cf11a1819378,600,36,636
8f001248-e9a5-4deb-b3fa-92446ae9c80b,c712217e-16e5-4f51-a9f4-055b5176e747,2025-08-29T11:35:00,40e6ddd6-b8f6-4e17-8bd6-5e53966809d2,500,20,520
5fa1f54c-d659-4e0d-84f8-a14008217b3c,0bb6fcf3-0741-4179-af46-d26c45b77171,2025-08-29T11:37:00,4b6c2304-2b9e-41e4-942a-cf11a1819378,400,24,424
cf1b3057-8883-45c5-b32d-cdb544f80c74,3bfe5d2b-8ab3-473f-b56c-cdd86fff8877,2025-08-29T11:38:00,4b6c2304-2b9e-41e4-942a-cf11a1819378,1300,78,1378
08bc4517-9b9f-4354-83ea-9af7db1368b6,dec2b1be-3447-4044-b4e3-17848dfd390e,2025-08-29T11:43:00,4b6c2304-2b9e-41e4-942a-cf11a1819378,600,36,636
ae9b0c29-587d-4750-9940-159775f89b1c,284f711a-5e5a-4929-bb5d-5ddba9a4a773,2025-08-29T11:43:00,40e6ddd6-b8f6-4e17-8bd6-5e53966809d2,700,28,728
fadc6649-f7d7-463c-a359-75753a512a88,f044be50-29c1-40c4-a16c-a1dd1f95d6f3,2025-08-29T11:44:00,4b6c2304-2b9e-41e4-942a-cf11a1819378,1000,60,1060
c204a7bb-dea3-4cb3-8d7c-e168f55c2d68,7d4b9dcb-d4ff-42fa-9c58-5657c61f4954,2025-08-29T11:44:00,40e6ddd6-b8f6-4e17-8bd6-5e53966809d2,400,16,416
b2733bb1-1404-486c-8c29-932b26b1125e,43317971-4c76-44db-9b97-011579286ea5,2025-08-29T11:49:00,4b6c2304-2b9e-41e4-942a-cf11a1819378,3800,227,4027
bab712c2-ec26-4c8f-9106-cb8d0e4f2c40,a30edde1-4a46-4acb-905c-013e285a8101,2025-08-29T11:49:00,40e6ddd6-b8f6-4e17-8bd6-5e53966809d2,1200,48,1248
b00aea2e-aa61-4ee0-a434-84da573b5516,e2141773-bfb8-4698-a4da-2be4540c14a5,2025-08-29T11:52:00,4b6c2304-2b9e-41e4-942a-cf11a1819378,3400,204,3604
d335826e-fa74-4099-a474-297203116a9d,34b17474-7fef-4a04-8009-f83028f66521,2025-08-29T11:58:00,4b6c2304-2b9e-41e4-942a-cf11a1819378,1700,102,1802
284ef1e3-385d-4438-b3a1-ca56b72dbcf0,4b8b181e-668e-45d4-a8e3-7180a41cf064,2025-08-29T11:59:00,4b6c2304-2b9e-41e4-942a-cf11a1819378,500,30,530
0603e10c-d973-4f02-8170-8e428dbf4b1f,5d5ea9b6-fefd-4e25-850a-9c2d365e7e27,2025-08-29T12:00:00,4b6c2304-2b9e-41e4-942a-cf11a1819378,2100,126,2226
6ff319fb-2822-42f9-a53e-8f6215b21842,0bc37503-ab88-4833-9b4e-1355bdd20deb,2025-08-29T12:01:00,40e6ddd6-b8f6-4e17-8bd6-5e53966809d2,700,28,728
8dd9ff4f-f0ed-4e56-9147-53dc53c2cf86,ba2bf5e1-4b63-4bb3-b83a-f10438f84258,2025-08-29T12:04:00,40e6ddd6-b8f6-4e17-8bd6-5e53966809d2,500,20,520
70181e5d-585a-44f1-86c4-902eb231737a,14dec3ce-7570-4c3f-af8c-e9c0d74cfcd2,2025-08-29T12:09:00,40e6ddd6-b8f6-4e17-8bd6-5e53966809d2,500,20,520
f638ae20-e3e8-478f-b2f9-941b0023edcb,4423c47b-1f8b-4df4-bfe9-531cd8e6441b,2025-08-29T12:12:00,40e6ddd6-b8f6-4e17-8bd6-5e53966809d2,2000,80,2080
37d6edab-53aa-4bac-8837-fdc4f57b6511,ef7f92e8-2f80-4e44-9e56-9ee276819791,2025-08-29T12:14:00,4b6c2304-2b9e-41e4-942a-cf11a1819378,400,24,424
5746772f-ee5d-4fe5-bc70-d65db886fc83,066ca82d-85b8-45e6-b262-bac0bb3c0e21,2025-08-29T12:14:00,40e6ddd6-b8f6-4e17-8bd6-5e53966809d2,600,24,624
75ded8d2-1ed2-44fc-83da-f2b37e48e192,670a79a3-05fc-4a33-8b9d-1b6df80347f4,2025-08-29T12:15:00,4b6c2304-2b9e-41e4-942a-cf11a1819378,2800,168,2968
8fbf0486-eb95-401d-8c8e-0f924d2f624d,6fcd3399-b9d5-4ab0-9d50-385be83fec9c,2025-08-29T12:15:00,40e6ddd6-b8f6-4e17-8bd6-5e53966809d2,1300,52,1352
8b663bcb-33a0-4be8-a525-3bdf761a6fad,abf52e51-d999-45fd-a6b0-6a9cd018fb47,2025-08-29T12:18:00,40e6ddd6-b8f6-4e17-8bd6-5e53966809d2,500,20,520
8dded15c-0952-4383-b12a-05330958d1e9,543b48b5-22b5-41e4-8e3c-704fc8f03e8d,2025-08-29T12:24:00,40e6ddd6-b8f6-4e17-8bd6-5e53966809d2,600,24,624
ac1bfc2f-21a2-4581-bd12-b0353558d0ad,c502b1f4-b287-444d-b643-953150ebee0d,2025-08-29T12:25:00,40e6ddd6-b8f6-4e17-8bd6-5e53966809d2,400,16,416
24c1c213-f6a8-470f-94ba-d5e704919e2d,090fb913-1317-4169-b150-64e304451d38,2025-08-29T12:36:00,40e6ddd6-b8f6-4e17-8bd6-5e53966809d2,600,24,624
cf9d5f0a-625c-4b48-9d5b-071001148c61,bbce772f-b9b7-49f2-b79e-fa5d953ced6b,2025-08-29T12:41:00,4b6c2304-2b9e-41e4-942a-cf11a1819378,600,36,636
7a499b08-384c-4808-a147-6255c195edaf,265cf9a7-b023-492e-9e62-3896325f1c48,2025-08-29T12:42:00,40e6ddd6-b8f6-4e17-8bd6-5e53966809d2,500,20,520
7b945b5b-3444-4ddb-b4b7-e27b65d239e1,10d7cb3c-5a86-4eae-9da6-611ddf67fdd8,2025-08-29T12:43:00,4b6c2304-2b9e-41e4-942a-cf11a1819378,700,42,742
4955b03e-b6b1-4514-8ead-9994a687a292,8f9052f4-d761-416e-8b74-a71f640df0d7,2025-08-29T12:43:00,4b6c2304-2b9e-41e4-942a-cf11a1819378,600,36,636
73f21c9b-eb35-4faf-b10e-88139a60e968,3dc87d1c-7942-471e-b947-26b7ec78cedb,2025-08-29T12:43:00,40e6ddd6-b8f6-4e17-8bd6-5e53966809d2,700,28,728
80506a45-3ed1-4922-81c7-221e55a0d4e4,12d19891-03e3-455b-b4f2-7d8f8f6b8f01,2025-08-29T12:48:00,40e6ddd6-b8f6-4e17-8bd6-5e53966809d2,600,24,624
280032b2-9d9d-4cee-b2ab-f12f686da447,d2d5925b-c91a-440d-a613-0c76f88845cc,2025-08-29T12:50:00,40e6ddd6-b8f6-4e17-8bd6-5e53966809d2,600,24,624
b7dd8ee5-2996-483c-907b-9eebdbc7f41c,9368e74c-0581-4d77-9358-94e415a80423,2025-08-29T12:54:00,4b6c2304-2b9e-41e4-942a-cf11a1819378,1200,72,1272
1729cc36-94bf-4119-b3da-ff34b2e85086,78e4ffca-cfe4-42f3-9ef0-98ca1bb8cfa0,2025-08-29T12:59:00,40e6ddd6-b8f6-4e17-8bd6-5e53966809d2,1600,64,1664
c33c6302-4b39-4174-af11-3e2be3795d57,47e4f30d-f965-45df-8474-93d5aeaf7cb2,2025-08-29T13:01:00,4b6c2304-2b9e-41e4-942a-cf11a1819378,2200,131,2331
450ff9e1-86f9-4ad7-94d3-4436d75782ba,187d49e0-634f-4e10-a10c-3b0be7408be0,2025-08-29T13:01:00,4b6c2304-2b9e-41e4-942a-cf11a1819378,500,30,530
a5b43593-c491-4796-aa1a-faf58c381872,270b35bf-74ca-4601-91d8-16fe5196ca5a,2025-08-29T13:02:00,40e6ddd6-b8f6-4e17-8bd6-5e53966809d2,700,28,728
6c646419-2f6c-4710-8566-6423b4b3df52,afa83ff8-2b40-47b8-8bcf-1f9285c11695,2025-08-29T13:05:00,40e6ddd6-b8f6-4e17-8bd6-5e53966809d2,1000,40,1040
4495490e-c24f-4fd6-b50b-fcf5de45bfdc,1c4a9464-3e0e-45d2-9ca2-87c36b03f80b,2025-08-29T13:06:00,4b6c2304-2b9e-41e4-942a-cf11a1819378,0,0,0
66dd487f-9ea5-4426-8107-7495ce5666c1,11498734-cebc-4784-a055-6bd08a18f1dc,2025-08-29T13:07:00,40e6ddd6-b8f6-4e17-8bd6-5e53966809d2,2000,80,2080
41839e61-ede4-4ed0-9df8-be8c8427409e,52ecad80-29ad-4b94-8e45-82007ac63dba,2025-08-29T13:12:00,4b6c2304-2b9e-41e4-942a-cf11a1819378,600,36,636
a7466019-17bd-4174-aba2-69f9af0280bf,eccb6e23-700f-4b9e-803e-9c681f12dd9e,2025-08-29T13:12:00,40e6ddd6-b8f6-4e17-8bd6-5e53966809d2,600,24,624
f203ff6e-bb68-4e0f-9492-9e5f1244e2fa,d23755ac-d315-4dfd-ae80-4fa042f7d833,2025-08-29T13:32:00,4b6c2304-2b9e-41e4-942a-cf11a1819378,700,42,742
2b1ede27-94af-43dd-a65c-f2c72eb88083,42748981-2a95-4e95-91cf-9844c8aa9c69,2025-08-29T13:32:00,4b6c2304-2b9e-41e4-942a-cf11a1819378,1100,65,1165
eb311c9f-d6a4-4527-8364-44c3b5ce9263,b6552330-9932-4624-8855-b5b7aa13d3f4,2025-08-29T13:34:00,4b6c2304-2b9e-41e4-942a-cf11a1819378,700,42,742
361d6614-b342-4e5b-9729-2460a7033666,0e7b96a0-3300-42a0-b46a-0376d91610eb,2025-08-29T13:42:00,4b6c2304-2b9e-41e4-942a-cf11a1819378,400,24,424
badea469-b127-4f0b-b57a-d3cd88c2090d,c710ee81-7487-44d1-b65f-69a898acaf69,2025-08-29T13:42:00,40e6ddd6-b8f6-4e17-8bd6-5e53966809d2,400,16,416
e31de2df-04b1-4185-9790-0cee8d49accb,40da201b-b0f6-453a-97ca-b9d61306ad15,2025-08-29T13:45:00,4b6c2304-2b9e-41e4-942a-cf11a1819378,400,24,424
cc0d6126-76c6-4d13-bcf9-320d15e671cc,b4624db2-8aba-4c57-a0f7-0f5cb8bf0a04,2025-08-29T13:45:00,40e6ddd6-b8f6-4e17-8bd6-5e53966809d2,1200,48,1248
008bbe67-3970-455d-9b7b-ddba00cf603c,36df5a68-777a-4824-9342-f7f557e872ba,2025-08-29T13:47:00,4b6c2304-2b9e-41e4-942a-cf11a1819378,400,24,424
82e3c7e0-f337-44b3-846e-9f7ef2d72a5c,f9c2b37f-2e88-4008-a277-99f35c4760bf,2025-08-29T13:49:00,40e6ddd6-b8f6-4e17-8bd6-5e53966809d2,600,24,624
30c9d596-7072-47b6-bdca-9f89b3bf0a76,191feb1d-2def-4cbf-a8f8-ee3eb3856ea2,2025-08-29T13:53:00,4b6c2304-2b9e-41e4-942a-cf11a1819378,400,24,424
fccb6030-56cc-4ee8-984e-05e6d9980c44,efc6a229-f984-41c8-b741-83d9a46c5fd1,2025-08-29T13:56:00,4b6c2304-2b9e-41e4-942a-cf11a1819378,600,36,636
e3a77418-21fc-498d-9fbc-a73531db9236,40353a67-5df0-44ca-9c10-b42fab44c6f3,2025-08-29T13:58:00,4b6c2304-2b9e-41e4-942a-cf11a1819378,500,30,530
676114d6-22a4-462d-a5fc-5c3796ff2c09,c37c5233-7b26-4427-8ed9-ce36cc9ceb00,2025-08-29T13:58:00,40e6ddd6-b8f6-4e17-8bd6-5e53966809d2,600,24,624
aa04a850-df93-4b66-a54d-6c1b009e54eb,32927010-1d7d-4cd9-a500-593804ff0e77,2025-08-29T13:58:00,40e6ddd6-b8f6-4e17-8bd6-5e53966809d2,400,16,416
08f3fde8-fa6b-4aa8-a117-7bf8043cd698,84f7f075-d17e-4662-a11c-bc80e28b12f5,2025-08-29T13:58:00,40e6ddd6-b8f6-4e17-8bd6-5e53966809d2,600,24,624
8f8e1e90-84f0-45ff-b2af-60cb200bbc8e,df8c3dd7-4bc5-4996-98e5-18e7ec0046e9,2025-08-29T13:59:00,40e6ddd6-b8f6-4e17-8bd6-5e53966809d2,600,24,624
e78d9e99-412a-49ef-ae20-b53ec93e5e14,c9276a13-5b0f-4ce9-8802-3e0ead192508,2025-08-29T14:00:00,4b6c2304-2b9e-41e4-942a-cf11a1819378,1100,65,1165
22c25878-6e7f-4366-a0c0-94892a89f861,e100dd4b-6c96-4036-88a6-8813aa5a718f,2025-08-29T14:04:00,40e6ddd6-b8f6-4e17-8bd6-5e53966809d2,600,24,624
ade777c3-c438-4c0a-ab28-060cc685e636,e8e92a9f-bec3-4873-951c-b05d0fe37715,2025-08-29T14:05:00,4b6c2304-2b9e-41e4-942a-cf11a1819378,1100,65,1165
c1c300ba-5488-4659-aeda-0e47f19bb98b,ce5679e9-296a-4566-ba46-98a3e0a94136,2025-08-29T14:06:00,40e6ddd6-b8f6-4e17-8bd6-5e53966809d2,400,16,416
e1af9a84-f874-475f-b277-2448c5662e84,582e9081-9542-4d02-9ed4-d41c93fa8b2c,2025-08-29T14:09:00,40e6ddd6-b8f6-4e17-8bd6-5e53966809d2,600,24,624
016d6958-2048-4982-b2fa-c762ff9d2ec3,fd788ea1-7f9f-477b-b5fa-9a64962eb7f0,2025-08-29T14:10:00,4b6c2304-2b9e-41e4-942a-cf11a1819378,400,24,424
726d4569-3335-4145-807f-8f4bbec1b60e,0f708081-5838-40db-84a9-ca8b6845336f,2025-08-29T14:11:00,40e6ddd6-b8f6-4e17-8bd6-5e53966809d2,1800,72,1872
2eac9596-fd10-477b-bc71-cc332936d6c3,45514547-8413-41d4-ba88-c1240763e5e8,2025-08-29T14:17:00,4b6c2304-2b9e-41e4-942a-cf11a1819378,500,30,530
8ee53c3b-b3f4-4ff8-8b2c-6e7b92016470,43086963-8392-432e-84e0-ef1902202b4c,2025-08-29T14:21:00,4b6c2304-2b9e-41e4-942a-cf11a1819378,600,36,636
15f188ea-8548-4227-940c-c2a7b4528992,f0496969-2829-4c93-834d-07ef9042cd86,2025-08-29T14:22:00,4b6c2304-2b9e-41e4-942a-cf11a1819378,700,42,742
e0fc1b10-15e6-48ae-bef4-39cadf102155,c5ee9489-e7ea-4da3-9a86-b34c76f6d340,2025-08-29T14:22:00,40e6ddd6-b8f6-4e17-8bd6-5e53966809d2,1000,40,1040
3e06e5c6-273f-4154-88f0-f868cf3c256c,d477b62b-46ba-4eaa-a26a-8e3d43ea5a28,2025-08-29T14:23:00,4b6c2304-2b9e-41e4-942a-cf11a1819378,3000,179,3179
dd24877e-d9c3-43a5-80a4-e351cbde8bbc,07571aa5-5581-4cf0-9a68-006051f37c8c,2025-08-29T14:24:00,40e6ddd6-b8f6-4e17-8bd6-5e53966809d2,2100,84,2184
e8897c82-57b4-465d-a08e-d6035e14d59f,3218db6b-84e5-453d-8de9-a966eecbacc6,2025-08-29T14:27:00,40e6ddd6-b8f6-4e17-8bd6-5e53966809d2,500,20,520
f76a8777-272b-4731-8163-6292cb578883,96f4e93c-c759-4fc7-b4a3-c8a153858bea,2025-08-29T14:29:00,4b6c2304-2b9e-41e4-942a-cf11a1819378,4100,246,4346
6f95c49b-e602-467e-92e2-383c363c451d,b8cf5c4c-27e2-4106-9058-eb38559661e0,2025-08-29T14:35:00,40e6ddd6-b8f6-4e17-8bd6-5e53966809d2,600,24,624
2f1f4c64-965b-4a08-a512-4c0867edc1b6,ae6e644d-c310-4f23-84dc-5063fc2e2953,2025-08-29T14:37:00,4b6c2304-2b9e-41e4-942a-cf11a1819378,700,42,742
44325ee0-05db-44e6-af3c-0e56dbcbf673,3d097c4e-dd09-4cfa-8460-39fd4fb8a1cc,2025-08-29T14:38:00,4b6c2304-2b9e-41e4-942a-cf11a1819378,1100,65,1165
447fd1d8-ba59-4fb1-92f8-57452fab8b7c,2030e11b-f809-402e-8a1e-00aa3cb751da,2025-08-29T14:42:00,4b6c2304-2b9e-41e4-942a-cf11a1819378,2800,168,2968
7b5a97e2-8c8e-4faf-b32d-03b4e3f99c11,5b4df518-7c6e-4957-8906-e33505acee31,2025-08-29T14:47:00,40e6ddd6-b8f6-4e17-8bd6-5e53966809d2,1200,48,1248
8724d8dc-02d2-4afe-bec0-ea070e7484e4,1435b563-f156-4cd8-9f3d-6224260e26a4,2025-08-29T14:50:00,4b6c2304-2b9e-41e4-942a-cf11a1819378,1100,65,1165
94d15530-3179-45cc-bb61-167f2ce5478a,15aeedcc-eed4-453e-850c-7f876e54c4ab,2025-08-29T14:50:00,4b6c2304-2b9e-41e4-942a-cf11a1819378,600,36,636
25042e70-f020-43fe-88b7-1ea9e3e597a9,5a589b0f-69ac-4256-aea8-df379845f417,2025-08-29T14:55:00,4b6c2304-2b9e-41e4-942a-cf11a1819378,400,24,424
106983c4-b75f-43ca-9b23-422da067f00a,1c8233dc-8ccb-4d27-84e7-e00d33ff6674,2025-08-29T14:55:00,40e6ddd6-b8f6-4e17-8bd6-5e53966809d2,1200,48,1248
e9cfc259-26c9-44d1-b4e1-b01bb4dd4d78,aa0533fd-252b-49cb-8070-77b5c88b04ee,2025-08-29T15:01:00,40e6ddd6-b8f6-4e17-8bd6-5e53966809d2,600,24,624
1284265a-8b51-4ad6-ab4c-6d12aa7fc59f,bf060a41-af0e-4932-b757-4f010ccf07f1,2025-08-29T15:02:00,40e6ddd6-b8f6-4e17-8bd6-5e53966809d2,500,20,520
1e38a763-a7bc-4b45-9268-b3c14c50848d,816f5acb-1a37-44ba-8ce8-25c40cec4d06,2025-08-29T15:09:00,40e6ddd6-b8f6-4e17-8bd6-5e53966809d2,400,16,416
4878a0f6-c2e7-4198-8433-0749a4f4438c,b27a07f1-ddf4-4134-9f7d-1b1ac869b110,2025-08-29T15:17:00,4b6c2304-2b9e-41e4-942a-cf11a1819378,600,36,636
e9d38de5-3f21-4169-bd92-ad8cb6e84e00,8fe1e8f7-9891-4978-ae6c-34234f35c728,2025-08-29T15:18:00,40e6ddd6-b8f6-4e17-8bd6-5e53966809d2,500,20,520
c9313431-e3fe-4d4b-a173-92e05515ad84,5f2b73d5-f495-401c-82ee-47cf4886bfa2,2025-08-29T15:21:00,40e6ddd6-b8f6-4e17-8bd6-5e53966809d2,500,20,520
237ab15f-2aa0-4a5f-9b5e-08fa0c9d65ba,6da78127-2929-4106-a298-2b58afca0a92,2025-08-29T15:23:00,40e6ddd6-b8f6-4e17-8bd6-5e53966809d2,1700,68,1768
618822da-65cb-4d6d-9ad9-492218503b5b,ed79e1d1-f247-47da-b20f-17c6184db706,2025-08-29T15:29:00,40e6ddd6-b8f6-4e17-8bd6-5e53966809d2,1900,76,1976
4375643a-8460-41b3-9709-8b2b30fcaa1c,dc634429-12c2-417d-b460-f3ed4903d539,2025-08-29T15:32:00,4b6c2304-2b9e-41e4-942a-cf11a1819378,1700,102,1802
d12d5518-91b7-42b7-baad-39bdb42069bb,5e3636fd-a0a7-44c0-96e8-3d906cdbb119,2025-08-29T15:34:00,40e6ddd6-b8f6-4e17-8bd6-5e53966809d2,2200,88,2288
fa7b9375-caf6-4a95-84d6-1335464c90fc,8aff4c2d-48b5-4b85-bf21-20ad95d18b6c,2025-08-29T15:35:00,4b6c2304-2b9e-41e4-942a-cf11a1819378,600,36,636
55d85522-d0f4-49dc-a442-564879451af2,f714d574-6aed-4017-952f-ff5bc4155939,2025-08-29T15:39:00,40e6ddd6-b8f6-4e17-8bd6-5e53966809d2,1600,64,1664
0e8e73ec-f101-42d0-a4a0-29f0e3df1ae7,02c02023-75d2-4ad2-89f6-ed2c2e7ae6f5,2025-08-29T15:42:00,40e6ddd6-b8f6-4e17-8bd6-5e53966809d2,2300,92,2392
1bcf2b03-10fb-4dc1-85d4-1d20fcbe6ed1,878f6e41-bcd7-4f18-aa89-90133272eafa,2025-08-29T15:43:00,4b6c2304-2b9e-41e4-942a-cf11a1819378,1800,108,1908
cf6adec7-8a78-49ca-b955-a2647d1d3df8,073c6c4c-9988-45b0-9224-7ad4e69d8c6f,2025-08-29T15:53:00,40e6ddd6-b8f6-4e17-8bd6-5e53966809d2,1000,40,1040
430ec332-b3f4-49a0-afa6-e55659533c38,6d91807a-84e4-47c1-8e47-925d52e0dd48,2025-08-29T15:54:00,4b6c2304-2b9e-41e4-942a-cf11a1819378,400,24,424
f7c08474-bf2f-4eb9-8ed6-9c4f08155de0,a970776b-59ce-47ec-9e77-946229a8be45,2025-08-29T16:03:00,4b6c2304-2b9e-41e4-942a-cf11a1819378,600,36,636
9c8b1387-0a09-484f-bbf1-8713e189dad5,fa6de1f2-ff8e-43ea-8da3-98d975b096da,2025-08-29T16:09:00,40e6ddd6-b8f6-4e17-8bd6-5e53966809d2,700,28,728
bca44a70-352d-4f32-8040-a8755a9ea339,7fcd9f31-c0cb-4414-9981-9d014f593081,2025-08-29T16:20:00,40e6ddd6-b8f6-4e17-8bd6-5e53966809d2,1100,44,1144
20a99127-73e9-4f7d-af25-242b9699f5aa,358fc32a-8446-4c62-b4a1-92b145a689e8,2025-08-29T16:24:00,4b6c2304-2b9e-41e4-942a-cf11a1819378,1300,78,1378
64503740-238b-4181-9510-033adc590c87,c1d42cf2-74d9-44b1-a0a2-c85935c413be,2025-08-29T16:25:00,4b6c2304-2b9e-41e4-942a-cf11a1819378,1100,65,1165
540b8eae-2212-444c-9df5-fdf00d2323bc,3f78077b-93c7-4c4e-8976-f16cb11cfcfc,2025-08-29T16:26:00,4b6c2304-2b9e-41e4-942a-cf11a1819378,1700,102,1802
4b31adc8-fb12-4c01-ab84-639aef42616c,18b69140-479d-44b6-8369-04a49414f975,2025-08-29T16:32:00,4b6c2304-2b9e-41e4-942a-cf11a1819378,600,36,636
f7eb9e32-96ef-4e21-8c8b-46889e323b47,5ed25035-4723-4154-823d-a8c8b4c02e51,2025-08-29T16:35:00,4b6c2304-2b9e-41e4-942a-cf11a1819378,700,42,742
e3f367de-7f5f-47dd-8518-f5a5b5162692,a98f640e-492a-445a-8a0d-7d444e98f1a9,2025-08-29T16:39:00,4b6c2304-2b9e-41e4-942a-cf11a1819378,600,36,636
7e0e227a-9e27-4371-b6d2-974967aedaac,b30877a4-5c8f-4cdb-94ea-3569b516061a,2025-08-29T16:46:00,40e6ddd6-b8f6-4e17-8bd6-5e53966809d2,500,20,520
f7419287-f862-4fda-8c4d-b7db3d1577b5,2d4e6ed6-f081-4049-b92a-7792dbe97b89,2025-08-29T16:53:00,40e6ddd6-b8f6-4e17-8bd6-5e53966809d2,1200,48,1248
306ba7b4-de17-43f7-b4a7-a15157410e47,28447ab4-5e16-465e-acd1-7fcacd2d97e2,2025-08-29T17:01:00,4b6c2304-2b9e-41e4-942a-cf11a1819378,600,36,636
92164efc-81b3-4b85-a3cb-9536e2046cdb,62b38185-a937-473c-b04e-833be36219e6,2025-08-29T17:01:00,40e6ddd6-b8f6-4e17-8bd6-5e53966809d2,2200,88,2288
112cd1b9-eacd-4f1b-94bd-ebd4dedea8a2,1bf35f99-4627-4c80-a5f8-0797538eaf54,2025-08-29T17:03:00,4b6c2304-2b9e-41e4-942a-cf11a1819378,1000,60,1060
f40121e7-5942-4a91-b8c6-9eb0a6249ed8,bbe9e834-7071-42d6-8970-aa7301b72ec2,2025-08-29T17:15:00,4b6c2304-2b9e-41e4-942a-cf11a1819378,2400,144,2544
55441666-7988-455c-a307-c6ac74f562cb,1380e029-b899-4413-a8da-0741720a6a06,2025-08-29T17:21:00,4b6c2304-2b9e-41e4-942a-cf11a1819378,400,24,424
40069465-c182-4944-8c0a-1cb48e5b3ed8,013b644d-5645-44bd-8ca3-d7d254b2ba18,2025-08-29T17:23:00,4b6c2304-2b9e-41e4-942a-cf11a1819378,1000,60,1060
a71c1ec2-048f-47f9-a3e2-2903f78def25,8fd99d74-d73b-4014-a8fa-a37b39befe36,2025-08-29T17:24:00,40e6ddd6-b8f6-4e17-8bd6-5e53966809d2,1200,48,1248
585381d7-e2ff-4c9a-9131-b2b657ce3ab9,5960ff74-c2aa-4a55-9cee-c8f0532e2256,2025-08-29T17:26:00,40e6ddd6-b8f6-4e17-8bd6-5e53966809d2,2300,92,2392
884acb82-6c3f-4baa-98f0-de227e8c299c,58491188-36e5-4fb3-ab3b-514e78a270a6,2025-08-29T17:30:00,4b6c2304-2b9e-41e4-942a-cf11a1819378,600,36,636
63655d89-1466-4a9e-8b7c-58287351eea1,3a1577eb-7860-498f-936a-da13e16cbd8c,2025-08-29T17:36:00,40e6ddd6-b8f6-4e17-8bd6-5e53966809d2,700,28,728
cf0fefc2-0a61-4af8-b5fd-3fb3b7c3fb23,7c0459a0-2d38-460e-8653-72aefbf15570,2025-08-29T17:39:00,40e6ddd6-b8f6-4e17-8bd6-5e53966809d2,1200,48,1248
68c755b8-7d42-468f-90b4-ddb8fd8d3b30,21e6a119-3caa-43ab-9905-08bda65f8493,2025-08-29T17:53:00,40e6ddd6-b8f6-4e17-8bd6-5e53966809d2,1000,40,1040
cc851b35-ebf0-4974-bf66-ce136bc08068,6aff094b-52ed-46fe-8904-5752ec7e76ec,2025-08-29T18:12:00,40e6ddd6-b8f6-4e17-8bd6-5e53966809d2,1700,68,1768
b4e0a04f-ce45-4c5a-a1c5-c00fa3bc9770,0815e683-4b1e-4ea3-b9e8-9d06bbfaedb5,2025-08-29T18:18:00,40e6ddd6-b8f6-4e17-8bd6-5e53966809d2,600,24,624
8666354b-7683-4c7b-9d28-a5fe197948ab,4cd79f83-9fc7-43e4-a4c1-89402b7124e1,2025-08-29T18:20:00,4b6c2304-2b9e-41e4-942a-cf11a1819378,1100,65,1165
ccf0f70c-38d7-474c-91e4-6c94be3e83dc,1fcfe435-1e78-4646-a517-19906c49735a,2025-08-29T18:22:00,4b6c2304-2b9e-41e4-942a-cf11a1819378,700,42,742
5154cd3e-90b5-4408-8b8e-4b72c36d0887,86fb0f27-e52e-40a4-8499-5f1610574213,2025-08-29T18:32:00,40e6ddd6-b8f6-4e17-8bd6-5e53966809d2,1800,72,1872
e3935f91-78df-4501-9adc-753e9146355c,c6abaffa-11df-4987-9806-71dced92f534,2025-08-29T18:33:00,4b6c2304-2b9e-41e4-942a-cf11a1819378,400,24,424
d40b5bd9-7253-4ccd-9cff-3574939a130a,8f054a96-7920-42dc-b286-f6980ea8dbeb,2025-08-29T19:24:00,40e6ddd6-b8f6-4e17-8bd6-5e53966809d2,500,20,520
a8019a21-b275-490e-93bb-6d8d4c693da2,8d5d45b6-2bf0-4380-85a0-b73fcbc86e94,2025-08-29T19:32:00,4b6c2304-2b9e-41e4-942a-cf11a1819378,1400,84,1484
6475b1bf-8666-4a82-84a0-4d2ee273e376,23c5eb35-05e9-4347-8854-ee86ec27393e,2025-08-29T19:38:00,4b6c2304-2b9e-41e4-942a-cf11a1819378,700,42,742
378d62c6-cb24-4aa3-8dc9-a8c0cbbb2dd6,49c4bc11-2495-438d-9b87-3c395574433f,2025-08-29T19:39:00,40e6ddd6-b8f6-4e17-8bd6-5e53966809d2,1500,60,1560
4f83e00b-8c83-40da-b07e-425b5e6ffb0b,bab8979a-8cd9-477b-bbd7-2e1dbab88437,2025-08-30T07:00:00,4b6c2304-2b9e-41e4-942a-cf11a1819378,600,36,636
011b76de-423d-4cdf-b823-95f54c45c2ca,0abcb3b4-7e1c-4638-a21c-af1df3702f27,2025-08-30T07:00:00,4b6c2304-2b9e-41e4-942a-cf11a1819378,500,30,530
8e8d28a0-4873-432d-a902-9a918db54558,c912d33f-5dc2-4ec9-a126-34b598046705,2025-08-30T07:00:00,4b6c2304-2b9e-41e4-942a-cf11a1819378,1200,72,1272
b687e3c6-5637-4039-abdb-041469d13b8c,61004774-fb70-403c-ae81-a1e9cd187146,2025-08-30T07:00:00,40e6ddd6-b8f6-4e17-8bd6-5e53966809d2,400,16,416
0fb92630-7e3e-4ed8-bece-afa1a39d8253,d6ca14b1-9b55-47f7-be97-787002ca26e5,2025-08-30T07:00:00,40e6ddd6-b8f6-4e17-8bd6-5e53966809d2,500,20,520
048e6110-0ede-4776-833f-9d8094ae13bd,388a03fa-6bff-4153-afbb-2349b43c876e,2025-08-30T07:00:00,40e6ddd6-b8f6-4e17-8bd6-5e53966809d2,700,28,728
ffa55a78-70fe-4096-a5dc-0b10a1fbeae7,2a26f327-c9ef-40f4-bb8c-c809417caad1,2025-08-30T07:03:00,4b6c2304-2b9e-41e4-942a-cf11a1819378,400,24,424
fedb8879-6e1c-47b7-9f23-4b193f8e205d,3eb1c53f-4af3-42d8-8608-40548ce4843d,2025-08-30T07:03:00,40e6ddd6-b8f6-4e17-8bd6-5e53966809d2,400,16,416
41ec493f-5e30-4ed3-add5-ebfc4b2d891f,ed5f2f3e-8bef-4da7-b30c-90c3fa5f40ea,2025-08-30T07:04:00,40e6ddd6-b8f6-4e17-8bd6-5e53966809d2,700,28,728
de115c6c-0b28-4527-a77c-a9f3ad6a27b7,e4adb740-2faa-44fc-bc18-4aa698032414,2025-08-30T07:07:00,4b6c2304-2b9e-41e4-942a-cf11a1819378,500,30,530
7603c7d7-dc6b-41f1-aa53-303419cade87,bd081d89-0320-4774-bb4c-798b6e253b0e,2025-08-30T07:08:00,4b6c2304-2b9e-41e4-942a-cf11a1819378,700,42,742
8807436a-2474-41e7-94f7-3f728df0f185,8cf43099-d49e-4e95-8b08-3d61df8b947f,2025-08-30T07:11:00,40e6ddd6-b8f6-4e17-8bd6-5e53966809d2,900,36,936
1de82f49-f75a-435a-8fae-68b87b25549c,2f0fa97b-f713-40a9-8e11-3e18580cd97b,2025-08-30T07:12:00,40e6ddd6-b8f6-4e17-8bd6-5e53966809d2,600,24,624
7b9d1006-c2a4-49bd-b6f0-20a058d5b6ea,1c3dc001-75eb-4fb9-b3ad-59a3be5b31ac,2025-08-30T07:13:00,40e6ddd6-b8f6-4e17-8bd6-5e53966809d2,500,20,520
419dd3b6-9dd7-48a7-a3ac-ac36f7a99950,af16d888-ff4c-4c16-a2f8-9e2a3a9677c7,2025-08-30T07:14:00,4b6c2304-2b9e-41e4-942a-cf11a1819378,600,36,636
019275df-d169-43b2-b5d9-413e09e373f8,03410ea3-1e8a-40ef-9322-bc532f78f7ff,2025-08-30T07:14:00,40e6ddd6-b8f6-4e17-8bd6-5e53966809d2,600,24,624
a2006318-c959-44d6-9598-3a7ff3aca0c0,8dcd5fa7-1a1d-413e-9468-5f4b02f2f3fe,2025-08-30T07:15:00,40e6ddd6-b8f6-4e17-8bd6-5e53966809d2,500,20,520
815d3c70-a32b-4d14-a894-d842d950b987,d1c356c7-a230-4e49-abb6-3eb1f58155cd,2025-08-30T07:15:00,40e6ddd6-b8f6-4e17-8bd6-5e53966809d2,400,16,416
af8e2564-374f-40e5-b7ea-709db7099c14,f4c0d073-250c-455a-a84a-848e56ae7048,2025-08-30T07:16:00,40e6ddd6-b8f6-4e17-8bd6-5e53966809d2,700,28,728
9034e165-5a83-4980-bb0f-6aab90c2ebd2,2f162c0f-4d00-4d10-88ca-6dd2b94f24f5,2025-08-30T07:17:00,40e6ddd6-b8f6-4e17-8bd6-5e53966809d2,500,20,520
d31679f0-b30a-42a7-91d1-91b27747ec84,28c1b6d1-da1f-4187-98af-4e43f096b00d,2025-08-30T07:19:00,40e6ddd6-b8f6-4e17-8bd6-5e53966809d2,500,20,520
c656c4c3-3234-4df0-abd8-33290790f796,cd67e795-f5fa-470f-9a4f-4060d5951279,2025-08-30T07:19:00,40e6ddd6-b8f6-4e17-8bd6-5e53966809d2,400,16,416
f987cc66-dbe3-449c-a100-359185bef832,e6e0c2ef-00b6-4d38-a129-32d4aa4e795d,2025-08-30T07:20:00,4b6c2304-2b9e-41e4-942a-cf11a1819378,700,42,742
d95599f9-83f3-44e6-9cf2-7a99826ec07f,4232e434-92ef-4ff9-a069-d1e5312ebda2,2025-08-30T07:22:00,40e6ddd6-b8f6-4e17-8bd6-5e53966809d2,400,16,416
2d4eeedc-7154-4222-90ca-b3d9dedb5c85,4fc0f100-7ad9-49a8-9620-f0e3a0e42a80,2025-08-30T07:23:00,4b6c2304-2b9e-41e4-942a-cf11a1819378,600,36,636
8271f6c8-12e6-4eac-9901-679ccb148720,49a68f77-776a-4b4b-b668-48e489f414ae,2025-08-30T07:23:00,40e6ddd6-b8f6-4e17-8bd6-5e53966809d2,700,28,728
9bb02fc9-9b4c-43b4-830c-eb1eb9b104b2,ed7f8737-2c99-408f-afd0-f91c740e414c,2025-08-30T07:24:00,4b6c2304-2b9e-41e4-942a-cf11a1819378,500,30,530
8e94a6b0-b162-47c1-834b-eb65adaaf72d,a5f46489-06cf-45af-9efd-dbd27067716c,2025-08-30T07:25:00,4b6c2304-2b9e-41e4-942a-cf11a1819378,500,30,530
6f359444-4c61-4ffd-8d39-733d2dae0210,45ed3c5a-3c94-463b-91d2-73d3333fe5fc,2025-08-30T07:25:00,40e6ddd6-b8f6-4e17-8bd6-5e53966809d2,500,20,520
8a6dd812-a06b-4a7f-af87-342f5e026536,1439dc05-4ab9-4995-90c7-d9437ae94f50,2025-08-30T07:25:00,40e6ddd6-b8f6-4e17-8bd6-5e53966809d2,500,20,520
08b412f5-34cc-40d1-a689-7c7ef27c0ed9,78e4ffca-cfe4-42f3-9ef0-98ca1bb8cfa0,2025-08-30T07:25:00,40e6ddd6-b8f6-4e17-8bd6-5e53966809d2,400,16,416
43c052fc-53d2-48fc-b9b7-db1a9397f442,2949aa7a-85ad-46d1-8409-bf608167f72a,2025-08-30T07:26:00,4b6c2304-2b9e-41e4-942a-cf11a1819378,600,36,636
57b1f31a-c3d2-42e5-91ab-e5ce87487bca,1b25718d-795f-4b30-a424-50167ae8c0ad,2025-08-30T07:26:00,40e6ddd6-b8f6-4e17-8bd6-5e53966809d2,600,24,624
3adb6f10-4e53-401d-8c56-34cf0d46bf4c,f1c1c41c-e3ac-4d0f-9604-06a648c54aa4,2025-08-30T07:26:00,40e6ddd6-b8f6-4e17-8bd6-5e53966809d2,600,24,624
13478e1d-4cda-4d97-9022-f7f490d90e1f,8a77ab59-ae1e-4b71-ab66-66bda4615cfd,2025-08-30T07:27:00,4b6c2304-2b9e-41e4-942a-cf11a1819378,500,30,530
eefe61b5-95e4-482b-9228-4c0af897d5d0,3b5801eb-5e85-44e1-abb0-6e1879e5e0ac,2025-08-30T07:27:00,4b6c2304-2b9e-41e4-942a-cf11a1819378,700,42,742
ca8ac146-fa48-488c-be1b-18fd246a404b,66983396-cb40-4613-8d6d-306b8f9ca5c4,2025-08-30T07:29:00,4b6c2304-2b9e-41e4-942a-cf11a1819378,700,42,742
f767afb8-9784-46de-a060-a30216cb74f7,aa006c1b-6b97-4f02-99a9-57923d13eb8f,2025-08-30T07:29:00,4b6c2304-2b9e-41e4-942a-cf11a1819378,700,42,742
31f381c9-680c-4c6b-a21e-9de7333fc289,9f72b282-1f70-450b-988f-9b3029fa121e,2025-08-30T07:29:00,40e6ddd6-b8f6-4e17-8bd6-5e53966809d2,600,24,624
bb51c707-45b7-4842-b3e1-e673b54c4ff7,cc1816db-c3dd-4c16-8ea7-18fe313472b9,2025-08-30T07:30:00,4b6c2304-2b9e-41e4-942a-cf11a1819378,600,36,636
b5c81c0e-c7df-45c5-9382-3a5ef2d4cfc8,80617fda-335d-411d-aed3-ca3917a8cff2,2025-08-30T07:31:00,40e6ddd6-b8f6-4e17-8bd6-5e53966809d2,500,20,520
619b0bdb-fc0f-4f8a-b666-3c73f6d1b026,9455079c-4344-4995-939d-8184d7eb02e7,2025-08-30T07:32:00,4b6c2304-2b9e-41e4-942a-cf11a1819378,700,42,742
f17997b1-ee68-4310-859a-01fe636b15b8,b0fb926f-1c66-426d-b796-e9d801b13122,2025-08-30T07:32:00,40e6ddd6-b8f6-4e17-8bd6-5e53966809d2,600,24,624
a6c54823-b024-400b-8248-c2d4d5e6e72b,dccd3e5d-2076-4fc6-aa79-87579e134ce1,2025-08-30T07:33:00,4b6c2304-2b9e-41e4-942a-cf11a1819378,400,24,424
99a2f895-18e3-422b-8094-484628630df8,6f595044-c1c1-4b1b-8b9a-6ba836a7d845,2025-08-30T07:34:00,40e6ddd6-b8f6-4e17-8bd6-5e53966809d2,400,16,416
5787955a-5e38-4588-aca4-d8681adb1435,861181e6-5d97-48a8-bbe4-226caa976140,2025-08-30T07:35:00,4b6c2304-2b9e-41e4-942a-cf11a1819378,700,42,742
f55b2705-5ce4-42d4-95e9-78def01769e4,5b070f80-9227-43fd-951b-4c758d20070e,2025-08-30T07:35:00,40e6ddd6-b8f6-4e17-8bd6-5e53966809d2,600,24,624
da0bd95e-fb14-487f-911d-dce065fe82ea,2661b9e7-3b2c-40ea-b349-251363d10a4e,2025-08-30T07:35:00,40e6ddd6-b8f6-4e17-8bd6-5e53966809d2,500,20,520
21d0fcbf-0c77-47b2-82e7-406c519d9704,49421d99-2baa-4a3f-bbff-4e4d4e0062aa,2025-08-30T07:35:00,40e6ddd6-b8f6-4e17-8bd6-5e53966809d2,600,24,624
f4430b1b-334f-48db-b4d8-b3d0a2d56733,d63f06df-5e5d-4adc-b0a5-43b4bac6bf5c,2025-08-30T07:37:00,40e6ddd6-b8f6-4e17-8bd6-5e53966809d2,400,16,416
df62b22a-c6da-4c8d-a510-17e09992fe2e,5bbca380-854e-47a4-ae5c-fd631650a115,2025-08-30T07:38:00,4b6c2304-2b9e-41e4-942a-cf11a1819378,600,36,636
4ea15d31-eaa8-4cd7-b239-0892523fe8f3,34a9dd73-95d0-45d9-a3fb-636e4e080a6c,2025-08-30T07:38:00,4b6c2304-2b9e-41e4-942a-cf11a1819378,400,24,424
2d8a2979-085c-4604-97c2-f28b2ca9b671,07837268-1f07-43d7-a271-fa0ab4370eee,2025-08-30T07:38:00,40e6ddd6-b8f6-4e17-8bd6-5e53966809d2,400,16,416
20f5cc5c-c9df-4ec7-a7d2-ac6a8e328367,ff4e2ef5-4f72-41f4-90ea-4f40665b9f5b,2025-08-30T07:39:00,4b6c2304-2b9e-41e4-942a-cf11a1819378,600,36,636
e0bebebb-b0e8-4177-b9a7-29bee5ca94f8,5d24b6bc-2eea-4766-a11d-b0aed43f038a,2025-08-30T07:39:00,4b6c2304-2b9e-41e4-942a-cf11a1819378,500,30,530
865d0f4e-b254-48ff-8528-89c3e08aa91b,3483e39a-260f-4974-9366-50c2d833307f,2025-08-30T07:41:00,4b6c2304-2b9e-41e4-942a-cf11a1819378,600,36,636
04d87fe9-cb06-42a2-8f18-7e7f117ed7f2,5350fafc-45eb-4871-a195-d1cc090f9d9c,2025-08-30T07:41:00,4b6c2304-2b9e-41e4-942a-cf11a1819378,400,24,424
981d7f2c-928a-4d53-b982-9f0fb6dfcc40,1d94038e-346e-4263-a10f-7fa4e5d1179e,2025-08-30T07:41:00,40e6ddd6-b8f6-4e17-8bd6-5e53966809d2,400,16,416
37e67073-353d-4523-a533-6247661c9abf,a2effce6-3ad2-4811-940b-bbb5a4ad9b67,2025-08-30T07:41:00,40e6ddd6-b8f6-4e17-8bd6-5e53966809d2,600,24,624
9b7f7c98-4184-471b-bfa6-b602a505a3a1,8ebb4b7d-ed19-43be-a647-6c3a9a6a166a,2025-08-30T07:42:00,4b6c2304-2b9e-41e4-942a-cf11a1819378,500,30,530
3ee3d43f-e135-4d83-a9aa-9123fde33877,b4cc95b0-6dbf-4264-a3ef-43fbbadf652a,2025-08-30T07:42:00,4b6c2304-2b9e-41e4-942a-cf11a1819378,400,24,424
ff54fcc2-42dd-4a5c-b940-2a7ef62748e6,d4d6e685-70a2-49ea-b511-383a54d18cfa,2025-08-30T07:42:00,40e6ddd6-b8f6-4e17-8bd6-5e53966809d2,400,16,416
0be67a87-c9ef-4c8f-9649-fa2579c4cd4b,0000bd8e-496c-42aa-9430-fea7f9bd6a96,2025-08-30T07:43:00,4b6c2304-2b9e-41e4-942a-cf11a1819378,600,36,636
c7c6a8fd-49f7-4d8f-8995-f6915d7c1a57,84ee8f13-e5a2-4988-8f65-daa65801c5d1,2025-08-30T07:43:00,4b6c2304-2b9e-41e4-942a-cf11a1819378,600,36,636
fd29459b-c8ea-4ae7-860f-e4f08e444f92,661d2fc6-9fa2-4c79-9d19-44c73cb68448,2025-08-30T07:43:00,40e6ddd6-b8f6-4e17-8bd6-5e53966809d2,600,24,624
cb398631-3724-42ff-9a8a-17395044d9c4,2dcc7662-f1ce-442c-b998-bbe351d5e186,2025-08-30T07:43:00,40e6ddd6-b8f6-4e17-8bd6-5e53966809d2,600,24,624
ba60a359-9a74-4c0b-ac1a-75eac6e8e5c3,cfefbf12-9a5a-4d61-a708-d92f785af097,2025-08-30T07:45:00,4b6c2304-2b9e-41e4-942a-cf11a1819378,600,36,636
545af44e-b7bd-421e-93cf-7e201c81c83d,63b6d2f8-4e38-4b4c-bf67-6651399b4453,2025-08-30T07:46:00,4b6c2304-2b9e-41e4-942a-cf11a1819378,400,24,424
60c03dfb-7986-4582-9d3a-3b9f1dcda3f5,866ec748-2021-45f8-9170-6c393fca1e65,2025-08-30T07:47:00,40e6ddd6-b8f6-4e17-8bd6-5e53966809d2,400,16,416
3d248d22-41c8-4d98-b086-2a53cc632843,5484b02b-221a-4bbe-86a3-3eccdcf8d2ae,2025-08-30T07:47:00,40e6ddd6-b8f6-4e17-8bd6-5e53966809d2,400,16,416
adfb5c93-ffcc-4592-a511-822e4116807f,ead66f31-3437-42c5-9145-8281898ce326,2025-08-30T07:48:00,4b6c2304-2b9e-41e4-942a-cf11a1819378,700,42,742
c5afde1b-fda3-4f2c-b94a-c8e3e2ffc97c,376d586e-00b0-4a49-9695-ddac46fb337e,2025-08-30T07:48:00,40e6ddd6-b8f6-4e17-8bd6-5e53966809d2,400,16,416
6d45cfc3-5c42-4a0a-802c-84001d7474dd,89a5d615-2bb0-4843-8177-90bf7f452bfe,2025-08-30T07:48:00,40e6ddd6-b8f6-4e17-8bd6-5e53966809d2,400,16,416
886ad44f-849f-4032-adbb-755d49d13038,8976b896-e0e8-4696-b268-5587e42efaa0,2025-08-30T07:48:00,40e6ddd6-b8f6-4e17-8bd6-5e53966809d2,500,20,520
76d4ec07-dd46-474b-988d-f1601714b8ea,26ebc43f-cfbf-4fa1-9c7f-9134871f7b65,2025-08-30T07:48:00,40e6ddd6-b8f6-4e17-8bd6-5e53966809d2,400,16,416
d0667be3-d917-4d96-82f2-730ee260863d,04b679f3-0691-47bc-975a-fdac41f52db4,2025-08-30T07:49:00,4b6c2304-2b9e-41e4-942a-cf11a1819378,500,30,530
29d66722-b30e-4b55-9843-9f24ead6c092,2977486c-8467-4a72-a290-db87a9022320,2025-08-30T07:49:00,4b6c2304-2b9e-41e4-942a-cf11a1819378,400,24,424
70a015f0-2083-40f2-8601-31edf5d838d0,b761dca2-f8ff-4709-b645-9b0591dfa353,2025-08-30T07:49:00,4b6c2304-2b9e-41e4-942a-cf11a1819378,700,42,742
253361de-783e-46b8-98a1-cd6eeba22abe,920c0197-3c76-4cb7-90f7-b1a687043563,2025-08-30T07:49:00,40e6ddd6-b8f6-4e17-8bd6-5e53966809d2,600,24,624
c85d35e1-369e-4dd3-8282-013468032a74,fa08fd03-3569-400d-9d63-e8ae15712195,2025-08-30T07:50:00,4b6c2304-2b9e-41e4-942a-cf11a1819378,500,30,530
9803a99e-26f1-48fa-9f3d-852ff0e11cad,d18e4429-67b8-4ac0-8d74-6c1d026d15a7,2025-08-30T07:50:00,40e6ddd6-b8f6-4e17-8bd6-5e53966809d2,400,16,416
1d81c562-bcc9-4103-ac81-d97ef5d89298,e215d555-cc18-4890-8969-89abf72d28ae,2025-08-30T07:50:00,40e6ddd6-b8f6-4e17-8bd6-5e53966809d2,400,16,416
a7d1137c-44f5-4530-b6ec-3d73c78bfebd,3785fc7c-35aa-4e40-b620-f54b10e8a832,2025-08-30T07:50:00,40e6ddd6-b8f6-4e17-8bd6-5e53966809d2,600,24,624
8254eb84-e167-48e3-b7b2-17930f416730,a5066e8e-de65-4798-9ed5-f6cae5f86031,2025-08-30T07:50:00,40e6ddd6-b8f6-4e17-8bd6-5e53966809d2,500,20,520
2307d491-fbbf-4e08-8878-e8a0b6cf8d31,a5781cf5-d32e-4370-b0f8-4f229bc0efa4,2025-08-30T07:51:00,4b6c2304-2b9e-41e4-942a-cf11a1819378,400,24,424
8938179b-a1c3-4b4f-95d3-6dffd18816ae,8e5821f5-d035-421b-a56a-6ed02c100432,2025-08-30T07:51:00,4b6c2304-2b9e-41e4-942a-cf11a1819378,400,24,424
a7672d69-d84a-4f69-801f-bce433a71716,d77ac8a9-6445-4f65-9a77-b0fb3abe853d,2025-08-30T07:52:00,4b6c2304-2b9e-41e4-942a-cf11a1819378,600,36,636
be9a6deb-1d54-4139-875e-a45fe9bb21b0,5fccc95a-c30f-4525-a4a6-43861baae99a,2025-08-30T07:53:00,4b6c2304-2b9e-41e4-942a-cf11a1819378,700,42,742
d5b23f49-3f62-4e8a-b863-4ff9117deaef,01450c81-3eae-4663-a704-f91c175e17f0,2025-08-30T07:53:00,4b6c2304-2b9e-41e4-942a-cf11a1819378,600,36,636
8c5e9221-5cde-4055-980e-102dd37d7fa3,a3867ed0-9303-4ce2-b40d-a9711a5efef0,2025-08-30T07:53:00,40e6ddd6-b8f6-4e17-8bd6-5e53966809d2,600,24,624
1b4ee4bd-f51e-40c9-b1b0-17f5d2946bb3,0ed041f5-3d65-4f50-b23e-849b527ee107,2025-08-30T07:54:00,40e6ddd6-b8f6-4e17-8bd6-5e53966809d2,400,16,416
1d377104-0fd4-4846-ab1b-9c88642cb8db,71ed3bfb-d094-47b4-bd02-9589f31e4c1d,2025-08-30T07:55:00,4b6c2304-2b9e-41e4-942a-cf11a1819378,400,24,424
a827ffe7-1fd3-49b4-8d4a-3b747800c927,436ca6dd-1cc3-4ff0-986c-eabb97606b9b,2025-08-30T07:55:00,40e6ddd6-b8f6-4e17-8bd6-5e53966809d2,600,24,624
f6a1c4c3-39b7-488c-98d9-4597ec11f2b3,848485f0-198f-4efa-8335-707db71a7434,2025-08-30T07:56:00,4b6c2304-2b9e-41e4-942a-cf11a1819378,400,24,424
135b53ca-9d31-4399-b4f9-0412c57c9d7c,b0cab1cc-6689-4922-a78f-5c6e1c458cd1,2025-08-30T07:56:00,4b6c2304-2b9e-41e4-942a-cf11a1819378,500,30,530
907acd85-b47f-43b0-844c-e651436a5c2c,447fed8a-4bae-41c5-b5cd-cbf6a09c4782,2025-08-30T07:56:00,4b6c2304-2b9e-41e4-942a-cf11a1819378,600,36,636
57dcf20c-fd33-4c16-8a44-75ba3d184967,6faa20a4-1e8f-43a8-9a45-33ae5f675190,2025-08-30T07:57:00,4b6c2304-2b9e-41e4-942a-cf11a1819378,400,24,424
44c30fea-d832-4607-93ab-b6548c82167a,c2457423-d813-4e9b-8cac-e77de71eef5d,2025-08-30T07:57:00,40e6ddd6-b8f6-4e17-8bd6-5e53966809d2,600,24,624
39579d29-0a25-4e12-acaf-f207e44c07db,67f25b4e-183c-4a43-9227-09966e445b42,2025-08-30T07:57:00,40e6ddd6-b8f6-4e17-8bd6-5e53966809d2,600,24,624
91741f15-bc99-4178-821a-51c24de489f3,b2310c7d-702b-4e62-b938-3b19262bd9e9,2025-08-30T07:57:00,40e6ddd6-b8f6-4e17-8bd6-5e53966809d2,400,16,416
8d8ac90d-4507-448e-8c29-29d0e283fea6,b9915f58-4f74-4518-bb97-0b1e58c541a5,2025-08-30T07:58:00,4b6c2304-2b9e-41e4-942a-cf11a1819378,600,36,636
17d6298e-a9dc-410d-8a7f-ea2057ed7ef5,53352c2c-02b9-41af-b276-94d6d22379fe,2025-08-30T07:58:00,40e6ddd6-b8f6-4e17-8bd6-5e53966809d2,400,16,416
fc981fc9-e850-40c6-9384-51f9afafb45c,7aa35447-7686-43f7-bb98-14b1bc5fe250,2025-08-30T07:58:00,40e6ddd6-b8f6-4e17-8bd6-5e53966809d2,600,24,624
8d6e6cb1-ddf1-41da-9fc8-9b22d7bd8910,be6fcaa5-9911-4bb6-b97c-47eb53c88b32,2025-08-30T07:59:00,4b6c2304-2b9e-41e4-942a-cf11a1819378,600,36,636
37dd0273-da96-41e8-8d73-5ed5e56c382a,5a62f2b9-646a-4b84-b570-661ca33a139f,2025-08-30T07:59:00,40e6ddd6-b8f6-4e17-8bd6-5e53966809d2,600,24,624
5109a58e-6b99-4909-b2bd-aeb84931da41,2a6409ee-29ac-483f-a2a7-9074fcb50191,2025-08-30T07:59:00,40e6ddd6-b8f6-4e17-8bd6-5e53966809d2,400,16,416
548d5c28-0647-4e47-ac4f-b3adbb00fd82,5d59a09d-7696-4e1b-a171-abe3b79fff2d,2025-08-30T08:00:00,4b6c2304-2b9e-41e4-942a-cf11a1819378,700,42,742
cba08a81-2aa9-4610-be4c-df7b0d16c1f9,333d41f0-5f4d-48cb-b3bd-042814f9b7f8,2025-08-30T08:00:00,4b6c2304-2b9e-41e4-942a-cf11a1819378,400,24,424
cc58dd04-d792-4e4d-833b-c09ba379568a,50e6ae18-ad0a-4f68-bb3d-e1a8b80eb58f,2025-08-30T08:00:00,40e6ddd6-b8f6-4e17-8bd6-5e53966809d2,600,24,624
14d4f73d-6db5-4f14-a17c-1d2aff596245,bf03895d-6d44-49a2-8183-81c4e89eac75,2025-08-30T08:01:00,40e6ddd6-b8f6-4e17-8bd6-5e53966809d2,700,28,728
6d027d8a-4cc5-4e19-a1a2-46893ea6c27a,c630fcf6-11c8-465f-9498-0839aee67e55,2025-08-30T08:01:00,40e6ddd6-b8f6-4e17-8bd6-5e53966809d2,600,24,624
0b03c7aa-20ee-4d31-a6e5-466a8ceb6f6c,132425e2-d22d-43aa-a372-e3d9bfd77f8c,2025-08-30T08:02:00,4b6c2304-2b9e-41e4-942a-cf11a1819378,600,36,636
d0b0b0d6-64e3-4bac-9ead-b2b50563021c,212484cd-56e9-4934-ab9b-69d43228ee16,2025-08-30T08:02:00,40e6ddd6-b8f6-4e17-8bd6-5e53966809d2,600,24,624
42666463-21d3-4b90-88ec-9a5e68457317,2f76575f-2d85-40ca-8f3b-82b14debc678,2025-08-30T08:02:00,40e6ddd6-b8f6-4e17-8bd6-5e53966809d2,400,16,416
37ca61a4-6dce-41c3-8f4f-e389ad6c5667,d47a83f3-a765-4a20-b40c-e0993cf00e4f,2025-08-30T08:05:00,4b6c2304-2b9e-41e4-942a-cf11a1819378,600,36,636
0e994569-45b4-43a9-b515-46f7e0f18050,e4d6980c-4b68-4255-97a5-2540f5ef35bc,2025-08-30T08:05:00,4b6c2304-2b9e-41e4-942a-cf11a1819378,400,24,424
168ad7b9-1a87-4007-bb18-348daa14d135,3cbc7f74-54e3-47c2-b02f-229f7ca60a5c,2025-08-30T08:05:00,40e6ddd6-b8f6-4e17-8bd6-5e53966809d2,400,16,416
f3e533aa-b3d5-42d8-8202-40abbb3c7a01,ce8210c0-c537-4fd0-80ef-c3e8063b748a,2025-08-30T08:05:00,40e6ddd6-b8f6-4e17-8bd6-5e53966809d2,500,20,520
d3d157f5-cc4f-4a61-b036-c86da921c0be,a43342bc-a956-480b-8ef3-7b28e61c9b9b,2025-08-30T08:05:00,40e6ddd6-b8f6-4e17-8bd6-5e53966809d2,500,20,520
51320dc2-22b7-495f-8897-23c29d1ea482,125d87d5-a36a-4f4e-865c-3122386e88ca,2025-08-30T08:06:00,4b6c2304-2b9e-41e4-942a-cf11a1819378,600,36,636
ffe676e0-f27b-41b1-bb69-0bede539aca2,83864095-dda9-4a16-ab3a-ba6429fa3dbd,2025-08-30T08:06:00,40e6ddd6-b8f6-4e17-8bd6-5e53966809d2,600,24,624
6c015cff-67c4-4889-a2f5-63cc8dcdc29d,3a1577eb-7860-498f-936a-da13e16cbd8c,2025-08-30T08:06:00,40e6ddd6-b8f6-4e17-8bd6-5e53966809d2,700,28,728
8a1440bc-f98e-4a04-aa2e-fbf84ab3b247,efb0203d-c970-47ec-8644-2090a658224b,2025-08-30T08:06:00,40e6ddd6-b8f6-4e17-8bd6-5e53966809d2,600,24,624
d22bc1d5-7ec1-4653-b771-96e8e3b1e357,36708614-1e24-453b-8593-b03eb1a7c5b8,2025-08-30T08:06:00,40e6ddd6-b8f6-4e17-8bd6-5e53966809d2,500,20,520
557d8535-3d2d-4fc6-bd13-1902769bd89e,71972ade-a5de-461b-aac8-49774ccb1a4a,2025-08-30T08:07:00,4b6c2304-2b9e-41e4-942a-cf11a1819378,600,36,636
743dc939-7756-4b63-ad46-e6c5c8df5d4f,6058494e-8390-41a7-9c1b-182902dda8db,2025-08-30T08:07:00,4b6c2304-2b9e-41e4-942a-cf11a1819378,400,24,424
282bdb66-bad2-4c8a-b9d7-a80cc07fad05,d84ec4ed-ae05-416c-9cbe-eace4567132d,2025-08-30T08:07:00,4b6c2304-2b9e-41e4-942a-cf11a1819378,400,24,424
00878c74-4dbe-44b8-a211-4b6fb01e50b6,1bc088f8-fdf1-442f-9491-1287abc066d3,2025-08-30T08:07:00,40e6ddd6-b8f6-4e17-8bd6-5e53966809d2,600,24,624
845219bd-256f-4eb4-891b-248cd712de15,355d89d9-bf5a-41df-9382-a5e57cbbbec4,2025-08-30T08:08:00,40e6ddd6-b8f6-4e17-8bd6-5e53966809d2,600,24,624
04313345-ce8d-49a1-923a-895335a8f3b3,31006b42-8446-43cf-bd23-af4d84ca2c85,2025-08-30T08:08:00,40e6ddd6-b8f6-4e17-8bd6-5e53966809d2,600,24,624
c78479c1-8f5f-4d72-aedd-9e9eea35243c,5bc10fee-ced7-43f1-91e5-597bd89faff6,2025-08-30T08:08:00,40e6ddd6-b8f6-4e17-8bd6-5e53966809d2,500,20,520
ee2192a5-e9bd-4856-b851-41253f9b3a2f,e6173937-b216-46db-b863-ec7526285150,2025-08-30T08:09:00,40e6ddd6-b8f6-4e17-8bd6-5e53966809d2,600,24,624
15e56bc3-cffe-41fe-ba08-5077f4a57dcb,89b94667-2d12-4e7a-bfdd-f37056d10195,2025-08-30T08:09:00,40e6ddd6-b8f6-4e17-8bd6-5e53966809d2,600,24,624
2645fd27-adb0-4eb9-8f89-3f6aa2fc0b86,e6debecd-a5cf-4ced-957e-7fb31720480c,2025-08-30T08:09:00,40e6ddd6-b8f6-4e17-8bd6-5e53966809d2,400,16,416
ed4cd6a6-0fa7-4aa2-b972-a2a09982e18f,758b4602-0ce0-440a-9584-ad59ce4216ad,2025-08-30T08:09:00,40e6ddd6-b8f6-4e17-8bd6-5e53966809d2,400,16,416
5ea026b7-110d-470a-a46e-46e176afea19,a692df88-38f3-4725-84a6-73ec7e6c7ab5,2025-08-30T08:09:00,40e6ddd6-b8f6-4e17-8bd6-5e53966809d2,600,24,624
68e62187-256a-408a-80df-f820c5f2872a,890861ac-5e77-4568-aaff-807b37e6f872,2025-08-30T08:11:00,4b6c2304-2b9e-41e4-942a-cf11a1819378,700,42,742
bdd88c7c-5935-460d-bf4d-f4bd5c7565fc,779b7f09-bfd0-4ab7-a46f-9f6eecb13030,2025-08-30T08:11:00,40e6ddd6-b8f6-4e17-8bd6-5e53966809d2,400,16,416
b7a97c3a-b03a-4678-9118-8e2f7a06e724,aef5051b-ee62-4974-994d-fbb200c5f89c,2025-08-30T08:11:00,40e6ddd6-b8f6-4e17-8bd6-5e53966809d2,600,24,624
3ed4be0d-467f-4683-b8ad-626d6f40e9d8,b0da7a9b-77d7-407d-8506-51705503fa05,2025-08-30T08:12:00,4b6c2304-2b9e-41e4-942a-cf11a1819378,700,42,742
adaa0332-e301-48cb-96cc-31f52ede9359,3810f8e6-9278-4c26-9be0-d6d6c35fe477,2025-08-30T08:12:00,4b6c2304-2b9e-41e4-942a-cf11a1819378,500,30,530
a3559425-a874-49de-9a54-933512afc34c,758d0e66-e551-46a4-b8f9-0a98d7161e93,2025-08-30T08:12:00,40e6ddd6-b8f6-4e17-8bd6-5e53966809d2,1000,40,1040
226bcd6a-9868-4a63-b401-a050d401df6d,a0a83e46-f548-4a18-a79a-5ecdd85b6c8e,2025-08-30T08:13:00,40e6ddd6-b8f6-4e17-8bd6-5e53966809d2,500,20,520
90ed6ae3-c61e-4a4d-a143-ddea6383eb66,1a1fa253-a2de-457a-9397-7c6c80d5d589,2025-08-30T08:13:00,40e6ddd6-b8f6-4e17-8bd6-5e53966809d2,400,16,416
ef3d7d62-06c0-422f-b46c-991fc99b9d07,bbe44e0a-dc83-4c13-a357-89d0c4f06f29,2025-08-30T08:13:00,40e6ddd6-b8f6-4e17-8bd6-5e53966809d2,700,28,728
65374baa-9ffd-4020-b8a0-16834e7d89a8,0872893c-bf01-4853-b91f-a1cc0263fedf,2025-08-30T08:14:00,4b6c2304-2b9e-41e4-942a-cf11a1819378,400,24,424
e8529c37-7086-401d-8078-c528a16212d0,13ae1187-ebff-4588-bbf0-db26b1bbb598,2025-08-30T08:14:00,4b6c2304-2b9e-41e4-942a-cf11a1819378,600,36,636
32fdcb80-2162-4466-9ab5-7805eee92306,72fd6924-b954-4c8f-9c0b-2545d0efe53b,2025-08-30T08:14:00,4b6c2304-2b9e-41e4-942a-cf11a1819378,700,42,742
f7a79cc5-204c-4e4a-bf67-3c04a67b778f,c9750567-c933-4797-9313-ec159ddcb6d2,2025-08-30T08:14:00,40e6ddd6-b8f6-4e17-8bd6-5e53966809d2,700,28,728
0ef09bc0-cd9f-4139-90d5-317d1c1a5b23,12c154ff-46ac-45a7-921c-2404994ecc21,2025-08-30T08:14:00,40e6ddd6-b8f6-4e17-8bd6-5e53966809d2,500,20,520
8adf5106-1f29-42e1-bcb1-795e17a236f1,4d9a6ab4-f181-4f8c-9beb-e4cd9774b5d7,2025-08-30T08:15:00,40e6ddd6-b8f6-4e17-8bd6-5e53966809d2,400,16,416
6ce387d8-9846-459d-b67b-64d8af83e386,adf0d9db-c6a0-4226-a93f-30482ccd9d28,2025-08-30T08:17:00,4b6c2304-2b9e-41e4-942a-cf11a1819378,500,30,530
2e0c4366-6d65-4f22-881f-1f35c96e722c,f459a5e8-b280-49fd-904a-3cd3746f4f16,2025-08-30T08:17:00,40e6ddd6-b8f6-4e17-8bd6-5e53966809d2,500,20,520
0635f1d5-e6f4-485c-b714-6bbaf4dacd16,2e0d6ce4-794d-4494-bd1d-f44dbca8683f,2025-08-30T08:17:00,40e6ddd6-b8f6-4e17-8bd6-5e53966809d2,700,28,728
6b6a3d67-f673-4713-9151-bc3066ef081d,3d6f18db-a49c-4563-9445-68d4e02bd664,2025-08-30T08:17:00,40e6ddd6-b8f6-4e17-8bd6-5e53966809d2,700,28,728
c179105b-ee49-4fd4-a431-94e331cbe2c4,2aaf9fc4-0801-4163-8cc8-39558682f704,2025-08-30T08:18:00,4b6c2304-2b9e-41e4-942a-cf11a1819378,400,24,424
4fc1048b-b592-4fc5-92ba-42196dfaf538,b66b0e13-b74e-40e7-b3e7-1583f2f08a9b,2025-08-30T08:18:00,40e6ddd6-b8f6-4e17-8bd6-5e53966809d2,700,28,728
ac1078f3-472d-4d35-b3eb-8127ecae0ceb,c0ec2b5c-22e2-4010-a8f9-94431d5860c7,2025-08-30T08:18:00,40e6ddd6-b8f6-4e17-8bd6-5e53966809d2,400,16,416
8abfde9e-4f24-45fe-b595-6b1784a6f3df,0d2974c5-d4de-4163-bf27-73d86a77b048,2025-08-30T08:19:00,4b6c2304-2b9e-41e4-942a-cf11a1819378,600,36,636
85685562-05be-4503-b316-66cfdf661943,4c11a926-7100-4d06-8910-5b0d5f3d7e9a,2025-08-30T08:19:00,4b6c2304-2b9e-41e4-942a-cf11a1819378,700,42,742
c235a8c1-aff7-451b-ad25-5eeac8b70305,33d208d7-91f2-4d70-9f75-c1bf87481c15,2025-08-30T08:19:00,40e6ddd6-b8f6-4e17-8bd6-5e53966809d2,400,16,416
9fdc9e9e-e59e-464f-a957-c03fb3d9d7d4,f419edd5-8bb5-4809-8cfc-599ab209f6da,2025-08-30T08:19:00,40e6ddd6-b8f6-4e17-8bd6-5e53966809d2,500,20,520
286e43a5-52a1-4d05-bc6a-e5f91a92f012,0e4dbbf0-e4a8-4015-9595-c0b9bec0f9e5,2025-08-30T08:20:00,40e6ddd6-b8f6-4e17-8bd6-5e53966809d2,600,24,624
2a04a9da-ef62-4bd5-8827-4971ca4c83c6,95381466-0836-4fd0-b05c-e8ca6147a51f,2025-08-30T08:21:00,40e6ddd6-b8f6-4e17-8bd6-5e53966809d2,600,24,624
6dd21c79-c19d-429e-8012-d29fca07e83d,2e1fd151-264e-4a4a-8584-733dd5da3152,2025-08-30T08:22:00,40e6ddd6-b8f6-4e17-8bd6-5e53966809d2,700,28,728
1f1965e5-eed9-497d-a6e3-67fab70be07a,a1a72036-c041-4a92-a719-9bbf0e21d53b,2025-08-30T08:22:00,40e6ddd6-b8f6-4e17-8bd6-5e53966809d2,500,20,520
baee7e3f-d460-4e43-8e0f-fc6a0d07e528,2609004e-90a8-450e-98f3-5ebc16841cd5,2025-08-30T08:23:00,4b6c2304-2b9e-41e4-942a-cf11a1819378,700,42,742
ec5e907e-4dd4-4a40-85b5-8d6a44616359,73d9c423-e9d4-428f-bfaa-b073b2c1f454,2025-08-30T08:23:00,40e6ddd6-b8f6-4e17-8bd6-5e53966809d2,600,24,624
cb078923-bd30-4636-b1a7-d5c0704d4ef9,2f771a5a-3d76-48e3-985b-b7e91e092c46,2025-08-30T08:23:00,40e6ddd6-b8f6-4e17-8bd6-5e53966809d2,500,20,520
d746e8f9-cef3-453c-9169-ef427038e4eb,4acffd44-9d77-4c09-afdb-e7f93ee5518b,2025-08-30T08:24:00,4b6c2304-2b9e-41e4-942a-cf11a1819378,600,36,636
3f894b53-1874-4d3e-8a88-ad242b8e06b0,6d622f69-5cf8-4eda-b7ff-4f57f0e66237,2025-08-30T08:24:00,40e6ddd6-b8f6-4e17-8bd6-5e53966809d2,600,24,624
71c01749-3908-4175-adbb-faea9fc83dfd,847d46dd-9721-4351-8bef-5c2292b57d6f,2025-08-30T08:26:00,4b6c2304-2b9e-41e4-942a-cf11a1819378,500,30,530
f2466e4d-f3c9-4487-877c-4ca8fba81f9e,7755a749-3460-4f0c-a33c-428dccd20885,2025-08-30T08:26:00,40e6ddd6-b8f6-4e17-8bd6-5e53966809d2,600,24,624
ac52a52c-92a4-4523-8ecd-f9eddc891788,b65fff66-1997-4dd8-bc91-1349a415e4a0,2025-08-30T08:26:00,40e6ddd6-b8f6-4e17-8bd6-5e53966809d2,400,16,416
9b6597a0-ac4b-49ab-b72f-527878bc8168,6b9cd81e-126c-4c53-b6b5-575d78951256,2025-08-30T08:27:00,4b6c2304-2b9e-41e4-942a-cf11a1819378,500,30,530
4e3815b6-ea3f-404d-95d3-e88d8c07e1be,71f1cea1-588b-47f5-93c3-4e649541a9e4,2025-08-30T08:27:00,40e6ddd6-b8f6-4e17-8bd6-5e53966809d2,400,16,416
7894586c-06fb-4d35-90b7-860a9bddb497,d31efffd-fdc4-4168-ac26-83b67a6c5c47,2025-08-30T08:29:00,4b6c2304-2b9e-41e4-942a-cf11a1819378,600,36,636
7d19a06c-0153-4dea-99ef-0de9043d8632,4b8b181e-668e-45d4-a8e3-7180a41cf064,2025-08-30T08:30:00,4b6c2304-2b9e-41e4-942a-cf11a1819378,400,24,424
fb758575-65fe-45cc-b33d-9aac7a2d9b11,36654075-c818-484d-aa9f-b6e8834b1bd5,2025-08-30T08:30:00,4b6c2304-2b9e-41e4-942a-cf11a1819378,700,42,742
86fe6577-ae80-4a8f-85b2-c4a5f8d897b0,a311b0c8-1b63-4405-8097-09a984512389,2025-08-30T08:31:00,4b6c2304-2b9e-41e4-942a-cf11a1819378,700,42,742
87af8727-1854-4e62-b895-ca5da590241b,090fb913-1317-4169-b150-64e304451d38,2025-08-30T08:31:00,40e6ddd6-b8f6-4e17-8bd6-5e53966809d2,600,24,624
298315e6-46ea-41bb-9ecf-a701637c7ed6,430e5411-6ed3-439b-93c3-e885b2a37d0f,2025-08-30T08:31:00,40e6ddd6-b8f6-4e17-8bd6-5e53966809d2,500,20,520
5d13b179-59ac-47d3-a2bf-7773f362af08,0f1df561-31c0-417e-909b-4b054c45baaf,2025-08-30T08:31:00,40e6ddd6-b8f6-4e17-8bd6-5e53966809d2,600,24,624
a8a6fe93-7674-47da-9778-f0a04625eb74,b5261e71-886e-4d78-8d1d-310ed9754704,2025-08-30T08:32:00,40e6ddd6-b8f6-4e17-8bd6-5e53966809d2,500,20,520
a2031cdc-38ed-4055-9984-36a4ff372737,ce5ac3ba-cbec-4482-816e-1ee6def437e2,2025-08-30T08:32:00,40e6ddd6-b8f6-4e17-8bd6-5e53966809d2,400,16,416
f20c0451-066b-45f0-94a2-a39d030bbc63,ce69d742-4723-467f-9e5d-262fff84a6a6,2025-08-30T08:33:00,40e6ddd6-b8f6-4e17-8bd6-5e53966809d2,500,20,520
aa44badb-bc82-4af5-b54c-5a0c26a8ed01,76d2b7be-1fa1-441b-9de1-97c64d06c646,2025-08-30T08:33:00,40e6ddd6-b8f6-4e17-8bd6-5e53966809d2,400,16,416
2598f24c-f937-49f7-a250-87066617acb1,341da637-6927-4a64-8183-13ec96005b5f,2025-08-30T08:34:00,4b6c2304-2b9e-41e4-942a-cf11a1819378,600,36,636
8ef2aa0b-cdc8-40a6-8412-b22eaaaa1ad4,b8edba64-3db4-4841-8f8d-dc00dce6fb67,2025-08-30T08:34:00,40e6ddd6-b8f6-4e17-8bd6-5e53966809d2,400,16,416
6af3bdb3-7d58-4903-9bd4-f82480071fd3,1826e2e6-ccef-4719-8707-4c18ec953356,2025-08-30T08:35:00,4b6c2304-2b9e-41e4-942a-cf11a1819378,500,30,530
e7377f6a-b632-4008-b47f-c06d9476e011,6939d1d2-fba3-4888-8c53-6898bb73c26f,2025-08-30T08:35:00,40e6ddd6-b8f6-4e17-8bd6-5e53966809d2,1100,44,1144
dadc0db8-3121-4d4f-a1ac-de3593cb94ef,2b4b540f-9423-4186-8164-4566e5e908f2,2025-08-30T08:35:00,40e6ddd6-b8f6-4e17-8bd6-5e53966809d2,600,24,624
3a6c4d9f-08ef-42b9-abb5-30eec63aa800,3e28e5b6-fe21-474e-b5bc-95ac85c187ad,2025-08-30T08:36:00,4b6c2304-2b9e-41e4-942a-cf11a1819378,400,24,424
85ef9b8c-f8f7-4025-a1df-9050b7944d71,bd463573-d217-4411-9ac0-8b72bd7609cd,2025-08-30T08:37:00,4b6c2304-2b9e-41e4-942a-cf11a1819378,500,30,530
bcf912a2-dcb1-4190-9e4d-c2aa9a34bd68,285bfea1-4dec-4f9d-a9f6-3b3cb20fdde9,2025-08-30T08:38:00,4b6c2304-2b9e-41e4-942a-cf11a1819378,600,36,636
c56951a4-5d80-4e8d-bc8e-416e0d567e39,64fec69e-52e2-471f-9fbc-7a8e33f991bd,2025-08-30T08:39:00,4b6c2304-2b9e-41e4-942a-cf11a1819378,700,42,742
25a35618-faab-4082-80e6-164506043382,87a00a98-1d65-4fba-92f9-41ac07bce2bd,2025-08-30T08:40:00,40e6ddd6-b8f6-4e17-8bd6-5e53966809d2,500,20,520
f7d0765b-89b5-4a06-ae3c-5ea9fc6718cd,09a354a5-a7cb-4687-8a52-c4a71feba0d2,2025-08-30T08:42:00,4b6c2304-2b9e-41e4-942a-cf11a1819378,600,36,636
ea03675e-1522-48ad-863b-54fad6b698fa,0c621caa-4854-43bb-ab8f-74e1f79ba3e4,2025-08-30T08:43:00,40e6ddd6-b8f6-4e17-8bd6-5e53966809d2,600,24,624
8a82bf50-951c-44db-820d-3517f8be8ce3,5b6d3273-0554-4f9d-bc05-2157626c1ad0,2025-08-30T08:45:00,40e6ddd6-b8f6-4e17-8bd6-5e53966809d2,600,24,624
2a95f077-15f1-45ad-a331-038bb5b125a1,3b47f466-5256-41a1-951c-efee13597676,2025-08-30T08:48:00,4b6c2304-2b9e-41e4-942a-cf11a1819378,1000,60,1060
560df201-46cc-4a5e-b4e2-94bf6695802a,3f13d579-3df8-478c-b978-eec7255facfa,2025-08-30T08:49:00,4b6c2304-2b9e-41e4-942a-cf11a1819378,4200,252,4452
2da72007-4919-4e5f-b1ea-dc9f0837fbba,314d5517-f29b-49b2-a076-3abe12756120,2025-08-30T08:50:00,40e6ddd6-b8f6-4e17-8bd6-5e53966809d2,400,16,416
85f7b915-4ef6-4f63-b344-25665cca3ac9,300faed1-594b-427c-894e-c46855f06f22,2025-08-30T08:51:00,40e6ddd6-b8f6-4e17-8bd6-5e53966809d2,600,24,624
280cafad-934e-4946-8a40-9ba23d877210,167ce993-af12-4071-a5cb-fb3f09045741,2025-08-30T08:53:00,4b6c2304-2b9e-41e4-942a-cf11a1819378,600,36,636
2827ca19-f86c-488a-a8de-d036be0caa66,143944c0-b4d0-48f7-ac1f-6ffaeff64a70,2025-08-30T08:55:00,4b6c2304-2b9e-41e4-942a-cf11a1819378,600,36,636
4c7b0d98-6867-47a1-9c2c-11415f30a26d,d6cf7caa-9dd8-48c6-b4ee-5a02f62bb280,2025-08-30T08:55:00,4b6c2304-2b9e-41e4-942a-cf11a1819378,700,42,742
6d4f9efa-2abf-48a3-a0d2-04381d997daf,bd72d373-2261-4193-bee7-41d3bfd08ef1,2025-08-30T09:00:00,4b6c2304-2b9e-41e4-942a-cf11a1819378,600,36,636
1dc81fd5-ddce-41f9-8a36-1356bfcabfa5,b3f95dcd-caf0-4d0c-8890-a7b8e231c6b7,2025-08-30T09:00:00,40e6ddd6-b8f6-4e17-8bd6-5e53966809d2,700,28,728
789bf449-cca5-4994-b139-bf9cdf9fe82b,710200a9-2c6c-4f21-b3f1-3ed6aa684fa2,2025-08-30T09:03:00,4b6c2304-2b9e-41e4-942a-cf11a1819378,500,30,530
9f89c593-ff76-4a77-82a4-bd70bdf808a9,2ef2eede-fcc3-4c79-a843-4f5ae828d591,2025-08-30T09:03:00,4b6c2304-2b9e-41e4-942a-cf11a1819378,600,36,636
2fcdd882-5fc4-4584-a806-d7798fc87869,3d0d96e7-a6da-4e11-a509-76b813d466f5,2025-08-30T09:04:00,4b6c2304-2b9e-41e4-942a-cf11a1819378,1700,102,1802
4bf12800-750d-4db3-bca1-b11d165ce87d,b4413ac0-2fc9-4c91-b188-71c109d9be8f,2025-08-30T09:05:00,4b6c2304-2b9e-41e4-942a-cf11a1819378,500,30,530
fbdb9ab2-0efb-4f2d-bb19-813e00a9ed51,8c5628d0-6d15-4a6d-80f2-9c723e39ba83,2025-08-30T09:06:00,40e6ddd6-b8f6-4e17-8bd6-5e53966809d2,400,16,416
66761fa4-5956-4580-ab6f-e7a3763e5cee,c11308cb-8153-4e7b-9149-9b6b5c0aa137,2025-08-30T09:08:00,40e6ddd6-b8f6-4e17-8bd6-5e53966809d2,400,16,416
53161cfd-e941-4242-83ac-ac0fa3ccc9b6,19a47a26-3ca3-42d2-9e2d-8da79f09b587,2025-08-30T09:15:00,4b6c2304-2b9e-41e4-942a-cf11a1819378,1200,72,1272
58d7276f-5dfd-4362-a95f-57e8345f40dc,bb0bc182-b8f7-4f26-b794-dca522dd4cec,2025-08-30T09:23:00,4b6c2304-2b9e-41e4-942a-cf11a1819378,700,42,742
37df2f75-30a9-47f1-a84e-3c2f2bbdaa25,69731d27-9caa-46cf-8933-d01e29b20043,2025-08-30T09:27:00,4b6c2304-2b9e-41e4-942a-cf11a1819378,2300,138,2438
ba6328df-171c-43ee-b397-add2dcf2aba8,d23755ac-d315-4dfd-ae80-4fa042f7d833,2025-08-30T09:27:00,4b6c2304-2b9e-41e4-942a-cf11a1819378,600,36,636
2423b64f-d999-46ce-9148-761975500a7c,f9f4d7f7-6884-4f0c-88d9-0d3432a666ca,2025-08-30T09:29:00,40e6ddd6-b8f6-4e17-8bd6-5e53966809d2,1100,44,1144
23044f44-dc4c-48a9-b588-8a2b2f0fb797,b51ad0d8-7b4d-4859-8de9-fd9feb62c888,2025-08-30T09:29:00,40e6ddd6-b8f6-4e17-8bd6-5e53966809d2,600,24,624
5533742d-135b-44c7-88e7-fddeba63f522,c502b1f4-b287-444d-b643-953150ebee0d,2025-08-30T09:33:00,40e6ddd6-b8f6-4e17-8bd6-5e53966809d2,700,28,728
b3df1be5-d129-4528-a412-57a9aef1c2b4,1076f00e-5dd1-41d1-b2a5-0c59e18a5310,2025-08-30T09:35:00,4b6c2304-2b9e-41e4-942a-cf11a1819378,500,30,530
26243a14-e416-4051-a0b2-c4d8349a1761,358fc32a-8446-4c62-b4a1-92b145a689e8,2025-08-30T09:36:00,4b6c2304-2b9e-41e4-942a-cf11a1819378,500,30,530
41dcddd4-8626-4e22-a3df-ecb3be232fb5,8e6a03da-15e7-44e8-bec1-426b65edb389,2025-08-30T09:40:00,40e6ddd6-b8f6-4e17-8bd6-5e53966809d2,600,24,624
7ad446af-8649-4d18-b1ea-6968c60c7d99,e60ba363-7c8f-4fba-8c98-2d4952e8fbc5,2025-08-30T09:48:00,40e6ddd6-b8f6-4e17-8bd6-5e53966809d2,400,16,416
4158b001-e553-493a-930f-cf4b07dc2861,dc634429-12c2-417d-b460-f3ed4903d539,2025-08-30T09:50:00,4b6c2304-2b9e-41e4-942a-cf11a1819378,700,42,742
4a7b8f33-c8be-4f68-8769-82f978b6eb5b,28a5a7b8-b34b-47a6-91f7-8e384d6b6f59,2025-08-30T09:53:00,4b6c2304-2b9e-41e4-942a-cf11a1819378,2900,174,3074
726b182b-8a20-4dac-b1a4-5577136e8b01,30380af9-7c90-4e56-9717-61064c5ca79c,2025-08-30T09:59:00,40e6ddd6-b8f6-4e17-8bd6-5e53966809d2,500,20,520
b0936988-02bc-4254-a75e-f828719cf13b,582e9081-9542-4d02-9ed4-d41c93fa8b2c,2025-08-30T10:00:00,40e6ddd6-b8f6-4e17-8bd6-5e53966809d2,600,24,624
3d69f850-b6b3-49a3-a911-e23d8d30a482,e7f5d853-30ed-4302-9303-e11752f57b2f,2025-08-30T10:01:00,4b6c2304-2b9e-41e4-942a-cf11a1819378,500,30,530
6f2fe5f2-f17e-4a5a-a8e2-e8106f653efd,3fa371d4-77dd-4e91-9a2f-86801b001903,2025-08-30T10:05:00,4b6c2304-2b9e-41e4-942a-cf11a1819378,2300,138,2438
867192d9-8ddc-4329-b88f-ed04e570cc26,3dc87d1c-7942-471e-b947-26b7ec78cedb,2025-08-30T10:10:00,40e6ddd6-b8f6-4e17-8bd6-5e53966809d2,600,24,624
af4d3cb9-2b09-4835-8259-c1b700987564,eccb6e23-700f-4b9e-803e-9c681f12dd9e,2025-08-30T10:12:00,40e6ddd6-b8f6-4e17-8bd6-5e53966809d2,700,28,728
66a304c4-c8a0-48dc-9c1c-d067808b3deb,c712217e-16e5-4f51-a9f4-055b5176e747,2025-08-30T10:15:00,40e6ddd6-b8f6-4e17-8bd6-5e53966809d2,400,16,416
4e1768e3-edde-41a5-a8a9-9fdcfa3e0110,51d5c171-5764-4f95-8919-dd46d204df4b,2025-08-30T10:18:00,40e6ddd6-b8f6-4e17-8bd6-5e53966809d2,500,20,520
abc06226-23c3-400c-88a8-54817fd853a8,d3adc9f1-fd4e-45ad-9d75-0919a6617f7a,2025-08-30T10:19:00,40e6ddd6-b8f6-4e17-8bd6-5e53966809d2,600,24,624
608b29e0-5de0-40fe-95ca-3485db42cb56,899ea741-e615-4f9e-ad30-286f6f306f00,2025-08-30T10:22:00,4b6c2304-2b9e-41e4-942a-cf11a1819378,400,24,424
6aa4c643-4ab2-4c91-90c5-950276a2585f,191feb1d-2def-4cbf-a8f8-ee3eb3856ea2,2025-08-30T10:25:00,4b6c2304-2b9e-41e4-942a-cf11a1819378,600,36,636
4d8e9b68-443b-4aee-96f0-438bb692a98a,6d883826-0157-47c4-a6cc-cb8134bcc6db,2025-08-30T10:27:00,40e6ddd6-b8f6-4e17-8bd6-5e53966809d2,700,28,728
90069046-0fbf-4e9b-9a9c-66f2bdb61aa3,099dd9b8-0a76-482f-92e1-f754d25d5aee,2025-08-30T10:28:00,40e6ddd6-b8f6-4e17-8bd6-5e53966809d2,900,36,936
22e7e18d-4038-4d35-95da-eb92534779f2,ab833d6f-87cf-4229-a1f8-707b52a55e5e,2025-08-30T10:32:00,4b6c2304-2b9e-41e4-942a-cf11a1819378,2200,131,2331
da6ee49d-ce5c-468f-a2de-f39b8e5dd1a0,34b17474-7fef-4a04-8009-f83028f66521,2025-08-30T10:33:00,4b6c2304-2b9e-41e4-942a-cf11a1819378,600,36,636
fa36d882-6c81-43a8-a072-5c30c0fa9858,5bf14829-99bd-4d3c-b504-edd1e45593a0,2025-08-30T10:33:00,40e6ddd6-b8f6-4e17-8bd6-5e53966809d2,500,20,520
ae771942-2cfe-494b-8392-7d58dec55f7c,d6ca3f18-6708-4e27-9196-8a2238aba9b0,2025-08-30T10:33:00,40e6ddd6-b8f6-4e17-8bd6-5e53966809d2,600,24,624
fb842ca6-9610-48d1-998e-976a35482926,066ca82d-85b8-45e6-b262-bac0bb3c0e21,2025-08-30T10:35:00,40e6ddd6-b8f6-4e17-8bd6-5e53966809d2,400,16,416
db358ac1-e839-4edf-9635-b334a2e5f7a5,8aff4c2d-48b5-4b85-bf21-20ad95d18b6c,2025-08-30T10:39:00,4b6c2304-2b9e-41e4-942a-cf11a1819378,1800,108,1908
dfdda56c-e409-44bb-91b3-f3c3f40752e2,10687c1c-9437-400c-a604-0e19882c65e1,2025-08-30T10:39:00,40e6ddd6-b8f6-4e17-8bd6-5e53966809d2,700,28,728
be556f39-1d0e-4743-ac5c-7a5b1f467c1e,1233e680-06d7-4b38-8c6e-796ef158556a,2025-08-30T10:45:00,4b6c2304-2b9e-41e4-942a-cf11a1819378,400,24,424
29f18c9a-e885-42c2-928c-cee9288c5c76,c9d0d7ff-0b5c-4b60-ac5e-0389909cf62a,2025-08-30T10:46:00,40e6ddd6-b8f6-4e17-8bd6-5e53966809d2,2700,108,2808
64252492-8e9f-4543-9d6a-c670bbd70a9f,7b971d80-7566-4bfa-93b7-b87270c4b732,2025-08-30T10:47:00,4b6c2304-2b9e-41e4-942a-cf11a1819378,900,54,954
e445d7e4-9277-4fc6-8a85-4e7f52f4d24b,8e312b31-712d-4fc0-84dd-27ff2b1dd09b,2025-08-30T10:48:00,40e6ddd6-b8f6-4e17-8bd6-5e53966809d2,2600,104,2704
f3cf0036-2782-4485-96a4-57980a581c9a,15aeedcc-eed4-453e-850c-7f876e54c4ab,2025-08-30T10:54:00,4b6c2304-2b9e-41e4-942a-cf11a1819378,1900,113,2013
4db9b6bd-20bf-4237-ba5e-ef898f97b266,7c2a3f62-d757-4322-a213-921d7c370838,2025-08-30T10:56:00,40e6ddd6-b8f6-4e17-8bd6-5e53966809d2,500,20,520
53c47587-422a-4ee4-a6e7-a3f19abc7c9b,1bcdbd0d-0e2f-4fdf-a8d5-214d3b49c7e2,2025-08-30T10:57:00,40e6ddd6-b8f6-4e17-8bd6-5e53966809d2,500,20,520
b51b6c85-7550-451c-9d1e-983efde6e3a3,7863e37d-24c8-4e18-8730-ea7e2a65606d,2025-08-30T10:59:00,40e6ddd6-b8f6-4e17-8bd6-5e53966809d2,700,28,728
acc2c8c5-71f6-44d1-aaf8-0e7ef6bde929,3f1fc492-e8ed-4840-97a0-a56592fdc1d9,2025-08-30T11:03:00,4b6c2304-2b9e-41e4-942a-cf11a1819378,400,24,424
c8eb2266-189f-40b9-9b3d-75755caf1da0,341ed9b2-1760-4720-a1b1-42681d273c63,2025-08-30T11:05:00,4b6c2304-2b9e-41e4-942a-cf11a1819378,3600,216,3816
052ffc1d-2179-4aa1-b57c-9b4a8130a28c,4b14013f-d7e7-44b8-a287-329bf6e298c3,2025-08-30T11:05:00,40e6ddd6-b8f6-4e17-8bd6-5e53966809d2,600,24,624
311c0f97-1ccc-45da-8c61-1b77ccd17f08,827eed18-8ab1-4e5d-ab00-5d8ac9bb168b,2025-08-30T11:06:00,4b6c2304-2b9e-41e4-942a-cf11a1819378,700,42,742
33dce55e-a445-48ef-9d81-4d191206f72a,26ce484a-a527-4fe1-903f-2809a03fd21a,2025-08-30T11:08:00,40e6ddd6-b8f6-4e17-8bd6-5e53966809d2,3800,152,3952
2088b2be-3e11-4220-864b-13cba9088dc5,fd12529b-56bd-40cf-a742-a90ad36add5e,2025-08-30T11:08:00,40e6ddd6-b8f6-4e17-8bd6-5e53966809d2,1800,72,1872
8a2e5e87-eb22-4bc1-9c5e-e38f6f05dbba,32927010-1d7d-4cd9-a500-593804ff0e77,2025-08-30T11:08:00,40e6ddd6-b8f6-4e17-8bd6-5e53966809d2,600,24,624
7cdff90e-0f68-44be-8769-cbf99d1e5bcb,46d34d7f-a3a4-4386-89ba-fa5ac15e5a69,2025-08-30T11:12:00,40e6ddd6-b8f6-4e17-8bd6-5e53966809d2,400,16,416
17e4cc20-c5fd-4cda-993d-dfabb85827e0,f7d61334-5d22-49f8-a022-903921239047,2025-08-30T11:12:00,40e6ddd6-b8f6-4e17-8bd6-5e53966809d2,600,24,624
46e8e5dd-a2b1-48d2-8000-d6b94f88d5d9,a296a891-b126-44e1-a271-9228cc28b3bc,2025-08-30T11:13:00,40e6ddd6-b8f6-4e17-8bd6-5e53966809d2,3300,132,3432
ef47d718-0524-4349-b532-fa5a6bc2d458,94638355-4830-4837-8708-12531dc89dbf,2025-08-30T11:17:00,40e6ddd6-b8f6-4e17-8bd6-5e53966809d2,3500,140,3640
4e2cbdac-8d62-41d5-8db3-c751e5d7d869,58491188-36e5-4fb3-ab3b-514e78a270a6,2025-08-30T11:18:00,4b6c2304-2b9e-41e4-942a-cf11a1819378,700,42,742
de978bea-eb63-437c-a173-aeb468084ded,0815e683-4b1e-4ea3-b9e8-9d06bbfaedb5,2025-08-30T11:20:00,40e6ddd6-b8f6-4e17-8bd6-5e53966809d2,1200,48,1248
8398e68c-4995-402c-b9cb-c512823b9638,e4bced79-6e2c-4b22-a6d5-199ed87ca7ee,2025-08-30T11:21:00,4b6c2304-2b9e-41e4-942a-cf11a1819378,3800,227,4027
1dca66e1-a126-496f-94f7-0ca638dcdb8a,24ea0325-a7d6-4388-b86c-7b51e5805b26,2025-08-30T11:22:00,4b6c2304-2b9e-41e4-942a-cf11a1819378,600,36,636
624c59d2-e9ae-4f05-ac2d-d14bb9b1a2db,543b48b5-22b5-41e4-8e3c-704fc8f03e8d,2025-08-30T11:25:00,40e6ddd6-b8f6-4e17-8bd6-5e53966809d2,700,28,728
43041241-0ad1-454a-9140-1674109f2814,7c66bbce-e687-4e15-be85-d960c3de159b,2025-08-30T11:26:00,40e6ddd6-b8f6-4e17-8bd6-5e53966809d2,600,24,624
2e7d5e89-c3e8-4aef-834c-8537e7230ee3,b01b46fd-8f75-4db5-806d-c5c5980008c4,2025-08-30T11:27:00,40e6ddd6-b8f6-4e17-8bd6-5e53966809d2,400,16,416
2de1914d-98fb-4a5e-8245-7f0b72285523,628b0262-278b-4522-aa31-ed61da01b78a,2025-08-30T11:27:00,40e6ddd6-b8f6-4e17-8bd6-5e53966809d2,3900,156,4056
575377c4-2c15-4319-9005-1a38ac784d39,6a9699dc-eba5-4045-9b96-91504f0cfe77,2025-08-30T11:28:00,40e6ddd6-b8f6-4e17-8bd6-5e53966809d2,500,20,520
ff21d64c-3459-4954-942f-eed93ef8cffe,f044be50-29c1-40c4-a16c-a1dd1f95d6f3,2025-08-30T11:34:00,4b6c2304-2b9e-41e4-942a-cf11a1819378,700,42,742
e352094f-b69b-456c-b526-981b6454634b,c37c5233-7b26-4427-8ed9-ce36cc9ceb00,2025-08-30T11:39:00,40e6ddd6-b8f6-4e17-8bd6-5e53966809d2,1300,52,1352
e7ba634f-057e-4064-ad79-d47eec87c32d,2d4e6ed6-f081-4049-b92a-7792dbe97b89,2025-08-30T11:39:00,40e6ddd6-b8f6-4e17-8bd6-5e53966809d2,700,28,728
3122ce1a-9ba7-4290-8206-e984e32cd390,49c4bc11-2495-438d-9b87-3c395574433f,2025-08-30T11:41:00,40e6ddd6-b8f6-4e17-8bd6-5e53966809d2,1200,48,1248
e8b685f4-008e-4b19-a3dd-709f0b5c587f,7d0a9ece-1d73-43ea-98e7-8bbe21e890ec,2025-08-30T11:42:00,4b6c2304-2b9e-41e4-942a-cf11a1819378,1600,96,1696
4ce9d559-07fc-42a2-8bae-6398509e55ef,b6552330-9932-4624-8855-b5b7aa13d3f4,2025-08-30T11:42:00,4b6c2304-2b9e-41e4-942a-cf11a1819378,600,36,636
4a3ab745-a935-4c41-a045-4cfbe92008f9,59292cdf-6314-4444-aee9-45a78c76dcbe,2025-08-30T11:44:00,4b6c2304-2b9e-41e4-942a-cf11a1819378,400,24,424
15148b69-6dee-47ac-9dff-30f44e5c140b,40c889c0-2020-4661-bb9a-564950b1a262,2025-08-30T11:45:00,40e6ddd6-b8f6-4e17-8bd6-5e53966809d2,4000,160,4160
bdd1fd29-5371-4da1-99b7-1e2d5d99a93a,73b79064-9e0d-4b3f-87d0-6ab33593b492,2025-08-30T11:47:00,4b6c2304-2b9e-41e4-942a-cf11a1819378,0,0,0
c7c9bcc8-faa5-44ba-b555-11606af6b4ba,f9c2b37f-2e88-4008-a277-99f35c4760bf,2025-08-30T11:49:00,40e6ddd6-b8f6-4e17-8bd6-5e53966809d2,700,28,728
33f50d3e-887a-4478-99ec-5f7238a7a32f,afa83ff8-2b40-47b8-8bcf-1f9285c11695,2025-08-30T11:50:00,40e6ddd6-b8f6-4e17-8bd6-5e53966809d2,600,24,624
e320ea9c-fd15-470a-a2d4-51211652e26c,fe2e9f59-c77b-4756-ad2e-fe864a560344,2025-08-30T11:57:00,4b6c2304-2b9e-41e4-942a-cf11a1819378,400,24,424
0e35f278-cfbf-4ca1-be76-d54aeda66a00,187d49e0-634f-4e10-a10c-3b0be7408be0,2025-08-30T11:57:00,4b6c2304-2b9e-41e4-942a-cf11a1819378,600,36,636
d7cd7546-a2ba-4b4c-abfc-ff15535f177e,63b14504-d172-4e5e-b0fa-abd9cb43352e,2025-08-30T11:57:00,40e6ddd6-b8f6-4e17-8bd6-5e53966809d2,400,16,416
404e41df-e87c-45dd-8a16-a8f14fa9e78e,8f9052f4-d761-416e-8b74-a71f640df0d7,2025-08-30T11:58:00,4b6c2304-2b9e-41e4-942a-cf11a1819378,500,30,530
10e0a996-08ca-4671-bf94-346bdf8734a0,06a161e4-302f-4ae9-b96b-2734ad33f946,2025-08-30T12:00:00,40e6ddd6-b8f6-4e17-8bd6-5e53966809d2,400,16,416
f7177a86-5c49-4e55-95fd-f592819d493a,f8486fce-bc07-4a4f-a6e9-ed6a06ba996c,2025-08-30T12:01:00,4b6c2304-2b9e-41e4-942a-cf11a1819378,500,30,530
7fb726e9-3b99-458a-a323-fe4c47cf1831,5c3c91f4-9d48-426f-9862-e165bf8f616d,2025-08-30T12:01:00,4b6c2304-2b9e-41e4-942a-cf11a1819378,500,30,530
60c93176-2865-4285-b709-6cd8cface9da,0f708081-5838-40db-84a9-ca8b6845336f,2025-08-30T12:09:00,40e6ddd6-b8f6-4e17-8bd6-5e53966809d2,3500,140,3640
89d535b9-99b4-41c4-8b4f-87eb188a4ebc,c9276a13-5b0f-4ce9-8802-3e0ead192508,2025-08-30T12:10:00,4b6c2304-2b9e-41e4-942a-cf11a1819378,1400,84,1484
596be87e-49c9-4847-a5e6-8c113dc6db0e,dec2b1be-3447-4044-b4e3-17848dfd390e,2025-08-30T12:11:00,4b6c2304-2b9e-41e4-942a-cf11a1819378,700,42,742
ae097a3c-a0e8-4dc4-8689-febf632df38b,0bc37503-ab88-4833-9b4e-1355bdd20deb,2025-08-30T12:11:00,40e6ddd6-b8f6-4e17-8bd6-5e53966809d2,1800,72,1872
b62a91fc-1b19-4aa9-9ef1-101fdebab61c,4740d6a5-b760-477f-83d9-7d1c3e04f0ba,2025-08-30T12:16:00,40e6ddd6-b8f6-4e17-8bd6-5e53966809d2,600,24,624
ca351007-af8a-414d-ad26-4897814ad350,d33f758e-ba0e-463c-ba18-0cd99108c547,2025-08-30T12:19:00,40e6ddd6-b8f6-4e17-8bd6-5e53966809d2,3000,120,3120
b9c7c7c3-2061-4ec8-bb8f-68a9bc54f0b0,1bf35f99-4627-4c80-a5f8-0797538eaf54,2025-08-30T12:20:00,4b6c2304-2b9e-41e4-942a-cf11a1819378,1000,60,1060
3aaedae5-5cd2-4058-a395-695e7950138a,96aa3e1c-ce39-4f76-b813-c9b4d59c0cdc,2025-08-30T12:20:00,40e6ddd6-b8f6-4e17-8bd6-5e53966809d2,400,16,416
7dc65cb1-00db-4634-b756-3b73d9ce8624,298ca377-a08e-4e0d-91d6-b0b5aff14c1b,2025-08-30T12:21:00,40e6ddd6-b8f6-4e17-8bd6-5e53966809d2,500,20,520
5907d69d-7329-4bcc-9815-c1dd90938733,3f3af4f6-a87b-4f03-8669-2e1a8e3c6d8b,2025-08-30T12:22:00,4b6c2304-2b9e-41e4-942a-cf11a1819378,2400,144,2544
a7692f48-fe62-457b-a778-f87bd3f04e4d,efc6a229-f984-41c8-b741-83d9a46c5fd1,2025-08-30T12:24:00,4b6c2304-2b9e-41e4-942a-cf11a1819378,2500,150,2650
2a6a0fee-17ae-4a33-b20f-b33682515dd6,fc41d86f-78f3-476a-882c-3eafc02d61f2,2025-08-30T12:30:00,4b6c2304-2b9e-41e4-942a-cf11a1819378,900,54,954
c4ad5907-0cf9-4156-8276-4a76136e429f,bb9bad76-c7ec-4f36-842c-54c3bbb40467,2025-08-30T12:30:00,40e6ddd6-b8f6-4e17-8bd6-5e53966809d2,500,20,520
167ee834-cd05-4f4c-81f7-2af1d71181ec,7e7c62c1-b8a8-4e9a-ab94-81a82d76e3e5,2025-08-30T12:43:00,4b6c2304-2b9e-41e4-942a-cf11a1819378,700,42,742
f0704387-1a68-4799-b604-9c7e7173675c,f714d574-6aed-4017-952f-ff5bc4155939,2025-08-30T12:43:00,40e6ddd6-b8f6-4e17-8bd6-5e53966809d2,1200,48,1248
7d7a61e9-a45b-4550-94df-810c89b76299,43df30db-068d-40fc-8576-7e2f6e62f2f6,2025-08-30T12:44:00,40e6ddd6-b8f6-4e17-8bd6-5e53966809d2,4400,176,4576
e25fdfd5-966c-4f50-bf89-dceb35eb6beb,848c50eb-5e2a-4b53-b6b9-751bfad107b7,2025-08-30T12:45:00,4b6c2304-2b9e-41e4-942a-cf11a1819378,600,36,636
c9a345e7-723d-4a18-8689-989aeea4cbbc,d78e6e3f-3ff1-49b6-9dcb-129816aa0ecb,2025-08-30T12:45:00,40e6ddd6-b8f6-4e17-8bd6-5e53966809d2,600,24,624
234e8914-298d-44e1-b698-a4f849f46f2a,0488eb84-da07-441d-ba11-055850946457,2025-08-30T12:46:00,40e6ddd6-b8f6-4e17-8bd6-5e53966809d2,600,24,624
e43be0b9-84b7-4779-aa87-fec55ba57884,8f4f1f50-62c9-4870-bf5b-bdcd357f8ad7,2025-08-30T12:50:00,4b6c2304-2b9e-41e4-942a-cf11a1819378,600,36,636
23bad04a-3b57-47e3-b846-b43a89aabe60,3e5dc535-3e67-47d0-8eed-547c7f51e8c9,2025-08-30T12:51:00,40e6ddd6-b8f6-4e17-8bd6-5e53966809d2,2300,92,2392
f40e5f53-c329-420c-8ca1-a5d1e6c6ef08,b91c4cbb-67d6-4515-b897-dd13e44c1101,2025-08-30T12:52:00,4b6c2304-2b9e-41e4-942a-cf11a1819378,700,42,742
89369dea-5b0b-49cf-8d70-eed2262615b4,43086963-8392-432e-84e0-ef1902202b4c,2025-08-30T12:55:00,4b6c2304-2b9e-41e4-942a-cf11a1819378,1900,113,2013
967db86d-8706-42b3-9452-00406f6ae122,e5873f83-602d-4424-9c5e-184c56c9d4ba,2025-08-30T13:04:00,40e6ddd6-b8f6-4e17-8bd6-5e53966809d2,700,28,728
f378c628-7428-4210-a0af-4bbd0778824d,16e8d4f8-2451-446f-a254-3bc68e40621b,2025-08-30T13:05:00,4b6c2304-2b9e-41e4-942a-cf11a1819378,2300,138,2438
4bc0e0f2-7d71-423d-a415-b27687e1f835,2aee3fe5-2eb0-4391-bb79-d4d4ffdd9931,2025-08-30T13:06:00,4b6c2304-2b9e-41e4-942a-cf11a1819378,2400,144,2544
ffdaf6b5-180d-4716-ab5f-a9d4eecb7cec,37601558-3b79-4200-800f-fc03a28a5ec7,2025-08-30T13:08:00,40e6ddd6-b8f6-4e17-8bd6-5e53966809d2,700,28,728
77a5671b-bea5-4a67-99d5-a561e5c9f6c6,4d97e8a1-7720-4190-b326-dccfa2ec4426,2025-08-30T13:09:00,40e6ddd6-b8f6-4e17-8bd6-5e53966809d2,600,24,624
e725b133-be7b-4199-9307-e86a183c9d16,296a6b8f-b21e-4485-ad7f-18c1262a0764,2025-08-30T13:09:00,40e6ddd6-b8f6-4e17-8bd6-5e53966809d2,500,20,520
c6322416-cc84-49f9-aca5-418da328f2cb,1fcfe435-1e78-4646-a517-19906c49735a,2025-08-30T13:17:00,4b6c2304-2b9e-41e4-942a-cf11a1819378,900,54,954
9e9b1155-36e8-499c-b5b6-727fa7ddb860,44df0dc9-35a6-4159-8141-4a8bf47c0e2b,2025-08-30T13:19:00,40e6ddd6-b8f6-4e17-8bd6-5e53966809d2,600,24,624
aaa9c9e4-c29a-4cb1-a72c-978400159160,4feef355-aeb7-41f9-a391-7f991eeb7b15,2025-08-30T13:20:00,40e6ddd6-b8f6-4e17-8bd6-5e53966809d2,600,24,624
388955ac-bae6-4503-bbda-257ce75ebfa2,013b644d-5645-44bd-8ca3-d7d254b2ba18,2025-08-30T13:21:00,4b6c2304-2b9e-41e4-942a-cf11a1819378,600,36,636
a2dd9575-51ac-46e6-b2bf-db0aa57a80f6,84f7f075-d17e-4662-a11c-bc80e28b12f5,2025-08-30T13:24:00,40e6ddd6-b8f6-4e17-8bd6-5e53966809d2,600,24,624
91cf1cd7-0aee-4aa8-aeb3-76a99de66406,303bc5db-08d0-4431-b6df-29c80d0321da,2025-08-30T13:28:00,40e6ddd6-b8f6-4e17-8bd6-5e53966809d2,600,24,624
5d62371b-ac0f-405f-a4c1-7b58fc7c09b8,239409e0-b3ad-4bf6-ba7c-08628ee3cbee,2025-08-30T13:28:00,40e6ddd6-b8f6-4e17-8bd6-5e53966809d2,400,16,416
9ece6382-aac8-4294-bda4-0cf9d51abf94,e0df02ff-f788-4191-9881-df0d6c775206,2025-08-30T13:29:00,40e6ddd6-b8f6-4e17-8bd6-5e53966809d2,400,16,416
e7405327-9234-4a09-ad61-a03076e884a1,485b6c22-4f0b-4e0f-bfba-0c9d38a0122d,2025-08-30T13:30:00,40e6ddd6-b8f6-4e17-8bd6-5e53966809d2,2200,88,2288
4b8d3097-e9bb-4e7f-bf90-52a4c36ccf53,f14bcc19-681e-43a6-94e0-9748a8455850,2025-08-30T13:30:00,40e6ddd6-b8f6-4e17-8bd6-5e53966809d2,400,16,416
b9dd0235-2ed7-445f-a7db-5e194be5ceda,45514547-8413-41d4-ba88-c1240763e5e8,2025-08-30T13:35:00,4b6c2304-2b9e-41e4-942a-cf11a1819378,500,30,530
86a8fa8f-47ae-4a5a-bc99-407f30f6be5d,4c710db6-7317-4d70-8dcb-6af9a4068e8d,2025-08-30T13:35:00,40e6ddd6-b8f6-4e17-8bd6-5e53966809d2,1600,64,1664
01949c92-0a07-4940-9748-7f68652cce57,e860f5d5-878c-468e-a446-059ba8434d4b,2025-08-30T13:36:00,4b6c2304-2b9e-41e4-942a-cf11a1819378,700,42,742
bb260359-61ff-41b7-9601-90f9dc3788aa,5b817ccb-b122-4044-b74f-bde3d1df714d,2025-08-30T13:37:00,4b6c2304-2b9e-41e4-942a-cf11a1819378,700,42,742
047518b1-147a-4d35-9ecf-04cd4609f391,a30edde1-4a46-4acb-905c-013e285a8101,2025-08-30T13:44:00,40e6ddd6-b8f6-4e17-8bd6-5e53966809d2,500,20,520
b9a73b0a-7f65-4646-a099-93b586b5d41f,438005c2-dd1d-48aa-8bfd-7fb06851b5f8,2025-08-30T13:45:00,4b6c2304-2b9e-41e4-942a-cf11a1819378,700,42,742
dc1f38e3-94a3-4bef-a8c4-523c0a8acb71,5948da4d-8a3d-4122-9885-6f62f017c7b2,2025-08-30T13:45:00,40e6ddd6-b8f6-4e17-8bd6-5e53966809d2,500,20,520
3af1b874-c5c6-4248-b89f-15989ebe0c81,03710ca1-feb1-4206-bd26-3bb8e6a1dac2,2025-08-30T13:47:00,4b6c2304-2b9e-41e4-942a-cf11a1819378,700,42,742
eb30a15e-d62a-4b2c-8c31-2b24e0771dc3,fa6de1f2-ff8e-43ea-8da3-98d975b096da,2025-08-30T13:48:00,40e6ddd6-b8f6-4e17-8bd6-5e53966809d2,1100,44,1144
2662d985-4428-4049-bce6-189534684f45,073c6c4c-9988-45b0-9224-7ad4e69d8c6f,2025-08-30T13:49:00,40e6ddd6-b8f6-4e17-8bd6-5e53966809d2,2500,100,2600
e94c3770-b0ad-49b3-bffd-684a6f221490,c5dde410-2c70-486e-bb0d-974b2798825b,2025-08-30T13:50:00,4b6c2304-2b9e-41e4-942a-cf11a1819378,600,36,636
26222778-7c81-481e-b575-a4381bc2ee28,ef097aa6-f4d9-4c16-bc17-a7cc87116f35,2025-08-30T13:54:00,40e6ddd6-b8f6-4e17-8bd6-5e53966809d2,600,24,624
cd8d2bd1-7856-4737-b2c1-cd643a2bb22c,0855291e-0a0d-4e17-931b-beabbc173f85,2025-08-30T13:56:00,40e6ddd6-b8f6-4e17-8bd6-5e53966809d2,500,20,520
4ffce632-ccb4-4c9c-b579-788730f34ccb,2068f48f-4c39-4084-81d1-95af149d8547,2025-08-30T14:02:00,4b6c2304-2b9e-41e4-942a-cf11a1819378,600,36,636
9eece581-7982-40fb-aa01-d20493031684,afdabd06-a2b4-497a-93b8-7bcf582b5d3b,2025-08-30T14:02:00,4b6c2304-2b9e-41e4-942a-cf11a1819378,4300,258,4558
639f4f09-a17d-49e3-86dd-41aa9e95f484,9a689679-4c75-46ba-92d3-6b5b0c51a34a,2025-08-30T14:03:00,40e6ddd6-b8f6-4e17-8bd6-5e53966809d2,600,24,624
5927cf6a-b06e-4768-b85a-68fbea729280,9aaa8391-995f-4006-8413-c590098fc46a,2025-08-30T14:15:00,4b6c2304-2b9e-41e4-942a-cf11a1819378,700,42,742
b7adac92-35e7-48f0-a789-681a45dd1246,33f27548-d085-481a-aa4f-a851fbebe0cd,2025-08-30T14:16:00,40e6ddd6-b8f6-4e17-8bd6-5e53966809d2,600,24,624
6bda3896-6e77-4f15-be47-60cd10886bed,5b2179c5-dd1c-45b4-b99c-10f1c7c201f4,2025-08-30T14:17:00,4b6c2304-2b9e-41e4-942a-cf11a1819378,400,24,424
3be1167b-c034-4a0a-abba-38aafcf224d1,7fcd9f31-c0cb-4414-9981-9d014f593081,2025-08-30T14:17:00,40e6ddd6-b8f6-4e17-8bd6-5e53966809d2,600,24,624
ac0cfa77-9836-4941-914b-de8929939b0e,fa5ae382-e7ab-4d94-bdfc-7d689bc335ab,2025-08-30T14:18:00,40e6ddd6-b8f6-4e17-8bd6-5e53966809d2,3700,148,3848
5e4f2f56-581e-4cca-bd09-a46d60851a29,7e52ce3f-191d-4d27-a0a8-76706fd6173c,2025-08-30T14:28:00,4b6c2304-2b9e-41e4-942a-cf11a1819378,600,36,636
97ed1330-4fb1-4d28-bf73-5eadda7d98a4,ec4bebdf-042b-4c0a-9846-f86a1a9685e9,2025-08-30T14:29:00,40e6ddd6-b8f6-4e17-8bd6-5e53966809d2,700,28,728
4eaebd4c-4af4-4920-b2cc-d456cb36f243,878f6e41-bcd7-4f18-aa89-90133272eafa,2025-08-30T14:34:00,4b6c2304-2b9e-41e4-942a-cf11a1819378,500,30,530
873acf4c-e6f5-4e85-b5a9-017c70cc865b,bbce772f-b9b7-49f2-b79e-fa5d953ced6b,2025-08-30T14:37:00,4b6c2304-2b9e-41e4-942a-cf11a1819378,400,24,424
556511c0-c549-4e6e-8890-fef4110accc4,22a4c19e-c3ff-455d-8a3b-d4a9bd6b8334,2025-08-30T14:42:00,4b6c2304-2b9e-41e4-942a-cf11a1819378,2300,138,2438
213294c5-2a47-4474-942d-739b8e1f503d,a48b7707-e594-444f-854e-67d65eb9105d,2025-08-30T14:43:00,40e6ddd6-b8f6-4e17-8bd6-5e53966809d2,1800,72,1872
58118d00-9715-4a5c-80b4-64dd9680433b,fd788ea1-7f9f-477b-b5fa-9a64962eb7f0,2025-08-30T14:46:00,4b6c2304-2b9e-41e4-942a-cf11a1819378,1200,72,1272
02513bab-3615-4dd6-ad8a-149e287dbd54,7c0459a0-2d38-460e-8653-72aefbf15570,2025-08-30T14:48:00,40e6ddd6-b8f6-4e17-8bd6-5e53966809d2,1200,48,1248
0c49d90b-19b4-4db2-8989-e9302e56c22a,7e06ea60-a336-46ee-a77d-ca114267af0d,2025-08-30T14:49:00,4b6c2304-2b9e-41e4-942a-cf11a1819378,1500,89,1589
670722fe-2d46-40e5-ad80-9019545d0c1a,529867fe-75f6-4cd9-b913-543b3d6e583c,2025-08-30T14:56:00,40e6ddd6-b8f6-4e17-8bd6-5e53966809d2,2000,80,2080
5452e466-851c-41a2-adb4-03e3c79b2269,967d3e2d-8b15-4f43-a6b5-d1dd3934707d,2025-08-30T15:06:00,4b6c2304-2b9e-41e4-942a-cf11a1819378,500,30,530
45c98df3-63e3-4629-aca9-a871f23bc6b9,0e7b96a0-3300-42a0-b46a-0376d91610eb,2025-08-30T15:06:00,4b6c2304-2b9e-41e4-942a-cf11a1819378,400,24,424
b4f53d67-d156-4996-98e5-092ef62b58e7,4423c47b-1f8b-4df4-bfe9-531cd8e6441b,2025-08-30T15:06:00,40e6ddd6-b8f6-4e17-8bd6-5e53966809d2,700,28,728
145d4598-9c2d-4416-8ae7-a32c7b4c2c9c,a4512e27-9e9c-4aa8-bc00-11e9e1f1fd9f,2025-08-30T15:10:00,40e6ddd6-b8f6-4e17-8bd6-5e53966809d2,2300,92,2392
d37ea0b6-e671-4eeb-8d34-a6afda3b25b1,8cef9627-37e9-4bad-a5d7-69f87f291c90,2025-08-30T15:22:00,4b6c2304-2b9e-41e4-942a-cf11a1819378,500,30,530
3062abae-7c9a-4753-a91f-060ed97a14bb,1c8233dc-8ccb-4d27-84e7-e00d33ff6674,2025-08-30T15:27:00,40e6ddd6-b8f6-4e17-8bd6-5e53966809d2,1200,48,1248
dae75046-16ff-48d1-8641-62d09088bf5c,40353a67-5df0-44ca-9c10-b42fab44c6f3,2025-08-30T15:31:00,4b6c2304-2b9e-41e4-942a-cf11a1819378,1000,60,1060
43983066-cc9b-4638-a33c-93eba94fccf7,c710ee81-7487-44d1-b65f-69a898acaf69,2025-08-30T15:36:00,40e6ddd6-b8f6-4e17-8bd6-5e53966809d2,700,28,728
b8cb822b-8613-4466-b463-c6fcc1d5c44a,8fd99d74-d73b-4014-a8fa-a37b39befe36,2025-08-30T15:38:00,40e6ddd6-b8f6-4e17-8bd6-5e53966809d2,700,28,728
76ef7c4e-a563-49a9-b271-17dd4ecc6eee,8e91d584-8798-4b43-a077-64b5334460b3,2025-08-30T15:44:00,40e6ddd6-b8f6-4e17-8bd6-5e53966809d2,1200,48,1248
9c29e7a4-73bb-4a82-b318-a121c7546b77,8f34cf8e-4ab5-436b-b34d-d43e654c8d6b,2025-08-30T15:46:00,40e6ddd6-b8f6-4e17-8bd6-5e53966809d2,2600,104,2704
bac604bc-d006-4ba6-b1bc-ba6eb12c8585,28f88fb0-d9fb-4c32-8470-1738493e863b,2025-08-30T15:48:00,40e6ddd6-b8f6-4e17-8bd6-5e53966809d2,1900,76,1976
b4564485-78e4-421d-af9b-249b3da6738c,da9de603-2c96-4356-820d-7c1e9ac4dde7,2025-08-30T15:49:00,40e6ddd6-b8f6-4e17-8bd6-5e53966809d2,600,24,624
cf81d009-5d8c-4d07-9d58-277375d2551e,8f06b288-f9eb-454f-adef-47f12b7572d7,2025-08-30T15:53:00,40e6ddd6-b8f6-4e17-8bd6-5e53966809d2,600,24,624
3301cfdf-ea57-44fe-9ab6-aecadbbb8f94,23c5eb35-05e9-4347-8854-ee86ec27393e,2025-08-30T15:54:00,4b6c2304-2b9e-41e4-942a-cf11a1819378,500,30,530
8586e449-ea54-4499-b6d6-b0ba03a0abe2,d9464bcd-0a19-4058-8fc1-bea843e6c339,2025-08-30T15:55:00,4b6c2304-2b9e-41e4-942a-cf11a1819378,700,42,742
fd09e0f1-0292-4206-8adb-3f4388ccec8f,4cd79f83-9fc7-43e4-a4c1-89402b7124e1,2025-08-30T16:00:00,4b6c2304-2b9e-41e4-942a-cf11a1819378,1800,108,1908
be4adf51-6246-4d5b-8cca-a8e63fbcf51e,254a6b6d-5dcb-4d20-88ce-e2e448935a93,2025-08-30T16:14:00,4b6c2304-2b9e-41e4-942a-cf11a1819378,700,42,742
80328c10-988b-4264-8981-d346d20f6d91,07365e1d-9d4c-4185-859e-d5757178280c,2025-08-30T16:31:00,40e6ddd6-b8f6-4e17-8bd6-5e53966809d2,600,24,624
11953e78-3187-4788-9fc0-93b8395f22fd,ffd40778-a37e-453c-81d1-9a769cac4692,2025-08-30T16:42:00,4b6c2304-2b9e-41e4-942a-cf11a1819378,1900,113,2013
f558f618-9bd7-49b2-a9f8-f040f509202a,1ed31084-8b68-49ca-91d6-7162d8521c02,2025-08-30T16:45:00,40e6ddd6-b8f6-4e17-8bd6-5e53966809d2,2400,96,2496
b00143e5-26ce-49cb-aa44-1b463e72ca3d,4559b465-3dfc-40aa-84fe-31c153b4c0d8,2025-08-30T16:46:00,40e6ddd6-b8f6-4e17-8bd6-5e53966809d2,700,28,728
f6e216b4-4d1c-4bb7-b6b2-db89f9f932a3,d5e5a6a6-cb8d-4d62-8551-298dee7f1f9f,2025-08-30T16:47:00,4b6c2304-2b9e-41e4-942a-cf11a1819378,500,30,530
cc9f1246-b8c4-4dbe-bc27-44f6a6c3c64b,8fe1e8f7-9891-4978-ae6c-34234f35c728,2025-08-30T16:52:00,40e6ddd6-b8f6-4e17-8bd6-5e53966809d2,1800,72,1872
1be07b53-6234-48c2-85d7-c34db62ee627,5960ff74-c2aa-4a55-9cee-c8f0532e2256,2025-08-30T17:03:00,40e6ddd6-b8f6-4e17-8bd6-5e53966809d2,700,28,728
e668929e-9fc3-4217-97b5-c31962631197,10d7cb3c-5a86-4eae-9da6-611ddf67fdd8,2025-08-30T17:14:00,4b6c2304-2b9e-41e4-942a-cf11a1819378,1300,78,1378
be6c2b5d-3ad9-4b7e-8853-689029802819,dcddb844-390f-4861-a4ee-0a32b75bb218,2025-08-30T17:15:00,40e6ddd6-b8f6-4e17-8bd6-5e53966809d2,1900,76,1976
d3de3b3d-65ee-4c86-8c98-8096bd645f56,6aff094b-52ed-46fe-8904-5752ec7e76ec,2025-08-30T17:16:00,40e6ddd6-b8f6-4e17-8bd6-5e53966809d2,1500,60,1560
9e198683-12cb-43fa-ae38-466ce4919eae,5a2b4f14-e7ac-4b3a-bf58-688bca696e5f,2025-08-30T17:16:00,40e6ddd6-b8f6-4e17-8bd6-5e53966809d2,400,16,416
4bbb7251-a2bf-420d-bf26-039c3b2f229e,50a2d1c4-d788-4498-a6f7-dd75d4db588f,2025-08-30T17:18:00,4b6c2304-2b9e-41e4-942a-cf11a1819378,2200,131,2331
fac52542-3c7e-40a3-a66b-88e815d5f95b,6fcd3399-b9d5-4ab0-9d50-385be83fec9c,2025-08-30T17:29:00,40e6ddd6-b8f6-4e17-8bd6-5e53966809d2,1700,68,1768
92345edd-2357-42c2-929f-029db7f9445b,11498734-cebc-4784-a055-6bd08a18f1dc,2025-08-30T17:30:00,40e6ddd6-b8f6-4e17-8bd6-5e53966809d2,600,24,624
6dfc9438-c71a-4b90-9cb5-9fcc040c39d1,416cd82a-8e13-48b3-a6e1-dadbf5a29d2d,2025-08-30T17:37:00,40e6ddd6-b8f6-4e17-8bd6-5e53966809d2,1300,52,1352
e825623b-931d-46dc-8bdf-3b1e31a289c0,c5ee9489-e7ea-4da3-9a86-b34c76f6d340,2025-08-30T17:41:00,40e6ddd6-b8f6-4e17-8bd6-5e53966809d2,500,20,520
9ab56680-8777-4576-b191-7b9964eb79ac,3218db6b-84e5-453d-8de9-a966eecbacc6,2025-08-30T17:54:00,40e6ddd6-b8f6-4e17-8bd6-5e53966809d2,1800,72,1872
8a99f219-3546-4185-a823-c374d39e4249,359c05d0-e19d-463d-b3b4-43a0b4a3810f,2025-08-30T17:54:00,40e6ddd6-b8f6-4e17-8bd6-5e53966809d2,1000,40,1040
8642be8a-bfb0-4ab5-8731-33f90f1935f5,9db0e79f-fdea-4290-ba7b-114141f33d1f,2025-08-30T18:06:00,4b6c2304-2b9e-41e4-942a-cf11a1819378,1700,102,1802
1c41cd22-93c1-4d7f-b677-29dd3093d513,d51ebab3-97b1-482d-9ccd-7368f01000f7,2025-08-30T18:26:00,4b6c2304-2b9e-41e4-942a-cf11a1819378,500,30,530
7ecf22ec-989b-43fa-ad75-80af5fe9e7df,701ab460-123c-42eb-bae0-fbe7a111ebd7,2025-08-30T18:37:00,40e6ddd6-b8f6-4e17-8bd6-5e53966809d2,600,24,624
f41aeed8-ee6b-46fa-ae73-adaf0c39a027,bcff2252-fa4f-4a03-88eb-6ff7b0e010a0,2025-08-30T19:11:00,40e6ddd6-b8f6-4e17-8bd6-5e53966809d2,1100,44,1144
fff22faa-d18f-47e5-bbc7-e8eb6c0bc54e,466ab61a-8180-4d06-90cc-2a380a0e6f0f,2025-08-30T19:14:00,40e6ddd6-b8f6-4e17-8bd6-5e53966809d2,600,24,624
e7273d1e-d438-4eb6-9faf-cf3bc6082f37,7d0a9ece-1d73-43ea-98e7-8bbe21e890ec,2025-08-31T07:00:00,4b6c2304-2b9e-41e4-942a-cf11a1819378,1100,65,1165
d31907fe-80dd-4f71-80d3-b442a1297bff,861181e6-5d97-48a8-bbe4-226caa976140,2025-08-31T07:00:00,4b6c2304-2b9e-41e4-942a-cf11a1819378,600,36,636
4632562d-5490-4a70-81d5-d9471bde3072,bab8979a-8cd9-477b-bbd7-2e1dbab88437,2025-08-31T07:00:00,4b6c2304-2b9e-41e4-942a-cf11a1819378,500,30,530
300b9e45-996d-4107-abaa-ffd3a5fbb7fa,d7615aca-6de3-4a17-8fd0-212330ca9c28,2025-08-31T07:00:00,40e6ddd6-b8f6-4e17-8bd6-5e53966809d2,500,20,520
9b656690-8863-4335-8ef7-a381090e67e7,fd9f1577-416e-472f-aad7-7bd5c56293f5,2025-08-31T07:00:00,40e6ddd6-b8f6-4e17-8bd6-5e53966809d2,600,24,624
ec035dbe-32d8-481a-997c-feaefe362771,c9750567-c933-4797-9313-ec159ddcb6d2,2025-08-31T07:00:00,40e6ddd6-b8f6-4e17-8bd6-5e53966809d2,700,28,728
6462adf6-75ac-4413-9539-44130e0ecbdc,30380af9-7c90-4e56-9717-61064c5ca79c,2025-08-31T07:00:00,40e6ddd6-b8f6-4e17-8bd6-5e53966809d2,600,24,624
158ba2f6-b464-445f-9ff4-fe1242104991,2f76575f-2d85-40ca-8f3b-82b14debc678,2025-08-31T07:00:00,40e6ddd6-b8f6-4e17-8bd6-5e53966809d2,400,16,416
2ce68885-7fe1-4b09-a70c-b63a075d42fe,779b7f09-bfd0-4ab7-a46f-9f6eecb13030,2025-08-31T07:00:00,40e6ddd6-b8f6-4e17-8bd6-5e53966809d2,700,28,728
b07ec5f0-8f37-468b-bf54-926ab5108222,2f771a5a-3d76-48e3-985b-b7e91e092c46,2025-08-31T07:01:00,40e6ddd6-b8f6-4e17-8bd6-5e53966809d2,500,20,520
1dce1e57-498f-42b3-92e1-407656ebb13b,aa006c1b-6b97-4f02-99a9-57923d13eb8f,2025-08-31T07:02:00,4b6c2304-2b9e-41e4-942a-cf11a1819378,700,42,742
05a552f5-e013-4851-8525-327e24f4a6a5,3cbc7f74-54e3-47c2-b02f-229f7ca60a5c,2025-08-31T07:03:00,40e6ddd6-b8f6-4e17-8bd6-5e53966809d2,400,16,416
f2365fd7-f822-493f-8837-e5c2a3fb4c68,628b0262-278b-4522-aa31-ed61da01b78a,2025-08-31T07:04:00,40e6ddd6-b8f6-4e17-8bd6-5e53966809d2,3700,148,3848
5b2c3937-da57-4a18-8ed3-0f33cacaae2b,9455079c-4344-4995-939d-8184d7eb02e7,2025-08-31T07:06:00,4b6c2304-2b9e-41e4-942a-cf11a1819378,600,36,636
503cff69-81f2-4ad8-97f6-a7e3ce90c7f4,87a00a98-1d65-4fba-92f9-41ac07bce2bd,2025-08-31T07:06:00,40e6ddd6-b8f6-4e17-8bd6-5e53966809d2,400,16,416
a3c022af-2543-436b-931f-10cd614ffa26,7aa35447-7686-43f7-bb98-14b1bc5fe250,2025-08-31T07:09:00,40e6ddd6-b8f6-4e17-8bd6-5e53966809d2,500,20,520
ea35fb63-7adc-41d5-8164-bc2c3739d132,03410ea3-1e8a-40ef-9322-bc532f78f7ff,2025-08-31T07:14:00,40e6ddd6-b8f6-4e17-8bd6-5e53966809d2,700,28,728
990cfe9e-a9be-4e6a-82a7-c8e9d7f8c560,2a26f327-c9ef-40f4-bb8c-c809417caad1,2025-08-31T07:16:00,4b6c2304-2b9e-41e4-942a-cf11a1819378,700,42,742
8bb964f6-3a92-4072-baa6-765ddc133c89,bd463573-d217-4411-9ac0-8b72bd7609cd,2025-08-31T07:16:00,4b6c2304-2b9e-41e4-942a-cf11a1819378,600,36,636
a2d2ec10-0846-47d3-a23b-1068110d7edc,a0a83e46-f548-4a18-a79a-5ecdd85b6c8e,2025-08-31T07:20:00,40e6ddd6-b8f6-4e17-8bd6-5e53966809d2,700,28,728
4dc335b4-f282-40d7-936f-ab8ad1184c04,71972ade-a5de-461b-aac8-49774ccb1a4a,2025-08-31T07:21:00,4b6c2304-2b9e-41e4-942a-cf11a1819378,600,36,636
85b02321-1206-4bbe-a149-e785f93b3d66,67f25b4e-183c-4a43-9227-09966e445b42,2025-08-31T07:21:00,40e6ddd6-b8f6-4e17-8bd6-5e53966809d2,700,28,728
c6753e2e-24f7-46b9-b59d-ae41f2d9fb7b,64fec69e-52e2-471f-9fbc-7a8e33f991bd,2025-08-31T07:22:00,4b6c2304-2b9e-41e4-942a-cf11a1819378,400,24,424
3f4701d4-85e4-454d-bab4-67e9f118621c,b4413ac0-2fc9-4c91-b188-71c109d9be8f,2025-08-31T07:23:00,4b6c2304-2b9e-41e4-942a-cf11a1819378,600,36,636
2ecdf1cd-6c6f-41d4-b751-8477c0103a54,b4cc95b0-6dbf-4264-a3ef-43fbbadf652a,2025-08-31T07:24:00,4b6c2304-2b9e-41e4-942a-cf11a1819378,700,42,742
844cd2db-2e34-4d69-81a9-9fa5f730dea8,bbe44e0a-dc83-4c13-a357-89d0c4f06f29,2025-08-31T07:24:00,40e6ddd6-b8f6-4e17-8bd6-5e53966809d2,600,24,624
e649688d-946b-4b10-84df-07743141e053,e6e0c2ef-00b6-4d38-a129-32d4aa4e795d,2025-08-31T07:25:00,4b6c2304-2b9e-41e4-942a-cf11a1819378,600,36,636
fa18d447-1179-4fd0-bf40-4720d3ccb020,bb0bc182-b8f7-4f26-b794-dca522dd4cec,2025-08-31T07:26:00,4b6c2304-2b9e-41e4-942a-cf11a1819378,600,36,636
db41722e-425a-4f6f-9d4f-9ea4cc363af5,125d87d5-a36a-4f4e-865c-3122386e88ca,2025-08-31T07:26:00,4b6c2304-2b9e-41e4-942a-cf11a1819378,400,24,424
49dfe272-7b06-4997-a88c-5879c26aeb12,95381466-0836-4fd0-b05c-e8ca6147a51f,2025-08-31T07:26:00,40e6ddd6-b8f6-4e17-8bd6-5e53966809d2,400,16,416
c5f46d7a-7331-4911-a73f-9e679fd49cb1,49421d99-2baa-4a3f-bbff-4e4d4e0062aa,2025-08-31T07:27:00,40e6ddd6-b8f6-4e17-8bd6-5e53966809d2,500,20,520
433df888-7bb8-4410-b89d-c8d42980824a,3b5801eb-5e85-44e1-abb0-6e1879e5e0ac,2025-08-31T07:28:00,4b6c2304-2b9e-41e4-942a-cf11a1819378,700,42,742
44a228e1-125d-4329-bb80-d575f996024c,a5781cf5-d32e-4370-b0f8-4f229bc0efa4,2025-08-31T07:29:00,4b6c2304-2b9e-41e4-942a-cf11a1819378,600,36,636
ddb3967e-a225-4520-83be-bfaf3421e337,f4c0d073-250c-455a-a84a-848e56ae7048,2025-08-31T07:29:00,40e6ddd6-b8f6-4e17-8bd6-5e53966809d2,600,24,624
ca0c3c96-4db7-4d01-99e7-3e8cc7fd2c19,e58c63e7-69a9-49cb-947e-5841010ca567,2025-08-31T07:30:00,4b6c2304-2b9e-41e4-942a-cf11a1819378,400,24,424
fdf9ebb1-fb2a-40f8-a33f-2f045922144c,355d89d9-bf5a-41df-9382-a5e57cbbbec4,2025-08-31T07:30:00,40e6ddd6-b8f6-4e17-8bd6-5e53966809d2,700,28,728
6c4d97fb-5595-4f37-a28e-abd292ee7d6f,0327ed4c-b4a3-4746-9221-3bb172a05c50,2025-08-31T07:31:00,4b6c2304-2b9e-41e4-942a-cf11a1819378,600,36,636
8a7ddbb1-4272-4f9b-ab44-0557635a6cb5,bd72d373-2261-4193-bee7-41d3bfd08ef1,2025-08-31T07:31:00,4b6c2304-2b9e-41e4-942a-cf11a1819378,600,36,636
b2a6b99f-8cd6-4c7a-8edb-2de9143573f2,34a9dd73-95d0-45d9-a3fb-636e4e080a6c,2025-08-31T07:32:00,4b6c2304-2b9e-41e4-942a-cf11a1819378,600,36,636
32084c37-a674-43bb-b3cd-f2f0d682dbeb,a5066e8e-de65-4798-9ed5-f6cae5f86031,2025-08-31T07:32:00,40e6ddd6-b8f6-4e17-8bd6-5e53966809d2,700,28,728
8f084297-edf9-4aa0-b982-a716d1c68772,2a6409ee-29ac-483f-a2a7-9074fcb50191,2025-08-31T07:32:00,40e6ddd6-b8f6-4e17-8bd6-5e53966809d2,700,28,728
7a2cd2cd-c8ea-49da-bbcf-2e0024d9cee5,2b4b540f-9423-4186-8164-4566e5e908f2,2025-08-31T07:32:00,40e6ddd6-b8f6-4e17-8bd6-5e53966809d2,600,24,624
1c0f673e-7909-4803-8c77-7a59bc29016e,ce8210c0-c537-4fd0-80ef-c3e8063b748a,2025-08-31T07:33:00,40e6ddd6-b8f6-4e17-8bd6-5e53966809d2,600,24,624
0973f7c1-b356-4828-ad66-cc5d523f8ac7,63b6d2f8-4e38-4b4c-bf67-6651399b4453,2025-08-31T07:34:00,4b6c2304-2b9e-41e4-942a-cf11a1819378,600,36,636
63ba90c5-da92-4c0b-b489-1b31e66ce1d8,890861ac-5e77-4568-aaff-807b37e6f872,2025-08-31T07:35:00,4b6c2304-2b9e-41e4-942a-cf11a1819378,500,30,530
9773ed1d-39a2-437b-8c17-10153378048f,b761dca2-f8ff-4709-b645-9b0591dfa353,2025-08-31T07:35:00,4b6c2304-2b9e-41e4-942a-cf11a1819378,600,36,636
4747ecb8-7537-4d71-a596-86b1f43aa76e,d45ce04e-1258-4744-ab7d-af982c28565d,2025-08-31T07:35:00,40e6ddd6-b8f6-4e17-8bd6-5e53966809d2,500,20,520
e7a0a4be-d8c2-4f69-b5bb-4118f1391ed8,dccd3e5d-2076-4fc6-aa79-87579e134ce1,2025-08-31T07:36:00,4b6c2304-2b9e-41e4-942a-cf11a1819378,400,24,424
3664acba-d551-4d57-98d6-9fa3606322a2,cc6587b9-1ad1-4f99-bb8b-dc23f1621ea6,2025-08-31T07:36:00,40e6ddd6-b8f6-4e17-8bd6-5e53966809d2,600,24,624
7f79f25a-dfdf-4e53-865f-565520e90559,376d586e-00b0-4a49-9695-ddac46fb337e,2025-08-31T07:36:00,40e6ddd6-b8f6-4e17-8bd6-5e53966809d2,500,20,520
9b6b3e4b-3b39-448d-bcab-89d67b0060e0,314d5517-f29b-49b2-a076-3abe12756120,2025-08-31T07:38:00,40e6ddd6-b8f6-4e17-8bd6-5e53966809d2,700,28,728
635c8480-c86c-4fbb-bd73-7c2c08fd4e0d,ed5f2f3e-8bef-4da7-b30c-90c3fa5f40ea,2025-08-31T07:38:00,40e6ddd6-b8f6-4e17-8bd6-5e53966809d2,400,16,416
138dee36-63a4-4f0a-8aca-f196ae716758,710200a9-2c6c-4f21-b3f1-3ed6aa684fa2,2025-08-31T07:39:00,4b6c2304-2b9e-41e4-942a-cf11a1819378,600,36,636
fae9257b-709a-4bdb-a168-7d2838aafc77,3810f8e6-9278-4c26-9be0-d6d6c35fe477,2025-08-31T07:39:00,4b6c2304-2b9e-41e4-942a-cf11a1819378,600,36,636
419f981a-d890-4e46-a549-eea1395ff887,73d9c423-e9d4-428f-bfaa-b073b2c1f454,2025-08-31T07:41:00,40e6ddd6-b8f6-4e17-8bd6-5e53966809d2,600,24,624
4a4cbdc8-75b2-4008-8677-8ab9d40d8ebe,36654075-c818-484d-aa9f-b6e8834b1bd5,2025-08-31T07:42:00,4b6c2304-2b9e-41e4-942a-cf11a1819378,600,36,636
295cad90-4d42-4749-b399-934bb5986955,87fc5559-9d20-4780-8c0e-b7c248cd6236,2025-08-31T07:42:00,40e6ddd6-b8f6-4e17-8bd6-5e53966809d2,700,28,728
efb44f0a-43ba-4f10-838c-8daae537668e,e4d6980c-4b68-4255-97a5-2540f5ef35bc,2025-08-31T07:43:00,4b6c2304-2b9e-41e4-942a-cf11a1819378,500,30,530
e1610b7d-a4f3-4600-a29f-8bc5d62baf49,5b070f80-9227-43fd-951b-4c758d20070e,2025-08-31T07:43:00,40e6ddd6-b8f6-4e17-8bd6-5e53966809d2,600,24,624
f4c8909c-a4d5-4863-b59b-112d336976ca,e6debecd-a5cf-4ced-957e-7fb31720480c,2025-08-31T07:44:00,40e6ddd6-b8f6-4e17-8bd6-5e53966809d2,700,28,728
830efd51-18fb-4093-9bbf-56e96b6b9179,2661b9e7-3b2c-40ea-b349-251363d10a4e,2025-08-31T07:44:00,40e6ddd6-b8f6-4e17-8bd6-5e53966809d2,600,24,624
e819586b-2c8f-4662-8864-f6e4c69c418d,ff29ece6-95da-4800-acd2-b14950a339dd,2025-08-31T07:45:00,4b6c2304-2b9e-41e4-942a-cf11a1819378,600,36,636
9116ded6-c922-4e9b-974f-bcba541e708b,2aaf9fc4-0801-4163-8cc8-39558682f704,2025-08-31T07:45:00,4b6c2304-2b9e-41e4-942a-cf11a1819378,600,36,636
0a28bca0-56d0-4e5b-86a6-f7fe5d50809c,2e0d6ce4-794d-4494-bd1d-f44dbca8683f,2025-08-31T07:45:00,40e6ddd6-b8f6-4e17-8bd6-5e53966809d2,600,24,624
3ca2e294-10f3-4d89-9ac2-9abc98ef6f1c,26ebc43f-cfbf-4fa1-9c7f-9134871f7b65,2025-08-31T07:45:00,40e6ddd6-b8f6-4e17-8bd6-5e53966809d2,600,24,624
3791c4bc-1e90-48d2-9a30-136a2e57476f,5261268c-aa94-438a-921a-05efc0d414ac,2025-08-31T07:46:00,4b6c2304-2b9e-41e4-942a-cf11a1819378,600,36,636
c170e873-5dc7-4b9c-87e8-e88f36de9487,83864095-dda9-4a16-ab3a-ba6429fa3dbd,2025-08-31T07:46:00,40e6ddd6-b8f6-4e17-8bd6-5e53966809d2,400,16,416
cc860c87-3b8e-49f0-bf93-082282260546,28c1b6d1-da1f-4187-98af-4e43f096b00d,2025-08-31T07:47:00,40e6ddd6-b8f6-4e17-8bd6-5e53966809d2,700,28,728
9f25c337-a172-4c4c-99ca-067a30e43a34,0d2974c5-d4de-4163-bf27-73d86a77b048,2025-08-31T07:48:00,4b6c2304-2b9e-41e4-942a-cf11a1819378,700,42,742
779eb28a-938c-424c-9aa2-b040b2d283e2,be6fcaa5-9911-4bb6-b97c-47eb53c88b32,2025-08-31T07:48:00,4b6c2304-2b9e-41e4-942a-cf11a1819378,600,36,636
d6e1d56a-a22d-4d4c-adc6-3a24de8f02ed,d6914b8f-0d72-4044-a61b-055adb02f005,2025-08-31T07:48:00,40e6ddd6-b8f6-4e17-8bd6-5e53966809d2,600,24,624
2cecb886-e8f1-4e44-9a4f-6b66b680f936,84ee8f13-e5a2-4988-8f65-daa65801c5d1,2025-08-31T07:49:00,4b6c2304-2b9e-41e4-942a-cf11a1819378,400,24,424
a803156e-74d2-463f-af19-12561faffeab,a3d91be1-b5d9-4d3c-bdd8-ab49cd378f30,2025-08-31T07:49:00,4b6c2304-2b9e-41e4-942a-cf11a1819378,400,24,424
32dece3d-0416-4b8f-ba1e-ddb3443c7592,4d9a6ab4-f181-4f8c-9beb-e4cd9774b5d7,2025-08-31T07:49:00,40e6ddd6-b8f6-4e17-8bd6-5e53966809d2,500,20,520
d894d6fb-4545-48f0-97ce-cdf9a5cc8e9a,6faa20a4-1e8f-43a8-9a45-33ae5f675190,2025-08-31T07:50:00,4b6c2304-2b9e-41e4-942a-cf11a1819378,400,24,424
e4b09718-459e-4eb2-9654-72ebba277035,fa08fd03-3569-400d-9d63-e8ae15712195,2025-08-31T07:50:00,4b6c2304-2b9e-41e4-942a-cf11a1819378,500,30,530
5d1a8f36-2ab0-4657-afc7-0dcae0b9c767,53352c2c-02b9-41af-b276-94d6d22379fe,2025-08-31T07:50:00,40e6ddd6-b8f6-4e17-8bd6-5e53966809d2,400,16,416
0edb5fc4-2222-4904-9366-582c9bbd4735,a692df88-38f3-4725-84a6-73ec7e6c7ab5,2025-08-31T07:50:00,40e6ddd6-b8f6-4e17-8bd6-5e53966809d2,500,20,520
37a95ad2-a480-44d8-832d-ba1997e91261,5d59a09d-7696-4e1b-a171-abe3b79fff2d,2025-08-31T07:51:00,4b6c2304-2b9e-41e4-942a-cf11a1819378,400,24,424
45b4e96a-1207-47a3-8122-e31401e9cdea,8a77ab59-ae1e-4b71-ab66-66bda4615cfd,2025-08-31T07:51:00,4b6c2304-2b9e-41e4-942a-cf11a1819378,600,36,636
6d08e020-10a9-42e9-be00-5f64b514ccb5,5b6d3273-0554-4f9d-bc05-2157626c1ad0,2025-08-31T07:51:00,40e6ddd6-b8f6-4e17-8bd6-5e53966809d2,600,24,624
26542fe5-43df-488e-aa26-4fd59793ea9a,0db82818-585b-4e3f-9898-2a72727c2e42,2025-08-31T07:52:00,4b6c2304-2b9e-41e4-942a-cf11a1819378,500,30,530
d548d074-7533-48cd-9f89-844d5275c87d,4232e434-92ef-4ff9-a069-d1e5312ebda2,2025-08-31T07:52:00,40e6ddd6-b8f6-4e17-8bd6-5e53966809d2,700,28,728
dec30763-1c22-4ffa-a6c4-2a89e3452cbc,89b94667-2d12-4e7a-bfdd-f37056d10195,2025-08-31T07:52:00,40e6ddd6-b8f6-4e17-8bd6-5e53966809d2,600,24,624
88b4ca64-5ca0-45d3-833c-bb2295eb064b,1439dc05-4ab9-4995-90c7-d9437ae94f50,2025-08-31T07:52:00,40e6ddd6-b8f6-4e17-8bd6-5e53966809d2,600,24,624
67348fd5-0776-440e-8bba-36d76db532de,76d2b7be-1fa1-441b-9de1-97c64d06c646,2025-08-31T07:52:00,40e6ddd6-b8f6-4e17-8bd6-5e53966809d2,500,20,520
e4dfd280-218a-4b50-8bac-1d2f4932286c,5350fafc-45eb-4871-a195-d1cc090f9d9c,2025-08-31T07:53:00,4b6c2304-2b9e-41e4-942a-cf11a1819378,600,36,636
48bff530-353b-454b-bcf0-50e186fe4f27,8dcd5fa7-1a1d-413e-9468-5f4b02f2f3fe,2025-08-31T07:53:00,40e6ddd6-b8f6-4e17-8bd6-5e53966809d2,500,20,520
94d0d7f9-96b4-4673-be90-3a4c87ca841f,436ca6dd-1cc3-4ff0-986c-eabb97606b9b,2025-08-31T07:53:00,40e6ddd6-b8f6-4e17-8bd6-5e53966809d2,700,28,728
376f38eb-e760-49cc-8c48-26350fb2984f,d47a83f3-a765-4a20-b40c-e0993cf00e4f,2025-08-31T07:54:00,4b6c2304-2b9e-41e4-942a-cf11a1819378,700,42,742
54a74892-47ec-4e1a-a960-5f1c25fe4b9f,6058494e-8390-41a7-9c1b-182902dda8db,2025-08-31T07:54:00,4b6c2304-2b9e-41e4-942a-cf11a1819378,600,36,636
9feb2f78-6e02-447c-b5a0-975ef393499b,5a62f2b9-646a-4b84-b570-661ca33a139f,2025-08-31T07:55:00,40e6ddd6-b8f6-4e17-8bd6-5e53966809d2,700,28,728
4bb33c3e-5f85-4e74-926b-3017cbf50e9f,97bbee89-2209-4d9a-9f20-d3327baf7efe,2025-08-31T07:55:00,40e6ddd6-b8f6-4e17-8bd6-5e53966809d2,700,28,728
d2f1f560-abed-4da0-b3f8-229a4c5c13a9,6f595044-c1c1-4b1b-8b9a-6ba836a7d845,2025-08-31T07:55:00,40e6ddd6-b8f6-4e17-8bd6-5e53966809d2,400,16,416
35f888cc-a4e4-4038-a270-8a035b569aae,bd081d89-0320-4774-bb4c-798b6e253b0e,2025-08-31T07:56:00,4b6c2304-2b9e-41e4-942a-cf11a1819378,600,36,636
addca330-b73f-45de-9914-5522d919ea09,8e119f8a-036b-4da9-bbae-98ab4fb61e2f,2025-08-31T07:56:00,40e6ddd6-b8f6-4e17-8bd6-5e53966809d2,400,16,416
f3a8987e-c558-432f-8dbe-4fdea778bd0d,920c0197-3c76-4cb7-90f7-b1a687043563,2025-08-31T07:57:00,40e6ddd6-b8f6-4e17-8bd6-5e53966809d2,600,24,624
167b86a6-bf17-4a55-8e04-a5ba8af8d4e4,d6de888a-0aee-4f77-a7d4-daba8f0da415,2025-08-31T07:58:00,4b6c2304-2b9e-41e4-942a-cf11a1819378,500,30,530
940c5e17-ec42-4c32-b206-923be70ff63e,341da637-6927-4a64-8183-13ec96005b5f,2025-08-31T07:58:00,4b6c2304-2b9e-41e4-942a-cf11a1819378,400,24,424
275acc16-0cc3-45a1-a526-5e05523a47a4,4c11a926-7100-4d06-8910-5b0d5f3d7e9a,2025-08-31T07:58:00,4b6c2304-2b9e-41e4-942a-cf11a1819378,600,36,636
392b9804-b95c-490e-a5ad-7fe71c508e4f,e6173937-b216-46db-b863-ec7526285150,2025-08-31T07:58:00,40e6ddd6-b8f6-4e17-8bd6-5e53966809d2,400,16,416
7be4b736-f7c1-4559-a488-95a441eb4833,9aaa8391-995f-4006-8413-c590098fc46a,2025-08-31T07:59:00,4b6c2304-2b9e-41e4-942a-cf11a1819378,600,36,636
7c17991e-5bf5-4357-8ba7-6aff58d33d58,e77008c8-b7e1-4bb6-93d8-8383d6385531,2025-08-31T07:59:00,4b6c2304-2b9e-41e4-942a-cf11a1819378,600,36,636
23858784-ddae-476f-a5ae-7270803d52e9,e4adb740-2faa-44fc-bc18-4aa698032414,2025-08-31T07:59:00,4b6c2304-2b9e-41e4-942a-cf11a1819378,500,30,530
479ec619-c79a-449c-b6e9-e1bc9b10d211,b0da7a9b-77d7-407d-8506-51705503fa05,2025-08-31T08:00:00,4b6c2304-2b9e-41e4-942a-cf11a1819378,500,30,530
1225c4d2-a67e-4166-bdde-ef0ce4726cad,1acd402c-8758-4f7a-9a24-57636d44ede6,2025-08-31T08:00:00,40e6ddd6-b8f6-4e17-8bd6-5e53966809d2,500,20,520
6f310324-2591-4297-bdd6-abe1f0c5cfcf,333d41f0-5f4d-48cb-b3bd-042814f9b7f8,2025-08-31T08:01:00,4b6c2304-2b9e-41e4-942a-cf11a1819378,500,30,530
d2ec13fd-603e-4d93-a046-1280b963a251,8e5821f5-d035-421b-a56a-6ed02c100432,2025-08-31T08:01:00,4b6c2304-2b9e-41e4-942a-cf11a1819378,400,24,424
0967c515-afae-459a-b8e0-150591f94531,a43342bc-a956-480b-8ef3-7b28e61c9b9b,2025-08-31T08:01:00,40e6ddd6-b8f6-4e17-8bd6-5e53966809d2,600,24,624
68ccab8c-82b4-4095-ae90-babc0b6d37a8,aef5051b-ee62-4974-994d-fbb200c5f89c,2025-08-31T08:04:00,40e6ddd6-b8f6-4e17-8bd6-5e53966809d2,600,24,624
df3cfaaa-0234-4a79-8de8-9fb1b7e4ff3e,1c3dc001-75eb-4fb9-b3ad-59a3be5b31ac,2025-08-31T08:05:00,40e6ddd6-b8f6-4e17-8bd6-5e53966809d2,700,28,728
c12ebad9-5285-492b-ad90-3212e552e251,5bc10fee-ced7-43f1-91e5-597bd89faff6,2025-08-31T08:05:00,40e6ddd6-b8f6-4e17-8bd6-5e53966809d2,600,24,624
f84a81b5-ab5f-4c92-91de-d91571c2fdf8,36708614-1e24-453b-8593-b03eb1a7c5b8,2025-08-31T08:06:00,40e6ddd6-b8f6-4e17-8bd6-5e53966809d2,400,16,416
5e5267ae-0137-4358-932d-452c64ca1ac9,cfefbf12-9a5a-4d61-a708-d92f785af097,2025-08-31T08:07:00,4b6c2304-2b9e-41e4-942a-cf11a1819378,500,30,530
c01df61c-ab83-46a2-802a-f20267e5e7f3,bf03895d-6d44-49a2-8183-81c4e89eac75,2025-08-31T08:07:00,40e6ddd6-b8f6-4e17-8bd6-5e53966809d2,700,28,728
932329d7-b00f-48a0-9d7c-25d099cd4b98,866ec748-2021-45f8-9170-6c393fca1e65,2025-08-31T08:07:00,40e6ddd6-b8f6-4e17-8bd6-5e53966809d2,500,20,520
fb811959-6ae2-4e3f-afe1-4f93f28bb148,a2effce6-3ad2-4811-940b-bbb5a4ad9b67,2025-08-31T08:07:00,40e6ddd6-b8f6-4e17-8bd6-5e53966809d2,400,16,416
2cf79940-d9ca-4d16-a1f2-d0d36ac929b1,9f72b282-1f70-450b-988f-9b3029fa121e,2025-08-31T08:07:00,40e6ddd6-b8f6-4e17-8bd6-5e53966809d2,600,24,624
ae4ed6d4-9ed1-4541-a2cf-a2b48ee064b9,5d24b6bc-2eea-4766-a11d-b0aed43f038a,2025-08-31T08:08:00,4b6c2304-2b9e-41e4-942a-cf11a1819378,400,24,424
c64776b1-cd03-45dc-8348-dd0325054f9c,2e1fd151-264e-4a4a-8584-733dd5da3152,2025-08-31T08:08:00,40e6ddd6-b8f6-4e17-8bd6-5e53966809d2,500,20,520
c28090d2-ba15-426c-be99-7ab69b51a65b,3c7a4cde-d92b-4d90-a731-9c0461ae8c90,2025-08-31T08:09:00,4b6c2304-2b9e-41e4-942a-cf11a1819378,500,30,530
873637fd-c9b3-4b21-83c0-5e5fb094d091,388a03fa-6bff-4153-afbb-2349b43c876e,2025-08-31T08:09:00,40e6ddd6-b8f6-4e17-8bd6-5e53966809d2,500,20,520
102ba793-d1d2-4ad7-ab8b-70650fb1a7b4,4dc2aa9c-8633-4861-b795-5b285cf76a1f,2025-08-31T08:10:00,4b6c2304-2b9e-41e4-942a-cf11a1819378,500,30,530
5b067f79-cc83-416e-a2c4-38653a5f940f,adf0d9db-c6a0-4226-a93f-30482ccd9d28,2025-08-31T08:10:00,4b6c2304-2b9e-41e4-942a-cf11a1819378,600,36,636
8341d458-4b9d-4c77-bf40-fcf876ddd818,285bfea1-4dec-4f9d-a9f6-3b3cb20fdde9,2025-08-31T08:10:00,4b6c2304-2b9e-41e4-942a-cf11a1819378,500,30,530
dfb258a0-d8fa-4965-83ee-eb93ac59f560,3e28e5b6-fe21-474e-b5bc-95ac85c187ad,2025-08-31T08:11:00,4b6c2304-2b9e-41e4-942a-cf11a1819378,500,30,530
669158c7-780f-49d8-9980-299aafc88cc4,a3867ed0-9303-4ce2-b40d-a9711a5efef0,2025-08-31T08:11:00,40e6ddd6-b8f6-4e17-8bd6-5e53966809d2,600,24,624
d8553129-7fa7-4e5b-9574-cec0e3642ed3,4acffd44-9d77-4c09-afdb-e7f93ee5518b,2025-08-31T08:12:00,4b6c2304-2b9e-41e4-942a-cf11a1819378,400,24,424
10c68b6b-4484-4f0f-b05d-cf5b8d7c3933,7e2a9b35-5e70-4df4-889c-34732fd2ee32,2025-08-31T08:12:00,40e6ddd6-b8f6-4e17-8bd6-5e53966809d2,600,24,624
45c173d1-066f-4a75-a3fa-bdc2cf88f719,72fd6924-b954-4c8f-9c0b-2545d0efe53b,2025-08-31T08:13:00,4b6c2304-2b9e-41e4-942a-cf11a1819378,600,36,636
fc0313a5-07bd-47ea-b8d5-1f941faa97ff,80617fda-335d-411d-aed3-ca3917a8cff2,2025-08-31T08:13:00,40e6ddd6-b8f6-4e17-8bd6-5e53966809d2,500,20,520
9f35086e-b3b8-43a6-b1e8-c742cf5c99c0,0ed041f5-3d65-4f50-b23e-849b527ee107,2025-08-31T08:13:00,40e6ddd6-b8f6-4e17-8bd6-5e53966809d2,600,24,624
d8e6b07d-9cb9-4d20-9bdc-17111d14f81b,5484b02b-221a-4bbe-86a3-3eccdcf8d2ae,2025-08-31T08:13:00,40e6ddd6-b8f6-4e17-8bd6-5e53966809d2,600,24,624
c0170a8b-4852-48ee-bbb5-6c7a1a1725b0,2609004e-90a8-450e-98f3-5ebc16841cd5,2025-08-31T08:14:00,4b6c2304-2b9e-41e4-942a-cf11a1819378,600,36,636
069907bc-069a-426c-ae81-cfd6b591394c,77475cfc-c7a4-44fd-aa82-b68053aa7540,2025-08-31T08:14:00,40e6ddd6-b8f6-4e17-8bd6-5e53966809d2,600,24,624
f6d1a004-6d02-4846-974c-aa48891cf1e1,3d6f18db-a49c-4563-9445-68d4e02bd664,2025-08-31T08:14:00,40e6ddd6-b8f6-4e17-8bd6-5e53966809d2,600,24,624
f9b211b1-2bde-45d5-9670-33025c222e48,0f1df561-31c0-417e-909b-4b054c45baaf,2025-08-31T08:15:00,40e6ddd6-b8f6-4e17-8bd6-5e53966809d2,600,24,624
83a07fd6-84a2-4738-ace1-e6981aa73f01,01450c81-3eae-4663-a704-f91c175e17f0,2025-08-31T08:16:00,4b6c2304-2b9e-41e4-942a-cf11a1819378,500,30,530
457d3321-ed0d-4186-be01-defd22bc8a66,212484cd-56e9-4934-ab9b-69d43228ee16,2025-08-31T08:16:00,40e6ddd6-b8f6-4e17-8bd6-5e53966809d2,600,24,624
fbddc352-e7c4-4b73-befa-6a59c64f41c9,0e4dbbf0-e4a8-4015-9595-c0b9bec0f9e5,2025-08-31T08:16:00,40e6ddd6-b8f6-4e17-8bd6-5e53966809d2,500,20,520
61045d81-2e22-40a8-9be1-e91e842c8ab4,d4d6e685-70a2-49ea-b511-383a54d18cfa,2025-08-31T08:17:00,40e6ddd6-b8f6-4e17-8bd6-5e53966809d2,600,24,624
bf6122c1-4f9a-4279-b52b-de17378683af,89a5d615-2bb0-4843-8177-90bf7f452bfe,2025-08-31T08:17:00,40e6ddd6-b8f6-4e17-8bd6-5e53966809d2,700,28,728
d5e56a88-d4c0-4a84-b561-cc4191411acb,1c4a9464-3e0e-45d2-9ca2-87c36b03f80b,2025-08-31T08:19:00,4b6c2304-2b9e-41e4-942a-cf11a1819378,3100,186,3286
bb8975e7-f014-404a-9e23-0c2c7a782d91,8ebb4b7d-ed19-43be-a647-6c3a9a6a166a,2025-08-31T08:19:00,4b6c2304-2b9e-41e4-942a-cf11a1819378,400,24,424
c69e01af-cf4b-426e-8a88-45dc755b9c36,b2310c7d-702b-4e62-b938-3b19262bd9e9,2025-08-31T08:19:00,40e6ddd6-b8f6-4e17-8bd6-5e53966809d2,400,16,416
3beb416c-ed7b-42cf-887a-b395dae6c257,1a1fa253-a2de-457a-9397-7c6c80d5d589,2025-08-31T08:20:00,40e6ddd6-b8f6-4e17-8bd6-5e53966809d2,400,16,416
79bd78f4-9380-4808-b4eb-45a63455e415,9668fd00-799b-4cff-811f-a3e0528d255d,2025-08-31T08:21:00,40e6ddd6-b8f6-4e17-8bd6-5e53966809d2,700,28,728
40609787-2be6-418b-89af-5d2c7634a44b,13ae1187-ebff-4588-bbf0-db26b1bbb598,2025-08-31T08:22:00,4b6c2304-2b9e-41e4-942a-cf11a1819378,600,36,636
beb2779d-bbe4-44b7-9cd4-80f799367722,61004774-fb70-403c-ae81-a1e9cd187146,2025-08-31T08:22:00,40e6ddd6-b8f6-4e17-8bd6-5e53966809d2,700,28,728
63a0dcef-b638-4d1e-a653-4955414999cf,12c154ff-46ac-45a7-921c-2404994ecc21,2025-08-31T08:22:00,40e6ddd6-b8f6-4e17-8bd6-5e53966809d2,600,24,624
503df681-ae55-41c8-aa92-efb8ccdfd4f0,49a68f77-776a-4b4b-b668-48e489f414ae,2025-08-31T08:22:00,40e6ddd6-b8f6-4e17-8bd6-5e53966809d2,500,20,520
660768a9-a3c6-4503-adf7-641f3e5390f0,3785fc7c-35aa-4e40-b620-f54b10e8a832,2025-08-31T08:22:00,40e6ddd6-b8f6-4e17-8bd6-5e53966809d2,700,28,728
d7e55410-195e-45d8-8b69-f04eae373a12,0872893c-bf01-4853-b91f-a1cc0263fedf,2025-08-31T08:23:00,4b6c2304-2b9e-41e4-942a-cf11a1819378,600,36,636
2edb44cf-0d95-4cd7-bb4c-d19c266abb2b,ff4e2ef5-4f72-41f4-90ea-4f40665b9f5b,2025-08-31T08:23:00,4b6c2304-2b9e-41e4-942a-cf11a1819378,600,36,636
2cd06489-0330-42c6-bc15-729cd276d91c,19fee9df-73a9-41e9-9777-18d2a79ab8b4,2025-08-31T08:23:00,4b6c2304-2b9e-41e4-942a-cf11a1819378,400,24,424
d78c6aa1-1125-4dc9-8661-0593ac6bb4d2,ed7f8737-2c99-408f-afd0-f91c740e414c,2025-08-31T08:23:00,4b6c2304-2b9e-41e4-942a-cf11a1819378,600,36,636
78fcb048-7a73-4b03-a381-b610018a7d0f,b0fb926f-1c66-426d-b796-e9d801b13122,2025-08-31T08:23:00,40e6ddd6-b8f6-4e17-8bd6-5e53966809d2,600,24,624
d0a6d5dd-208d-4ea2-9c74-c93f493fabae,07837268-1f07-43d7-a271-fa0ab4370eee,2025-08-31T08:24:00,40e6ddd6-b8f6-4e17-8bd6-5e53966809d2,400,16,416
0fe55487-57ee-4676-8857-b150efc42e95,cc1816db-c3dd-4c16-8ea7-18fe313472b9,2025-08-31T08:25:00,4b6c2304-2b9e-41e4-942a-cf11a1819378,400,24,424
198a5893-9abf-44a2-8ddc-0ae9dfe50fa5,b998f134-9c6e-4e5b-9a37-d0d9dbc72f85,2025-08-31T08:25:00,4b6c2304-2b9e-41e4-942a-cf11a1819378,700,42,742
10c75972-7074-4c12-ae12-d8daca142492,b3f95dcd-caf0-4d0c-8890-a7b8e231c6b7,2025-08-31T08:25:00,40e6ddd6-b8f6-4e17-8bd6-5e53966809d2,500,20,520
c8337fe0-0651-48d1-b708-6b41a23dd05b,efb0203d-c970-47ec-8644-2090a658224b,2025-08-31T08:25:00,40e6ddd6-b8f6-4e17-8bd6-5e53966809d2,700,28,728
4f43d016-11aa-45d2-ba25-5db610bc4052,9bac4be0-d703-4f1d-a088-1bdb362d3246,2025-08-31T08:27:00,4b6c2304-2b9e-41e4-942a-cf11a1819378,600,36,636
e07c16e5-c764-47b4-943a-c71000e8e986,d77ac8a9-6445-4f65-9a77-b0fb3abe853d,2025-08-31T08:27:00,4b6c2304-2b9e-41e4-942a-cf11a1819378,400,24,424
98a54ef2-d9dc-495b-867b-ceaf46699a47,5bbca380-854e-47a4-ae5c-fd631650a115,2025-08-31T08:28:00,4b6c2304-2b9e-41e4-942a-cf11a1819378,700,42,742
19c1888b-d02c-4c7d-a194-f5395282cb15,ead66f31-3437-42c5-9145-8281898ce326,2025-08-31T08:28:00,4b6c2304-2b9e-41e4-942a-cf11a1819378,400,24,424
048df71b-6375-4b4f-b76c-20f542d9f152,31006b42-8446-43cf-bd23-af4d84ca2c85,2025-08-31T08:29:00,40e6ddd6-b8f6-4e17-8bd6-5e53966809d2,600,24,624
8ccfdb5d-dc82-4445-a524-9c48315a7d35,1d94038e-346e-4263-a10f-7fa4e5d1179e,2025-08-31T08:29:00,40e6ddd6-b8f6-4e17-8bd6-5e53966809d2,700,28,728
f40fde80-bf42-42a7-910a-2af99982abf0,b8edba64-3db4-4841-8f8d-dc00dce6fb67,2025-08-31T08:29:00,40e6ddd6-b8f6-4e17-8bd6-5e53966809d2,500,20,520
a09bd0ca-7851-4316-b44c-177342dd1028,4fc0f100-7ad9-49a8-9620-f0e3a0e42a80,2025-08-31T08:30:00,4b6c2304-2b9e-41e4-942a-cf11a1819378,600,36,636
517a7e5c-bd2c-4926-98bb-8476d6940ae5,296a6b8f-b21e-4485-ad7f-18c1262a0764,2025-08-31T08:30:00,40e6ddd6-b8f6-4e17-8bd6-5e53966809d2,400,16,416
4e95f39f-2a1d-4a4b-add4-616c5927e66b,c0ec2b5c-22e2-4010-a8f9-94431d5860c7,2025-08-31T08:30:00,40e6ddd6-b8f6-4e17-8bd6-5e53966809d2,500,20,520
73b13a55-183d-40a9-a2e6-a84b65d280d5,7755a749-3460-4f0c-a33c-428dccd20885,2025-08-31T08:31:00,40e6ddd6-b8f6-4e17-8bd6-5e53966809d2,700,28,728
5b457c1d-3381-46ff-87fa-407087ad3123,f459a5e8-b280-49fd-904a-3cd3746f4f16,2025-08-31T08:33:00,40e6ddd6-b8f6-4e17-8bd6-5e53966809d2,400,16,416
b919cfff-0d9d-4a51-b485-b01e3b123344,430e5411-6ed3-439b-93c3-e885b2a37d0f,2025-08-31T08:33:00,40e6ddd6-b8f6-4e17-8bd6-5e53966809d2,700,28,728
5cb187e5-8dad-407b-bb78-4395fa6d2bab,300faed1-594b-427c-894e-c46855f06f22,2025-08-31T08:34:00,40e6ddd6-b8f6-4e17-8bd6-5e53966809d2,600,24,624
0ed837a9-17a6-43df-834e-1def02d5ceb5,af16d888-ff4c-4c16-a2f8-9e2a3a9677c7,2025-08-31T08:35:00,4b6c2304-2b9e-41e4-942a-cf11a1819378,600,36,636
641859e8-3035-449c-b5b4-207db7118b49,3483e39a-260f-4974-9366-50c2d833307f,2025-08-31T08:36:00,4b6c2304-2b9e-41e4-942a-cf11a1819378,600,36,636
c667d18a-ef06-4845-8eab-98025493c4e6,71f1cea1-588b-47f5-93c3-4e649541a9e4,2025-08-31T08:36:00,40e6ddd6-b8f6-4e17-8bd6-5e53966809d2,500,20,520
0894f6db-8cdf-4b71-b25b-73a1865c1f47,e5873f83-602d-4424-9c5e-184c56c9d4ba,2025-08-31T08:37:00,40e6ddd6-b8f6-4e17-8bd6-5e53966809d2,600,24,624
579ba648-e0c3-4fa4-9c20-f2f7826f835c,fad2c57b-c35e-4270-8d10-2f067a5ee2b7,2025-08-31T08:37:00,40e6ddd6-b8f6-4e17-8bd6-5e53966809d2,400,16,416
f99177a7-23d9-4a45-a3c1-be0682d0360c,03710ca1-feb1-4206-bd26-3bb8e6a1dac2,2025-08-31T08:38:00,4b6c2304-2b9e-41e4-942a-cf11a1819378,600,36,636
3583e944-91c4-4425-a4c0-91b23fbb6349,d18e4429-67b8-4ac0-8d74-6c1d026d15a7,2025-08-31T08:39:00,40e6ddd6-b8f6-4e17-8bd6-5e53966809d2,500,20,520
e1b45f7e-6177-4990-9372-758e66935d95,c6fb82d9-b6e6-445a-a3d3-0158405a9d16,2025-08-31T08:42:00,4b6c2304-2b9e-41e4-942a-cf11a1819378,600,36,636
7462cb0f-65c8-4fde-9ef6-fce66b328669,09a354a5-a7cb-4687-8a52-c4a71feba0d2,2025-08-31T08:42:00,4b6c2304-2b9e-41e4-942a-cf11a1819378,400,24,424
8659ae16-a1e9-420a-95c5-032893ea1300,8d5fa184-5966-49ce-b3e7-4acfaba98bfd,2025-08-31T08:42:00,40e6ddd6-b8f6-4e17-8bd6-5e53966809d2,700,28,728
3588ad04-7774-47fb-82f8-357bc00cf843,d9464bcd-0a19-4058-8fc1-bea843e6c339,2025-08-31T08:43:00,4b6c2304-2b9e-41e4-942a-cf11a1819378,600,36,636
64b84f37-9e16-4a9f-abb3-b890f0b29279,04b679f3-0691-47bc-975a-fdac41f52db4,2025-08-31T08:43:00,4b6c2304-2b9e-41e4-942a-cf11a1819378,700,42,742
cc55add9-ec90-435d-9972-9b6868059f44,b0cab1cc-6689-4922-a78f-5c6e1c458cd1,2025-08-31T08:45:00,4b6c2304-2b9e-41e4-942a-cf11a1819378,600,36,636
bfcfbe88-2de7-4911-9834-f8e009b65eb3,d3adc9f1-fd4e-45ad-9d75-0919a6617f7a,2025-08-31T08:45:00,40e6ddd6-b8f6-4e17-8bd6-5e53966809d2,600,24,624
10c2d921-c986-42e1-be44-2216e641e2d7,71ed3bfb-d094-47b4-bd02-9589f31e4c1d,2025-08-31T08:46:00,4b6c2304-2b9e-41e4-942a-cf11a1819378,500,30,530
a9c75331-57a4-4620-99aa-ce0100a278e6,1bc088f8-fdf1-442f-9491-1287abc066d3,2025-08-31T08:46:00,40e6ddd6-b8f6-4e17-8bd6-5e53966809d2,700,28,728
2bb147cc-4f54-4a7d-b17c-db799d059f3e,84f816bd-12e2-4633-a419-fc80705977e6,2025-08-31T08:48:00,4b6c2304-2b9e-41e4-942a-cf11a1819378,400,24,424
4d831a4a-094c-4597-a634-ebb65c20db6c,848485f0-198f-4efa-8335-707db71a7434,2025-08-31T08:49:00,4b6c2304-2b9e-41e4-942a-cf11a1819378,700,42,742
f5a00208-bb3c-49e7-8ddb-b1387f7531ea,d6ca14b1-9b55-47f7-be97-787002ca26e5,2025-08-31T08:49:00,40e6ddd6-b8f6-4e17-8bd6-5e53966809d2,600,24,624
3da03d22-6619-44d6-bdc2-eeac7a4614a4,f8486fce-bc07-4a4f-a6e9-ed6a06ba996c,2025-08-31T08:52:00,4b6c2304-2b9e-41e4-942a-cf11a1819378,500,30,530
6efab894-365f-4491-bb82-18433f09857e,2660b7ac-6c46-4392-8ddc-26194c532341,2025-08-31T08:52:00,4b6c2304-2b9e-41e4-942a-cf11a1819378,600,36,636
e8d224cc-f3a5-4d21-b5b9-c7649f6bfb25,c9276a13-5b0f-4ce9-8802-3e0ead192508,2025-08-31T08:53:00,4b6c2304-2b9e-41e4-942a-cf11a1819378,0,0,0
a38a6236-d2c8-43af-a438-adf672369e19,47e4f30d-f965-45df-8474-93d5aeaf7cb2,2025-08-31T08:54:00,4b6c2304-2b9e-41e4-942a-cf11a1819378,1900,113,2013
a9a8d5e2-f612-4775-8cdc-90569ceb34af,2977486c-8467-4a72-a290-db87a9022320,2025-08-31T08:57:00,4b6c2304-2b9e-41e4-942a-cf11a1819378,700,42,742
63d96d06-7ce6-4033-8680-b127f7f0ea81,33d208d7-91f2-4d70-9f75-c1bf87481c15,2025-08-31T08:58:00,40e6ddd6-b8f6-4e17-8bd6-5e53966809d2,700,28,728
393ff31e-554b-4202-8343-33e5c6e6152f,827eed18-8ab1-4e5d-ab00-5d8ac9bb168b,2025-08-31T08:59:00,4b6c2304-2b9e-41e4-942a-cf11a1819378,700,42,742
22d310ae-2ba3-4293-ab58-a8a4de4ec3dd,c108b321-1696-4fbd-8457-87fd61ca65d8,2025-08-31T08:59:00,40e6ddd6-b8f6-4e17-8bd6-5e53966809d2,700,28,728
6c46038f-bf1b-4445-83c2-f3a5813c2bcf,f1c1c41c-e3ac-4d0f-9604-06a648c54aa4,2025-08-31T08:59:00,40e6ddd6-b8f6-4e17-8bd6-5e53966809d2,500,20,520
74347b46-0e8a-4352-a048-f3511eab0ae4,c712217e-16e5-4f51-a9f4-055b5176e747,2025-08-31T09:00:00,40e6ddd6-b8f6-4e17-8bd6-5e53966809d2,500,20,520
47301cb1-1f06-4acf-8a10-f27d2b93968a,661d2fc6-9fa2-4c79-9d19-44c73cb68448,2025-08-31T09:02:00,40e6ddd6-b8f6-4e17-8bd6-5e53966809d2,400,16,416
9a080a04-1b0a-422b-98f2-3fea492e3f63,2ef2eede-fcc3-4c79-a843-4f5ae828d591,2025-08-31T09:04:00,4b6c2304-2b9e-41e4-942a-cf11a1819378,600,36,636
5060c8dd-32a2-479f-be79-3f987548981c,c2457423-d813-4e9b-8cac-e77de71eef5d,2025-08-31T09:04:00,40e6ddd6-b8f6-4e17-8bd6-5e53966809d2,400,16,416
735b9212-51b5-420d-bfd7-410ae652e388,6d622f69-5cf8-4eda-b7ff-4f57f0e66237,2025-08-31T09:04:00,40e6ddd6-b8f6-4e17-8bd6-5e53966809d2,600,24,624
852806d1-ca50-4cdc-84c5-af464ccec60c,3f1fc492-e8ed-4840-97a0-a56592fdc1d9,2025-08-31T09:10:00,4b6c2304-2b9e-41e4-942a-cf11a1819378,600,36,636
c8782710-0989-41d3-91c8-ff2e8eb6790e,359c05d0-e19d-463d-b3b4-43a0b4a3810f,2025-08-31T09:13:00,40e6ddd6-b8f6-4e17-8bd6-5e53966809d2,1000,40,1040
4db61e62-59bd-4646-814a-1696b22bb288,2f162c0f-4d00-4d10-88ca-6dd2b94f24f5,2025-08-31T09:22:00,40e6ddd6-b8f6-4e17-8bd6-5e53966809d2,600,24,624
1211e110-1a92-4c1f-9bd1-a8a4527f77eb,4740d6a5-b760-477f-83d9-7d1c3e04f0ba,2025-08-31T09:34:00,40e6ddd6-b8f6-4e17-8bd6-5e53966809d2,700,28,728
1c48f666-9a21-4325-ac31-0ad2d2b6aa83,b6552330-9932-4624-8855-b5b7aa13d3f4,2025-08-31T09:35:00,4b6c2304-2b9e-41e4-942a-cf11a1819378,500,30,530
babe8083-eba3-419f-8128-027949c71878,3207b0f3-9af4-4ba4-acb1-6ba8ea25f52e,2025-08-31T09:40:00,40e6ddd6-b8f6-4e17-8bd6-5e53966809d2,1000,40,1040
aca35567-dfeb-4410-b223-d5615dd4f16f,f7d61334-5d22-49f8-a022-903921239047,2025-08-31T09:50:00,40e6ddd6-b8f6-4e17-8bd6-5e53966809d2,700,28,728
433a9467-8d87-4b55-8d1a-d1028faa4d8e,6f80c5c6-04ed-4548-83b7-aee06e3700c4,2025-08-31T09:55:00,40e6ddd6-b8f6-4e17-8bd6-5e53966809d2,400,16,416
53a82b3b-649b-4cfe-b6cd-3f2d5832666e,f14bcc19-681e-43a6-94e0-9748a8455850,2025-08-31T09:57:00,40e6ddd6-b8f6-4e17-8bd6-5e53966809d2,500,20,520
f0feefa5-fbf1-4c1b-b0f3-0147bbdfed09,cd67e795-f5fa-470f-9a4f-4060d5951279,2025-08-31T09:58:00,40e6ddd6-b8f6-4e17-8bd6-5e53966809d2,700,28,728
bb8e75a8-6b59-4f00-b527-83225c49fdb6,0e7b96a0-3300-42a0-b46a-0376d91610eb,2025-08-31T10:10:00,4b6c2304-2b9e-41e4-942a-cf11a1819378,500,30,530
4510a3d3-ddd7-43e0-ab8d-6aaf018b29d1,d2d5925b-c91a-440d-a613-0c76f88845cc,2025-08-31T10:13:00,40e6ddd6-b8f6-4e17-8bd6-5e53966809d2,1800,72,1872
e1ecc544-ea09-499f-b26f-6208207695c0,41653b96-0020-4b26-86da-cb8f9aac99a0,2025-08-31T10:16:00,4b6c2304-2b9e-41e4-942a-cf11a1819378,2900,174,3074
48b99c1d-7417-47e4-bf92-b625eef5bf43,64ad7907-f83e-403b-b5b4-b1deded9bb1d,2025-08-31T10:17:00,4b6c2304-2b9e-41e4-942a-cf11a1819378,600,36,636
e315ad44-ddf3-48c3-8db1-3177dfba0618,878f6e41-bcd7-4f18-aa89-90133272eafa,2025-08-31T10:19:00,4b6c2304-2b9e-41e4-942a-cf11a1819378,1500,89,1589
3cf461f0-f77b-480a-96ef-658db2209ac5,c11308cb-8153-4e7b-9149-9b6b5c0aa137,2025-08-31T10:22:00,40e6ddd6-b8f6-4e17-8bd6-5e53966809d2,400,16,416
5f7b2c6b-1703-45dd-b672-c40bee92e5c7,701ab460-123c-42eb-bae0-fbe7a111ebd7,2025-08-31T10:25:00,40e6ddd6-b8f6-4e17-8bd6-5e53966809d2,500,20,520
bf9d681e-275b-4b59-a715-faa1eb442120,12d19891-03e3-455b-b4f2-7d8f8f6b8f01,2025-08-31T10:30:00,40e6ddd6-b8f6-4e17-8bd6-5e53966809d2,400,16,416
e3cdd8c0-ea81-49e6-9bbf-d5e741bf76e4,ab833d6f-87cf-4229-a1f8-707b52a55e5e,2025-08-31T10:34:00,4b6c2304-2b9e-41e4-942a-cf11a1819378,2900,174,3074
a038c084-0b27-4aa0-a0a1-e90c481931ff,d23755ac-d315-4dfd-ae80-4fa042f7d833,2025-08-31T10:36:00,4b6c2304-2b9e-41e4-942a-cf11a1819378,600,36,636
31b59205-455b-422d-b798-af6f23fe59a9,63b14504-d172-4e5e-b0fa-abd9cb43352e,2025-08-31T10:38:00,40e6ddd6-b8f6-4e17-8bd6-5e53966809d2,400,16,416
2a634fcd-f745-4f93-a70a-c734c988f10a,d78e6e3f-3ff1-49b6-9dcb-129816aa0ecb,2025-08-31T10:42:00,40e6ddd6-b8f6-4e17-8bd6-5e53966809d2,600,24,624
995b0e7c-a5d1-40b7-9494-cea11e837286,0c7084bc-19a5-4ad6-bb26-a25f9c09b324,2025-08-31T10:50:00,4b6c2304-2b9e-41e4-942a-cf11a1819378,600,36,636
07718c9f-cf01-481e-ae06-9a36369dcba7,2068f48f-4c39-4084-81d1-95af149d8547,2025-08-31T10:54:00,4b6c2304-2b9e-41e4-942a-cf11a1819378,600,36,636
8ee8dd01-3563-4986-9046-0751803648f1,34b17474-7fef-4a04-8009-f83028f66521,2025-08-31T10:59:00,4b6c2304-2b9e-41e4-942a-cf11a1819378,1600,96,1696
db49726e-fea8-4e57-bee7-aa63312f2762,11498734-cebc-4784-a055-6bd08a18f1dc,2025-08-31T11:01:00,40e6ddd6-b8f6-4e17-8bd6-5e53966809d2,1500,60,1560
ce7075eb-735d-4f99-b8ba-1cc4b9e4dce4,f3feb7f9-9069-4fd7-be91-3800d1307935,2025-08-31T11:03:00,4b6c2304-2b9e-41e4-942a-cf11a1819378,2400,144,2544
77b777c5-b8ac-40c8-9781-9fa5b7701c29,7863e37d-24c8-4e18-8730-ea7e2a65606d,2025-08-31T11:06:00,40e6ddd6-b8f6-4e17-8bd6-5e53966809d2,400,16,416
bd844c7e-b239-4ce9-ac11-65566373c268,0edeaba5-35f3-4e68-98ca-f412d9cd14b5,2025-08-31T11:06:00,40e6ddd6-b8f6-4e17-8bd6-5e53966809d2,1300,52,1352
4a77aaf6-390b-4b96-b925-9b0ceb6ff145,28447ab4-5e16-465e-acd1-7fcacd2d97e2,2025-08-31T11:10:00,4b6c2304-2b9e-41e4-942a-cf11a1819378,2400,144,2544
de2c67d9-70e4-425e-85b4-0da6ca56232e,13b24541-2c78-41cb-a6b6-e8713ab9a16f,2025-08-31T11:10:00,4b6c2304-2b9e-41e4-942a-cf11a1819378,500,30,530
af728f98-5194-47b2-8c1e-b65699cff755,02c02023-75d2-4ad2-89f6-ed2c2e7ae6f5,2025-08-31T11:13:00,40e6ddd6-b8f6-4e17-8bd6-5e53966809d2,4200,168,4368
72d5fd2d-dabd-49f9-9187-5d218ef08e5e,670a79a3-05fc-4a33-8b9d-1b6df80347f4,2025-08-31T11:14:00,4b6c2304-2b9e-41e4-942a-cf11a1819378,1800,108,1908
b86f15fb-c630-4eb3-bb1c-a3b42f9b5ec1,0488eb84-da07-441d-ba11-055850946457,2025-08-31T11:20:00,40e6ddd6-b8f6-4e17-8bd6-5e53966809d2,600,24,624
2206f310-ac74-40de-8a08-4fb59b63086e,7528c8de-b892-4894-8892-94a29730aa9c,2025-08-31T11:21:00,4b6c2304-2b9e-41e4-942a-cf11a1819378,2400,144,2544
d432b560-7d1b-40cc-a21e-db47775983d3,748db0ca-899a-4da8-8177-2fa1ec2a9302,2025-08-31T11:23:00,40e6ddd6-b8f6-4e17-8bd6-5e53966809d2,700,28,728
6d67381b-b81b-468d-adca-bcc9761ff6b5,4b14013f-d7e7-44b8-a287-329bf6e298c3,2025-08-31T11:30:00,40e6ddd6-b8f6-4e17-8bd6-5e53966809d2,700,28,728
6e69932f-3fa1-497a-ae1a-b405f53d2f61,5bf14829-99bd-4d3c-b504-edd1e45593a0,2025-08-31T11:31:00,40e6ddd6-b8f6-4e17-8bd6-5e53966809d2,700,28,728
d655d186-275f-4411-9a23-2f6d68f97578,2d4e6ed6-f081-4049-b92a-7792dbe97b89,2025-08-31T11:31:00,40e6ddd6-b8f6-4e17-8bd6-5e53966809d2,600,24,624
2cf12d14-6261-4d69-8d1a-6ce8a97d2d0e,6aff094b-52ed-46fe-8904-5752ec7e76ec,2025-08-31T11:32:00,40e6ddd6-b8f6-4e17-8bd6-5e53966809d2,1800,72,1872
0c5f0c51-ba47-4120-94de-dbba2028c560,8fd99d74-d73b-4014-a8fa-a37b39befe36,2025-08-31T11:34:00,40e6ddd6-b8f6-4e17-8bd6-5e53966809d2,2200,88,2288
2e2c2101-69db-4d14-882b-492206a1c068,e0df02ff-f788-4191-9881-df0d6c775206,2025-08-31T11:38:00,40e6ddd6-b8f6-4e17-8bd6-5e53966809d2,700,28,728
0cb31dc8-b28a-4c8a-bac4-f85405b6231d,ec4bebdf-042b-4c0a-9846-f86a1a9685e9,2025-08-31T11:39:00,40e6ddd6-b8f6-4e17-8bd6-5e53966809d2,400,16,416
618836ed-c6c0-465a-bb91-4fcdb0ba4db6,8fe1e8f7-9891-4978-ae6c-34234f35c728,2025-08-31T11:43:00,40e6ddd6-b8f6-4e17-8bd6-5e53966809d2,400,16,416
7fd09d09-3f6b-44f2-a006-4975f84ceb51,485b6c22-4f0b-4e0f-bfba-0c9d38a0122d,2025-08-31T11:43:00,40e6ddd6-b8f6-4e17-8bd6-5e53966809d2,500,20,520
c6639949-1eca-4b43-b3b0-2c6a26de020e,284f711a-5e5a-4929-bb5d-5ddba9a4a773,2025-08-31T11:46:00,40e6ddd6-b8f6-4e17-8bd6-5e53966809d2,400,16,416
d8c0e979-aba1-48b9-a500-c4897808f98e,e7f5d853-30ed-4302-9303-e11752f57b2f,2025-08-31T11:47:00,4b6c2304-2b9e-41e4-942a-cf11a1819378,1700,102,1802
ba86254e-e961-432a-b8d7-36b189d22b3e,43086963-8392-432e-84e0-ef1902202b4c,2025-08-31T11:54:00,4b6c2304-2b9e-41e4-942a-cf11a1819378,400,24,424
cd02c185-7d99-49d4-94ae-8ee8a02810d6,8f34cf8e-4ab5-436b-b34d-d43e654c8d6b,2025-08-31T11:57:00,40e6ddd6-b8f6-4e17-8bd6-5e53966809d2,400,16,416
9ef64945-8ea6-42b7-90ea-421c5691e0f2,a054cb90-d7e9-4236-9533-fc7fd2b1fd77,2025-08-31T11:57:00,40e6ddd6-b8f6-4e17-8bd6-5e53966809d2,1300,52,1352
aa742946-58e7-409b-8c1a-d8011ffdddb4,6a49a618-20de-4b7a-af94-1b4afeb9a85e,2025-08-31T12:01:00,4b6c2304-2b9e-41e4-942a-cf11a1819378,600,36,636
ef5ebc15-1470-4f27-9e41-0fbdc641cf04,fc41d86f-78f3-476a-882c-3eafc02d61f2,2025-08-31T12:07:00,4b6c2304-2b9e-41e4-942a-cf11a1819378,1600,96,1696
e57a0571-8916-4131-a935-2bb53df3dcd0,10687c1c-9437-400c-a604-0e19882c65e1,2025-08-31T12:07:00,40e6ddd6-b8f6-4e17-8bd6-5e53966809d2,400,16,416
63b21f3a-4806-44d7-b420-9c4cdf3382ce,dc634429-12c2-417d-b460-f3ed4903d539,2025-08-31T12:12:00,4b6c2304-2b9e-41e4-942a-cf11a1819378,1200,72,1272
ab674fa2-c099-43d4-a9d6-bc3e10af987d,3bfe5d2b-8ab3-473f-b56c-cdd86fff8877,2025-08-31T12:12:00,4b6c2304-2b9e-41e4-942a-cf11a1819378,2900,174,3074
05cacfdd-eea3-4249-84f5-593e3b7ece18,26ce484a-a527-4fe1-903f-2809a03fd21a,2025-08-31T12:16:00,40e6ddd6-b8f6-4e17-8bd6-5e53966809d2,5300,212,5512
8906b7f2-1f5f-4b53-b009-a0cc324f5095,b8cf5c4c-27e2-4106-9058-eb38559661e0,2025-08-31T12:17:00,40e6ddd6-b8f6-4e17-8bd6-5e53966809d2,700,28,728
85b97792-5f30-4200-9c7b-00be782d5f02,1826e2e6-ccef-4719-8707-4c18ec953356,2025-08-31T12:18:00,4b6c2304-2b9e-41e4-942a-cf11a1819378,1800,108,1908
6b9ff92c-482a-4b30-8ef2-64ebf2e2c7b8,1bcdbd0d-0e2f-4fdf-a8d5-214d3b49c7e2,2025-08-31T12:19:00,40e6ddd6-b8f6-4e17-8bd6-5e53966809d2,500,20,520
4c1f4466-b1ec-4065-8cf2-cc40b6a042b4,4da311cb-8e0d-487a-8fdd-4a94529db3e4,2025-08-31T12:19:00,40e6ddd6-b8f6-4e17-8bd6-5e53966809d2,1800,72,1872
2112e0e8-91d3-4d54-88b3-7a33fd2cdd22,9a689679-4c75-46ba-92d3-6b5b0c51a34a,2025-08-31T12:21:00,40e6ddd6-b8f6-4e17-8bd6-5e53966809d2,500,20,520
d3c4ab1d-a8dd-45d1-9143-62b5725a4061,4126c950-a88a-4305-895c-96d7e076897e,2025-08-31T12:22:00,4b6c2304-2b9e-41e4-942a-cf11a1819378,400,24,424
becd170b-683d-4b8d-bce1-b42754a3c158,d82c6a2f-7e02-40de-81c3-c42ef14d8460,2025-08-31T12:24:00,4b6c2304-2b9e-41e4-942a-cf11a1819378,2100,126,2226
b52ef856-d706-46fd-a6a1-47035c2137be,bea5ef1d-43b9-4df5-b3d1-436f675ec066,2025-08-31T12:25:00,4b6c2304-2b9e-41e4-942a-cf11a1819378,1200,72,1272
28030efb-49bc-4058-adfb-e6ffa158ec2a,ddd9ed38-6351-4568-b08c-8f6c92cb84a8,2025-08-31T12:27:00,4b6c2304-2b9e-41e4-942a-cf11a1819378,500,30,530
047661b7-ceb2-4985-b085-63dbf58b8672,5960ff74-c2aa-4a55-9cee-c8f0532e2256,2025-08-31T12:28:00,40e6ddd6-b8f6-4e17-8bd6-5e53966809d2,500,20,520
7f5ec099-820b-4795-9977-1d51a18e85b1,24ea0325-a7d6-4388-b86c-7b51e5805b26,2025-08-31T12:31:00,4b6c2304-2b9e-41e4-942a-cf11a1819378,1100,65,1165
5931ac8f-1d68-4703-85b2-1df5959dbae7,43217606-3354-4bb8-b967-c358331d8375,2025-08-31T12:35:00,4b6c2304-2b9e-41e4-942a-cf11a1819378,2300,138,2438
d4c4019c-1f40-4592-8444-e50dda5cd021,e0cbd2e1-eee7-409c-9cf1-707eb4f867ce,2025-08-31T12:35:00,4b6c2304-2b9e-41e4-942a-cf11a1819378,2000,120,2120
b20b5224-ea94-402a-89da-e5b97552b8d7,d64805ac-2294-4438-af7d-1f1483e8fd7b,2025-08-31T12:42:00,40e6ddd6-b8f6-4e17-8bd6-5e53966809d2,0,0,0
976dfa0f-4f68-49af-a8b3-5aaaa742bfc8,341ed9b2-1760-4720-a1b1-42681d273c63,2025-08-31T12:46:00,4b6c2304-2b9e-41e4-942a-cf11a1819378,3700,221,3921
401dc949-90b1-47f1-a9dd-52823f8e03b5,33f27548-d085-481a-aa4f-a851fbebe0cd,2025-08-31T12:49:00,40e6ddd6-b8f6-4e17-8bd6-5e53966809d2,2500,100,2600
69007d1f-0053-4b6d-86b1-7f19a853610a,d5e5a6a6-cb8d-4d62-8551-298dee7f1f9f,2025-08-31T12:52:00,4b6c2304-2b9e-41e4-942a-cf11a1819378,600,36,636
30ff859a-8a10-469f-b70c-edbdfe6a3737,019bbbbd-bb75-49d2-8d74-d1c01012bd21,2025-08-31T12:54:00,40e6ddd6-b8f6-4e17-8bd6-5e53966809d2,1200,48,1248
498e288a-4ebf-444c-90d3-d9d3a2df72c8,07365e1d-9d4c-4185-859e-d5757178280c,2025-08-31T12:56:00,40e6ddd6-b8f6-4e17-8bd6-5e53966809d2,500,20,520
3ab64a5c-ca3c-4bcb-8a8b-8f05425ff1ef,899ea741-e615-4f9e-ad30-286f6f306f00,2025-08-31T12:57:00,4b6c2304-2b9e-41e4-942a-cf11a1819378,600,36,636
006e9a9d-0164-44a3-806e-9941f61886fd,1a1397df-b2b4-4791-93d9-87ac9062f545,2025-08-31T13:04:00,40e6ddd6-b8f6-4e17-8bd6-5e53966809d2,600,24,624
f8f52acb-76e3-481e-b9d9-7d89b9e4c65b,ba2bf5e1-4b63-4bb3-b83a-f10438f84258,2025-08-31T13:07:00,40e6ddd6-b8f6-4e17-8bd6-5e53966809d2,600,24,624
8a90b153-3193-41d6-8d90-26be300ad2a7,27e89b40-f32c-4604-8a79-6d1613bde382,2025-08-31T13:11:00,4b6c2304-2b9e-41e4-942a-cf11a1819378,1000,60,1060
6163d2ab-1e4f-47d9-93fc-28349c414b33,16e8d4f8-2451-446f-a254-3bc68e40621b,2025-08-31T13:12:00,4b6c2304-2b9e-41e4-942a-cf11a1819378,400,24,424
191a17e6-e9c5-41c0-a46b-85b964f488de,875e080f-6237-421c-b26b-433b3b0c6584,2025-08-31T13:14:00,4b6c2304-2b9e-41e4-942a-cf11a1819378,600,36,636
1149b388-96d5-4f38-b8f9-7ae03a218460,b418aed1-0951-4085-9fe4-e750e7fe45f9,2025-08-31T13:16:00,4b6c2304-2b9e-41e4-942a-cf11a1819378,400,24,424
5fe697a7-1b27-455f-aeba-3b072e60ce61,5b817ccb-b122-4044-b74f-bde3d1df714d,2025-08-31T13:23:00,4b6c2304-2b9e-41e4-942a-cf11a1819378,500,30,530
3798a43c-b307-497b-ae34-c9242f821ea9,3f13d579-3df8-478c-b978-eec7255facfa,2025-08-31T13:24:00,4b6c2304-2b9e-41e4-942a-cf11a1819378,4400,263,4663
b80f907e-f300-4ea6-a749-0ee34dcbe6e3,5b2179c5-dd1c-45b4-b99c-10f1c7c201f4,2025-08-31T13:26:00,4b6c2304-2b9e-41e4-942a-cf11a1819378,2400,144,2544
185688bf-cf7e-4b13-b100-256c74f6a457,bb35efe0-ac42-4801-bc72-7bea481716da,2025-08-31T13:26:00,40e6ddd6-b8f6-4e17-8bd6-5e53966809d2,1000,40,1040
f3ee8781-7952-48f5-a8ba-3c408d41ede1,b01b46fd-8f75-4db5-806d-c5c5980008c4,2025-08-31T13:28:00,40e6ddd6-b8f6-4e17-8bd6-5e53966809d2,600,24,624
272cbabe-fbd4-4a9c-bbdd-970569cb6b58,7c66bbce-e687-4e15-be85-d960c3de159b,2025-08-31T13:28:00,40e6ddd6-b8f6-4e17-8bd6-5e53966809d2,2300,92,2392
5067d4cf-013b-4413-bd8f-3658373363aa,3ad60b3b-8b4b-4504-9d49-adfd74fe548c,2025-08-31T13:32:00,40e6ddd6-b8f6-4e17-8bd6-5e53966809d2,1500,60,1560
bdbaa707-5fdb-41b8-8c56-49220ebc9d24,c1d42cf2-74d9-44b1-a0a2-c85935c413be,2025-08-31T13:33:00,4b6c2304-2b9e-41e4-942a-cf11a1819378,600,36,636
3f4ac84f-f43c-4175-8eb9-ce81d85fb94b,961b1333-d41e-443a-9880-0b1c8c59e141,2025-08-31T13:34:00,4b6c2304-2b9e-41e4-942a-cf11a1819378,1200,72,1272
08edd015-6f9d-4974-817e-b792c13d560a,84f7f075-d17e-4662-a11c-bc80e28b12f5,2025-08-31T13:37:00,40e6ddd6-b8f6-4e17-8bd6-5e53966809d2,400,16,416
ebd18951-fad3-4ad0-ae2f-6010e1814de8,69f9f173-1ee1-4ba2-a1be-005dc5f305fd,2025-08-31T13:37:00,40e6ddd6-b8f6-4e17-8bd6-5e53966809d2,3200,128,3328
8205b406-3f18-47b1-884f-2d306b6479de,863114b5-ba0b-4849-bbc4-d76d59fd0215,2025-08-31T13:38:00,40e6ddd6-b8f6-4e17-8bd6-5e53966809d2,400,16,416
c22931ac-de8f-4c48-9399-dff640f1b118,2030e11b-f809-402e-8a1e-00aa3cb751da,2025-08-31T13:41:00,4b6c2304-2b9e-41e4-942a-cf11a1819378,1700,102,1802
361ad7ac-9be3-4d9d-b8a7-60021311cae9,32927010-1d7d-4cd9-a500-593804ff0e77,2025-08-31T13:42:00,40e6ddd6-b8f6-4e17-8bd6-5e53966809d2,500,20,520
f3905af9-2b71-4990-a703-0aece52d1122,7b971d80-7566-4bfa-93b7-b87270c4b732,2025-08-31T13:43:00,4b6c2304-2b9e-41e4-942a-cf11a1819378,1600,96,1696
bb5183d1-459f-4d86-8dfc-ae537cbe3a44,117583ee-3cd8-4690-89c9-d804aedc86a8,2025-08-31T13:45:00,4b6c2304-2b9e-41e4-942a-cf11a1819378,1400,84,1484
eb07d1f5-817f-40a0-98e5-b6146983e905,303bc5db-08d0-4431-b6df-29c80d0321da,2025-08-31T13:46:00,40e6ddd6-b8f6-4e17-8bd6-5e53966809d2,500,20,520
31ec12c8-d3f9-436e-914a-2085867fae9e,fd788ea1-7f9f-477b-b5fa-9a64962eb7f0,2025-08-31T13:48:00,4b6c2304-2b9e-41e4-942a-cf11a1819378,400,24,424
e9ed06a3-b889-4556-8d18-dd6fe165a469,4cd79f83-9fc7-43e4-a4c1-89402b7124e1,2025-08-31T13:50:00,4b6c2304-2b9e-41e4-942a-cf11a1819378,1200,72,1272
881f7c73-c699-4ea8-b0b8-6ca9d1f7feeb,2a0095cd-099e-45f3-a8ed-241dbe5cde18,2025-08-31T13:51:00,4b6c2304-2b9e-41e4-942a-cf11a1819378,500,30,530
0e0dc95d-4272-41c4-9c12-84988235fcf0,c502b1f4-b287-444d-b643-953150ebee0d,2025-08-31T13:51:00,40e6ddd6-b8f6-4e17-8bd6-5e53966809d2,600,24,624
341787f1-29e8-43a3-8017-0aebbb80724c,582e9081-9542-4d02-9ed4-d41c93fa8b2c,2025-08-31T13:51:00,40e6ddd6-b8f6-4e17-8bd6-5e53966809d2,700,28,728
f446848c-7092-44e0-bf29-68c412c89fb9,ce5ac3ba-cbec-4482-816e-1ee6def437e2,2025-08-31T13:54:00,40e6ddd6-b8f6-4e17-8bd6-5e53966809d2,600,24,624
ca86c762-d838-4ad9-b9f0-431b6dacbfab,96aa3e1c-ce39-4f76-b813-c9b4d59c0cdc,2025-08-31T13:55:00,40e6ddd6-b8f6-4e17-8bd6-5e53966809d2,400,16,416
511fb853-00cf-4f90-be49-bdde045a3f62,aa0533fd-252b-49cb-8070-77b5c88b04ee,2025-08-31T13:55:00,40e6ddd6-b8f6-4e17-8bd6-5e53966809d2,600,24,624
0e38c66c-3d77-4f4e-8a08-011f07a09855,795d2b23-6186-4d66-beb4-690083c579a2,2025-08-31T13:59:00,4b6c2304-2b9e-41e4-942a-cf11a1819378,400,24,424
04c81f64-4056-4ef0-94d1-362b9edd4f5f,066ca82d-85b8-45e6-b262-bac0bb3c0e21,2025-08-31T14:00:00,40e6ddd6-b8f6-4e17-8bd6-5e53966809d2,700,28,728
b7e669de-8115-4611-8cfe-425d83219a52,9db0e79f-fdea-4290-ba7b-114141f33d1f,2025-08-31T14:07:00,4b6c2304-2b9e-41e4-942a-cf11a1819378,400,24,424
ff945b05-6b1b-48cc-b370-568512c16dad,7d4b9dcb-d4ff-42fa-9c58-5657c61f4954,2025-08-31T14:07:00,40e6ddd6-b8f6-4e17-8bd6-5e53966809d2,400,16,416
7d116520-de44-410f-9dec-0d3929199721,8aff4c2d-48b5-4b85-bf21-20ad95d18b6c,2025-08-31T14:11:00,4b6c2304-2b9e-41e4-942a-cf11a1819378,600,36,636
67e24935-2c7d-4608-9392-72dac747efc1,8d5d45b6-2bf0-4380-85a0-b73fcbc86e94,2025-08-31T14:11:00,4b6c2304-2b9e-41e4-942a-cf11a1819378,400,24,424
f69811d0-8a80-4a6a-b3c9-9e5cf8dc8ba4,bbe9e834-7071-42d6-8970-aa7301b72ec2,2025-08-31T14:14:00,4b6c2304-2b9e-41e4-942a-cf11a1819378,700,42,742
a0640db2-cd59-4087-a1b6-c3fadcaba415,6fcd3399-b9d5-4ab0-9d50-385be83fec9c,2025-08-31T14:15:00,40e6ddd6-b8f6-4e17-8bd6-5e53966809d2,600,24,624
beab136b-6e52-4533-9d16-35589bc66f75,b08f3b44-9c9f-407f-a89d-961068f5f58c,2025-08-31T14:20:00,40e6ddd6-b8f6-4e17-8bd6-5e53966809d2,2300,92,2392
f75f4b6e-ce09-4583-bcd6-96a27f3ec0ab,1c8233dc-8ccb-4d27-84e7-e00d33ff6674,2025-08-31T14:20:00,40e6ddd6-b8f6-4e17-8bd6-5e53966809d2,2600,104,2704
0f0644a6-fe2b-4348-b080-5178b1fe1c0c,3b47f466-5256-41a1-951c-efee13597676,2025-08-31T14:21:00,4b6c2304-2b9e-41e4-942a-cf11a1819378,2300,138,2438
8fe88b68-a168-40bf-b0da-1615f40a15b7,090fb913-1317-4169-b150-64e304451d38,2025-08-31T14:24:00,40e6ddd6-b8f6-4e17-8bd6-5e53966809d2,400,16,416
8d2beaaa-f119-45fb-82b1-9aba5634191f,40353a67-5df0-44ca-9c10-b42fab44c6f3,2025-08-31T14:30:00,4b6c2304-2b9e-41e4-942a-cf11a1819378,1900,113,2013
5f2cffcb-34d7-4e84-a4c0-9b116822ff1a,8639eac0-9cd8-4fe5-9e10-8526a16018d1,2025-08-31T14:37:00,40e6ddd6-b8f6-4e17-8bd6-5e53966809d2,1200,48,1248
712eff54-2fb6-4b2b-a3a4-04d5e4441fc1,4feef355-aeb7-41f9-a391-7f991eeb7b15,2025-08-31T14:39:00,40e6ddd6-b8f6-4e17-8bd6-5e53966809d2,700,28,728
0fe2ed22-46da-4d42-b88e-1bbf051b10df,013b644d-5645-44bd-8ca3-d7d254b2ba18,2025-08-31T14:42:00,4b6c2304-2b9e-41e4-942a-cf11a1819378,500,30,530
2cbf25c3-8e5c-4635-9d79-af33a3d5c44a,2bdeb3b7-a894-4fcf-8218-e41167bc557e,2025-08-31T14:42:00,4b6c2304-2b9e-41e4-942a-cf11a1819378,2100,126,2226
fd5e7cc9-0fb5-490b-9891-504f4f6a5d1b,f4c4994a-5a77-4a2f-902b-4f69c22ccee3,2025-08-31T14:42:00,4b6c2304-2b9e-41e4-942a-cf11a1819378,2200,131,2331
6c4bdd38-4be8-4064-822c-5ec9612851a3,66dda3b2-66cf-4b2b-90b2-91abe28f6aa4,2025-08-31T14:42:00,4b6c2304-2b9e-41e4-942a-cf11a1819378,600,36,636
7872db96-cf05-4a7d-823d-eb8c3271e36f,18b69140-479d-44b6-8369-04a49414f975,2025-08-31T14:46:00,4b6c2304-2b9e-41e4-942a-cf11a1819378,1000,60,1060
d14548a9-9faf-4975-bd23-722143d5ea30,438005c2-dd1d-48aa-8bfd-7fb06851b5f8,2025-08-31T14:53:00,4b6c2304-2b9e-41e4-942a-cf11a1819378,400,24,424
0feacfce-308e-4887-a92f-206bc879410a,e8e92a9f-bec3-4873-951c-b05d0fe37715,2025-08-31T14:53:00,4b6c2304-2b9e-41e4-942a-cf11a1819378,1700,102,1802
4e275f64-5d61-4d80-b8ca-3784b0561b00,6a7675ef-2c9d-4e2d-80c0-b5f38fffb6ea,2025-08-31T14:56:00,40e6ddd6-b8f6-4e17-8bd6-5e53966809d2,800,32,832
28a42c83-2fa4-41a7-a64f-be47d35033c3,8f9052f4-d761-416e-8b74-a71f640df0d7,2025-08-31T14:57:00,4b6c2304-2b9e-41e4-942a-cf11a1819378,700,42,742
a4e5f440-fe62-4634-a43a-284c2482057c,4d97e8a1-7720-4190-b326-dccfa2ec4426,2025-08-31T14:58:00,40e6ddd6-b8f6-4e17-8bd6-5e53966809d2,600,24,624
8595df9e-6d36-4b7c-99e1-8df40cd220d1,5ed25035-4723-4154-823d-a8c8b4c02e51,2025-08-31T15:01:00,4b6c2304-2b9e-41e4-942a-cf11a1819378,600,36,636
bcbda95d-15cd-476b-9a1f-3d11adc1a6a5,f714d574-6aed-4017-952f-ff5bc4155939,2025-08-31T15:13:00,40e6ddd6-b8f6-4e17-8bd6-5e53966809d2,600,24,624
5c4713f3-8f09-4d99-bc98-8a18a95c6f0b,1fcfe435-1e78-4646-a517-19906c49735a,2025-08-31T15:19:00,4b6c2304-2b9e-41e4-942a-cf11a1819378,700,42,742
21abd69d-9959-4540-9ff2-5e66197d6289,073c6c4c-9988-45b0-9224-7ad4e69d8c6f,2025-08-31T15:34:00,40e6ddd6-b8f6-4e17-8bd6-5e53966809d2,1900,76,1976
96513ba5-a4f7-42aa-8234-2621dfaa0823,fe2e9f59-c77b-4756-ad2e-fe864a560344,2025-08-31T15:43:00,4b6c2304-2b9e-41e4-942a-cf11a1819378,2200,131,2331
bc0b0e73-597d-41a1-9e15-791374c54af1,a30edde1-4a46-4acb-905c-013e285a8101,2025-08-31T15:48:00,40e6ddd6-b8f6-4e17-8bd6-5e53966809d2,600,24,624
5ec7d8a7-7d8f-4af0-a868-aa6748e82d02,4d481210-54e4-4e94-80f3-81ba408de5a5,2025-08-31T15:49:00,40e6ddd6-b8f6-4e17-8bd6-5e53966809d2,2100,84,2184
c37cd38a-d589-4ccb-88fc-e5c04e745872,14dec3ce-7570-4c3f-af8c-e9c0d74cfcd2,2025-08-31T15:51:00,40e6ddd6-b8f6-4e17-8bd6-5e53966809d2,600,24,624
daca2a31-5f54-4c91-a0d3-f67a85a0e19d,a59ab98c-fe50-412b-aa83-a693a561092f,2025-08-31T15:57:00,40e6ddd6-b8f6-4e17-8bd6-5e53966809d2,1700,68,1768
6a43b34c-c30c-4f8f-b7b0-6bf8d2de86e8,51d5c171-5764-4f95-8919-dd46d204df4b,2025-08-31T15:59:00,40e6ddd6-b8f6-4e17-8bd6-5e53966809d2,400,16,416
76f62915-8724-47e2-b5de-0bf9936a64fc,59292cdf-6314-4444-aee9-45a78c76dcbe,2025-08-31T16:02:00,4b6c2304-2b9e-41e4-942a-cf11a1819378,1100,65,1165
b8c24985-f71a-4d95-85cd-ce2777ea3142,8386c889-4e1d-49ce-9d61-12c967dad0f9,2025-08-31T16:02:00,4b6c2304-2b9e-41e4-942a-cf11a1819378,700,42,742
f4dad4f4-1783-444d-b3b5-9ca053e329b1,9813cce1-ec92-4b06-b6e3-ed8a73e34436,2025-08-31T16:03:00,40e6ddd6-b8f6-4e17-8bd6-5e53966809d2,2400,96,2496
0617f5eb-459f-4466-86a3-0eb261450eea,6939d1d2-fba3-4888-8c53-6898bb73c26f,2025-08-31T16:04:00,40e6ddd6-b8f6-4e17-8bd6-5e53966809d2,1900,76,1976
812bf681-e09d-4c6a-9f3f-a119b6495464,bf32ccad-096c-457c-9147-6f220d46e227,2025-08-31T16:05:00,4b6c2304-2b9e-41e4-942a-cf11a1819378,2400,144,2544
b959d879-c155-4068-b354-18959c84c5be,50a2d1c4-d788-4498-a6f7-dd75d4db588f,2025-08-31T16:06:00,4b6c2304-2b9e-41e4-942a-cf11a1819378,700,42,742
d13bca52-5393-4224-a28f-f155c524d718,5c3c91f4-9d48-426f-9862-e165bf8f616d,2025-08-31T16:06:00,4b6c2304-2b9e-41e4-942a-cf11a1819378,800,48,848
505da4ed-218d-47ce-bb62-caadac5da974,e8014144-a99b-4ca2-8418-56404aee2f08,2025-08-31T16:07:00,40e6ddd6-b8f6-4e17-8bd6-5e53966809d2,600,24,624
872b95ef-5d15-4e24-a814-e352ce26452b,8e6a03da-15e7-44e8-bec1-426b65edb389,2025-08-31T16:15:00,40e6ddd6-b8f6-4e17-8bd6-5e53966809d2,600,24,624
232134e0-8e0f-415b-a4b6-dc91edacfa55,531465bc-638f-4adb-9b47-cf0c1dc55550,2025-08-31T16:21:00,4b6c2304-2b9e-41e4-942a-cf11a1819378,1800,108,1908
293f35a1-a689-4b2b-9d05-820ebf74930f,afa83ff8-2b40-47b8-8bcf-1f9285c11695,2025-08-31T16:32:00,40e6ddd6-b8f6-4e17-8bd6-5e53966809d2,400,16,416
d574c53e-533e-495a-88ec-d661272ded74,44df0dc9-35a6-4159-8141-4a8bf47c0e2b,2025-08-31T16:42:00,40e6ddd6-b8f6-4e17-8bd6-5e53966809d2,900,36,936
6dc1be7c-95bc-4b31-aad2-077596c5cfba,40c4aa0f-6d19-4084-820c-5764f87d9184,2025-08-31T16:49:00,4b6c2304-2b9e-41e4-942a-cf11a1819378,500,30,530
28065ab7-e139-4adf-a367-e21c50249632,19296d35-a0df-426f-88ed-d3f5323adb8a,2025-08-31T16:50:00,40e6ddd6-b8f6-4e17-8bd6-5e53966809d2,500,20,520
cd9bd587-b82b-4fbe-b833-f35a72d4eb66,1380e029-b899-4413-a8da-0741720a6a06,2025-08-31T17:04:00,4b6c2304-2b9e-41e4-942a-cf11a1819378,1400,84,1484
5cfab2f8-3bc8-46b0-942a-85237bc2b6f1,eefcf9f0-dbd0-4907-a619-121deeb825dc,2025-08-31T17:08:00,40e6ddd6-b8f6-4e17-8bd6-5e53966809d2,500,20,520
abde8c5c-126c-4428-be10-03d970d24e23,73b79064-9e0d-4b3f-87d0-6ab33593b492,2025-08-31T17:14:00,4b6c2304-2b9e-41e4-942a-cf11a1819378,1900,113,2013
27606ac0-737b-4f31-8bea-7647a655a964,fa6de1f2-ff8e-43ea-8da3-98d975b096da,2025-08-31T17:27:00,40e6ddd6-b8f6-4e17-8bd6-5e53966809d2,1600,64,1664
3f36d518-d1a6-4f74-8222-eb05d81d828e,f9f4d7f7-6884-4f0c-88d9-0d3432a666ca,2025-08-31T17:30:00,40e6ddd6-b8f6-4e17-8bd6-5e53966809d2,1700,68,1768
1b41551c-b925-4cf5-820f-b014a23015a0,8f054a96-7920-42dc-b286-f6980ea8dbeb,2025-08-31T17:41:00,40e6ddd6-b8f6-4e17-8bd6-5e53966809d2,1200,48,1248
5d2e8171-3913-45eb-9525-7ead066f8845,5d5ea9b6-fefd-4e25-850a-9c2d365e7e27,2025-08-31T17:53:00,4b6c2304-2b9e-41e4-942a-cf11a1819378,1200,72,1272
cfa19a27-1928-44ca-9084-5b2439bdca0c,b30877a4-5c8f-4cdb-94ea-3569b516061a,2025-08-31T17:56:00,40e6ddd6-b8f6-4e17-8bd6-5e53966809d2,700,28,728
ba76934a-4123-4080-a9ca-4c31f273561c,466ab61a-8180-4d06-90cc-2a380a0e6f0f,2025-08-31T18:13:00,40e6ddd6-b8f6-4e17-8bd6-5e53966809d2,1500,60,1560
c54b2a19-b56e-46c4-a32b-b856ba08072f,3d0d96e7-a6da-4e11-a509-76b813d466f5,2025-08-31T18:31:00,4b6c2304-2b9e-41e4-942a-cf11a1819378,2000,120,2120
9446fd2d-fa27-4312-a875-2877919788b5,da9de603-2c96-4356-820d-7c1e9ac4dde7,2025-08-31T18:38:00,40e6ddd6-b8f6-4e17-8bd6-5e53966809d2,500,20,520
b0a6c272-ee55-4ef9-b203-4dcbb3e38c3f,c664111b-b80e-45ab-b2de-ee220ea29fbe,2025-08-31T18:46:00,40e6ddd6-b8f6-4e17-8bd6-5e53966809d2,600,24,624
